2.87208e-010	2.873e-010	2.83535e-010	2.79594e-010	2.79398e-010	2.82842e-010	2.87823e-010	2.90163e-010	2.89686e-010	2.87889e-010	2.84529e-010	2.79268e-010	2.72248e-010	2.67686e-010	2.68464e-010	2.72092e-010	2.77203e-010	2.81373e-010	2.86157e-010	2.8953e-010	2.91118e-010	2.91099e-010	2.88955e-010	2.86635e-010	2.84818e-010	2.85577e-010	2.87838e-010	2.90374e-010	2.92021e-010	2.91538e-010	2.89603e-010	2.86525e-010	2.84087e-010	2.81702e-010	2.79048e-010	2.74813e-010	2.68525e-010	2.61807e-010	2.5631e-010	2.54866e-010	2.56108e-010	2.58395e-010	2.61049e-010	2.63683e-010	2.67945e-010	2.71834e-010	2.75625e-010	2.77383e-010	2.76899e-010	2.75671e-010	2.75252e-010	2.76239e-010	2.76808e-010	2.76991e-010	2.77122e-010	2.7671e-010	2.75475e-010	2.72338e-010	2.69312e-010	2.65547e-010	2.64874e-010	2.66646e-010	2.70038e-010	2.73796e-010	2.76685e-010	2.80143e-010	2.81816e-010	2.82947e-010	2.84293e-010	2.86771e-010	2.89699e-010	2.91536e-010	2.9298e-010	2.94595e-010	2.96235e-010	2.97301e-010	2.95177e-010	2.92549e-010	2.90255e-010	2.92569e-010	2.96641e-010	2.99092e-010	2.94543e-010	2.77759e-010	2.46668e-010	1.97975e-010	1.37381e-010	8.23941e-011	4.75904e-011	3.595e-011	3.40612e-011	3.31136e-011	3.10091e-011	2.8787e-011	2.8663e-011	2.97088e-011	2.91468e-011	2.54607e-011	2.15457e-011	2.17092e-011	2.59446e-011	3.13107e-011	3.50625e-011	3.65005e-011	3.47882e-011	3.10105e-011	2.71675e-011	2.7429e-011	3.12919e-011	3.58802e-011	3.74489e-011	3.59131e-011	3.30374e-011	2.86061e-011	2.20245e-011	1.46325e-011	9.77642e-012	7.71117e-012	6.29298e-012	6.04472e-012	1.01428e-011	1.93455e-011	2.96332e-011	3.60908e-011	3.79602e-011	3.62675e-011	3.40192e-011	3.30128e-011	3.45227e-011	3.74051e-011	3.95294e-011	4.08563e-011	4.2046e-011	4.38435e-011	4.46998e-011	4.42946e-011	4.25693e-011	3.97785e-011	3.90335e-011	3.95434e-011	4.0988e-011	3.92495e-011	3.58444e-011	3.29556e-011	3.13414e-011	2.97271e-011	2.73547e-011	2.60018e-011	2.68843e-011	2.90543e-011	3.13551e-011	3.27277e-011	3.37344e-011	3.28913e-011	3.06888e-011	2.6787e-011	2.1944e-011	1.70683e-011	1.48135e-011	1.74933e-011	2.3794e-011	3.03693e-011	3.34674e-011	3.29381e-011	2.98663e-011	2.74351e-011	2.73502e-011	2.83372e-011	2.82001e-011	2.58342e-011	2.13637e-011	1.58214e-011	1.02136e-011	5.42945e-012	3.99818e-012	7.27932e-012	1.58415e-011	2.57109e-011	3.409e-011	3.84104e-011	4.01686e-011	3.9208e-011	3.93192e-011	3.9267e-011	4.05874e-011	4.13195e-011	4.28947e-011	4.37511e-011	4.35028e-011	4.03526e-011	3.51109e-011	2.89803e-011
2.89245e-010	2.89337e-010	2.87129e-010	2.84136e-010	2.84469e-010	2.86796e-010	2.90613e-010	2.92639e-010	2.93443e-010	2.92267e-010	2.89006e-010	2.83725e-010	2.77196e-010	2.73091e-010	2.73366e-010	2.76712e-010	2.8134e-010	2.84549e-010	2.87399e-010	2.88301e-010	2.88536e-010	2.88144e-010	2.86929e-010	2.8585e-010	2.85511e-010	2.874e-010	2.89491e-010	2.90994e-010	2.91151e-010	2.90125e-010	2.87727e-010	2.83256e-010	2.78433e-010	2.74106e-010	2.72159e-010	2.70492e-010	2.67407e-010	2.62453e-010	2.57891e-010	2.56996e-010	2.58983e-010	2.61454e-010	2.62695e-010	2.62513e-010	2.63892e-010	2.66049e-010	2.69624e-010	2.71134e-010	2.70206e-010	2.68833e-010	2.69226e-010	2.71585e-010	2.72997e-010	2.73821e-010	2.74906e-010	2.76377e-010	2.76991e-010	2.75834e-010	2.73919e-010	2.71272e-010	2.70508e-010	2.7088e-010	2.72253e-010	2.73907e-010	2.76031e-010	2.79358e-010	2.81593e-010	2.83064e-010	2.84313e-010	2.86659e-010	2.89208e-010	2.90875e-010	2.91862e-010	2.92967e-010	2.94333e-010	2.9496e-010	2.92895e-010	2.89967e-010	2.87725e-010	2.89431e-010	2.93078e-010	2.95268e-010	2.90301e-010	2.72268e-010	2.38948e-010	1.87583e-010	1.26851e-010	7.52694e-011	4.6531e-011	3.94462e-011	3.96554e-011	3.96947e-011	3.8002e-011	3.55577e-011	3.37997e-011	3.33357e-011	3.28456e-011	3.09503e-011	2.90681e-011	2.9029e-011	3.18853e-011	3.49246e-011	3.71469e-011	3.73954e-011	3.56961e-011	3.21211e-011	2.77552e-011	2.60429e-011	2.77031e-011	3.13764e-011	3.38863e-011	3.43897e-011	3.34486e-011	2.99454e-011	2.33377e-011	1.62921e-011	1.29589e-011	1.29394e-011	1.30571e-011	1.28546e-011	1.58743e-011	2.32796e-011	3.19333e-011	3.75674e-011	3.911e-011	3.76722e-011	3.52017e-011	3.35547e-011	3.41888e-011	3.69275e-011	3.97576e-011	4.20126e-011	4.32415e-011	4.43789e-011	4.4294e-011	4.36797e-011	4.15099e-011	3.87322e-011	3.76408e-011	3.86279e-011	4.05691e-011	4.01444e-011	3.81445e-011	3.60531e-011	3.45434e-011	3.30207e-011	3.13737e-011	3.09817e-011	3.21909e-011	3.43283e-011	3.58905e-011	3.69494e-011	3.75051e-011	3.71261e-011	3.55445e-011	3.25707e-011	2.83486e-011	2.3571e-011	2.0911e-011	2.23424e-011	2.7336e-011	3.27348e-011	3.57349e-011	3.61729e-011	3.46174e-011	3.32385e-011	3.26373e-011	3.19315e-011	2.96375e-011	2.53827e-011	2.06442e-011	1.64614e-011	1.3553e-011	1.12067e-011	1.1161e-011	1.42788e-011	2.11481e-011	2.87365e-011	3.46646e-011	3.70177e-011	3.67302e-011	3.48414e-011	3.49788e-011	3.61946e-011	3.86849e-011	3.97111e-011	4.077e-011	4.11819e-011	4.08879e-011	3.79926e-011	3.32999e-011	2.81105e-011
2.96339e-010	2.9643e-010	2.94075e-010	2.92683e-010	2.92945e-010	2.93298e-010	2.94409e-010	2.95357e-010	2.96226e-010	2.9537e-010	2.92037e-010	2.87547e-010	2.82462e-010	2.80011e-010	2.80344e-010	2.83214e-010	2.86018e-010	2.87234e-010	2.87587e-010	2.86861e-010	2.86384e-010	2.86267e-010	2.85581e-010	2.84437e-010	2.83698e-010	2.85228e-010	2.87411e-010	2.89176e-010	2.89483e-010	2.88738e-010	2.86333e-010	2.81536e-010	2.74817e-010	2.68209e-010	2.6434e-010	2.62772e-010	2.61981e-010	2.60896e-010	2.60556e-010	2.61988e-010	2.64635e-010	2.66609e-010	2.66406e-010	2.63622e-010	2.61759e-010	2.61818e-010	2.64537e-010	2.65851e-010	2.64819e-010	2.63342e-010	2.63708e-010	2.66427e-010	2.68629e-010	2.69956e-010	2.7129e-010	2.73682e-010	2.76355e-010	2.78127e-010	2.78212e-010	2.77558e-010	2.77277e-010	2.76964e-010	2.76108e-010	2.7448e-010	2.74389e-010	2.76311e-010	2.79226e-010	2.81559e-010	2.83383e-010	2.85095e-010	2.86043e-010	2.86638e-010	2.87024e-010	2.87952e-010	2.89475e-010	2.90508e-010	2.9054e-010	2.89599e-010	2.89247e-010	2.90377e-010	2.92613e-010	2.92887e-010	2.86358e-010	2.66469e-010	2.30548e-010	1.7694e-010	1.16058e-010	6.79475e-011	4.44705e-011	4.14053e-011	4.36734e-011	4.48565e-011	4.43664e-011	4.23796e-011	3.94385e-011	3.71445e-011	3.62557e-011	3.59944e-011	3.60533e-011	3.59619e-011	3.723e-011	3.77203e-011	3.75112e-011	3.61126e-011	3.4335e-011	3.11521e-011	2.66163e-011	2.34203e-011	2.35184e-011	2.63551e-011	2.97735e-011	3.26298e-011	3.45254e-011	3.3166e-011	2.79831e-011	2.19505e-011	1.93951e-011	1.96501e-011	1.99639e-011	1.96372e-011	2.18138e-011	2.74413e-011	3.44937e-011	3.93892e-011	4.08011e-011	3.95724e-011	3.70431e-011	3.51478e-011	3.49257e-011	3.70827e-011	3.9854e-011	4.25142e-011	4.34032e-011	4.32334e-011	4.12335e-011	3.90964e-011	3.65017e-011	3.49267e-011	3.56e-011	3.80445e-011	4.02538e-011	4.00316e-011	3.92736e-011	3.86854e-011	3.87182e-011	3.76726e-011	3.64897e-011	3.64571e-011	3.79539e-011	4.01109e-011	4.13071e-011	4.19673e-011	4.22811e-011	4.21309e-011	4.09284e-011	3.81246e-011	3.39483e-011	2.93797e-011	2.69812e-011	2.79551e-011	3.19618e-011	3.62037e-011	3.90208e-011	4.00862e-011	3.98053e-011	3.9106e-011	3.7714e-011	3.50278e-011	3.02763e-011	2.36163e-011	1.7721e-011	1.41852e-011	1.35709e-011	1.38651e-011	1.54927e-011	1.91006e-011	2.49438e-011	3.1042e-011	3.50094e-011	3.5382e-011	3.28593e-011	3.01927e-011	3.03954e-011	3.23759e-011	3.4925e-011	3.53304e-011	3.57161e-011	3.64155e-011	3.76444e-011	3.70693e-011	3.43701e-011	3.07689e-011
3.01738e-010	3.0183e-010	3.01684e-010	3.01436e-010	3.01123e-010	2.99312e-010	2.97306e-010	2.95593e-010	2.95038e-010	2.94156e-010	2.92319e-010	2.90136e-010	2.88182e-010	2.87581e-010	2.87731e-010	2.8883e-010	2.88679e-010	2.87085e-010	2.84948e-010	2.83026e-010	2.82229e-010	2.81536e-010	2.80922e-010	2.78942e-010	2.77066e-010	2.76497e-010	2.7836e-010	2.81844e-010	2.85583e-010	2.88145e-010	2.88465e-010	2.8489e-010	2.78014e-010	2.6891e-010	2.61518e-010	2.56636e-010	2.56361e-010	2.58858e-010	2.63531e-010	2.66904e-010	2.68728e-010	2.68643e-010	2.67636e-010	2.64833e-010	2.63042e-010	2.63029e-010	2.65918e-010	2.67663e-010	2.67467e-010	2.66317e-010	2.66016e-010	2.66945e-010	2.67402e-010	2.67265e-010	2.67102e-010	2.68703e-010	2.71468e-010	2.74311e-010	2.75815e-010	2.77449e-010	2.78998e-010	2.79305e-010	2.77037e-010	2.73652e-010	2.72168e-010	2.73541e-010	2.76194e-010	2.78907e-010	2.80999e-010	2.82515e-010	2.82293e-010	2.81894e-010	2.81391e-010	2.81594e-010	2.83143e-010	2.85646e-010	2.88934e-010	2.90928e-010	2.92601e-010	2.93621e-010	2.94359e-010	2.92287e-010	2.83608e-010	2.63216e-010	2.27929e-010	1.76896e-010	1.18413e-010	7.11188e-011	4.68249e-011	4.2361e-011	4.40212e-011	4.4701e-011	4.46096e-011	4.40019e-011	4.24203e-011	4.08714e-011	4.00937e-011	3.98259e-011	3.91397e-011	3.84339e-011	3.85582e-011	3.79178e-011	3.53885e-011	3.22775e-011	3.01077e-011	2.85065e-011	2.62909e-011	2.44609e-011	2.43892e-011	2.65984e-011	2.97488e-011	3.34417e-011	3.64026e-011	3.68602e-011	3.33767e-011	2.84487e-011	2.54946e-011	2.47496e-011	2.47497e-011	2.43511e-011	2.59656e-011	3.03905e-011	3.61945e-011	4.06913e-011	4.19006e-011	4.09399e-011	3.88812e-011	3.74042e-011	3.6633e-011	3.7156e-011	3.8496e-011	4.04177e-011	4.11432e-011	4.01107e-011	3.66467e-011	3.29475e-011	3.04313e-011	3.1451e-011	3.51308e-011	3.93401e-011	4.1033e-011	4.03926e-011	3.97848e-011	4.03601e-011	4.16282e-011	4.17982e-011	4.13146e-011	4.09749e-011	4.09946e-011	4.17398e-011	4.20928e-011	4.29099e-011	4.32761e-011	4.31912e-011	4.14789e-011	3.77274e-011	3.27928e-011	2.84073e-011	2.65708e-011	2.81592e-011	3.18259e-011	3.60352e-011	3.90026e-011	4.08458e-011	4.11531e-011	4.0297e-011	3.77154e-011	3.3526e-011	2.73301e-011	1.98204e-011	1.38793e-011	1.07879e-011	1.06246e-011	1.13045e-011	1.32392e-011	1.75661e-011	2.40106e-011	3.0599e-011	3.46775e-011	3.4756e-011	3.21418e-011	2.97562e-011	2.98152e-011	3.10114e-011	3.20572e-011	3.19005e-011	3.25738e-011	3.46131e-011	3.72341e-011	3.83192e-011	3.68487e-011	3.34762e-011
3.01707e-010	3.01799e-010	3.02917e-010	3.03211e-010	3.03133e-010	3.01682e-010	2.9893e-010	2.95761e-010	2.92891e-010	2.91447e-010	2.90977e-010	2.91552e-010	2.92107e-010	2.91872e-010	2.9099e-010	2.89938e-010	2.88023e-010	2.85624e-010	2.82807e-010	2.79978e-010	2.76592e-010	2.73834e-010	2.7252e-010	2.71475e-010	2.69357e-010	2.66717e-010	2.66743e-010	2.70848e-010	2.7805e-010	2.84776e-010	2.88894e-010	2.88776e-010	2.84659e-010	2.77084e-010	2.6792e-010	2.59711e-010	2.566e-010	2.59287e-010	2.65679e-010	2.69235e-010	2.69143e-010	2.67313e-010	2.67163e-010	2.67568e-010	2.68555e-010	2.70078e-010	2.7232e-010	2.73954e-010	2.73798e-010	2.7283e-010	2.71183e-010	2.70072e-010	2.69053e-010	2.67733e-010	2.65681e-010	2.64217e-010	2.64145e-010	2.65419e-010	2.67008e-010	2.70099e-010	2.73786e-010	2.7689e-010	2.76557e-010	2.74191e-010	2.72584e-010	2.73152e-010	2.75394e-010	2.7763e-010	2.79153e-010	2.79238e-010	2.7844e-010	2.78565e-010	2.7897e-010	2.79114e-010	2.80369e-010	2.83859e-010	2.89892e-010	2.94925e-010	2.9869e-010	2.99683e-010	2.99121e-010	2.94239e-010	2.84259e-010	2.64553e-010	2.33167e-010	1.87305e-010	1.32364e-010	8.28415e-011	5.29397e-011	4.26326e-011	4.21295e-011	4.12668e-011	4.07833e-011	4.06592e-011	4.10057e-011	4.12934e-011	4.14177e-011	4.15681e-011	4.07578e-011	3.99539e-011	3.90652e-011	3.75032e-011	3.40654e-011	3.08694e-011	2.91179e-011	2.90526e-011	2.91181e-011	2.94581e-011	3.01706e-011	3.19812e-011	3.42427e-011	3.74454e-011	3.98442e-011	4.02168e-011	3.67921e-011	3.2119e-011	2.87074e-011	2.79689e-011	2.82435e-011	2.82175e-011	2.89431e-011	3.15641e-011	3.50675e-011	3.77604e-011	3.83356e-011	3.79893e-011	3.76169e-011	3.78458e-011	3.76367e-011	3.71336e-011	3.70748e-011	3.80357e-011	3.82581e-011	3.68856e-011	3.36178e-011	3.05721e-011	2.96964e-011	3.20821e-011	3.66901e-011	4.02522e-011	4.1102e-011	3.98407e-011	3.95467e-011	4.08932e-011	4.31024e-011	4.35143e-011	4.25013e-011	4.05995e-011	3.92663e-011	3.93383e-011	4.05933e-011	4.20705e-011	4.26719e-011	4.21818e-011	4.00577e-011	3.55088e-011	2.9058e-011	2.28882e-011	1.99929e-011	2.16465e-011	2.62741e-011	3.12415e-011	3.47906e-011	3.69606e-011	3.79346e-011	3.70197e-011	3.34773e-011	2.83925e-011	2.31181e-011	1.82751e-011	1.45824e-011	1.17786e-011	1.04453e-011	9.98792e-012	1.14063e-011	1.55567e-011	2.17333e-011	2.8217e-011	3.27661e-011	3.41323e-011	3.36095e-011	3.2871e-011	3.31979e-011	3.32373e-011	3.2904e-011	3.23551e-011	3.295e-011	3.47998e-011	3.7009e-011	3.8898e-011	3.86824e-011	3.65257e-011
2.99804e-010	2.99896e-010	2.99858e-010	2.98557e-010	2.9742e-010	2.96675e-010	2.95885e-010	2.93924e-010	2.9144e-010	2.90231e-010	2.9146e-010	2.93931e-010	2.95728e-010	2.94513e-010	2.91885e-010	2.89291e-010	2.87533e-010	2.86389e-010	2.84383e-010	2.80069e-010	2.73487e-010	2.68056e-010	2.66723e-010	2.67717e-010	2.6703e-010	2.6373e-010	2.6122e-010	2.6324e-010	2.70371e-010	2.79129e-010	2.86103e-010	2.88469e-010	2.86894e-010	2.81574e-010	2.74404e-010	2.66509e-010	2.62463e-010	2.63215e-010	2.6781e-010	2.70025e-010	2.69411e-010	2.67601e-010	2.68039e-010	2.69608e-010	2.71542e-010	2.73817e-010	2.76353e-010	2.79118e-010	2.80111e-010	2.79504e-010	2.76824e-010	2.73994e-010	2.71628e-010	2.69759e-010	2.66707e-010	2.63419e-010	2.61132e-010	2.61406e-010	2.63178e-010	2.66452e-010	2.70211e-010	2.7408e-010	2.75714e-010	2.76231e-010	2.76603e-010	2.77989e-010	2.79636e-010	2.80362e-010	2.7997e-010	2.78571e-010	2.78244e-010	2.79578e-010	2.81395e-010	2.82153e-010	2.83506e-010	2.86905e-010	2.92376e-010	2.9697e-010	2.99853e-010	2.99925e-010	2.97971e-010	2.92468e-010	2.83723e-010	2.68337e-010	2.43645e-010	2.04991e-010	1.54057e-010	1.00273e-010	6.12861e-011	4.21751e-011	3.84824e-011	3.7476e-011	3.74957e-011	3.77703e-011	3.85874e-011	3.98686e-011	4.11628e-011	4.2372e-011	4.14963e-011	3.93592e-011	3.64835e-011	3.45489e-011	3.28954e-011	3.20459e-011	3.1497e-011	3.20526e-011	3.28959e-011	3.3909e-011	3.3981e-011	3.46674e-011	3.58832e-011	3.89683e-011	4.12429e-011	4.13083e-011	3.70078e-011	3.13151e-011	2.73871e-011	2.77728e-011	3.00475e-011	3.15574e-011	3.22895e-011	3.35576e-011	3.45969e-011	3.3878e-011	3.15317e-011	3.00809e-011	3.1179e-011	3.42249e-011	3.65256e-011	3.73231e-011	3.75193e-011	3.78396e-011	3.69901e-011	3.47222e-011	3.20491e-011	3.06113e-011	3.11082e-011	3.35266e-011	3.66051e-011	3.83895e-011	3.84419e-011	3.81675e-011	3.8978e-011	4.0416e-011	4.12331e-011	4.07627e-011	3.97497e-011	3.83511e-011	3.71355e-011	3.73056e-011	3.85802e-011	3.95999e-011	3.8417e-011	3.65348e-011	3.36068e-011	2.94566e-011	2.35743e-011	1.77705e-011	1.56072e-011	1.73982e-011	2.17251e-011	2.47317e-011	2.63266e-011	2.77777e-011	2.92222e-011	2.90197e-011	2.61309e-011	2.30787e-011	2.15756e-011	2.11247e-011	1.96738e-011	1.63798e-011	1.31904e-011	1.16676e-011	1.272e-011	1.58704e-011	2.06941e-011	2.62562e-011	3.12629e-011	3.42956e-011	3.5152e-011	3.50017e-011	3.51195e-011	3.53026e-011	3.50413e-011	3.43551e-011	3.45774e-011	3.53684e-011	3.63162e-011	3.70026e-011	3.68458e-011	3.51989e-011
2.96891e-010	2.96983e-010	2.95867e-010	2.93495e-010	2.91005e-010	2.89658e-010	2.89848e-010	2.89985e-010	2.89561e-010	2.89358e-010	2.90914e-010	2.93234e-010	2.94208e-010	2.92234e-010	2.89202e-010	2.86986e-010	2.87052e-010	2.88457e-010	2.88156e-010	2.83594e-010	2.75235e-010	2.68948e-010	2.67307e-010	2.6949e-010	2.70314e-010	2.68196e-010	2.63778e-010	2.60987e-010	2.6219e-010	2.67824e-010	2.75249e-010	2.81027e-010	2.82785e-010	2.81164e-010	2.77361e-010	2.72583e-010	2.68106e-010	2.65642e-010	2.66681e-010	2.68655e-010	2.70329e-010	2.70956e-010	2.71492e-010	2.71832e-010	2.71486e-010	2.71682e-010	2.73094e-010	2.76467e-010	2.78787e-010	2.79166e-010	2.77205e-010	2.75813e-010	2.75265e-010	2.74572e-010	2.71611e-010	2.67258e-010	2.64082e-010	2.64056e-010	2.66631e-010	2.70226e-010	2.74017e-010	2.77651e-010	2.80292e-010	2.81782e-010	2.82566e-010	2.82521e-010	2.81854e-010	2.79658e-010	2.77881e-010	2.766e-010	2.78443e-010	2.81587e-010	2.84933e-010	2.86535e-010	2.88195e-010	2.91019e-010	2.94568e-010	2.97345e-010	2.98607e-010	2.97921e-010	2.95803e-010	2.91464e-010	2.8549e-010	2.74261e-010	2.54699e-010	2.21072e-010	1.72896e-010	1.15909e-010	6.9648e-011	4.35632e-011	3.71646e-011	3.61647e-011	3.58773e-011	3.50277e-011	3.4335e-011	3.51325e-011	3.74594e-011	4.09431e-011	4.21524e-011	4.01198e-011	3.57866e-011	3.28782e-011	3.23816e-011	3.36497e-011	3.38001e-011	3.36368e-011	3.31402e-011	3.35586e-011	3.32842e-011	3.32581e-011	3.3121e-011	3.47877e-011	3.68924e-011	3.77487e-011	3.53632e-011	3.1396e-011	2.88471e-011	3.0076e-011	3.33244e-011	3.62003e-011	3.71285e-011	3.67561e-011	3.49131e-011	3.1142e-011	2.65734e-011	2.39722e-011	2.57697e-011	3.09005e-011	3.58353e-011	3.83517e-011	3.8744e-011	3.78879e-011	3.56919e-011	3.30776e-011	3.14176e-011	3.16073e-011	3.23459e-011	3.29016e-011	3.31762e-011	3.26338e-011	3.19999e-011	3.12811e-011	3.20263e-011	3.30264e-011	3.40919e-011	3.4641e-011	3.5262e-011	3.49811e-011	3.46151e-011	3.48701e-011	3.61578e-011	3.60338e-011	3.2975e-011	2.9498e-011	2.67792e-011	2.49362e-011	2.20931e-011	1.82828e-011	1.71195e-011	1.8198e-011	2.0623e-011	2.03682e-011	1.9218e-011	1.94338e-011	2.09763e-011	2.19895e-011	2.13491e-011	2.15257e-011	2.33689e-011	2.57677e-011	2.5722e-011	2.26437e-011	1.85916e-011	1.68923e-011	1.8461e-011	2.16507e-011	2.45854e-011	2.67489e-011	2.87686e-011	3.11086e-011	3.28669e-011	3.40434e-011	3.45729e-011	3.45142e-011	3.34228e-011	3.17236e-011	3.15407e-011	3.24885e-011	3.4567e-011	3.65214e-011	3.77437e-011	3.72209e-011
2.92529e-010	2.9262e-010	2.91324e-010	2.87722e-010	2.83951e-010	2.82278e-010	2.83566e-010	2.86037e-010	2.8801e-010	2.89011e-010	2.90494e-010	2.92155e-010	2.9239e-010	2.90416e-010	2.86926e-010	2.84273e-010	2.83815e-010	2.8577e-010	2.87351e-010	2.85502e-010	2.79678e-010	2.74254e-010	2.72208e-010	2.73542e-010	2.75437e-010	2.75614e-010	2.72588e-010	2.67888e-010	2.63379e-010	2.63313e-010	2.67614e-010	2.73667e-010	2.77039e-010	2.77026e-010	2.75392e-010	2.72804e-010	2.69118e-010	2.65393e-010	2.64733e-010	2.67053e-010	2.70733e-010	2.72485e-010	2.71727e-010	2.69047e-010	2.66367e-010	2.65799e-010	2.68531e-010	2.73557e-010	2.77636e-010	2.78891e-010	2.78015e-010	2.77584e-010	2.78172e-010	2.78623e-010	2.7714e-010	2.74506e-010	2.72408e-010	2.72493e-010	2.74892e-010	2.77859e-010	2.80722e-010	2.8267e-010	2.84278e-010	2.85271e-010	2.85363e-010	2.83572e-010	2.80049e-010	2.75383e-010	2.72618e-010	2.72318e-010	2.75919e-010	2.8039e-010	2.85618e-010	2.89468e-010	2.92965e-010	2.95403e-010	2.96952e-010	2.97351e-010	2.96175e-010	2.93051e-010	2.88855e-010	2.85332e-010	2.82626e-010	2.76986e-010	2.63273e-010	2.35189e-010	1.91104e-010	1.33085e-010	8.08495e-011	4.79478e-011	3.72094e-011	3.5765e-011	3.47651e-011	3.31443e-011	3.13078e-011	3.17851e-011	3.48963e-011	3.96088e-011	4.15697e-011	3.9609e-011	3.53542e-011	3.33216e-011	3.42694e-011	3.65637e-011	3.68579e-011	3.58449e-011	3.4296e-011	3.39824e-011	3.33681e-011	3.23552e-011	3.07147e-011	3.10155e-011	3.32378e-011	3.51333e-011	3.46433e-011	3.22708e-011	3.08134e-011	3.22841e-011	3.56698e-011	3.89117e-011	3.96504e-011	3.81734e-011	3.50297e-011	3.04351e-011	2.49973e-011	2.07229e-011	2.10628e-011	2.63309e-011	3.29192e-011	3.705e-011	3.78475e-011	3.69849e-011	3.49327e-011	3.23315e-011	2.97826e-011	2.87435e-011	2.8809e-011	2.98156e-011	3.09595e-011	3.13518e-011	3.10839e-011	3.04108e-011	3.02736e-011	3.00711e-011	3.00255e-011	3.04831e-011	3.17316e-011	3.24245e-011	3.26795e-011	3.25685e-011	3.23529e-011	3.05033e-011	2.61309e-011	2.21376e-011	2.03403e-011	2.13992e-011	2.31836e-011	2.4236e-011	2.6223e-011	2.75434e-011	2.72755e-011	2.37593e-011	2.02562e-011	1.90406e-011	1.90145e-011	1.95963e-011	2.03873e-011	2.36684e-011	2.74071e-011	3.01588e-011	2.87994e-011	2.5061e-011	2.07801e-011	2.02508e-011	2.27215e-011	2.64797e-011	2.80877e-011	2.7957e-011	2.75454e-011	2.89965e-011	3.1075e-011	3.3147e-011	3.40098e-011	3.32322e-011	3.0644e-011	2.81278e-011	2.87554e-011	3.19777e-011	3.63503e-011	3.91478e-011	4.00956e-011	3.81872e-011
2.86935e-010	2.87027e-010	2.85509e-010	2.83234e-010	2.81914e-010	2.81712e-010	2.8298e-010	2.84503e-010	2.85771e-010	2.86268e-010	2.8717e-010	2.88595e-010	2.89837e-010	2.89667e-010	2.87556e-010	2.83968e-010	2.80811e-010	2.79582e-010	2.79863e-010	2.80014e-010	2.77674e-010	2.75432e-010	2.7423e-010	2.76021e-010	2.79067e-010	2.81537e-010	2.80256e-010	2.74792e-010	2.66616e-010	2.62224e-010	2.64054e-010	2.70224e-010	2.74545e-010	2.75813e-010	2.75381e-010	2.74434e-010	2.70493e-010	2.64532e-010	2.60761e-010	2.61787e-010	2.65918e-010	2.68186e-010	2.67435e-010	2.64618e-010	2.62069e-010	2.61167e-010	2.62834e-010	2.67187e-010	2.72108e-010	2.76566e-010	2.79762e-010	2.8254e-010	2.84213e-010	2.84233e-010	2.82377e-010	2.79279e-010	2.76214e-010	2.74678e-010	2.76691e-010	2.80972e-010	2.85835e-010	2.88633e-010	2.89103e-010	2.87541e-010	2.84273e-010	2.78855e-010	2.71823e-010	2.65705e-010	2.63594e-010	2.65954e-010	2.71379e-010	2.77215e-010	2.83202e-010	2.88e-010	2.92235e-010	2.94961e-010	2.96503e-010	2.96497e-010	2.9466e-010	2.91242e-010	2.87216e-010	2.83661e-010	2.80465e-010	2.74641e-010	2.62589e-010	2.38465e-010	1.9974e-010	1.46381e-010	9.44007e-011	5.91068e-011	4.40089e-011	3.93358e-011	3.48784e-011	3.08524e-011	2.85715e-011	2.98069e-011	3.42645e-011	3.98201e-011	4.30228e-011	4.22386e-011	3.95067e-011	3.78271e-011	3.84677e-011	3.97881e-011	4.01215e-011	4.0017e-011	3.96381e-011	3.98865e-011	3.94422e-011	3.72201e-011	3.33705e-011	3.05863e-011	3.0423e-011	3.09983e-011	3.08611e-011	3.03188e-011	3.15738e-011	3.51817e-011	3.94759e-011	4.21688e-011	4.03781e-011	3.5169e-011	2.9143e-011	2.49275e-011	2.25419e-011	2.10584e-011	2.21239e-011	2.66338e-011	3.24966e-011	3.59738e-011	3.61634e-011	3.50982e-011	3.33663e-011	3.08304e-011	2.75495e-011	2.55888e-011	2.5955e-011	2.81511e-011	3.08048e-011	3.17134e-011	3.16743e-011	3.0962e-011	3.07464e-011	3.02563e-011	2.97597e-011	2.96748e-011	3.02566e-011	3.07208e-011	3.09039e-011	3.03746e-011	2.961e-011	2.76624e-011	2.38194e-011	2.00286e-011	1.89373e-011	2.18393e-011	2.61727e-011	2.97218e-011	3.23821e-011	3.34018e-011	3.18006e-011	2.81014e-011	2.51472e-011	2.38794e-011	2.27684e-011	2.18011e-011	2.17555e-011	2.42066e-011	2.68733e-011	2.87231e-011	2.76513e-011	2.55599e-011	2.29849e-011	2.33183e-011	2.5874e-011	2.98022e-011	3.12467e-011	2.99069e-011	2.77502e-011	2.80444e-011	3.08354e-011	3.43975e-011	3.5829e-011	3.37703e-011	2.95678e-011	2.71692e-011	2.88621e-011	3.32413e-011	3.80845e-011	4.1614e-011	4.34769e-011	4.22613e-011
2.83685e-010	2.83777e-010	2.82453e-010	2.80963e-010	2.81237e-010	2.81669e-010	2.81617e-010	2.81218e-010	2.81277e-010	2.82146e-010	2.83532e-010	2.85598e-010	2.87827e-010	2.88742e-010	2.8718e-010	2.83147e-010	2.78735e-010	2.75977e-010	2.7501e-010	2.74834e-010	2.73089e-010	2.71847e-010	2.72128e-010	2.75331e-010	2.79449e-010	2.82848e-010	2.8373e-010	2.80782e-010	2.74606e-010	2.6977e-010	2.696e-010	2.72502e-010	2.74593e-010	2.74875e-010	2.75299e-010	2.75986e-010	2.74091e-010	2.69646e-010	2.65457e-010	2.63529e-010	2.63679e-010	2.62751e-010	2.61993e-010	2.61189e-010	2.61634e-010	2.62216e-010	2.63876e-010	2.67778e-010	2.73536e-010	2.79804e-010	2.84491e-010	2.8734e-010	2.8836e-010	2.88125e-010	2.86073e-010	2.81818e-010	2.76504e-010	2.72799e-010	2.73936e-010	2.77936e-010	2.82766e-010	2.85675e-010	2.86348e-010	2.84616e-010	2.79976e-010	2.73832e-010	2.67113e-010	2.6327e-010	2.62323e-010	2.64636e-010	2.6812e-010	2.72689e-010	2.78866e-010	2.85395e-010	2.91336e-010	2.94781e-010	2.96153e-010	2.95788e-010	2.93794e-010	2.90409e-010	2.86095e-010	2.815e-010	2.76559e-010	2.70429e-010	2.61115e-010	2.42403e-010	2.10344e-010	1.6107e-010	1.086e-010	6.9064e-011	4.9221e-011	4.18878e-011	3.65873e-011	3.31234e-011	3.28947e-011	3.5019e-011	3.9006e-011	4.19996e-011	4.29997e-011	4.05423e-011	3.79541e-011	3.66667e-011	3.83269e-011	4.09087e-011	4.35558e-011	4.53664e-011	4.58175e-011	4.50267e-011	4.31184e-011	3.9576e-011	3.555e-011	3.27658e-011	3.24129e-011	3.2681e-011	3.20863e-011	3.10407e-011	3.17401e-011	3.51781e-011	3.94593e-011	4.18842e-011	3.90216e-011	3.17733e-011	2.30807e-011	1.7937e-011	1.69894e-011	1.80352e-011	2.05909e-011	2.53884e-011	3.15584e-011	3.62513e-011	3.80618e-011	3.87352e-011	3.79183e-011	3.49315e-011	2.97093e-011	2.42127e-011	2.22651e-011	2.46509e-011	2.9749e-011	3.3651e-011	3.54093e-011	3.588e-011	3.56644e-011	3.40175e-011	3.06385e-011	2.73772e-011	2.59067e-011	2.758e-011	3.01226e-011	3.22338e-011	3.23515e-011	3.05869e-011	2.61818e-011	2.11101e-011	1.82997e-011	2.00972e-011	2.48881e-011	3.05287e-011	3.53001e-011	3.79603e-011	3.67905e-011	3.29344e-011	2.90914e-011	2.64575e-011	2.43465e-011	2.24512e-011	2.18042e-011	2.38239e-011	2.68632e-011	2.91117e-011	2.77589e-011	2.52623e-011	2.29225e-011	2.34128e-011	2.53149e-011	2.83215e-011	3.04131e-011	3.12694e-011	3.13871e-011	3.15833e-011	3.22305e-011	3.30476e-011	3.3466e-011	3.21981e-011	3.04597e-011	3.0767e-011	3.36886e-011	3.71985e-011	3.96692e-011	4.13817e-011	4.24799e-011	4.13231e-011
2.82701e-010	2.82792e-010	2.81824e-010	2.82504e-010	2.84498e-010	2.84864e-010	2.83152e-010	2.81014e-010	2.80564e-010	2.82237e-010	2.84557e-010	2.8708e-010	2.88995e-010	2.89584e-010	2.88878e-010	2.86505e-010	2.83551e-010	2.79584e-010	2.75251e-010	2.71238e-010	2.67807e-010	2.67545e-010	2.70251e-010	2.75441e-010	2.79912e-010	2.82585e-010	2.82931e-010	2.79631e-010	2.74409e-010	2.7067e-010	2.71383e-010	2.7322e-010	2.73808e-010	2.74004e-010	2.76239e-010	2.79416e-010	2.79488e-010	2.75756e-010	2.71031e-010	2.67318e-010	2.66162e-010	2.65168e-010	2.65933e-010	2.66914e-010	2.68319e-010	2.6792e-010	2.67371e-010	2.68829e-010	2.73437e-010	2.80071e-010	2.85882e-010	2.90313e-010	2.92895e-010	2.9364e-010	2.91196e-010	2.84725e-010	2.76941e-010	2.71144e-010	2.70327e-010	2.72412e-010	2.75961e-010	2.79321e-010	2.80974e-010	2.79458e-010	2.73726e-010	2.67328e-010	2.62648e-010	2.62367e-010	2.6389e-010	2.66439e-010	2.68479e-010	2.71884e-010	2.77256e-010	2.83472e-010	2.88851e-010	2.91525e-010	2.92263e-010	2.91845e-010	2.91407e-010	2.91205e-010	2.90146e-010	2.86944e-010	2.80663e-010	2.72656e-010	2.61519e-010	2.4316e-010	2.12016e-010	1.64951e-010	1.13788e-010	7.42589e-011	5.33244e-011	4.46187e-011	3.87103e-011	3.52137e-011	3.54491e-011	3.80505e-011	4.19329e-011	4.43382e-011	4.45279e-011	4.126e-011	3.76719e-011	3.53125e-011	3.62604e-011	3.8999e-011	4.25873e-011	4.56267e-011	4.68228e-011	4.52282e-011	4.13525e-011	3.64833e-011	3.30455e-011	3.19933e-011	3.27255e-011	3.32419e-011	3.22289e-011	3.04382e-011	3.10984e-011	3.51051e-011	4.03927e-011	4.26608e-011	3.92622e-011	3.09552e-011	2.07396e-011	1.39946e-011	1.28575e-011	1.58772e-011	2.10015e-011	2.67009e-011	3.26226e-011	3.71455e-011	3.99757e-011	4.14137e-011	4.09824e-011	3.77211e-011	3.18519e-011	2.47932e-011	2.06692e-011	2.17935e-011	2.69831e-011	3.20485e-011	3.51009e-011	3.61795e-011	3.59704e-011	3.33431e-011	2.83432e-011	2.41276e-011	2.28009e-011	2.65396e-011	3.14155e-011	3.55659e-011	3.5932e-011	3.35073e-011	2.75728e-011	2.09651e-011	1.59913e-011	1.60699e-011	2.04229e-011	2.74034e-011	3.39067e-011	3.78807e-011	3.74494e-011	3.35345e-011	2.87961e-011	2.52864e-011	2.37571e-011	2.33519e-011	2.42736e-011	2.66136e-011	2.93e-011	2.99994e-011	2.70387e-011	2.32284e-011	2.13004e-011	2.25162e-011	2.5281e-011	2.82419e-011	3.1523e-011	3.41179e-011	3.57193e-011	3.4556e-011	3.23862e-011	3.09288e-011	3.15106e-011	3.21381e-011	3.31055e-011	3.46089e-011	3.69162e-011	3.7766e-011	3.78641e-011	3.84917e-011	4.04852e-011	4.19102e-011
2.85172e-010	2.85263e-010	2.86574e-010	2.8815e-010	2.89065e-010	2.87601e-010	2.84496e-010	2.8281e-010	2.8383e-010	2.87163e-010	2.89778e-010	2.91386e-010	2.91425e-010	2.90994e-010	2.90563e-010	2.90131e-010	2.88981e-010	2.84785e-010	2.7774e-010	2.69968e-010	2.65008e-010	2.65642e-010	2.70479e-010	2.76315e-010	2.79466e-010	2.79675e-010	2.7825e-010	2.74558e-010	2.70414e-010	2.67767e-010	2.68591e-010	2.69525e-010	2.69839e-010	2.71369e-010	2.75702e-010	2.80454e-010	2.81676e-010	2.79081e-010	2.75251e-010	2.71748e-010	2.70631e-010	2.70454e-010	2.72742e-010	2.7518e-010	2.7671e-010	2.75337e-010	2.73736e-010	2.73586e-010	2.75416e-010	2.78122e-010	2.81285e-010	2.85946e-010	2.91116e-010	2.94822e-010	2.94345e-010	2.88626e-010	2.80861e-010	2.73443e-010	2.68757e-010	2.65397e-010	2.64286e-010	2.6562e-010	2.67803e-010	2.68483e-010	2.65333e-010	2.62405e-010	2.61954e-010	2.65424e-010	2.69366e-010	2.71738e-010	2.7251e-010	2.73484e-010	2.76896e-010	2.81641e-010	2.85399e-010	2.86268e-010	2.85092e-010	2.84327e-010	2.85256e-010	2.87805e-010	2.89936e-010	2.89831e-010	2.86334e-010	2.79812e-010	2.68681e-010	2.48211e-010	2.14747e-010	1.64917e-010	1.1312e-010	7.2826e-011	5.23687e-011	4.36825e-011	3.85977e-011	3.58462e-011	3.63626e-011	3.87745e-011	4.20883e-011	4.36962e-011	4.318e-011	4.00036e-011	3.66639e-011	3.46248e-011	3.5285e-011	3.86119e-011	4.25663e-011	4.58147e-011	4.57299e-011	4.26646e-011	3.72007e-011	3.26387e-011	3.07042e-011	3.09526e-011	3.20573e-011	3.35542e-011	3.42601e-011	3.39727e-011	3.38747e-011	3.59663e-011	3.92671e-011	4.12541e-011	3.95483e-011	3.32805e-011	2.38623e-011	1.62677e-011	1.39475e-011	1.63398e-011	2.11176e-011	2.57256e-011	3.04642e-011	3.44186e-011	3.80657e-011	4.09939e-011	4.20659e-011	4.00007e-011	3.42949e-011	2.66872e-011	2.0354e-011	1.90142e-011	2.26483e-011	2.85177e-011	3.28053e-011	3.40669e-011	3.27794e-011	2.96815e-011	2.56097e-011	2.34922e-011	2.39825e-011	2.86231e-011	3.38977e-011	3.79958e-011	3.72508e-011	3.26562e-011	2.55256e-011	1.91793e-011	1.52578e-011	1.5722e-011	1.98463e-011	2.63627e-011	3.20294e-011	3.58727e-011	3.61081e-011	3.36311e-011	2.91867e-011	2.5128e-011	2.23308e-011	2.20106e-011	2.39388e-011	2.79128e-011	3.18344e-011	3.27626e-011	2.93314e-011	2.43838e-011	2.23381e-011	2.46781e-011	2.89462e-011	3.28744e-011	3.59137e-011	3.80837e-011	3.88747e-011	3.6195e-011	3.25677e-011	2.97639e-011	3.10254e-011	3.30059e-011	3.58099e-011	3.75682e-011	3.87448e-011	3.77906e-011	3.5928e-011	3.58562e-011	3.80916e-011	4.1595e-011
2.92198e-010	2.92289e-010	2.92623e-010	2.93512e-010	2.93558e-010	2.92624e-010	2.91395e-010	2.91251e-010	2.93095e-010	2.95735e-010	2.96781e-010	2.95454e-010	2.92945e-010	2.91703e-010	2.92736e-010	2.93971e-010	2.92638e-010	2.86363e-010	2.7788e-010	2.70586e-010	2.68312e-010	2.70802e-010	2.7541e-010	2.78318e-010	2.78188e-010	2.76384e-010	2.74678e-010	2.71783e-010	2.6845e-010	2.6577e-010	2.65751e-010	2.66457e-010	2.67705e-010	2.70718e-010	2.75313e-010	2.78941e-010	2.78555e-010	2.74869e-010	2.71294e-010	2.6949e-010	2.71163e-010	2.74314e-010	2.7868e-010	2.81843e-010	2.82399e-010	2.80203e-010	2.77465e-010	2.75968e-010	2.75092e-010	2.75112e-010	2.76524e-010	2.8121e-010	2.87125e-010	2.91949e-010	2.93256e-010	2.90361e-010	2.84446e-010	2.76544e-010	2.67865e-010	2.6025e-010	2.5576e-010	2.55532e-010	2.56675e-010	2.57225e-010	2.56035e-010	2.56284e-010	2.59624e-010	2.65637e-010	2.71617e-010	2.75049e-010	2.76101e-010	2.76618e-010	2.78454e-010	2.81147e-010	2.82474e-010	2.81585e-010	2.80023e-010	2.79474e-010	2.80893e-010	2.8401e-010	2.88246e-010	2.9137e-010	2.91573e-010	2.86704e-010	2.74272e-010	2.50096e-010	2.12149e-010	1.59796e-010	1.07541e-010	6.76462e-011	4.76856e-011	3.9019e-011	3.44767e-011	3.20389e-011	3.21631e-011	3.45227e-011	3.79607e-011	4.05621e-011	4.05818e-011	3.8961e-011	3.74121e-011	3.79482e-011	3.94646e-011	4.23013e-011	4.44648e-011	4.62623e-011	4.52101e-011	4.2073e-011	3.67398e-011	3.28967e-011	3.14197e-011	3.20603e-011	3.30931e-011	3.46226e-011	3.61129e-011	3.65509e-011	3.60805e-011	3.5891e-011	3.68977e-011	3.82965e-011	3.88064e-011	3.59699e-011	2.98524e-011	2.30682e-011	1.96173e-011	1.95782e-011	2.17286e-011	2.35784e-011	2.62517e-011	2.87485e-011	3.23957e-011	3.54873e-011	3.75396e-011	3.63764e-011	3.24157e-011	2.77491e-011	2.37427e-011	2.2233e-011	2.32789e-011	2.64097e-011	2.91026e-011	2.97367e-011	2.89459e-011	2.78284e-011	2.75344e-011	2.86914e-011	3.08418e-011	3.42536e-011	3.72537e-011	3.88159e-011	3.59533e-011	2.95678e-011	2.21888e-011	1.78229e-011	1.73721e-011	2.03068e-011	2.42089e-011	2.85554e-011	3.14443e-011	3.3719e-011	3.43334e-011	3.36015e-011	3.05755e-011	2.60135e-011	2.0811e-011	1.81445e-011	1.8942e-011	2.33734e-011	2.8282e-011	3.07135e-011	2.9524e-011	2.66091e-011	2.57203e-011	2.89361e-011	3.41519e-011	3.88709e-011	4.13678e-011	4.16751e-011	4.04529e-011	3.65446e-011	3.31787e-011	3.15513e-011	3.4375e-011	3.78522e-011	4.11791e-011	4.1885e-011	4.08786e-011	3.79245e-011	3.51337e-011	3.53626e-011	3.88071e-011	4.41275e-011
2.9931e-010	2.99402e-010	2.98456e-010	2.96835e-010	2.94639e-010	2.93437e-010	2.94123e-010	2.96045e-010	2.99052e-010	3.0096e-010	3.00339e-010	2.96529e-010	2.92575e-010	2.91e-010	2.92693e-010	2.9415e-010	2.91634e-010	2.84589e-010	2.76863e-010	2.72582e-010	2.74001e-010	2.78334e-010	2.81628e-010	2.8036e-010	2.76661e-010	2.73968e-010	2.74158e-010	2.74472e-010	2.7342e-010	2.71381e-010	2.70126e-010	2.70034e-010	2.7095e-010	2.73453e-010	2.76061e-010	2.76871e-010	2.7395e-010	2.68519e-010	2.64552e-010	2.6382e-010	2.67486e-010	2.73036e-010	2.78624e-010	2.8199e-010	2.81918e-010	2.8001e-010	2.78043e-010	2.76997e-010	2.75128e-010	2.73461e-010	2.7384e-010	2.77997e-010	2.83586e-010	2.8786e-010	2.90089e-010	2.89553e-010	2.8607e-010	2.78606e-010	2.68639e-010	2.59064e-010	2.53162e-010	2.51051e-010	2.50959e-010	2.51593e-010	2.53156e-010	2.56195e-010	2.61215e-010	2.67313e-010	2.73803e-010	2.77816e-010	2.79156e-010	2.78548e-010	2.78575e-010	2.79523e-010	2.80045e-010	2.79653e-010	2.79196e-010	2.79529e-010	2.80314e-010	2.82111e-010	2.85863e-010	2.90157e-010	2.92974e-010	2.90118e-010	2.78739e-010	2.5457e-010	2.16328e-010	1.64956e-010	1.11244e-010	6.82176e-011	4.43028e-011	3.38258e-011	2.98913e-011	2.83162e-011	2.92902e-011	3.14929e-011	3.40224e-011	3.51401e-011	3.41141e-011	3.31077e-011	3.42908e-011	3.84673e-011	4.23759e-011	4.5912e-011	4.72127e-011	4.75527e-011	4.52718e-011	4.22131e-011	3.80563e-011	3.52133e-011	3.36644e-011	3.37233e-011	3.44554e-011	3.64686e-011	3.83641e-011	3.89198e-011	3.63709e-011	3.3188e-011	3.15737e-011	3.3515e-011	3.68419e-011	3.80903e-011	3.59532e-011	3.17638e-011	2.86724e-011	2.66006e-011	2.50778e-011	2.41172e-011	2.50977e-011	2.73788e-011	3.04377e-011	3.25555e-011	3.32222e-011	3.2157e-011	3.02682e-011	2.94709e-011	2.84972e-011	2.74711e-011	2.65693e-011	2.73537e-011	2.80074e-011	2.74454e-011	2.61449e-011	2.70861e-011	3.04523e-011	3.49099e-011	3.79949e-011	4.04591e-011	4.18186e-011	4.19299e-011	3.8113e-011	3.1185e-011	2.44662e-011	2.18127e-011	2.4035e-011	2.80547e-011	3.06888e-011	3.18719e-011	3.21857e-011	3.38264e-011	3.53232e-011	3.55324e-011	3.23103e-011	2.57876e-011	1.81668e-011	1.36963e-011	1.40886e-011	1.869e-011	2.46051e-011	2.85856e-011	2.94811e-011	2.78472e-011	2.7233e-011	3.02723e-011	3.52724e-011	4.04228e-011	4.31549e-011	4.31615e-011	4.12205e-011	3.75212e-011	3.49854e-011	3.41881e-011	3.72797e-011	4.12406e-011	4.48747e-011	4.48879e-011	4.19991e-011	3.76528e-011	3.48163e-011	3.62282e-011	4.0542e-011	4.56989e-011
3.03007e-010	3.03099e-010	3.01122e-010	2.97057e-010	2.93149e-010	2.91632e-010	2.93214e-010	2.9575e-010	2.98678e-010	2.99999e-010	2.98986e-010	2.946e-010	2.89953e-010	2.87692e-010	2.89084e-010	2.90555e-010	2.87751e-010	2.81072e-010	2.7517e-010	2.74654e-010	2.79451e-010	2.84484e-010	2.85334e-010	2.80556e-010	2.75288e-010	2.7387e-010	2.76831e-010	2.80367e-010	2.81334e-010	2.80726e-010	2.7957e-010	2.7906e-010	2.78073e-010	2.77688e-010	2.77394e-010	2.76694e-010	2.73342e-010	2.67734e-010	2.63342e-010	2.62283e-010	2.65924e-010	2.71662e-010	2.76976e-010	2.79277e-010	2.79088e-010	2.7799e-010	2.77251e-010	2.75722e-010	2.73304e-010	2.71389e-010	2.72337e-010	2.76167e-010	2.80657e-010	2.83938e-010	2.86141e-010	2.86906e-010	2.84847e-010	2.78834e-010	2.69998e-010	2.61645e-010	2.56142e-010	2.53998e-010	2.53501e-010	2.54266e-010	2.55835e-010	2.58456e-010	2.62371e-010	2.67371e-010	2.72809e-010	2.76829e-010	2.78901e-010	2.7926e-010	2.7879e-010	2.78254e-010	2.78248e-010	2.79202e-010	2.81202e-010	2.82803e-010	2.83006e-010	2.82804e-010	2.85104e-010	2.89124e-010	2.92614e-010	2.90987e-010	2.81183e-010	2.60438e-010	2.26733e-010	1.80818e-010	1.2774e-010	7.95896e-011	4.79558e-011	3.2054e-011	2.67861e-011	2.49823e-011	2.67798e-011	3.00871e-011	3.29499e-011	3.34337e-011	3.12769e-011	3.03816e-011	3.28523e-011	3.85909e-011	4.31989e-011	4.59114e-011	4.63821e-011	4.5892e-011	4.36045e-011	3.98072e-011	3.56897e-011	3.3082e-011	3.22782e-011	3.30953e-011	3.49124e-011	3.77229e-011	3.9723e-011	3.96447e-011	3.67102e-011	3.29129e-011	3.12398e-011	3.3436e-011	3.80178e-011	4.13969e-011	4.19199e-011	3.97828e-011	3.69398e-011	3.34431e-011	2.9221e-011	2.63323e-011	2.66265e-011	2.96331e-011	3.2679e-011	3.3215e-011	3.11367e-011	2.81629e-011	2.68297e-011	2.83919e-011	3.04508e-011	3.12418e-011	3.0451e-011	2.96668e-011	2.86669e-011	2.72422e-011	2.57783e-011	2.70071e-011	3.12294e-011	3.6955e-011	4.121e-011	4.38376e-011	4.4354e-011	4.35175e-011	4.02889e-011	3.50406e-011	2.95309e-011	2.72761e-011	2.96619e-011	3.40672e-011	3.69823e-011	3.73288e-011	3.6793e-011	3.71656e-011	3.86951e-011	3.86953e-011	3.53097e-011	2.74667e-011	1.95584e-011	1.54343e-011	1.68985e-011	2.07678e-011	2.50228e-011	2.77549e-011	2.9657e-011	2.97225e-011	3.00232e-011	3.15658e-011	3.46182e-011	3.80039e-011	4.0723e-011	4.11348e-011	3.95532e-011	3.64357e-011	3.43116e-011	3.42398e-011	3.75602e-011	4.24426e-011	4.7031e-011	4.76585e-011	4.46978e-011	4.01816e-011	3.81621e-011	3.994e-011	4.40577e-011	4.65742e-011
3.04312e-010	3.04403e-010	3.01789e-010	2.96959e-010	2.91946e-010	2.89534e-010	2.90273e-010	2.92181e-010	2.94423e-010	2.95587e-010	2.95097e-010	2.92306e-010	2.89286e-010	2.87796e-010	2.87894e-010	2.87574e-010	2.84254e-010	2.78803e-010	2.7466e-010	2.75228e-010	2.79915e-010	2.83719e-010	2.82693e-010	2.76771e-010	2.7215e-010	2.71909e-010	2.75896e-010	2.80425e-010	2.83399e-010	2.85687e-010	2.86543e-010	2.86694e-010	2.84694e-010	2.82838e-010	2.81576e-010	2.81073e-010	2.78949e-010	2.74577e-010	2.70747e-010	2.6957e-010	2.72309e-010	2.76518e-010	2.79558e-010	2.80002e-010	2.79172e-010	2.78682e-010	2.78578e-010	2.76355e-010	2.72695e-010	2.69297e-010	2.69872e-010	2.74075e-010	2.79474e-010	2.83624e-010	2.85892e-010	2.86873e-010	2.8567e-010	2.81252e-010	2.73696e-010	2.65318e-010	2.5901e-010	2.56834e-010	2.58063e-010	2.61305e-010	2.64213e-010	2.65991e-010	2.67246e-010	2.68848e-010	2.71122e-010	2.73933e-010	2.76593e-010	2.7841e-010	2.78619e-010	2.77737e-010	2.77554e-010	2.78679e-010	2.80992e-010	2.82764e-010	2.83038e-010	2.83182e-010	2.85058e-010	2.88699e-010	2.91908e-010	2.91072e-010	2.83248e-010	2.67288e-010	2.4083e-010	2.03131e-010	1.53974e-010	1.01811e-010	6.13671e-011	3.77398e-011	2.96681e-011	2.67597e-011	2.74395e-011	2.92958e-011	3.1492e-011	3.16163e-011	3.04269e-011	3.0525e-011	3.38323e-011	3.89043e-011	4.28848e-011	4.48064e-011	4.51007e-011	4.39178e-011	4.04015e-011	3.47219e-011	2.93299e-011	2.68333e-011	2.76046e-011	3.01995e-011	3.3559e-011	3.65461e-011	3.76965e-011	3.63698e-011	3.36248e-011	3.18537e-011	3.23767e-011	3.53179e-011	3.88344e-011	4.18606e-011	4.36908e-011	4.43379e-011	4.36191e-011	4.06911e-011	3.57893e-011	3.22011e-011	3.1796e-011	3.48549e-011	3.70315e-011	3.68878e-011	3.29533e-011	2.89926e-011	2.61692e-011	2.68164e-011	2.78099e-011	2.8993e-011	2.93722e-011	3.02351e-011	3.04705e-011	2.97516e-011	2.80197e-011	2.82616e-011	3.07323e-011	3.5556e-011	3.94776e-011	4.23143e-011	4.2517e-011	4.13995e-011	3.92623e-011	3.672e-011	3.43802e-011	3.38248e-011	3.59752e-011	3.9204e-011	4.12891e-011	4.12631e-011	4.08906e-011	4.09561e-011	4.19758e-011	4.15249e-011	3.84466e-011	3.15644e-011	2.50286e-011	2.20156e-011	2.32183e-011	2.47151e-011	2.55322e-011	2.60814e-011	2.8186e-011	2.95979e-011	3.13562e-011	3.26961e-011	3.53498e-011	3.7729e-011	4.02651e-011	4.06965e-011	3.97163e-011	3.70954e-011	3.54485e-011	3.5612e-011	3.92395e-011	4.42658e-011	4.90959e-011	5.0083e-011	4.7789e-011	4.37499e-011	4.21944e-011	4.31488e-011	4.5358e-011	4.46849e-011
3.05291e-010	3.05383e-010	3.03836e-010	3.00411e-010	2.96038e-010	2.92744e-010	2.90411e-010	2.89241e-010	2.89039e-010	2.90176e-010	2.90536e-010	2.89935e-010	2.88516e-010	2.87523e-010	2.86255e-010	2.8421e-010	2.81229e-010	2.77269e-010	2.74792e-010	2.75635e-010	2.78929e-010	2.81066e-010	2.78609e-010	2.73132e-010	2.69322e-010	2.69276e-010	2.72296e-010	2.76145e-010	2.80217e-010	2.84701e-010	2.87577e-010	2.88656e-010	2.86969e-010	2.85323e-010	2.84558e-010	2.85408e-010	2.85277e-010	2.8316e-010	2.80571e-010	2.79389e-010	2.81003e-010	2.83317e-010	2.8452e-010	2.83108e-010	2.80592e-010	2.78723e-010	2.77729e-010	2.75984e-010	2.73272e-010	2.70527e-010	2.70553e-010	2.74017e-010	2.79044e-010	2.83011e-010	2.84652e-010	2.85083e-010	2.84606e-010	2.8224e-010	2.76221e-010	2.6807e-010	2.60606e-010	2.5894e-010	2.61731e-010	2.66921e-010	2.70051e-010	2.7128e-010	2.71136e-010	2.7115e-010	2.71712e-010	2.73817e-010	2.7681e-010	2.79908e-010	2.80889e-010	2.80523e-010	2.79601e-010	2.79948e-010	2.80837e-010	2.8234e-010	2.83484e-010	2.85334e-010	2.88092e-010	2.91399e-010	2.93615e-010	2.9236e-010	2.86426e-010	2.75348e-010	2.564e-010	2.26766e-010	1.83767e-010	1.31002e-010	8.26167e-011	4.96561e-011	3.58262e-011	3.07544e-011	2.92774e-011	2.87024e-011	3.0075e-011	3.07287e-011	3.10425e-011	3.17354e-011	3.43499e-011	3.72324e-011	3.94678e-011	4.02783e-011	4.12327e-011	4.04615e-011	3.70499e-011	3.03899e-011	2.44227e-011	2.21221e-011	2.45994e-011	2.89589e-011	3.37629e-011	3.64951e-011	3.72403e-011	3.58025e-011	3.42928e-011	3.34563e-011	3.38028e-011	3.48617e-011	3.62344e-011	3.80645e-011	4.04764e-011	4.30451e-011	4.45942e-011	4.33721e-011	3.98624e-011	3.58691e-011	3.39738e-011	3.48954e-011	3.63531e-011	3.70983e-011	3.51637e-011	3.24318e-011	2.90724e-011	2.70007e-011	2.54452e-011	2.44911e-011	2.40271e-011	2.46155e-011	2.65241e-011	2.85634e-011	2.94654e-011	2.96289e-011	3.01454e-011	3.2322e-011	3.46423e-011	3.6113e-011	3.60281e-011	3.53158e-011	3.61329e-011	3.73487e-011	3.91331e-011	4.05646e-011	4.26039e-011	4.46432e-011	4.51858e-011	4.35846e-011	4.1369e-011	3.95914e-011	3.97614e-011	4.05327e-011	4.04152e-011	3.74545e-011	3.29645e-011	2.96901e-011	2.77686e-011	2.52524e-011	2.27558e-011	2.3318e-011	2.7952e-011	3.26253e-011	3.5815e-011	3.72203e-011	3.94491e-011	4.13708e-011	4.28611e-011	4.21227e-011	4.02339e-011	3.75935e-011	3.64367e-011	3.75022e-011	4.12735e-011	4.60252e-011	4.97247e-011	5.05548e-011	4.90844e-011	4.65485e-011	4.59212e-011	4.6601e-011	4.77057e-011	4.5915e-011
3.03993e-010	3.04085e-010	3.03683e-010	3.0218e-010	2.99363e-010	2.95958e-010	2.91945e-010	2.8935e-010	2.88919e-010	2.90984e-010	2.92141e-010	2.92527e-010	2.91678e-010	2.9039e-010	2.88148e-010	2.85168e-010	2.83266e-010	2.81188e-010	2.79959e-010	2.78646e-010	2.78286e-010	2.77417e-010	2.75247e-010	2.71725e-010	2.69463e-010	2.6894e-010	2.70437e-010	2.72601e-010	2.76575e-010	2.81202e-010	2.84993e-010	2.86673e-010	2.86797e-010	2.86961e-010	2.87706e-010	2.88941e-010	2.89589e-010	2.88131e-010	2.86066e-010	2.84602e-010	2.85641e-010	2.87099e-010	2.87361e-010	2.84616e-010	2.80361e-010	2.77446e-010	2.77028e-010	2.78211e-010	2.78087e-010	2.76642e-010	2.75884e-010	2.77884e-010	2.81858e-010	2.85342e-010	2.86924e-010	2.87205e-010	2.86669e-010	2.84408e-010	2.78532e-010	2.698e-010	2.61376e-010	2.58683e-010	2.61487e-010	2.67676e-010	2.7269e-010	2.75487e-010	2.75376e-010	2.73553e-010	2.72461e-010	2.73481e-010	2.7637e-010	2.79357e-010	2.81645e-010	2.82991e-010	2.82867e-010	2.81965e-010	2.81161e-010	2.82233e-010	2.84691e-010	2.88024e-010	2.91181e-010	2.93646e-010	2.95332e-010	2.9477e-010	2.91489e-010	2.8409e-010	2.70104e-010	2.45986e-010	2.0866e-010	1.58483e-010	1.0532e-010	6.46996e-011	4.43926e-011	3.80594e-011	3.56477e-011	3.25302e-011	3.10859e-011	2.99683e-011	3.00861e-011	3.09359e-011	3.29883e-011	3.48903e-011	3.59231e-011	3.63023e-011	3.70279e-011	3.57731e-011	3.10608e-011	2.39759e-011	1.82114e-011	1.7303e-011	2.15384e-011	2.83227e-011	3.49045e-011	3.8153e-011	3.8323e-011	3.64735e-011	3.43886e-011	3.28005e-011	3.17352e-011	3.13105e-011	3.12714e-011	3.32323e-011	3.67291e-011	4.12782e-011	4.40822e-011	4.39778e-011	4.12132e-011	3.67688e-011	3.2965e-011	3.11416e-011	3.09456e-011	3.22203e-011	3.31681e-011	3.42466e-011	3.28546e-011	2.99788e-011	2.59071e-011	2.27765e-011	2.11687e-011	2.12211e-011	2.36657e-011	2.73716e-011	3.02802e-011	3.14895e-011	3.13197e-011	3.15812e-011	3.16859e-011	3.23396e-011	3.32155e-011	3.46339e-011	3.72026e-011	3.97517e-011	4.2974e-011	4.54121e-011	4.75821e-011	4.79482e-011	4.58699e-011	4.22556e-011	3.91773e-011	3.73604e-011	3.65501e-011	3.68835e-011	3.78705e-011	3.84654e-011	3.73413e-011	3.47597e-011	3.02501e-011	2.40933e-011	1.9734e-011	2.10216e-011	2.6891e-011	3.28127e-011	3.58062e-011	3.78651e-011	4.07476e-011	4.38392e-011	4.48654e-011	4.27218e-011	3.98395e-011	3.73494e-011	3.73365e-011	3.91732e-011	4.26831e-011	4.62649e-011	4.83499e-011	4.84808e-011	4.6775e-011	4.53176e-011	4.58144e-011	4.76642e-011	4.88604e-011	4.76709e-011
2.97553e-010	2.97645e-010	3.00508e-010	3.01691e-010	3.01352e-010	2.98783e-010	2.94613e-010	2.91894e-010	2.91724e-010	2.94097e-010	2.95895e-010	2.97117e-010	2.96875e-010	2.95483e-010	2.93444e-010	2.91353e-010	2.90425e-010	2.88791e-010	2.86771e-010	2.83177e-010	2.79719e-010	2.77281e-010	2.7636e-010	2.75661e-010	2.74746e-010	2.73975e-010	2.73759e-010	2.73524e-010	2.74308e-010	2.76047e-010	2.7838e-010	2.80524e-010	2.82537e-010	2.8493e-010	2.87237e-010	2.89133e-010	2.89976e-010	2.88322e-010	2.86015e-010	2.84453e-010	2.85636e-010	2.87532e-010	2.88369e-010	2.85604e-010	2.80585e-010	2.76683e-010	2.76376e-010	2.79199e-010	2.80827e-010	2.8084e-010	2.80324e-010	2.81997e-010	2.85102e-010	2.87298e-010	2.87769e-010	2.87102e-010	2.86187e-010	2.84468e-010	2.80325e-010	2.74044e-010	2.67253e-010	2.6424e-010	2.64815e-010	2.68541e-010	2.72221e-010	2.75031e-010	2.75816e-010	2.75227e-010	2.75489e-010	2.76907e-010	2.78809e-010	2.80084e-010	2.81267e-010	2.83104e-010	2.83653e-010	2.8298e-010	2.82085e-010	2.83568e-010	2.86974e-010	2.90706e-010	2.93837e-010	2.95732e-010	2.97e-010	2.97013e-010	2.957e-010	2.91399e-010	2.81321e-010	2.62341e-010	2.30557e-010	1.85034e-010	1.30413e-010	8.34332e-011	5.54856e-011	4.5891e-011	4.33094e-011	3.92768e-011	3.53946e-011	3.22313e-011	3.16889e-011	3.27871e-011	3.41074e-011	3.43363e-011	3.2709e-011	3.0794e-011	2.96961e-011	2.75786e-011	2.30754e-011	1.68141e-011	1.22391e-011	1.20104e-011	1.61412e-011	2.31152e-011	2.99518e-011	3.43768e-011	3.57037e-011	3.55927e-011	3.44032e-011	3.21942e-011	2.93446e-011	2.72925e-011	2.65801e-011	2.84495e-011	3.25477e-011	3.80706e-011	4.19008e-011	4.29074e-011	4.12278e-011	3.73978e-011	3.28947e-011	2.84242e-011	2.49799e-011	2.39408e-011	2.61239e-011	3.08429e-011	3.41502e-011	3.41634e-011	3.13792e-011	2.75231e-011	2.34252e-011	1.94972e-011	1.85038e-011	2.10268e-011	2.46282e-011	2.72557e-011	2.86938e-011	2.98507e-011	3.05044e-011	3.13215e-011	3.36353e-011	3.67269e-011	3.99819e-011	4.22239e-011	4.45377e-011	4.64986e-011	4.81849e-011	4.78975e-011	4.5244e-011	4.08454e-011	3.7473e-011	3.51267e-011	3.4068e-011	3.36302e-011	3.46891e-011	3.70225e-011	3.87024e-011	3.81273e-011	3.40751e-011	2.73105e-011	2.27682e-011	2.335e-011	2.8605e-011	3.34613e-011	3.51803e-011	3.6017e-011	3.81478e-011	4.15009e-011	4.22657e-011	3.97691e-011	3.66385e-011	3.56386e-011	3.74557e-011	4.0129e-011	4.25081e-011	4.35801e-011	4.26129e-011	4.10836e-011	4.00184e-011	4.1378e-011	4.46329e-011	4.81821e-011	4.98031e-011	4.92019e-011
2.88486e-010	2.88578e-010	2.92289e-010	2.94825e-010	2.9672e-010	2.96465e-010	2.94492e-010	2.92864e-010	2.93368e-010	2.95976e-010	2.98845e-010	3.01198e-010	3.02035e-010	3.01649e-010	3.00499e-010	2.99166e-010	2.97833e-010	2.95571e-010	2.92375e-010	2.87526e-010	2.82761e-010	2.79448e-010	2.78957e-010	2.79748e-010	2.80422e-010	2.80566e-010	2.79997e-010	2.78167e-010	2.75566e-010	2.73808e-010	2.74174e-010	2.76488e-010	2.7924e-010	2.81272e-010	2.83044e-010	2.84978e-010	2.87168e-010	2.869e-010	2.85168e-010	2.83567e-010	2.84162e-010	2.85816e-010	2.86724e-010	2.84881e-010	2.81385e-010	2.78711e-010	2.79293e-010	2.82084e-010	2.8398e-010	2.84006e-010	2.83542e-010	2.84281e-010	2.8568e-010	2.86026e-010	2.85137e-010	2.84235e-010	2.83941e-010	2.83549e-010	2.81889e-010	2.78452e-010	2.7404e-010	2.70275e-010	2.67753e-010	2.6789e-010	2.69687e-010	2.72825e-010	2.75407e-010	2.77132e-010	2.78583e-010	2.79747e-010	2.80237e-010	2.79982e-010	2.80048e-010	2.80989e-010	2.81721e-010	2.81715e-010	2.82427e-010	2.84029e-010	2.86349e-010	2.88401e-010	2.90807e-010	2.93225e-010	2.95389e-010	2.96938e-010	2.9714e-010	2.94506e-010	2.86997e-010	2.71742e-010	2.45651e-010	2.05514e-010	1.53586e-010	1.02861e-010	6.89e-011	5.52597e-011	5.25343e-011	4.7639e-011	4.05999e-011	3.4417e-011	3.27047e-011	3.39662e-011	3.50121e-011	3.48423e-011	3.24175e-011	2.96464e-011	2.69733e-011	2.36924e-011	1.84311e-011	1.25815e-011	8.84961e-012	9.35298e-012	1.20982e-011	1.70591e-011	2.24186e-011	2.74448e-011	3.01247e-011	3.12555e-011	3.10465e-011	2.97263e-011	2.77722e-011	2.62625e-011	2.55109e-011	2.72627e-011	3.14719e-011	3.74589e-011	4.14786e-011	4.22631e-011	3.99887e-011	3.61848e-011	3.22111e-011	2.80151e-011	2.35251e-011	2.07997e-011	2.20155e-011	2.72966e-011	3.25255e-011	3.50484e-011	3.41858e-011	3.12578e-011	2.64998e-011	2.03234e-011	1.61405e-011	1.57942e-011	1.83695e-011	2.20036e-011	2.58991e-011	2.95462e-011	3.21672e-011	3.44418e-011	3.77818e-011	4.15466e-011	4.37232e-011	4.41743e-011	4.33312e-011	4.30764e-011	4.34426e-011	4.35342e-011	4.24493e-011	4.02272e-011	3.89397e-011	3.8149e-011	3.76262e-011	3.63583e-011	3.5731e-011	3.67311e-011	3.81299e-011	3.78816e-011	3.50778e-011	3.02479e-011	2.72741e-011	2.66206e-011	2.87972e-011	3.05555e-011	3.05752e-011	3.01374e-011	3.16277e-011	3.5118e-011	3.74318e-011	3.71247e-011	3.66085e-011	3.75759e-011	4.00008e-011	4.14062e-011	4.17527e-011	4.02691e-011	3.71908e-011	3.47334e-011	3.47727e-011	3.84722e-011	4.3603e-011	4.78318e-011	4.91718e-011	4.78124e-011
2.84175e-010	2.84267e-010	2.87037e-010	2.89521e-010	2.91861e-010	2.92331e-010	2.90717e-010	2.88456e-010	2.88227e-010	2.91024e-010	2.9556e-010	3.00083e-010	3.02633e-010	3.03234e-010	3.02188e-010	3.0043e-010	2.98875e-010	2.97215e-010	2.95202e-010	2.91738e-010	2.87352e-010	2.8415e-010	2.83287e-010	2.84614e-010	2.85765e-010	2.86516e-010	2.85824e-010	2.8319e-010	2.77896e-010	2.73242e-010	2.71001e-010	2.72118e-010	2.73406e-010	2.74328e-010	2.75942e-010	2.79498e-010	2.83707e-010	2.85746e-010	2.85224e-010	2.84413e-010	2.84734e-010	2.86492e-010	2.87355e-010	2.86172e-010	2.83714e-010	2.8227e-010	2.83179e-010	2.85146e-010	2.86205e-010	2.85774e-010	2.84813e-010	2.84447e-010	2.83486e-010	2.81127e-010	2.77905e-010	2.76369e-010	2.77618e-010	2.79677e-010	2.81468e-010	2.81298e-010	2.79899e-010	2.76533e-010	2.72291e-010	2.68945e-010	2.67821e-010	2.69514e-010	2.7341e-010	2.7824e-010	2.82057e-010	2.83364e-010	2.82227e-010	2.80116e-010	2.78534e-010	2.78508e-010	2.79776e-010	2.81607e-010	2.84025e-010	2.85744e-010	2.86424e-010	2.86855e-010	2.88163e-010	2.90869e-010	2.9345e-010	2.95287e-010	2.95339e-010	2.92725e-010	2.86712e-010	2.75235e-010	2.55373e-010	2.22366e-010	1.76203e-010	1.24498e-010	8.52625e-011	6.62888e-011	6.19556e-011	5.57204e-011	4.60277e-011	3.759e-011	3.50868e-011	3.50477e-011	3.43158e-011	3.33486e-011	3.13356e-011	2.93815e-011	2.65515e-011	2.33098e-011	1.92315e-011	1.548e-011	1.34997e-011	1.37678e-011	1.4611e-011	1.69967e-011	2.03759e-011	2.44479e-011	2.69186e-011	2.83435e-011	2.9141e-011	2.9664e-011	2.90105e-011	2.77361e-011	2.62591e-011	2.69781e-011	3.06645e-011	3.57169e-011	3.8717e-011	3.73772e-011	3.40571e-011	3.16519e-011	3.13645e-011	3.09593e-011	2.82144e-011	2.48158e-011	2.32996e-011	2.545e-011	2.97507e-011	3.39273e-011	3.60908e-011	3.53458e-011	3.1542e-011	2.55421e-011	2.03658e-011	1.80979e-011	1.89346e-011	2.19151e-011	2.62616e-011	3.06211e-011	3.43337e-011	3.72488e-011	4.04907e-011	4.31705e-011	4.37458e-011	4.26871e-011	4.02036e-011	3.86742e-011	3.80992e-011	3.89359e-011	4.04327e-011	4.14132e-011	4.23153e-011	4.25638e-011	4.24005e-011	4.09757e-011	3.93941e-011	3.9342e-011	3.97996e-011	3.95382e-011	3.7473e-011	3.47803e-011	3.25647e-011	3.0408e-011	2.93493e-011	2.83298e-011	2.77155e-011	2.77025e-011	3.0049e-011	3.41668e-011	3.76374e-011	3.96833e-011	4.10821e-011	4.22652e-011	4.23764e-011	4.11739e-011	3.9723e-011	3.77035e-011	3.47036e-011	3.24685e-011	3.37431e-011	3.86713e-011	4.45668e-011	4.82009e-011	4.8482e-011	4.61749e-011
2.83825e-010	2.83916e-010	2.84227e-010	2.85351e-010	2.86351e-010	2.85168e-010	2.81449e-010	2.77142e-010	2.76842e-010	2.81587e-010	2.88992e-010	2.95809e-010	2.99862e-010	3.01332e-010	3.00352e-010	2.97797e-010	2.96274e-010	2.95666e-010	2.95699e-010	2.94143e-010	2.91e-010	2.8849e-010	2.87549e-010	2.89026e-010	2.90281e-010	2.91366e-010	2.9083e-010	2.88229e-010	2.8221e-010	2.76654e-010	2.73694e-010	2.73596e-010	2.72798e-010	2.71753e-010	2.72962e-010	2.78001e-010	2.83779e-010	2.87243e-010	2.86962e-010	2.861e-010	2.85851e-010	2.86806e-010	2.86388e-010	2.83773e-010	2.81081e-010	2.80623e-010	2.83277e-010	2.86323e-010	2.8812e-010	2.88127e-010	2.87173e-010	2.85545e-010	2.82441e-010	2.78069e-010	2.74075e-010	2.72735e-010	2.74285e-010	2.75932e-010	2.77788e-010	2.78788e-010	2.79873e-010	2.78756e-010	2.75984e-010	2.72704e-010	2.70547e-010	2.7105e-010	2.74351e-010	2.79279e-010	2.82652e-010	2.82848e-010	2.80796e-010	2.77874e-010	2.75691e-010	2.74724e-010	2.76607e-010	2.80326e-010	2.84123e-010	2.8562e-010	2.84993e-010	2.84601e-010	2.85026e-010	2.86692e-010	2.88536e-010	2.90242e-010	2.90255e-010	2.87026e-010	2.81013e-010	2.71843e-010	2.577e-010	2.32687e-010	1.94027e-010	1.44171e-010	1.00701e-010	7.62825e-011	6.88577e-011	6.16814e-011	5.02502e-011	3.97862e-011	3.51328e-011	3.29826e-011	3.11984e-011	3.12769e-011	3.17084e-011	3.18457e-011	3.0153e-011	2.72316e-011	2.43101e-011	2.24867e-011	2.21992e-011	2.30163e-011	2.35589e-011	2.49577e-011	2.67813e-011	2.90363e-011	3.02521e-011	3.07097e-011	3.08928e-011	3.11021e-011	3.08277e-011	3.0318e-011	2.97625e-011	3.06319e-011	3.25471e-011	3.44818e-011	3.41224e-011	3.01291e-011	2.59004e-011	2.4711e-011	2.83124e-011	3.24301e-011	3.35087e-011	3.06656e-011	2.61167e-011	2.33652e-011	2.44372e-011	2.86399e-011	3.30649e-011	3.53721e-011	3.49343e-011	3.22351e-011	2.9379e-011	2.73203e-011	2.7242e-011	2.85493e-011	3.14644e-011	3.46671e-011	3.80071e-011	4.08111e-011	4.30334e-011	4.39747e-011	4.24388e-011	3.97331e-011	3.64717e-011	3.4949e-011	3.50994e-011	3.70995e-011	4.04068e-011	4.30605e-011	4.42959e-011	4.4296e-011	4.34399e-011	4.24792e-011	4.15512e-011	4.21788e-011	4.2924e-011	4.27672e-011	4.05843e-011	3.81465e-011	3.56499e-011	3.30618e-011	3.03756e-011	2.81992e-011	2.80425e-011	2.99511e-011	3.39381e-011	3.86441e-011	4.25331e-011	4.51018e-011	4.62065e-011	4.5651e-011	4.31152e-011	3.98146e-011	3.74226e-011	3.55469e-011	3.44816e-011	3.42399e-011	3.6874e-011	4.11551e-011	4.57435e-011	4.84625e-011	4.88025e-011	4.73124e-011
2.85814e-010	2.85905e-010	2.86807e-010	2.87774e-010	2.87859e-010	2.8448e-010	2.77565e-010	2.7016e-010	2.67892e-010	2.72664e-010	2.8103e-010	2.89716e-010	2.95952e-010	2.99573e-010	3.00082e-010	2.97782e-010	2.96044e-010	2.94482e-010	2.94089e-010	2.92835e-010	2.90665e-010	2.89717e-010	2.8975e-010	2.91515e-010	2.91731e-010	2.91535e-010	2.90541e-010	2.88528e-010	2.84398e-010	2.80522e-010	2.78365e-010	2.77509e-010	2.75196e-010	2.73405e-010	2.74091e-010	2.793e-010	2.84869e-010	2.88967e-010	2.89732e-010	2.89765e-010	2.89758e-010	2.8983e-010	2.87791e-010	2.82831e-010	2.77602e-010	2.76079e-010	2.79302e-010	2.84524e-010	2.88243e-010	2.89714e-010	2.88975e-010	2.86642e-010	2.82681e-010	2.78381e-010	2.75727e-010	2.74976e-010	2.75623e-010	2.74904e-010	2.75251e-010	2.7697e-010	2.80192e-010	2.81623e-010	2.80421e-010	2.77499e-010	2.7463e-010	2.73173e-010	2.75153e-010	2.7867e-010	2.81683e-010	2.80683e-010	2.77716e-010	2.74004e-010	2.72056e-010	2.71651e-010	2.73854e-010	2.77448e-010	2.8088e-010	2.82566e-010	2.82717e-010	2.82645e-010	2.81835e-010	2.81076e-010	2.80854e-010	2.81279e-010	2.81149e-010	2.78724e-010	2.74704e-010	2.68809e-010	2.59123e-010	2.403e-010	2.0764e-010	1.61156e-010	1.14045e-010	8.32875e-011	7.03138e-011	6.30002e-011	5.28892e-011	4.27586e-011	3.65888e-011	3.28896e-011	3.06675e-011	3.15761e-011	3.28376e-011	3.38442e-011	3.2413e-011	3.02758e-011	2.80799e-011	2.73872e-011	2.72958e-011	2.84527e-011	2.98646e-011	3.24202e-011	3.44857e-011	3.61263e-011	3.67016e-011	3.6754e-011	3.55449e-011	3.33294e-011	3.01203e-011	2.84472e-011	2.88068e-011	3.08331e-011	3.21469e-011	3.13692e-011	2.88922e-011	2.39381e-011	2.09251e-011	2.14938e-011	2.73305e-011	3.32718e-011	3.56444e-011	3.27687e-011	2.65924e-011	2.16906e-011	2.0939e-011	2.41221e-011	2.84686e-011	3.18936e-011	3.42727e-011	3.53121e-011	3.61945e-011	3.65802e-011	3.71751e-011	3.73125e-011	3.72472e-011	3.72931e-011	3.86461e-011	4.10318e-011	4.28751e-011	4.22673e-011	3.8738e-011	3.49408e-011	3.30454e-011	3.40194e-011	3.64051e-011	3.90261e-011	4.16537e-011	4.29218e-011	4.22683e-011	4.12422e-011	4.01443e-011	4.06607e-011	4.1785e-011	4.45171e-011	4.67852e-011	4.70402e-011	4.41188e-011	4.01777e-011	3.66092e-011	3.46616e-011	3.36617e-011	3.32566e-011	3.43024e-011	3.65182e-011	3.95706e-011	4.24138e-011	4.46884e-011	4.66232e-011	4.75906e-011	4.68914e-011	4.44862e-011	4.16432e-011	3.96891e-011	3.79506e-011	3.74736e-011	3.78986e-011	4.0781e-011	4.41079e-011	4.71733e-011	4.83826e-011	4.84481e-011	4.72848e-011
2.89789e-010	2.89881e-010	2.89575e-010	2.90484e-010	2.90909e-010	2.8804e-010	2.8104e-010	2.72798e-010	2.68988e-010	2.72256e-010	2.79838e-010	2.88511e-010	2.95498e-010	3.00348e-010	3.02531e-010	3.01805e-010	3.00577e-010	2.97891e-010	2.9608e-010	2.93858e-010	2.91603e-010	2.90022e-010	2.8895e-010	2.88787e-010	2.87741e-010	2.87009e-010	2.87127e-010	2.86545e-010	2.85049e-010	2.82924e-010	2.82153e-010	2.80624e-010	2.78154e-010	2.75997e-010	2.76637e-010	2.81546e-010	2.87389e-010	2.92546e-010	2.94638e-010	2.94814e-010	2.93265e-010	2.90468e-010	2.86717e-010	2.81475e-010	2.76946e-010	2.75351e-010	2.7875e-010	2.84286e-010	2.88796e-010	2.90273e-010	2.88691e-010	2.8462e-010	2.79888e-010	2.76607e-010	2.76803e-010	2.78038e-010	2.77914e-010	2.74666e-010	2.7198e-010	2.72777e-010	2.76673e-010	2.80706e-010	2.81732e-010	2.80484e-010	2.77909e-010	2.76399e-010	2.77353e-010	2.7968e-010	2.81432e-010	2.80059e-010	2.77589e-010	2.75569e-010	2.75465e-010	2.7606e-010	2.77498e-010	2.79086e-010	2.80204e-010	2.80465e-010	2.80354e-010	2.80498e-010	2.79054e-010	2.76708e-010	2.74629e-010	2.74688e-010	2.75937e-010	2.76381e-010	2.74774e-010	2.7048e-010	2.62414e-010	2.47062e-010	2.19245e-010	1.77611e-010	1.285e-010	9.01344e-011	6.77947e-011	5.77098e-011	4.8978e-011	3.99846e-011	3.3756e-011	3.08999e-011	3.1632e-011	3.49524e-011	3.74623e-011	3.79656e-011	3.6018e-011	3.34887e-011	3.15804e-011	3.09073e-011	3.10381e-011	3.23846e-011	3.45023e-011	3.696e-011	3.87182e-011	3.94961e-011	3.97838e-011	3.90061e-011	3.64441e-011	3.20325e-011	2.75293e-011	2.62811e-011	2.88171e-011	3.25492e-011	3.40853e-011	3.22096e-011	2.91574e-011	2.48177e-011	2.27393e-011	2.30924e-011	2.74258e-011	3.15239e-011	3.2877e-011	3.05045e-011	2.62759e-011	2.32956e-011	2.25833e-011	2.37599e-011	2.52894e-011	2.68973e-011	2.8904e-011	3.15054e-011	3.50283e-011	3.7865e-011	3.912e-011	3.80744e-011	3.61791e-011	3.5323e-011	3.6761e-011	3.93232e-011	4.04605e-011	3.8343e-011	3.35065e-011	2.95132e-011	2.85198e-011	3.11408e-011	3.45984e-011	3.71214e-011	3.8749e-011	3.93504e-011	3.91544e-011	3.89454e-011	3.88409e-011	4.01939e-011	4.23705e-011	4.57562e-011	4.87432e-011	4.941e-011	4.70245e-011	4.28155e-011	3.89528e-011	3.70771e-011	3.70445e-011	3.81754e-011	3.98814e-011	4.1156e-011	4.18293e-011	4.2117e-011	4.31824e-011	4.47707e-011	4.64571e-011	4.68494e-011	4.63854e-011	4.50391e-011	4.38693e-011	4.1791e-011	4.06342e-011	4.05298e-011	4.319e-011	4.59744e-011	4.77719e-011	4.66543e-011	4.50335e-011	4.32624e-011
2.90143e-010	2.90235e-010	2.89948e-010	2.92282e-010	2.94994e-010	2.94896e-010	2.90498e-010	2.83609e-010	2.78321e-010	2.784e-010	2.82688e-010	2.89622e-010	2.9608e-010	3.01355e-010	3.04557e-010	3.0527e-010	3.04035e-010	3.0059e-010	2.97316e-010	2.94545e-010	2.91937e-010	2.8995e-010	2.88539e-010	2.88114e-010	2.86924e-010	2.8546e-010	2.8465e-010	2.83997e-010	2.83598e-010	2.82559e-010	2.81847e-010	2.80213e-010	2.78814e-010	2.77925e-010	2.78729e-010	2.82448e-010	2.87547e-010	2.92978e-010	2.95782e-010	2.95638e-010	2.92828e-010	2.88443e-010	2.85064e-010	2.82201e-010	2.80698e-010	2.80247e-010	2.82633e-010	2.866e-010	2.90195e-010	2.91097e-010	2.88391e-010	2.82228e-010	2.76038e-010	2.72993e-010	2.7483e-010	2.76928e-010	2.76523e-010	2.72876e-010	2.70464e-010	2.71601e-010	2.75399e-010	2.79255e-010	2.80294e-010	2.79451e-010	2.77595e-010	2.76909e-010	2.78563e-010	2.81543e-010	2.84504e-010	2.84877e-010	2.84243e-010	2.84132e-010	2.85544e-010	2.8706e-010	2.87374e-010	2.86583e-010	2.8542e-010	2.84969e-010	2.84675e-010	2.84518e-010	2.81976e-010	2.78192e-010	2.74205e-010	2.73251e-010	2.75173e-010	2.78173e-010	2.79369e-010	2.76924e-010	2.70336e-010	2.57062e-010	2.32611e-010	1.94507e-010	1.43488e-010	9.61479e-011	6.30501e-011	4.85927e-011	4.1815e-011	3.52923e-011	3.01159e-011	2.84821e-011	3.14822e-011	3.60247e-011	3.83974e-011	3.77504e-011	3.57375e-011	3.47506e-011	3.4888e-011	3.56267e-011	3.64503e-011	3.74046e-011	3.82544e-011	3.79016e-011	3.7503e-011	3.72613e-011	3.80392e-011	3.75948e-011	3.52551e-011	3.14905e-011	2.81246e-011	2.74972e-011	2.94254e-011	3.22425e-011	3.35171e-011	3.29617e-011	3.18245e-011	2.91384e-011	2.68248e-011	2.52758e-011	2.59361e-011	2.69754e-011	2.67663e-011	2.61717e-011	2.5747e-011	2.68516e-011	2.83681e-011	2.91002e-011	2.87604e-011	2.76364e-011	2.72443e-011	2.85451e-011	3.22314e-011	3.59243e-011	3.7114e-011	3.52971e-011	3.26567e-011	3.24084e-011	3.48072e-011	3.79053e-011	3.85852e-011	3.48337e-011	2.92259e-011	2.50496e-011	2.47752e-011	2.78864e-011	3.13767e-011	3.37232e-011	3.45076e-011	3.49914e-011	3.57889e-011	3.73903e-011	3.90309e-011	4.18414e-011	4.51095e-011	4.86063e-011	5.13188e-011	5.17046e-011	4.99465e-011	4.57309e-011	4.11886e-011	3.879e-011	3.93587e-011	4.21627e-011	4.44047e-011	4.48231e-011	4.33722e-011	4.15488e-011	4.12809e-011	4.23791e-011	4.47125e-011	4.63074e-011	4.7399e-011	4.72291e-011	4.64645e-011	4.44973e-011	4.18961e-011	3.98505e-011	3.9916e-011	4.15566e-011	4.29684e-011	4.23215e-011	4.10798e-011	3.91452e-011
2.85714e-010	2.85806e-010	2.88569e-010	2.91733e-010	2.95406e-010	2.96877e-010	2.94811e-010	2.90426e-010	2.87125e-010	2.87642e-010	2.91217e-010	2.95367e-010	2.97812e-010	2.99028e-010	3.00217e-010	3.01302e-010	3.01048e-010	2.98773e-010	2.96669e-010	2.94943e-010	2.93238e-010	2.90761e-010	2.88911e-010	2.8846e-010	2.88401e-010	2.87879e-010	2.87206e-010	2.86461e-010	2.8631e-010	2.85337e-010	2.83977e-010	2.8116e-010	2.79265e-010	2.78847e-010	2.8084e-010	2.84952e-010	2.89945e-010	2.94468e-010	2.95717e-010	2.93148e-010	2.88148e-010	2.82972e-010	2.80639e-010	2.81181e-010	2.84273e-010	2.87672e-010	2.90894e-010	2.93057e-010	2.93495e-010	2.90724e-010	2.85365e-010	2.77692e-010	2.71542e-010	2.69137e-010	2.71431e-010	2.73954e-010	2.73562e-010	2.70934e-010	2.69856e-010	2.71765e-010	2.75516e-010	2.79098e-010	2.80771e-010	2.81307e-010	2.81098e-010	2.82007e-010	2.83778e-010	2.86249e-010	2.88295e-010	2.89262e-010	2.90262e-010	2.92191e-010	2.9506e-010	2.97302e-010	2.97962e-010	2.97211e-010	2.95459e-010	2.93368e-010	2.90995e-010	2.89329e-010	2.87087e-010	2.84558e-010	2.81506e-010	2.80591e-010	2.82185e-010	2.84957e-010	2.85388e-010	2.81643e-010	2.74643e-010	2.63238e-010	2.4331e-010	2.1003e-010	1.60938e-010	1.0835e-010	6.75597e-011	4.72135e-011	3.94555e-011	3.31941e-011	2.78282e-011	2.62401e-011	3.0201e-011	3.5822e-011	3.88875e-011	3.77895e-011	3.57112e-011	3.55675e-011	3.76853e-011	3.96658e-011	4.09208e-011	4.10908e-011	4.09798e-011	3.95747e-011	3.82153e-011	3.72219e-011	3.67122e-011	3.51764e-011	3.29804e-011	3.12877e-011	3.08892e-011	3.12749e-011	3.20201e-011	3.27065e-011	3.2687e-011	3.27786e-011	3.22819e-011	2.97526e-011	2.54848e-011	2.18901e-011	2.04131e-011	2.08903e-011	2.12826e-011	2.2799e-011	2.48318e-011	2.7211e-011	2.97209e-011	3.13746e-011	3.24204e-011	3.16951e-011	3.0205e-011	3.01266e-011	3.21202e-011	3.44406e-011	3.41269e-011	3.13166e-011	2.89049e-011	2.96828e-011	3.35065e-011	3.73758e-011	3.81276e-011	3.42257e-011	2.84938e-011	2.36377e-011	2.13633e-011	2.19843e-011	2.38406e-011	2.60107e-011	2.77036e-011	2.95338e-011	3.22267e-011	3.4913e-011	3.77693e-011	4.14034e-011	4.58806e-011	4.99461e-011	5.29331e-011	5.39724e-011	5.3149e-011	4.95674e-011	4.49401e-011	4.20905e-011	4.23782e-011	4.47051e-011	4.5849e-011	4.54112e-011	4.36401e-011	4.23461e-011	4.22612e-011	4.31306e-011	4.45424e-011	4.48628e-011	4.39348e-011	4.21245e-011	4.07389e-011	3.99417e-011	3.85758e-011	3.71249e-011	3.64583e-011	3.71839e-011	3.77527e-011	3.72952e-011	3.67202e-011	3.62366e-011
2.79739e-010	2.79831e-010	2.85887e-010	2.91894e-010	2.96502e-010	2.96874e-010	2.93521e-010	2.88757e-010	2.86489e-010	2.8828e-010	2.92313e-010	2.95907e-010	2.96901e-010	2.96189e-010	2.94999e-010	2.94503e-010	2.93071e-010	2.91255e-010	2.89549e-010	2.89098e-010	2.88928e-010	2.89118e-010	2.90222e-010	2.93e-010	2.95066e-010	2.95406e-010	2.93184e-010	2.91131e-010	2.89792e-010	2.89047e-010	2.87648e-010	2.85694e-010	2.84367e-010	2.84995e-010	2.86923e-010	2.89753e-010	2.91904e-010	2.93427e-010	2.92551e-010	2.89263e-010	2.85198e-010	2.81662e-010	2.80368e-010	2.81734e-010	2.85682e-010	2.90512e-010	2.93709e-010	2.95029e-010	2.94009e-010	2.90493e-010	2.85173e-010	2.78997e-010	2.74683e-010	2.72853e-010	2.73716e-010	2.74023e-010	2.72703e-010	2.71403e-010	2.73167e-010	2.7773e-010	2.82651e-010	2.85985e-010	2.8737e-010	2.87423e-010	2.86429e-010	2.85423e-010	2.85515e-010	2.86809e-010	2.88325e-010	2.89358e-010	2.90835e-010	2.93803e-010	2.97384e-010	2.99927e-010	3.00672e-010	2.99895e-010	2.98169e-010	2.95823e-010	2.93333e-010	2.91843e-010	2.90974e-010	2.90163e-010	2.88333e-010	2.86647e-010	2.86052e-010	2.86471e-010	2.85981e-010	2.8336e-010	2.79327e-010	2.71713e-010	2.56249e-010	2.26655e-010	1.80779e-010	1.26884e-010	8.14005e-011	5.50608e-011	4.38387e-011	3.74467e-011	3.19566e-011	2.95384e-011	3.11333e-011	3.41203e-011	3.53622e-011	3.33035e-011	3.1735e-011	3.30815e-011	3.74803e-011	4.11013e-011	4.21537e-011	4.09773e-011	3.9265e-011	3.75788e-011	3.62652e-011	3.54679e-011	3.48014e-011	3.40891e-011	3.38277e-011	3.45141e-011	3.50436e-011	3.36385e-011	3.01942e-011	2.71355e-011	2.56389e-011	2.71814e-011	2.87306e-011	2.77437e-011	2.36262e-011	1.88878e-011	1.57506e-011	1.51886e-011	1.59731e-011	1.84111e-011	2.17379e-011	2.5555e-011	3.01303e-011	3.38493e-011	3.68168e-011	3.73005e-011	3.59738e-011	3.43138e-011	3.29414e-011	3.10461e-011	2.83141e-011	2.61705e-011	2.62947e-011	2.84713e-011	3.20531e-011	3.53604e-011	3.68899e-011	3.48573e-011	3.10274e-011	2.63216e-011	2.24394e-011	2.07467e-011	2.15376e-011	2.33547e-011	2.48058e-011	2.55053e-011	2.72635e-011	2.97473e-011	3.3865e-011	3.96102e-011	4.61658e-011	5.15908e-011	5.48719e-011	5.57021e-011	5.36891e-011	4.88788e-011	4.38593e-011	4.19836e-011	4.37745e-011	4.60622e-011	4.60492e-011	4.42258e-011	4.22978e-011	4.12522e-011	4.1102e-011	4.14027e-011	4.2246e-011	4.20631e-011	4.0403e-011	3.82398e-011	3.75013e-011	3.83119e-011	3.84035e-011	3.74297e-011	3.55867e-011	3.4711e-011	3.44693e-011	3.56131e-011	3.71361e-011	3.83388e-011
2.8137e-010	2.81461e-010	2.8899e-010	2.94487e-010	2.9567e-010	2.91559e-010	2.84389e-010	2.78559e-010	2.77782e-010	2.82919e-010	2.90259e-010	2.96187e-010	2.97527e-010	2.95076e-010	2.90913e-010	2.87652e-010	2.8541e-010	2.84639e-010	2.84397e-010	2.8492e-010	2.86018e-010	2.88162e-010	2.91071e-010	2.94332e-010	2.96064e-010	2.9547e-010	2.92973e-010	2.90928e-010	2.90954e-010	2.91673e-010	2.92045e-010	2.89961e-010	2.86791e-010	2.84634e-010	2.8568e-010	2.89183e-010	2.927e-010	2.9438e-010	2.93327e-010	2.89922e-010	2.86504e-010	2.83119e-010	2.80962e-010	2.80635e-010	2.83367e-010	2.88354e-010	2.93008e-010	2.95858e-010	2.95675e-010	2.92211e-010	2.87512e-010	2.82832e-010	2.80165e-010	2.78081e-010	2.7761e-010	2.77218e-010	2.77565e-010	2.78839e-010	2.81852e-010	2.86336e-010	2.90062e-010	2.92291e-010	2.92833e-010	2.9267e-010	2.91781e-010	2.90507e-010	2.89657e-010	2.88625e-010	2.86873e-010	2.84409e-010	2.83141e-010	2.84945e-010	2.8839e-010	2.91632e-010	2.93488e-010	2.94285e-010	2.93893e-010	2.91894e-010	2.88992e-010	2.86404e-010	2.85691e-010	2.87064e-010	2.89391e-010	2.90959e-010	2.91267e-010	2.91143e-010	2.89973e-010	2.87215e-010	2.83535e-010	2.77581e-010	2.6598e-010	2.42666e-010	2.05706e-010	1.58046e-010	1.12327e-010	7.78111e-011	5.69746e-011	4.36676e-011	3.46677e-011	2.98247e-011	2.96026e-011	3.10929e-011	3.22564e-011	3.15833e-011	3.16422e-011	3.36096e-011	3.69692e-011	3.89693e-011	3.82047e-011	3.62506e-011	3.50938e-011	3.52704e-011	3.5094e-011	3.37869e-011	3.11792e-011	3.01597e-011	3.10683e-011	3.35978e-011	3.4062e-011	3.16438e-011	2.70491e-011	2.3827e-011	2.32977e-011	2.57749e-011	2.71084e-011	2.54157e-011	2.06053e-011	1.54421e-011	1.20369e-011	1.20436e-011	1.47822e-011	1.90961e-011	2.32138e-011	2.62596e-011	2.90244e-011	3.15017e-011	3.46782e-011	3.69921e-011	3.77569e-011	3.69988e-011	3.44238e-011	2.9718e-011	2.42083e-011	2.09274e-011	2.06268e-011	2.26596e-011	2.63068e-011	3.13003e-011	3.59279e-011	3.80521e-011	3.73071e-011	3.3804e-011	2.8327e-011	2.38761e-011	2.2007e-011	2.25169e-011	2.39157e-011	2.48373e-011	2.62361e-011	2.80794e-011	3.22494e-011	3.87331e-011	4.57855e-011	5.11516e-011	5.3655e-011	5.40211e-011	5.1812e-011	4.83154e-011	4.54855e-011	4.53026e-011	4.68778e-011	4.65381e-011	4.29957e-011	3.84207e-011	3.60613e-011	3.6898e-011	3.95582e-011	4.22642e-011	4.38917e-011	4.24997e-011	3.84345e-011	3.47025e-011	3.46242e-011	3.76635e-011	4.06179e-011	4.12846e-011	3.98795e-011	3.79385e-011	3.66837e-011	3.62524e-011	3.63636e-011	3.63637e-011
2.8896e-010	2.89052e-010	2.9198e-010	2.95627e-010	2.94412e-010	2.88745e-010	2.80889e-010	2.75066e-010	2.73517e-010	2.77713e-010	2.85105e-010	2.92798e-010	2.9719e-010	2.97419e-010	2.94472e-010	2.90759e-010	2.87406e-010	2.86132e-010	2.85367e-010	2.85655e-010	2.86413e-010	2.88459e-010	2.91021e-010	2.93113e-010	2.9378e-010	2.9212e-010	2.8876e-010	2.85584e-010	2.84205e-010	2.84277e-010	2.85591e-010	2.85872e-010	2.84892e-010	2.82997e-010	2.83428e-010	2.86905e-010	2.91363e-010	2.93657e-010	2.92539e-010	2.89533e-010	2.87304e-010	2.84814e-010	2.82658e-010	2.80311e-010	2.80266e-010	2.82377e-010	2.86266e-010	2.90201e-010	2.92331e-010	2.91684e-010	2.89783e-010	2.88266e-010	2.87894e-010	2.86744e-010	2.85404e-010	2.8396e-010	2.84195e-010	2.85881e-010	2.88378e-010	2.91594e-010	2.9364e-010	2.94947e-010	2.94601e-010	2.9381e-010	2.92052e-010	2.90163e-010	2.88307e-010	2.85843e-010	2.8251e-010	2.79484e-010	2.78229e-010	2.79922e-010	2.81824e-010	2.8302e-010	2.83047e-010	2.83609e-010	2.84432e-010	2.85171e-010	2.84825e-010	2.83701e-010	2.82681e-010	2.83845e-010	2.87453e-010	2.91557e-010	2.93734e-010	2.941e-010	2.93061e-010	2.91904e-010	2.9059e-010	2.87911e-010	2.80349e-010	2.63682e-010	2.35957e-010	1.97173e-010	1.5331e-010	1.10742e-010	7.60822e-011	5.18928e-011	3.77688e-011	3.14225e-011	2.95272e-011	2.87429e-011	2.83901e-011	2.79523e-011	2.92008e-011	3.158e-011	3.42206e-011	3.52076e-011	3.41816e-011	3.24366e-011	3.15282e-011	3.10316e-011	2.99532e-011	2.74239e-011	2.44894e-011	2.41889e-011	2.71759e-011	3.20976e-011	3.44637e-011	3.31239e-011	2.90456e-011	2.5464e-011	2.46929e-011	2.61766e-011	2.6778e-011	2.46409e-011	2.0909e-011	1.7079e-011	1.43929e-011	1.36217e-011	1.54519e-011	1.87723e-011	2.23148e-011	2.5413e-011	2.85046e-011	3.16288e-011	3.50472e-011	3.80473e-011	3.96618e-011	3.876e-011	3.42764e-011	2.68256e-011	1.92701e-011	1.54859e-011	1.60024e-011	1.95842e-011	2.47281e-011	3.10811e-011	3.68786e-011	4.07414e-011	4.15585e-011	3.92906e-011	3.41012e-011	2.92517e-011	2.73694e-011	2.80035e-011	2.91997e-011	2.88403e-011	2.79907e-011	2.82065e-011	3.14681e-011	3.82132e-011	4.56382e-011	5.12788e-011	5.39325e-011	5.373e-011	5.10765e-011	4.74622e-011	4.52336e-011	4.54559e-011	4.68024e-011	4.58025e-011	4.17307e-011	3.64956e-011	3.43519e-011	3.5816e-011	3.97442e-011	4.25809e-011	4.38555e-011	4.1104e-011	3.64636e-011	3.26467e-011	3.40586e-011	3.89476e-011	4.40849e-011	4.59674e-011	4.44054e-011	4.08434e-011	3.79154e-011	3.61181e-011	3.55562e-011	3.54909e-011
2.94863e-010	2.94955e-010	2.95071e-010	2.9411e-010	2.89182e-010	2.83326e-010	2.77646e-010	2.74692e-010	2.74176e-010	2.78261e-010	2.8615e-010	2.94908e-010	3.00856e-010	3.0247e-010	3.00484e-010	2.97026e-010	2.93608e-010	2.92216e-010	2.91732e-010	2.9253e-010	2.93275e-010	2.93994e-010	2.93622e-010	2.91321e-010	2.88014e-010	2.84119e-010	2.82139e-010	2.81211e-010	2.81734e-010	2.81714e-010	2.83021e-010	2.83603e-010	2.8329e-010	2.80433e-010	2.7959e-010	2.82087e-010	2.88113e-010	2.92146e-010	2.92793e-010	2.90323e-010	2.88617e-010	2.86362e-010	2.84362e-010	2.80885e-010	2.7818e-010	2.77722e-010	2.81213e-010	2.87206e-010	2.91912e-010	2.92716e-010	2.91527e-010	2.90677e-010	2.91141e-010	2.91043e-010	2.89965e-010	2.88762e-010	2.88514e-010	2.89586e-010	2.90743e-010	2.9256e-010	2.92985e-010	2.92685e-010	2.9011e-010	2.87992e-010	2.86744e-010	2.87692e-010	2.88777e-010	2.87908e-010	2.85189e-010	2.82274e-010	2.80607e-010	2.80418e-010	2.79411e-010	2.77862e-010	2.76209e-010	2.76954e-010	2.79575e-010	2.82235e-010	2.82869e-010	2.81203e-010	2.79059e-010	2.79399e-010	2.83961e-010	2.90511e-010	2.95661e-010	2.97916e-010	2.98001e-010	2.97393e-010	2.96093e-010	2.93492e-010	2.87786e-010	2.76538e-010	2.58825e-010	2.30799e-010	1.93858e-010	1.47414e-010	1.00983e-010	6.2761e-011	3.9807e-011	2.91927e-011	2.59379e-011	2.51929e-011	2.63564e-011	2.76703e-011	2.9056e-011	3.04482e-011	3.14876e-011	3.14223e-011	2.94682e-011	2.65075e-011	2.49455e-011	2.46842e-011	2.51157e-011	2.44426e-011	2.22727e-011	2.12532e-011	2.24167e-011	2.69332e-011	3.05672e-011	3.23255e-011	3.1659e-011	3.07963e-011	3.05285e-011	3.01625e-011	2.78947e-011	2.42935e-011	2.08034e-011	1.85944e-011	1.67579e-011	1.61371e-011	1.7294e-011	2.0353e-011	2.26537e-011	2.4327e-011	2.60722e-011	2.9373e-011	3.33208e-011	3.65758e-011	3.77131e-011	3.62557e-011	3.15173e-011	2.52167e-011	1.89293e-011	1.58117e-011	1.5472e-011	1.8178e-011	2.32042e-011	3.03088e-011	3.73024e-011	4.2211e-011	4.40607e-011	4.28321e-011	3.90806e-011	3.49565e-011	3.31331e-011	3.32574e-011	3.34209e-011	3.20811e-011	3.00682e-011	2.96173e-011	3.1905e-011	3.75456e-011	4.39966e-011	4.88595e-011	5.09445e-011	5.0193e-011	4.77618e-011	4.5239e-011	4.46835e-011	4.61085e-011	4.75138e-011	4.6174e-011	4.17232e-011	3.61808e-011	3.37365e-011	3.57235e-011	4.107e-011	4.53446e-011	4.66127e-011	4.25867e-011	3.58809e-011	3.01163e-011	2.98681e-011	3.41753e-011	4.01101e-011	4.37115e-011	4.3973e-011	4.13522e-011	3.8117e-011	3.52283e-011	3.41761e-011	3.44768e-011
2.96317e-010	2.96409e-010	2.92543e-010	2.88007e-010	2.82883e-010	2.80158e-010	2.79563e-010	2.80674e-010	2.81969e-010	2.84962e-010	2.90544e-010	2.96845e-010	3.0176e-010	3.04047e-010	3.03858e-010	3.02348e-010	2.99976e-010	2.98139e-010	2.97257e-010	2.98074e-010	2.99127e-010	2.98454e-010	2.95153e-010	2.89584e-010	2.84336e-010	2.81193e-010	2.81964e-010	2.83938e-010	2.84846e-010	2.83147e-010	2.82252e-010	2.82396e-010	2.83121e-010	2.81971e-010	2.81677e-010	2.83579e-010	2.8786e-010	2.90534e-010	2.9054e-010	2.88201e-010	2.86442e-010	2.85057e-010	2.8407e-010	2.81894e-010	2.7858e-010	2.76783e-010	2.78528e-010	2.83888e-010	2.8845e-010	2.89901e-010	2.89424e-010	2.90215e-010	2.92431e-010	2.94856e-010	2.95058e-010	2.93444e-010	2.89843e-010	2.86673e-010	2.8485e-010	2.86203e-010	2.87856e-010	2.8849e-010	2.85079e-010	2.81321e-010	2.79066e-010	2.81242e-010	2.84694e-010	2.8702e-010	2.87628e-010	2.87753e-010	2.88302e-010	2.88335e-010	2.86969e-010	2.84126e-010	2.80642e-010	2.78701e-010	2.7944e-010	2.80976e-010	2.81054e-010	2.79335e-010	2.77793e-010	2.78943e-010	2.83957e-010	2.90793e-010	2.96454e-010	2.98441e-010	2.98447e-010	2.97761e-010	2.96585e-010	2.93722e-010	2.89297e-010	2.82199e-010	2.71749e-010	2.52455e-010	2.22527e-010	1.78311e-010	1.2603e-010	7.76582e-011	4.55408e-011	3.05278e-011	2.63319e-011	2.63385e-011	2.83255e-011	2.92276e-011	2.79924e-011	2.6803e-011	2.69992e-011	2.80973e-011	2.73392e-011	2.44766e-011	2.1895e-011	2.09801e-011	2.25684e-011	2.44117e-011	2.45752e-011	2.23792e-011	2.03532e-011	2.15559e-011	2.49612e-011	2.89482e-011	3.14255e-011	3.2589e-011	3.20466e-011	2.91055e-011	2.4452e-011	2.00012e-011	1.77529e-011	1.75047e-011	1.78185e-011	1.87663e-011	2.04004e-011	2.22502e-011	2.22437e-011	2.19105e-011	2.33943e-011	2.78388e-011	3.27931e-011	3.60154e-011	3.63162e-011	3.41268e-011	2.897e-011	2.34146e-011	1.82644e-011	1.64083e-011	1.72842e-011	2.06242e-011	2.55916e-011	3.14871e-011	3.75329e-011	4.19905e-011	4.38861e-011	4.28012e-011	3.96118e-011	3.64354e-011	3.59323e-011	3.68605e-011	3.70044e-011	3.49979e-011	3.20699e-011	3.00243e-011	3.02662e-011	3.39461e-011	3.992e-011	4.54495e-011	4.89463e-011	4.91817e-011	4.75086e-011	4.49859e-011	4.38749e-011	4.42475e-011	4.49339e-011	4.40517e-011	4.13524e-011	3.76728e-011	3.62611e-011	3.74965e-011	4.14313e-011	4.43072e-011	4.46537e-011	4.03924e-011	3.40722e-011	2.86802e-011	2.76999e-011	3.01967e-011	3.50204e-011	3.93799e-011	4.14389e-011	3.9439e-011	3.48378e-011	3.09751e-011	3.09556e-011	3.48969e-011
2.95086e-010	2.95178e-010	2.91815e-010	2.86554e-010	2.82168e-010	2.81227e-010	2.83103e-010	2.8609e-010	2.88528e-010	2.91215e-010	2.95038e-010	2.99417e-010	3.02274e-010	3.03568e-010	3.02712e-010	3.00993e-010	2.98281e-010	2.96294e-010	2.96189e-010	2.98261e-010	3.00706e-010	3.00876e-010	2.97314e-010	2.90909e-010	2.84922e-010	2.82903e-010	2.85622e-010	2.89733e-010	2.91426e-010	2.89413e-010	2.86465e-010	2.84289e-010	2.83132e-010	2.81884e-010	2.8157e-010	2.83021e-010	2.85531e-010	2.86852e-010	2.86982e-010	2.85976e-010	2.85074e-010	2.84244e-010	2.83859e-010	2.83264e-010	2.808e-010	2.78591e-010	2.78434e-010	2.81911e-010	2.86068e-010	2.88761e-010	2.89591e-010	2.90794e-010	2.92742e-010	2.95494e-010	2.95938e-010	2.9403e-010	2.88605e-010	2.83644e-010	2.81207e-010	2.83501e-010	2.86488e-010	2.87122e-010	2.8258e-010	2.77233e-010	2.74711e-010	2.7792e-010	2.83312e-010	2.88064e-010	2.91005e-010	2.9275e-010	2.9392e-010	2.9362e-010	2.92463e-010	2.89999e-010	2.87287e-010	2.84653e-010	2.8428e-010	2.83699e-010	2.82555e-010	2.79869e-010	2.7834e-010	2.78895e-010	2.82935e-010	2.88941e-010	2.94817e-010	2.97216e-010	2.97327e-010	2.96118e-010	2.9451e-010	2.91073e-010	2.86975e-010	2.81543e-010	2.74903e-010	2.61498e-010	2.38394e-010	2.00185e-010	1.49825e-010	9.64989e-011	5.68259e-011	3.52117e-011	2.88197e-011	2.86172e-011	3.11206e-011	3.24409e-011	3.05391e-011	2.81928e-011	2.73824e-011	2.82583e-011	2.76898e-011	2.51148e-011	2.24351e-011	2.1749e-011	2.41412e-011	2.75792e-011	2.90368e-011	2.63507e-011	2.18018e-011	1.92398e-011	1.94425e-011	2.17956e-011	2.44296e-011	2.76193e-011	2.9005e-011	2.72796e-011	2.29137e-011	1.92537e-011	1.73519e-011	1.74631e-011	1.83455e-011	2.08031e-011	2.40189e-011	2.64177e-011	2.56204e-011	2.38036e-011	2.40586e-011	2.79541e-011	3.25163e-011	3.4719e-011	3.37125e-011	3.04381e-011	2.502e-011	1.98305e-011	1.55496e-011	1.52164e-011	1.74126e-011	2.09355e-011	2.47853e-011	2.93802e-011	3.51711e-011	3.98052e-011	4.19425e-011	4.09949e-011	3.82761e-011	3.60932e-011	3.58841e-011	3.65248e-011	3.55968e-011	3.34531e-011	3.1512e-011	3.06494e-011	3.10809e-011	3.34143e-011	3.77346e-011	4.18328e-011	4.43427e-011	4.47545e-011	4.44017e-011	4.34672e-011	4.25196e-011	4.17092e-011	4.14348e-011	4.1167e-011	4.04481e-011	3.869e-011	3.72065e-011	3.68471e-011	3.87426e-011	4.15336e-011	4.30108e-011	4.11351e-011	3.6913e-011	3.27628e-011	3.04688e-011	3.01225e-011	3.1835e-011	3.48416e-011	3.68025e-011	3.53386e-011	3.09269e-011	2.85349e-011	3.07833e-011	3.71494e-011
2.92533e-010	2.92625e-010	2.90411e-010	2.87372e-010	2.86195e-010	2.86784e-010	2.89078e-010	2.91385e-010	2.9249e-010	2.92895e-010	2.93457e-010	2.95268e-010	2.96111e-010	2.95811e-010	2.94745e-010	2.94164e-010	2.93752e-010	2.93308e-010	2.9419e-010	2.96439e-010	2.98811e-010	2.98655e-010	2.9506e-010	2.89498e-010	2.85537e-010	2.8508e-010	2.87825e-010	2.91041e-010	2.92106e-010	2.90028e-010	2.85368e-010	2.81015e-010	2.78349e-010	2.78238e-010	2.79375e-010	2.81813e-010	2.83447e-010	2.84173e-010	2.84055e-010	2.83918e-010	2.83748e-010	2.83474e-010	2.8318e-010	2.82801e-010	2.80755e-010	2.78736e-010	2.77285e-010	2.7903e-010	2.82043e-010	2.85448e-010	2.8786e-010	2.90207e-010	2.93521e-010	2.97102e-010	2.98743e-010	2.96671e-010	2.90835e-010	2.85214e-010	2.82894e-010	2.85345e-010	2.88698e-010	2.88986e-010	2.84136e-010	2.78613e-010	2.77038e-010	2.81202e-010	2.86718e-010	2.90823e-010	2.92738e-010	2.94235e-010	2.95725e-010	2.96496e-010	2.96536e-010	2.9532e-010	2.93634e-010	2.91118e-010	2.89549e-010	2.87536e-010	2.85556e-010	2.83203e-010	2.81863e-010	2.81681e-010	2.8338e-010	2.87478e-010	2.92544e-010	2.95531e-010	2.95753e-010	2.94681e-010	2.93603e-010	2.91851e-010	2.89414e-010	2.8542e-010	2.79002e-010	2.67983e-010	2.49126e-010	2.18833e-010	1.74434e-010	1.21434e-010	7.56438e-011	4.76636e-011	3.72519e-011	3.4324e-011	3.28731e-011	3.1749e-011	2.96184e-011	2.7527e-011	2.5416e-011	2.45468e-011	2.44293e-011	2.51614e-011	2.6155e-011	2.69198e-011	2.83447e-011	2.99657e-011	3.03515e-011	2.77176e-011	2.39791e-011	2.08289e-011	1.92669e-011	1.87834e-011	1.98685e-011	2.24045e-011	2.46464e-011	2.36923e-011	2.09016e-011	1.84442e-011	1.82613e-011	1.966e-011	2.22941e-011	2.58955e-011	2.96015e-011	3.07846e-011	2.88043e-011	2.60071e-011	2.62817e-011	2.99484e-011	3.47655e-011	3.67983e-011	3.54128e-011	3.03671e-011	2.37006e-011	1.75765e-011	1.35897e-011	1.40343e-011	1.77403e-011	2.24854e-011	2.63287e-011	3.00412e-011	3.4623e-011	3.78976e-011	3.8682e-011	3.72377e-011	3.54404e-011	3.52248e-011	3.59243e-011	3.66956e-011	3.55519e-011	3.42841e-011	3.30881e-011	3.2696e-011	3.25589e-011	3.39054e-011	3.6644e-011	3.94873e-011	4.0971e-011	4.16705e-011	4.24614e-011	4.30106e-011	4.17166e-011	3.97036e-011	3.84945e-011	3.92267e-011	4.0632e-011	4.09066e-011	3.9691e-011	3.78676e-011	3.78024e-011	3.95214e-011	4.14366e-011	4.15347e-011	4.03779e-011	3.90709e-011	3.75089e-011	3.54894e-011	3.3398e-011	3.26661e-011	3.14832e-011	2.89016e-011	2.4686e-011	2.40848e-011	2.84444e-011	3.65229e-011
2.91501e-010	2.91593e-010	2.92774e-010	2.92682e-010	2.93042e-010	2.93055e-010	2.93526e-010	2.935e-010	2.92284e-010	2.905e-010	2.89422e-010	2.90062e-010	2.8971e-010	2.87834e-010	2.85906e-010	2.85847e-010	2.8769e-010	2.89704e-010	2.92207e-010	2.95312e-010	2.97867e-010	2.98233e-010	2.9505e-010	2.89855e-010	2.85253e-010	2.83443e-010	2.83718e-010	2.86018e-010	2.87613e-010	2.87698e-010	2.83012e-010	2.77672e-010	2.73548e-010	2.73581e-010	2.74699e-010	2.77464e-010	2.80065e-010	2.82954e-010	2.84634e-010	2.86039e-010	2.86608e-010	2.8632e-010	2.83615e-010	2.79667e-010	2.74595e-010	2.71935e-010	2.71439e-010	2.75302e-010	2.80543e-010	2.85452e-010	2.87504e-010	2.87942e-010	2.8972e-010	2.93113e-010	2.96008e-010	2.95433e-010	2.91394e-010	2.88041e-010	2.88165e-010	2.91603e-010	2.94486e-010	2.93041e-010	2.87323e-010	2.81682e-010	2.81009e-010	2.85454e-010	2.90441e-010	2.92709e-010	2.92095e-010	2.91467e-010	2.91696e-010	2.9269e-010	2.93356e-010	2.9337e-010	2.93461e-010	2.9303e-010	2.93148e-010	2.9286e-010	2.92592e-010	2.91736e-010	2.90148e-010	2.87534e-010	2.85645e-010	2.87057e-010	2.9173e-010	2.96606e-010	2.989e-010	2.99541e-010	2.99378e-010	2.99025e-010	2.97195e-010	2.92914e-010	2.85287e-010	2.75091e-010	2.60418e-010	2.37731e-010	2.0217e-010	1.54183e-010	1.04713e-010	6.67324e-011	4.60594e-011	3.63863e-011	3.08897e-011	2.8099e-011	2.74716e-011	2.68704e-011	2.36418e-011	1.95112e-011	1.78708e-011	2.01584e-011	2.50147e-011	2.87861e-011	3.08385e-011	3.12961e-011	3.03877e-011	2.85185e-011	2.66101e-011	2.48521e-011	2.29764e-011	2.05516e-011	2.00158e-011	2.12381e-011	2.34082e-011	2.30945e-011	2.19639e-011	2.11863e-011	2.16504e-011	2.27028e-011	2.44741e-011	2.76965e-011	3.07815e-011	3.12065e-011	2.8834e-011	2.67688e-011	2.79323e-011	3.19193e-011	3.72985e-011	4.04816e-011	3.93183e-011	3.2704e-011	2.3678e-011	1.61879e-011	1.27698e-011	1.4711e-011	1.98026e-011	2.4404e-011	2.6659e-011	2.84108e-011	3.11494e-011	3.33064e-011	3.40254e-011	3.33066e-011	3.29799e-011	3.3529e-011	3.40716e-011	3.39344e-011	3.26666e-011	3.24183e-011	3.32746e-011	3.51767e-011	3.66082e-011	3.73926e-011	3.76214e-011	3.73993e-011	3.72752e-011	3.76806e-011	3.92493e-011	4.00141e-011	3.93802e-011	3.81385e-011	3.89295e-011	4.15636e-011	4.42695e-011	4.44396e-011	4.19626e-011	3.87993e-011	3.80347e-011	3.98714e-011	4.29499e-011	4.52114e-011	4.6571e-011	4.66038e-011	4.44274e-011	4.09766e-011	3.66564e-011	3.39703e-011	3.06567e-011	2.79443e-011	2.46046e-011	2.58857e-011	3.05002e-011	3.69774e-011
2.93662e-010	2.93754e-010	2.94111e-010	2.93981e-010	2.93824e-010	2.92341e-010	2.91746e-010	2.90824e-010	2.89406e-010	2.87178e-010	2.85805e-010	2.85714e-010	2.84845e-010	2.82204e-010	2.79433e-010	2.79126e-010	2.82662e-010	2.86956e-010	2.90545e-010	2.92943e-010	2.94113e-010	2.93904e-010	2.91303e-010	2.87552e-010	2.83428e-010	2.80277e-010	2.79153e-010	2.81545e-010	2.8467e-010	2.86062e-010	2.82212e-010	2.7752e-010	2.74716e-010	2.75984e-010	2.78148e-010	2.8122e-010	2.84566e-010	2.88645e-010	2.90991e-010	2.91965e-010	2.91593e-010	2.9005e-010	2.85318e-010	2.78462e-010	2.7158e-010	2.69554e-010	2.71953e-010	2.78371e-010	2.84345e-010	2.88071e-010	2.88313e-010	2.87241e-010	2.8864e-010	2.92705e-010	2.97385e-010	2.98143e-010	2.95575e-010	2.92666e-010	2.92706e-010	2.94804e-010	2.96131e-010	2.93837e-010	2.88065e-010	2.83262e-010	2.8287e-010	2.86772e-010	2.90327e-010	2.90517e-010	2.8787e-010	2.85779e-010	2.85615e-010	2.87361e-010	2.89321e-010	2.90616e-010	2.91367e-010	2.91714e-010	2.92694e-010	2.94381e-010	2.95577e-010	2.96035e-010	2.94192e-010	2.90865e-010	2.88179e-010	2.89349e-010	2.9414e-010	2.99401e-010	3.0265e-010	3.04369e-010	3.05317e-010	3.05519e-010	3.03885e-010	2.99807e-010	2.92905e-010	2.84382e-010	2.72709e-010	2.54958e-010	2.25978e-010	1.83991e-010	1.34089e-010	8.76516e-011	5.4959e-011	3.59984e-011	2.60378e-011	2.18549e-011	2.18027e-011	2.24106e-011	2.00382e-011	1.62932e-011	1.54959e-011	1.90973e-011	2.53131e-011	2.99341e-011	3.1431e-011	3.03069e-011	2.78429e-011	2.61502e-011	2.61177e-011	2.72746e-011	2.79937e-011	2.73075e-011	2.65429e-011	2.60136e-011	2.55497e-011	2.34256e-011	2.10597e-011	2.01186e-011	2.14717e-011	2.40861e-011	2.73869e-011	3.11974e-011	3.36158e-011	3.27467e-011	2.98775e-011	2.81456e-011	2.95313e-011	3.34464e-011	3.98452e-011	4.58061e-011	4.64467e-011	3.96298e-011	2.85777e-011	1.97347e-011	1.67805e-011	1.93493e-011	2.45193e-011	2.75847e-011	2.79312e-011	2.76699e-011	2.83432e-011	2.89446e-011	2.89709e-011	2.83305e-011	2.83306e-011	2.90496e-011	3.01347e-011	3.14616e-011	3.27231e-011	3.48539e-011	3.69259e-011	3.82202e-011	3.79588e-011	3.64295e-011	3.48087e-011	3.44493e-011	3.57436e-011	3.80639e-011	4.00836e-011	4.03975e-011	3.88943e-011	3.7267e-011	3.80841e-011	4.08162e-011	4.35222e-011	4.3666e-011	4.1372e-011	3.83722e-011	3.78167e-011	3.94573e-011	4.23398e-011	4.42811e-011	4.55753e-011	4.57453e-011	4.40461e-011	4.17194e-011	3.90528e-011	3.73928e-011	3.46936e-011	3.19159e-011	2.855e-011	2.80011e-011	2.9877e-011	3.32431e-011
2.9854e-010	2.98632e-010	2.98705e-010	2.98215e-010	2.95758e-010	2.91836e-010	2.89131e-010	2.87386e-010	2.86614e-010	2.85588e-010	2.85981e-010	2.86824e-010	2.86549e-010	2.83798e-010	2.79746e-010	2.77321e-010	2.78315e-010	2.81576e-010	2.85184e-010	2.88779e-010	2.91132e-010	2.91394e-010	2.88407e-010	2.84283e-010	2.80087e-010	2.77446e-010	2.76675e-010	2.79303e-010	2.82447e-010	2.84466e-010	2.831e-010	2.81774e-010	2.81597e-010	2.83146e-010	2.84839e-010	2.87114e-010	2.90251e-010	2.93585e-010	2.95245e-010	2.95448e-010	2.94539e-010	2.92441e-010	2.87265e-010	2.80121e-010	2.73115e-010	2.71102e-010	2.74102e-010	2.81442e-010	2.88115e-010	2.91926e-010	2.91246e-010	2.88946e-010	2.88684e-010	2.91894e-010	2.96397e-010	2.98168e-010	2.97005e-010	2.94789e-010	2.93554e-010	2.9362e-010	2.92398e-010	2.8962e-010	2.84908e-010	2.82202e-010	2.82202e-010	2.84365e-010	2.86803e-010	2.86987e-010	2.85575e-010	2.83699e-010	2.8302e-010	2.84118e-010	2.85013e-010	2.85379e-010	2.85484e-010	2.87399e-010	2.91733e-010	2.97223e-010	3.00824e-010	3.01726e-010	2.98877e-010	2.94197e-010	2.91112e-010	2.92982e-010	2.98845e-010	3.0542e-010	3.09446e-010	3.1159e-010	3.11466e-010	3.09577e-010	3.05342e-010	2.99865e-010	2.94375e-010	2.88623e-010	2.80414e-010	2.6595e-010	2.42062e-010	2.06467e-010	1.59428e-010	1.08173e-010	6.50953e-011	3.76771e-011	2.50172e-011	2.11545e-011	2.2037e-011	2.30175e-011	2.17758e-011	1.91223e-011	1.89851e-011	2.20114e-011	2.61618e-011	2.85083e-011	2.85084e-011	2.69595e-011	2.52341e-011	2.44956e-011	2.53454e-011	2.71494e-011	2.82737e-011	2.78947e-011	2.75811e-011	2.73917e-011	2.64506e-011	2.31435e-011	1.89476e-011	1.73464e-011	1.86537e-011	2.19871e-011	2.57127e-011	2.96343e-011	3.2471e-011	3.29025e-011	3.19876e-011	3.1321e-011	3.17787e-011	3.40729e-011	3.89815e-011	4.4877e-011	4.58771e-011	4.05242e-011	3.08054e-011	2.36291e-011	2.20998e-011	2.54986e-011	3.03026e-011	3.19628e-011	3.03943e-011	2.71983e-011	2.49174e-011	2.40351e-011	2.45973e-011	2.46367e-011	2.43949e-011	2.3833e-011	2.47938e-011	2.7356e-011	3.11339e-011	3.49706e-011	3.79511e-011	3.9278e-011	3.94872e-011	3.82128e-011	3.72848e-011	3.7017e-011	3.86968e-011	4.08276e-011	4.26512e-011	4.23442e-011	4.05534e-011	3.83575e-011	3.86909e-011	4.05668e-011	4.20375e-011	4.07435e-011	3.77044e-011	3.48548e-011	3.45739e-011	3.65021e-011	3.97505e-011	4.24042e-011	4.33455e-011	4.22737e-011	3.92281e-011	3.7457e-011	3.74571e-011	3.94572e-011	4.00847e-011	3.87711e-011	3.57059e-011	3.32942e-011	3.25035e-011	3.30395e-011
2.9952e-010	2.99611e-010	2.99358e-010	2.98332e-010	2.95378e-010	2.91306e-010	2.88267e-010	2.86254e-010	2.85365e-010	2.84163e-010	2.84182e-010	2.84444e-010	2.84241e-010	2.82157e-010	2.79124e-010	2.77457e-010	2.78771e-010	2.82399e-010	2.85948e-010	2.88504e-010	2.89033e-010	2.8738e-010	2.83354e-010	2.79576e-010	2.77759e-010	2.78406e-010	2.80589e-010	2.83282e-010	2.85132e-010	2.84851e-010	2.84354e-010	2.85472e-010	2.89061e-010	2.92276e-010	2.94512e-010	2.96022e-010	2.97832e-010	2.98479e-010	2.9729e-010	2.94257e-010	2.92271e-010	2.90774e-010	2.89839e-010	2.86951e-010	2.83604e-010	2.8133e-010	2.81801e-010	2.84977e-010	2.87722e-010	2.88834e-010	2.8735e-010	2.86546e-010	2.89069e-010	2.94161e-010	2.99311e-010	3.00579e-010	2.99259e-010	2.9571e-010	2.91717e-010	2.88841e-010	2.8626e-010	2.85024e-010	2.836e-010	2.84116e-010	2.85031e-010	2.85711e-010	2.86306e-010	2.86143e-010	2.85568e-010	2.84182e-010	2.83574e-010	2.83921e-010	2.83705e-010	2.823e-010	2.81464e-010	2.84248e-010	2.90693e-010	2.98196e-010	3.02961e-010	3.04353e-010	3.02052e-010	2.9849e-010	2.96615e-010	2.98759e-010	3.03367e-010	3.0804e-010	3.10099e-010	3.10811e-010	3.09648e-010	3.0706e-010	3.02014e-010	2.9691e-010	2.93093e-010	2.89707e-010	2.82734e-010	2.69708e-010	2.48976e-010	2.20068e-010	1.80133e-010	1.3246e-010	8.46434e-011	5.00031e-011	3.16503e-011	2.64152e-011	2.6193e-011	2.63565e-011	2.59906e-011	2.55528e-011	2.73765e-011	3.0272e-011	3.18865e-011	3.02003e-011	2.6488e-011	2.2658e-011	2.06581e-011	2.11419e-011	2.40244e-011	2.76323e-011	2.92533e-011	2.81946e-011	2.66195e-011	2.58353e-011	2.45871e-011	2.05545e-011	1.46527e-011	1.15286e-011	1.31954e-011	1.88425e-011	2.50779e-011	2.93917e-011	3.10585e-011	3.09998e-011	3.11175e-011	3.1464e-011	3.15556e-011	3.25884e-011	3.60133e-011	4.06278e-011	4.20201e-011	3.8713e-011	3.22752e-011	2.77459e-011	2.77133e-011	3.17723e-011	3.60861e-011	3.71711e-011	3.43804e-011	2.97335e-011	2.56748e-011	2.36357e-011	2.28972e-011	2.20084e-011	2.09628e-011	2.07014e-011	2.25643e-011	2.69239e-011	3.18324e-011	3.58325e-011	3.68588e-011	3.69046e-011	3.64472e-011	3.70682e-011	3.84017e-011	4.07939e-011	4.32319e-011	4.53301e-011	4.54348e-011	4.38009e-011	4.01801e-011	3.65658e-011	3.44679e-011	3.49843e-011	3.66315e-011	3.7429e-011	3.6233e-011	3.4122e-011	3.29849e-011	3.29261e-011	3.41092e-011	3.44688e-011	3.37042e-011	3.18547e-011	3.10901e-011	3.30444e-011	3.69269e-011	4.03975e-011	4.21427e-011	4.08422e-011	3.83456e-011	3.43326e-011	3.2385e-011	3.24832e-011
2.96214e-010	2.96305e-010	2.9746e-010	2.97108e-010	2.94114e-010	2.8984e-010	2.85409e-010	2.82226e-010	2.80487e-010	2.79938e-010	2.81017e-010	2.81808e-010	2.80952e-010	2.77847e-010	2.75507e-010	2.76259e-010	2.80253e-010	2.85586e-010	2.89626e-010	2.92318e-010	2.92423e-010	2.89574e-010	2.83744e-010	2.78175e-010	2.76358e-010	2.77679e-010	2.79914e-010	2.80777e-010	2.81483e-010	2.81221e-010	2.82117e-010	2.83921e-010	2.87104e-010	2.89307e-010	2.90595e-010	2.91248e-010	2.92444e-010	2.9236e-010	2.91915e-010	2.90222e-010	2.89915e-010	2.89451e-010	2.89785e-010	2.88844e-010	2.87582e-010	2.85831e-010	2.85047e-010	2.86459e-010	2.87799e-010	2.8772e-010	2.85394e-010	2.8406e-010	2.864e-010	2.90878e-010	2.95191e-010	2.96825e-010	2.96505e-010	2.94708e-010	2.90983e-010	2.88153e-010	2.85264e-010	2.84872e-010	2.85127e-010	2.86911e-010	2.8867e-010	2.89879e-010	2.91526e-010	2.92872e-010	2.92938e-010	2.91056e-010	2.88566e-010	2.86415e-010	2.84187e-010	2.81978e-010	2.81958e-010	2.86455e-010	2.94383e-010	3.02468e-010	3.0705e-010	3.08194e-010	3.06312e-010	3.03652e-010	3.01881e-010	3.02874e-010	3.05757e-010	3.09508e-010	3.11129e-010	3.10652e-010	3.07299e-010	3.02953e-010	2.97966e-010	2.94274e-010	2.91803e-010	2.88633e-010	2.81934e-010	2.70934e-010	2.54882e-010	2.33222e-010	2.00771e-010	1.59445e-010	1.10903e-010	7.05499e-011	4.50207e-011	3.58509e-011	3.40863e-011	3.30341e-011	3.21257e-011	3.14591e-011	3.2505e-011	3.37012e-011	3.33418e-011	2.98779e-011	2.56035e-011	2.22245e-011	2.18651e-011	2.37476e-011	2.69633e-011	2.87216e-011	2.73034e-011	2.36761e-011	2.1637e-011	2.18332e-011	2.16437e-011	1.79053e-011	1.25198e-011	9.31075e-012	1.01932e-011	1.39841e-011	1.83045e-011	2.08667e-011	2.22067e-011	2.38473e-011	2.68016e-011	2.87102e-011	2.87103e-011	2.83771e-011	3.01027e-011	3.29917e-011	3.4946e-011	3.492e-011	3.37959e-011	3.37503e-011	3.53451e-011	3.86786e-011	4.07309e-011	4.03977e-011	3.64632e-011	3.11757e-011	2.7666e-011	2.69537e-011	2.77316e-011	2.66729e-011	2.52024e-011	2.4281e-011	2.56601e-011	2.8987e-011	3.23531e-011	3.47192e-011	3.4935e-011	3.59874e-011	3.78241e-011	4.10922e-011	4.39877e-011	4.63669e-011	4.73801e-011	4.76612e-011	4.62692e-011	4.35242e-011	3.97531e-011	3.65571e-011	3.43611e-011	3.38318e-011	3.4577e-011	3.52895e-011	3.46883e-011	3.32113e-011	3.20676e-011	3.16625e-011	3.21855e-011	3.24274e-011	3.1506e-011	2.95192e-011	2.88461e-011	3.07416e-011	3.42776e-011	3.72124e-011	3.94739e-011	3.97093e-011	3.90297e-011	3.55592e-011	3.30822e-011	3.23568e-011
2.90378e-010	2.9047e-010	2.89192e-010	2.88147e-010	2.87068e-010	2.85572e-010	2.83376e-010	2.81572e-010	2.80559e-010	2.80219e-010	2.79723e-010	2.7737e-010	2.73481e-010	2.69769e-010	2.70318e-010	2.75834e-010	2.8458e-010	2.9273e-010	2.97495e-010	2.99109e-010	2.976e-010	2.93822e-010	2.88306e-010	2.83031e-010	2.80927e-010	2.80443e-010	2.80659e-010	2.79718e-010	2.79535e-010	2.78581e-010	2.78699e-010	2.79509e-010	2.8183e-010	2.83987e-010	2.85451e-010	2.86294e-010	2.87091e-010	2.86967e-010	2.87556e-010	2.87588e-010	2.88928e-010	2.89987e-010	2.91778e-010	2.92327e-010	2.92288e-010	2.9106e-010	2.90223e-010	2.90204e-010	2.90014e-010	2.88766e-010	2.86439e-010	2.85113e-010	2.86472e-010	2.89159e-010	2.91989e-010	2.93427e-010	2.93741e-010	2.93002e-010	2.91172e-010	2.90133e-010	2.89381e-010	2.90087e-010	2.91323e-010	2.92558e-010	2.93513e-010	2.94317e-010	2.95578e-010	2.95885e-010	2.94663e-010	2.92722e-010	2.91742e-010	2.90794e-010	2.90062e-010	2.88566e-010	2.89089e-010	2.91638e-010	2.96775e-010	3.01965e-010	3.05449e-010	3.06847e-010	3.06593e-010	3.0573e-010	3.0458e-010	3.0358e-010	3.03757e-010	3.04874e-010	3.05574e-010	3.04528e-010	3.0126e-010	2.97986e-010	2.95352e-010	2.94659e-010	2.93587e-010	2.89712e-010	2.82202e-010	2.72549e-010	2.61411e-010	2.47843e-010	2.24013e-010	1.90059e-010	1.42275e-010	9.61184e-011	6.11644e-011	4.43018e-011	3.81712e-011	3.55569e-011	3.49492e-011	3.62172e-011	3.81977e-011	3.87469e-011	3.67535e-011	3.23549e-011	2.78845e-011	2.50806e-011	2.51265e-011	2.7388e-011	3.05842e-011	3.18457e-011	3.01988e-011	2.70094e-011	2.49833e-011	2.41861e-011	2.2428e-011	1.85523e-011	1.44086e-011	1.21734e-011	1.25984e-011	1.452e-011	1.61345e-011	1.55333e-011	1.42262e-011	1.48407e-011	1.80238e-011	2.05207e-011	2.07495e-011	2.06843e-011	2.30438e-011	2.76256e-011	3.25146e-011	3.62402e-011	3.82272e-011	3.94234e-011	4.00444e-011	4.10249e-011	4.08747e-011	3.945e-011	3.61037e-011	3.30646e-011	3.21758e-011	3.31105e-011	3.31695e-011	3.07317e-011	2.80194e-011	2.73789e-011	2.89607e-011	3.13268e-011	3.1791e-011	3.09088e-011	2.9471e-011	3.03207e-011	3.21509e-011	3.54909e-011	3.89877e-011	4.3308e-011	4.60467e-011	4.7269e-011	4.56744e-011	4.24261e-011	3.81256e-011	3.44002e-011	3.12042e-011	2.96226e-011	3.05443e-011	3.30411e-011	3.50805e-011	3.51525e-011	3.38062e-011	3.17148e-011	3.03489e-011	2.89176e-011	2.80811e-011	2.70877e-011	2.79833e-011	3.0369e-011	3.39508e-011	3.65326e-011	3.90425e-011	3.96047e-011	3.92192e-011	3.60493e-011	3.36769e-011	3.27162e-011
2.87191e-010	2.87283e-010	2.85732e-010	2.83674e-010	2.82517e-010	2.82125e-010	2.81569e-010	2.81445e-010	2.81106e-010	2.80955e-010	2.79387e-010	2.74858e-010	2.68675e-010	2.64518e-010	2.66074e-010	2.72832e-010	2.81767e-010	2.90584e-010	2.9678e-010	3.00603e-010	3.01094e-010	2.98819e-010	2.94381e-010	2.88931e-010	2.84741e-010	2.80532e-010	2.7782e-010	2.76284e-010	2.77637e-010	2.78703e-010	2.79173e-010	2.78775e-010	2.78736e-010	2.79226e-010	2.79657e-010	2.79697e-010	2.80461e-010	2.81965e-010	2.85991e-010	2.90155e-010	2.93468e-010	2.94697e-010	2.94586e-010	2.93959e-010	2.93142e-010	2.92587e-010	2.93018e-010	2.94619e-010	2.96267e-010	2.96554e-010	2.95064e-010	2.92718e-010	2.90542e-010	2.89411e-010	2.893e-010	2.90699e-010	2.91986e-010	2.9383e-010	2.94987e-010	2.96196e-010	2.95111e-010	2.93418e-010	2.92052e-010	2.9217e-010	2.9387e-010	2.96582e-010	2.99347e-010	2.99935e-010	2.98661e-010	2.97086e-010	2.96674e-010	2.96367e-010	2.96164e-010	2.9542e-010	2.95596e-010	2.95831e-010	2.97649e-010	2.99936e-010	3.01786e-010	3.02309e-010	3.01701e-010	3.0076e-010	2.99545e-010	2.98486e-010	2.99303e-010	3.01251e-010	3.03323e-010	3.03022e-010	2.99826e-010	2.95964e-010	2.93134e-010	2.92389e-010	2.91683e-010	2.88278e-010	2.82716e-010	2.75043e-010	2.66978e-010	2.57069e-010	2.38625e-010	2.09684e-010	1.64384e-010	1.14377e-010	7.19722e-011	4.77959e-011	3.83516e-011	3.52406e-011	3.51754e-011	3.74827e-011	3.92867e-011	3.88816e-011	3.57313e-011	3.20583e-011	2.96727e-011	2.94376e-011	3.08298e-011	3.26208e-011	3.37385e-011	3.28301e-011	3.04315e-011	2.79415e-011	2.69873e-011	2.66083e-011	2.52947e-011	2.2419e-011	1.98701e-011	1.80598e-011	1.75435e-011	1.69554e-011	1.5779e-011	1.26092e-011	1.03152e-011	1.10604e-011	1.51651e-011	1.77077e-011	1.76228e-011	1.67863e-011	1.88191e-011	2.39695e-011	3.05905e-011	3.71461e-011	4.17214e-011	4.40221e-011	4.38131e-011	4.20943e-011	3.94865e-011	3.67611e-011	3.45652e-011	3.38594e-011	3.51928e-011	3.6938e-011	3.60885e-011	3.21343e-011	2.83828e-011	2.78078e-011	2.92327e-011	2.96772e-011	2.72983e-011	2.42788e-011	2.37625e-011	2.63509e-011	2.99131e-011	3.30962e-011	3.61943e-011	4.02009e-011	4.32076e-011	4.47567e-011	4.39855e-011	4.18419e-011	3.87309e-011	3.57898e-011	3.31232e-011	3.07443e-011	2.95222e-011	3.00125e-011	3.19864e-011	3.37643e-011	3.38886e-011	3.27057e-011	3.10718e-011	2.98497e-011	2.93596e-011	2.86734e-011	2.79023e-011	2.79416e-011	3.04581e-011	3.48503e-011	3.97393e-011	4.21904e-011	4.18898e-011	3.85304e-011	3.49293e-011	3.16418e-011
2.86528e-010	2.86619e-010	2.84688e-010	2.83257e-010	2.83499e-010	2.85035e-010	2.86198e-010	2.86198e-010	2.8412e-010	2.80689e-010	2.75689e-010	2.69343e-010	2.64604e-010	2.64277e-010	2.68879e-010	2.75735e-010	2.82219e-010	2.8884e-010	2.94664e-010	2.99448e-010	3.015e-010	3.015e-010	2.9969e-010	2.96148e-010	2.91265e-010	2.85527e-010	2.82011e-010	2.81233e-010	2.82769e-010	2.83724e-010	2.8358e-010	2.83096e-010	2.82338e-010	2.81809e-010	2.80959e-010	2.80188e-010	2.80744e-010	2.83169e-010	2.87992e-010	2.92796e-010	2.96378e-010	2.98522e-010	2.99293e-010	2.98797e-010	2.96143e-010	2.933e-010	2.90921e-010	2.91379e-010	2.93647e-010	2.96869e-010	2.98824e-010	2.98621e-010	2.96817e-010	2.94667e-010	2.93216e-010	2.93073e-010	2.93674e-010	2.95576e-010	2.98217e-010	3.00746e-010	3.00472e-010	2.97851e-010	2.9459e-010	2.9291e-010	2.93832e-010	2.96034e-010	2.98218e-010	2.98394e-010	2.97911e-010	2.97917e-010	2.99198e-010	3.00362e-010	3.00565e-010	2.99277e-010	2.97741e-010	2.95663e-010	2.95578e-010	2.96663e-010	2.98526e-010	2.9914e-010	2.99069e-010	2.98441e-010	2.97696e-010	2.96611e-010	2.9767e-010	2.99507e-010	3.01507e-010	3.01756e-010	3.00514e-010	2.98514e-010	2.95645e-010	2.92665e-010	2.89985e-010	2.86913e-010	2.83587e-010	2.78011e-010	2.71195e-010	2.61463e-010	2.44038e-010	2.17254e-010	1.75895e-010	1.27777e-010	8.14638e-011	5.09019e-011	3.64641e-011	3.29021e-011	3.34186e-011	3.61311e-011	3.77913e-011	3.65562e-011	3.24974e-011	2.86283e-011	2.74715e-011	2.91514e-011	3.16482e-011	3.35829e-011	3.4119e-011	3.35635e-011	3.24198e-011	3.12892e-011	3.05639e-011	2.93613e-011	2.76425e-011	2.47145e-011	2.15904e-011	1.85579e-011	1.70939e-011	1.65123e-011	1.53164e-011	1.27609e-011	1.08395e-011	1.22121e-011	1.60946e-011	1.91339e-011	1.97614e-011	1.99707e-011	2.22061e-011	2.72519e-011	3.30036e-011	3.84808e-011	4.17816e-011	4.31085e-011	4.20236e-011	3.93963e-011	3.56448e-011	3.26972e-011	3.19718e-011	3.30503e-011	3.41289e-011	3.2678e-011	2.79722e-011	2.26978e-011	2.06064e-011	2.3417e-011	2.68681e-011	2.7012e-011	2.30382e-011	1.83325e-011	1.67313e-011	1.83784e-011	2.21432e-011	2.66074e-011	3.17578e-011	3.71892e-011	4.08495e-011	4.23332e-011	4.12614e-011	3.86799e-011	3.49283e-011	3.24448e-011	3.15429e-011	3.18698e-011	3.1968e-011	3.25498e-011	3.4563e-011	3.67918e-011	3.73671e-011	3.52365e-011	3.15895e-011	2.8119e-011	2.64133e-011	2.5982e-011	2.58775e-011	2.64724e-011	2.94856e-011	3.51589e-011	4.10936e-011	4.42113e-011	4.35644e-011	4.03096e-011	3.65777e-011	3.22772e-011
2.87946e-010	2.88038e-010	2.8793e-010	2.86609e-010	2.85995e-010	2.86812e-010	2.8761e-010	2.8646e-010	2.82512e-010	2.77022e-010	2.71473e-010	2.6697e-010	2.66035e-010	2.68807e-010	2.73676e-010	2.77879e-010	2.81362e-010	2.86166e-010	2.91474e-010	2.96088e-010	2.98173e-010	2.9884e-010	2.98546e-010	2.96886e-010	2.93461e-010	2.89474e-010	2.87906e-010	2.89252e-010	2.92141e-010	2.93756e-010	2.93044e-010	2.90965e-010	2.87743e-010	2.85214e-010	2.83181e-010	2.82874e-010	2.84972e-010	2.88718e-010	2.92796e-010	2.94848e-010	2.95437e-010	2.95463e-010	2.95391e-010	2.94986e-010	2.92829e-010	2.9028e-010	2.8747e-010	2.88072e-010	2.91425e-010	2.96287e-010	2.9985e-010	3.00889e-010	3.00889e-010	3.00138e-010	2.99268e-010	2.97929e-010	2.97308e-010	2.9853e-010	3.01203e-010	3.03125e-010	3.01968e-010	2.98125e-010	2.93949e-010	2.92119e-010	2.93838e-010	2.96302e-010	2.97662e-010	2.96943e-010	2.95675e-010	2.94858e-010	2.95139e-010	2.96316e-010	2.97577e-010	2.98251e-010	2.97976e-010	2.96859e-010	2.95774e-010	2.95611e-010	2.95813e-010	2.95245e-010	2.94879e-010	2.95395e-010	2.97186e-010	2.99049e-010	3.01369e-010	3.02964e-010	3.03023e-010	3.01723e-010	3.00148e-010	2.98893e-010	2.96527e-010	2.92998e-010	2.90207e-010	2.88887e-010	2.8788e-010	2.83737e-010	2.76103e-010	2.64194e-010	2.47057e-010	2.24182e-010	1.91345e-010	1.50248e-010	1.02555e-010	6.43591e-011	4.14181e-011	3.42091e-011	3.31242e-011	3.36341e-011	3.38434e-011	3.20527e-011	2.88175e-011	2.60986e-011	2.61184e-011	2.79354e-011	2.94061e-011	2.94062e-011	2.82822e-011	2.79751e-011	2.87137e-011	2.99818e-011	3.08447e-011	3.06618e-011	2.97338e-011	2.6211e-011	2.05314e-011	1.35119e-011	9.81921e-012	9.80625e-012	1.17018e-011	1.36038e-011	1.54732e-011	1.87413e-011	2.21401e-011	2.42774e-011	2.51076e-011	2.54606e-011	2.7696e-011	3.16177e-011	3.65001e-011	4.07747e-011	4.32912e-011	4.352e-011	4.10626e-011	3.67752e-011	3.12393e-011	2.71022e-011	2.61284e-011	2.75011e-011	2.82463e-011	2.48608e-011	1.86779e-011	1.3495e-011	1.35474e-011	1.85867e-011	2.3528e-011	2.48418e-011	2.2306e-011	1.86394e-011	1.6633e-011	1.71821e-011	2.0692e-011	2.58032e-011	3.12085e-011	3.5921e-011	3.87055e-011	3.97317e-011	3.83462e-011	3.51829e-011	3.1366e-011	3.00263e-011	3.10329e-011	3.28108e-011	3.23468e-011	3.14646e-011	3.26934e-011	3.63471e-011	3.94191e-011	3.86545e-011	3.38769e-011	2.82561e-011	2.45895e-011	2.36615e-011	2.42695e-011	2.59232e-011	2.99233e-011	3.62175e-011	4.25901e-011	4.61392e-011	4.5453e-011	4.13682e-011	3.58193e-011	2.88063e-011
2.87672e-010	2.87763e-010	2.88717e-010	2.89632e-010	2.90515e-010	2.91038e-010	2.90142e-010	2.86424e-010	2.80228e-010	2.73633e-010	2.69489e-010	2.69548e-010	2.74038e-010	2.80071e-010	2.85026e-010	2.87235e-010	2.88222e-010	2.89385e-010	2.90876e-010	2.92059e-010	2.92948e-010	2.94458e-010	2.96124e-010	2.96739e-010	2.95693e-010	2.94517e-010	2.94484e-010	2.95975e-010	2.97439e-010	2.984e-010	2.97942e-010	2.9638e-010	2.92498e-010	2.8842e-010	2.85028e-010	2.84995e-010	2.87675e-010	2.9161e-010	2.94342e-010	2.94701e-010	2.94394e-010	2.93852e-010	2.93244e-010	2.91944e-010	2.89519e-010	2.86865e-010	2.84545e-010	2.8548e-010	2.89911e-010	2.95709e-010	3.00944e-010	3.03415e-010	3.04905e-010	3.04494e-010	3.03108e-010	3.00304e-010	2.99219e-010	3.00246e-010	3.03416e-010	3.05651e-010	3.06011e-010	3.03945e-010	3.00233e-010	2.96652e-010	2.95057e-010	2.94495e-010	2.94083e-010	2.9258e-010	2.9043e-010	2.88803e-010	2.89312e-010	2.91777e-010	2.94385e-010	2.95097e-010	2.94522e-010	2.93424e-010	2.92751e-010	2.9281e-010	2.93353e-010	2.93568e-010	2.94065e-010	2.95333e-010	2.98222e-010	3.01556e-010	3.04856e-010	3.06445e-010	3.05811e-010	3.04223e-010	3.03334e-010	3.03118e-010	3.01399e-010	2.9721e-010	2.92896e-010	2.90753e-010	2.90727e-010	2.89812e-010	2.86243e-010	2.78623e-010	2.684e-010	2.53701e-010	2.30538e-010	1.95342e-010	1.43891e-010	9.17675e-011	5.34279e-011	3.733e-011	3.39183e-011	3.26374e-011	3.17813e-011	2.96245e-011	2.66965e-011	2.34744e-011	2.29713e-011	2.35792e-011	2.41414e-011	2.3233e-011	2.20828e-011	2.30698e-011	2.54817e-011	2.85537e-011	2.98675e-011	2.99134e-011	2.86128e-011	2.4992e-011	1.88157e-011	1.12406e-011	7.22115e-012	7.5938e-012	1.07311e-011	1.44437e-011	1.74895e-011	2.09471e-011	2.33263e-011	2.51891e-011	2.66729e-011	2.84704e-011	3.10653e-011	3.38105e-011	3.66994e-011	3.89479e-011	4.04382e-011	4.03141e-011	3.82685e-011	3.48568e-011	2.95432e-011	2.47786e-011	2.18114e-011	2.08769e-011	1.92561e-011	1.49098e-011	1.0472e-011	8.81853e-012	1.22304e-011	1.85246e-011	2.43547e-011	2.71718e-011	2.61523e-011	2.21851e-011	1.79042e-011	1.59174e-011	1.81528e-011	2.34862e-011	2.96366e-011	3.37805e-011	3.49375e-011	3.41336e-011	3.23756e-011	3.01731e-011	2.81078e-011	2.84609e-011	3.03172e-011	3.25656e-011	3.19906e-011	3.03567e-011	3.02522e-011	3.33046e-011	3.74354e-011	3.78342e-011	3.39062e-011	2.83247e-011	2.5279e-011	2.57432e-011	2.81224e-011	3.08349e-011	3.37565e-011	3.77436e-011	4.18286e-011	4.45738e-011	4.42602e-011	4.11688e-011	3.64696e-011	3.01364e-011
2.84121e-010	2.84212e-010	2.85688e-010	2.86596e-010	2.87688e-010	2.88361e-010	2.87766e-010	2.851e-010	2.80629e-010	2.76263e-010	2.75041e-010	2.77754e-010	2.83329e-010	2.8814e-010	2.91172e-010	2.92231e-010	2.93101e-010	2.93192e-010	2.92794e-010	2.91297e-010	2.90153e-010	2.88957e-010	2.8867e-010	2.88775e-010	2.90422e-010	2.93219e-010	2.96618e-010	2.99494e-010	3.012e-010	3.01926e-010	3.00906e-010	2.98004e-010	2.92697e-010	2.87808e-010	2.84972e-010	2.86632e-010	2.91122e-010	2.95874e-010	2.97796e-010	2.96312e-010	2.93397e-010	2.90299e-010	2.87757e-010	2.86221e-010	2.8581e-010	2.86025e-010	2.87398e-010	2.90483e-010	2.95607e-010	3.00176e-010	3.03594e-010	3.05032e-010	3.06124e-010	3.06255e-010	3.05726e-010	3.03968e-010	3.03216e-010	3.03517e-010	3.05001e-010	3.05556e-010	3.05236e-010	3.03968e-010	3.01949e-010	2.99746e-010	2.98138e-010	2.96903e-010	2.95086e-010	2.91256e-010	2.86002e-010	2.81433e-010	2.81204e-010	2.84701e-010	2.89773e-010	2.9195e-010	2.91492e-010	2.89336e-010	2.87427e-010	2.86989e-010	2.8714e-010	2.87781e-010	2.89101e-010	2.92062e-010	2.9716e-010	3.02781e-010	3.07474e-010	3.09663e-010	3.08905e-010	3.07036e-010	3.04821e-010	3.03337e-010	3.01344e-010	2.98089e-010	2.94579e-010	2.92749e-010	2.93723e-010	2.95651e-010	2.97279e-010	2.9824e-010	3.0007e-010	2.97959e-010	2.84737e-010	2.53803e-010	1.9713e-010	1.27457e-010	6.8823e-011	3.80062e-011	3.00587e-011	2.72745e-011	2.65621e-011	2.58564e-011	2.44905e-011	2.17128e-011	2.03011e-011	1.96084e-011	1.89876e-011	1.70923e-011	1.56088e-011	1.73997e-011	2.15697e-011	2.65437e-011	2.90078e-011	2.96942e-011	2.87466e-011	2.58382e-011	2.03612e-011	1.34071e-011	9.28956e-012	9.89751e-012	1.36885e-011	1.78193e-011	1.95971e-011	1.99175e-011	1.92444e-011	1.9251e-011	2.05845e-011	2.29637e-011	2.60879e-011	2.90684e-011	3.23104e-011	3.56634e-011	3.84478e-011	3.91342e-011	3.75395e-011	3.41344e-011	2.90365e-011	2.32131e-011	1.88276e-011	1.67689e-011	1.61088e-011	1.50044e-011	1.45274e-011	1.54359e-011	1.86191e-011	2.25342e-011	2.65147e-011	2.88416e-011	2.83907e-011	2.41882e-011	1.92471e-011	1.55348e-011	1.58094e-011	1.88291e-011	2.32606e-011	2.60581e-011	2.67052e-011	2.69406e-011	2.80911e-011	3.0052e-011	3.14638e-011	3.26077e-011	3.20523e-011	3.05622e-011	2.78107e-011	2.62029e-011	2.7288e-011	3.18044e-011	3.70333e-011	3.89811e-011	3.64583e-011	3.22885e-011	2.90337e-011	2.88573e-011	3.13084e-011	3.55765e-011	4.01387e-011	4.38969e-011	4.65833e-011	4.71978e-011	4.53155e-011	4.06229e-011	3.47014e-011	2.87277e-011
2.78523e-010	2.78614e-010	2.82024e-010	2.856e-010	2.87966e-010	2.88129e-010	2.86221e-010	2.82652e-010	2.77848e-010	2.74391e-010	2.75352e-010	2.80783e-010	2.87744e-010	2.92921e-010	2.95686e-010	2.96346e-010	2.953e-010	2.92268e-010	2.88993e-010	2.86693e-010	2.85961e-010	2.84935e-010	2.83602e-010	2.83412e-010	2.85778e-010	2.89517e-010	2.92445e-010	2.94138e-010	2.95458e-010	2.97177e-010	2.97733e-010	2.9621e-010	2.92308e-010	2.8872e-010	2.86649e-010	2.87773e-010	2.9074e-010	2.94544e-010	2.96564e-010	2.96459e-010	2.94244e-010	2.90728e-010	2.86643e-010	2.8361e-010	2.83029e-010	2.84212e-010	2.87604e-010	2.92107e-010	2.97892e-010	3.02349e-010	3.04748e-010	3.0499e-010	3.04918e-010	3.04742e-010	3.04572e-010	3.03428e-010	3.03187e-010	3.0371e-010	3.05069e-010	3.0588e-010	3.05782e-010	3.05501e-010	3.04449e-010	3.0305e-010	3.01031e-010	2.989e-010	2.95848e-010	2.9026e-010	2.83188e-010	2.7743e-010	2.77567e-010	2.82031e-010	2.8794e-010	2.89947e-010	2.88914e-010	2.86653e-010	2.85816e-010	2.8728e-010	2.89052e-010	2.91019e-010	2.92686e-010	2.9532e-010	2.99497e-010	3.04222e-010	3.08732e-010	3.11588e-010	3.12373e-010	3.11824e-010	3.09249e-010	3.05903e-010	3.01752e-010	2.97125e-010	2.92615e-010	2.8991e-010	2.91616e-010	2.97335e-010	3.06302e-010	3.17884e-010	3.31655e-010	3.38655e-010	3.2925e-010	2.97329e-010	2.34852e-010	1.52284e-010	7.86238e-011	3.6722e-011	2.55e-011	2.2768e-011	2.27812e-011	2.26441e-011	2.11932e-011	1.77031e-011	1.61019e-011	1.5553e-011	1.56185e-011	1.4233e-011	1.35272e-011	1.54685e-011	1.96058e-011	2.40569e-011	2.64687e-011	2.7142e-011	2.7201e-011	2.63645e-011	2.43254e-011	2.0515e-011	1.74367e-011	1.66656e-011	1.80774e-011	1.94109e-011	1.80188e-011	1.49405e-011	1.23589e-011	1.29865e-011	1.61827e-011	2.06076e-011	2.39018e-011	2.63006e-011	2.83791e-011	3.14315e-011	3.42617e-011	3.58369e-011	3.56867e-011	3.42554e-011	3.04451e-011	2.48635e-011	1.86153e-011	1.46154e-011	1.36939e-011	1.61842e-011	2.06026e-011	2.48903e-011	2.82956e-011	3.03937e-011	3.19886e-011	3.17534e-011	2.89169e-011	2.32112e-011	1.75381e-011	1.3682e-011	1.3388e-011	1.58521e-011	1.95973e-011	2.17216e-011	2.23296e-011	2.32185e-011	2.61729e-011	3.04279e-011	3.41143e-011	3.64085e-011	3.61014e-011	3.46767e-011	3.27225e-011	3.1788e-011	3.24286e-011	3.49385e-011	3.82785e-011	3.96184e-011	3.88408e-011	3.64814e-011	3.42266e-011	3.35535e-011	3.55667e-011	3.97498e-011	4.39656e-011	4.62402e-011	4.70703e-011	4.56914e-011	4.26915e-011	3.75282e-011	3.27571e-011	2.92343e-011
2.74559e-010	2.74651e-010	2.77883e-010	2.81798e-010	2.83935e-010	2.84204e-010	2.82785e-010	2.80746e-010	2.77361e-010	2.74753e-010	2.75185e-010	2.79087e-010	2.8461e-010	2.89642e-010	2.93381e-010	2.9508e-010	2.94375e-010	2.91237e-010	2.87493e-010	2.85199e-010	2.83623e-010	2.81297e-010	2.78506e-010	2.78375e-010	2.82068e-010	2.86748e-010	2.90101e-010	2.91441e-010	2.92945e-010	2.94631e-010	2.94807e-010	2.92788e-010	2.89736e-010	2.8852e-010	2.8935e-010	2.91494e-010	2.93442e-010	2.94357e-010	2.93828e-010	2.92018e-010	2.89612e-010	2.86645e-010	2.8377e-010	2.82266e-010	2.8311e-010	2.85463e-010	2.88992e-010	2.9292e-010	2.97273e-010	3.00365e-010	3.01038e-010	3.00123e-010	3.00228e-010	3.01921e-010	3.04431e-010	3.04758e-010	3.03725e-010	3.02314e-010	3.00837e-010	2.99686e-010	2.97935e-010	2.9785e-010	2.99085e-010	3.01308e-010	3.02608e-010	3.01288e-010	2.97203e-010	2.89909e-010	2.82021e-010	2.76629e-010	2.77688e-010	2.83936e-010	2.91622e-010	2.9608e-010	2.97015e-010	2.96159e-010	2.95414e-010	2.95734e-010	2.95747e-010	2.95937e-010	2.97264e-010	3.00512e-010	3.05323e-010	3.09538e-010	3.12695e-010	3.14375e-010	3.14166e-010	3.1267e-010	3.09186e-010	3.05846e-010	3.02761e-010	2.99951e-010	2.97219e-010	2.95272e-010	2.96893e-010	3.02435e-010	3.12559e-010	3.26932e-010	3.42331e-010	3.50174e-010	3.40043e-010	3.08181e-010	2.45952e-010	1.62423e-010	8.46982e-011	3.67703e-011	2.07051e-011	1.65941e-011	1.74831e-011	1.9078e-011	1.915e-011	1.72024e-011	1.58038e-011	1.4634e-011	1.26929e-011	9.79761e-012	8.80425e-012	1.08893e-011	1.57325e-011	2.10921e-011	2.54647e-011	2.77394e-011	2.87917e-011	2.83474e-011	2.69946e-011	2.45241e-011	2.22758e-011	2.16877e-011	2.21976e-011	2.24526e-011	2.0054e-011	1.57078e-011	1.19301e-011	1.1538e-011	1.47408e-011	1.94467e-011	2.32834e-011	2.63162e-011	2.89045e-011	3.20746e-011	3.35256e-011	3.32774e-011	3.14474e-011	2.98005e-011	2.75457e-011	2.41275e-011	2.00165e-011	1.70493e-011	1.73631e-011	2.1043e-011	2.6396e-011	3.06183e-011	3.28341e-011	3.36708e-011	3.34356e-011	3.14945e-011	2.76973e-011	2.31091e-011	1.93642e-011	1.67434e-011	1.56324e-011	1.54298e-011	1.66849e-011	1.83843e-011	2.14955e-011	2.5842e-011	3.08682e-011	3.56592e-011	3.85743e-011	4.00319e-011	3.93588e-011	3.80256e-011	3.69146e-011	3.65487e-011	3.76468e-011	3.97188e-011	4.22745e-011	4.28563e-011	4.09871e-011	3.75689e-011	3.42488e-011	3.34711e-011	3.61836e-011	4.16151e-011	4.6759e-011	4.92035e-011	4.95827e-011	4.68116e-011	4.23345e-011	3.57399e-011	3.09034e-011	2.74526e-011
2.72108e-010	2.72199e-010	2.74973e-010	2.80346e-010	2.84019e-010	2.84986e-010	2.83006e-010	2.79608e-010	2.74392e-010	2.70092e-010	2.6883e-010	2.72379e-010	2.78974e-010	2.86085e-010	2.90974e-010	2.91961e-010	2.89772e-010	2.85942e-010	2.82099e-010	2.80269e-010	2.78838e-010	2.78413e-010	2.7874e-010	2.82106e-010	2.87041e-010	2.90688e-010	2.91838e-010	2.91518e-010	2.92244e-010	2.93852e-010	2.94826e-010	2.94721e-010	2.94702e-010	2.96166e-010	2.97754e-010	2.97571e-010	2.94709e-010	2.90545e-010	2.87702e-010	2.87068e-010	2.88323e-010	2.89219e-010	2.89415e-010	2.89023e-010	2.88879e-010	2.88742e-010	2.89324e-010	2.90939e-010	2.93671e-010	2.96507e-010	2.97919e-010	2.9839e-010	2.99436e-010	3.01076e-010	3.02619e-010	3.0105e-010	2.98312e-010	2.96057e-010	2.9475e-010	2.94639e-010	2.93352e-010	2.93711e-010	2.95149e-010	2.98058e-010	2.993e-010	2.97235e-010	2.9345e-010	2.89098e-010	2.85856e-010	2.84581e-010	2.87104e-010	2.92948e-010	2.98967e-010	3.02948e-010	3.04464e-010	3.05255e-010	3.05562e-010	3.0568e-010	3.0438e-010	3.02674e-010	3.02491e-010	3.04981e-010	3.08994e-010	3.11831e-010	3.12949e-010	3.13393e-010	3.13289e-010	3.1276e-010	3.11047e-010	3.09028e-010	3.06721e-010	3.0427e-010	3.0144e-010	2.99329e-010	3.00055e-010	3.05264e-010	3.15094e-010	3.27806e-010	3.38101e-010	3.38774e-010	3.22467e-010	2.885e-010	2.32304e-010	1.60128e-010	9.1834e-011	4.51676e-011	2.53508e-011	1.8913e-011	1.9632e-011	2.09916e-011	2.04558e-011	1.75735e-011	1.5541e-011	1.30378e-011	1.00118e-011	5.9792e-012	4.56101e-012	5.89444e-012	1.03913e-011	1.60319e-011	2.22542e-011	2.65549e-011	2.95027e-011	3.0261e-011	3.04768e-011	2.93397e-011	2.82875e-011	2.6719e-011	2.53727e-011	2.351e-011	2.10003e-011	1.81377e-011	1.59613e-011	1.64843e-011	1.93929e-011	2.26544e-011	2.48637e-011	2.65305e-011	2.86482e-011	3.09032e-011	3.11844e-011	2.92498e-011	2.6178e-011	2.48906e-011	2.47665e-011	2.4845e-011	2.22046e-011	1.85446e-011	1.63029e-011	1.80285e-011	2.31527e-011	2.85907e-011	3.28849e-011	3.50419e-011	3.45584e-011	3.05715e-011	2.47089e-011	2.02058e-011	1.86503e-011	1.94413e-011	2.00884e-011	1.99513e-011	2.01213e-011	2.1324e-011	2.43372e-011	2.8102e-011	3.19126e-011	3.50368e-011	3.71546e-011	3.88932e-011	4.01482e-011	4.06778e-011	4.02792e-011	3.88544e-011	3.78742e-011	3.82468e-011	4.01423e-011	4.08875e-011	3.96654e-011	3.73191e-011	3.66003e-011	3.81233e-011	4.11952e-011	4.40581e-011	4.47902e-011	4.41106e-011	4.33133e-011	4.23396e-011	4.05292e-011	3.73986e-011	3.52745e-011	3.31635e-011
2.73349e-010	2.7344e-010	2.75183e-010	2.78209e-010	2.81144e-010	2.82516e-010	2.81765e-010	2.79752e-010	2.75785e-010	2.71157e-010	2.68295e-010	2.69687e-010	2.75001e-010	2.80877e-010	2.84099e-010	2.83204e-010	2.80982e-010	2.79459e-010	2.791e-010	2.79374e-010	2.78727e-010	2.78616e-010	2.80361e-010	2.85276e-010	2.91231e-010	2.95721e-010	2.9795e-010	2.9863e-010	2.99068e-010	2.99199e-010	2.98624e-010	2.975e-010	2.97271e-010	2.98715e-010	3.00526e-010	3.00591e-010	2.97572e-010	2.9316e-010	2.90056e-010	2.89736e-010	2.91435e-010	2.93455e-010	2.95187e-010	2.96128e-010	2.95828e-010	2.94802e-010	2.9441e-010	2.95187e-010	2.96508e-010	2.97802e-010	2.9841e-010	2.99273e-010	3.00685e-010	3.02214e-010	3.02535e-010	2.99718e-010	2.96182e-010	2.93189e-010	2.91071e-010	2.90012e-010	2.88927e-010	2.89967e-010	2.9179e-010	2.94509e-010	2.96209e-010	2.9598e-010	2.95614e-010	2.95216e-010	2.95458e-010	2.95909e-010	2.97634e-010	3.0102e-010	3.0455e-010	3.07367e-010	3.09465e-010	3.11164e-010	3.12079e-010	3.10903e-010	3.07165e-010	3.02596e-010	3.00949e-010	3.03518e-010	3.08524e-010	3.11845e-010	3.13185e-010	3.12852e-010	3.12224e-010	3.1078e-010	3.09826e-010	3.09126e-010	3.08957e-010	3.08453e-010	3.07068e-010	3.05447e-010	3.0446e-010	3.06408e-010	3.1167e-010	3.17814e-010	3.19709e-010	3.13029e-010	2.94396e-010	2.63049e-010	2.16925e-010	1.58109e-010	1.00926e-010	5.63903e-011	3.3116e-011	2.32534e-011	2.2077e-011	2.22013e-011	2.10511e-011	1.80643e-011	1.57049e-011	1.279e-011	9.29991e-012	4.90133e-012	2.69883e-012	3.33946e-012	7.4768e-012	1.42154e-011	2.17907e-011	2.74052e-011	3.01111e-011	3.06276e-011	3.03728e-011	2.94709e-011	2.85364e-011	2.72293e-011	2.57066e-011	2.40073e-011	2.27264e-011	2.24128e-011	2.18573e-011	2.12626e-011	2.07072e-011	2.08642e-011	2.20603e-011	2.43938e-011	2.68579e-011	2.89626e-011	2.89496e-011	2.69497e-011	2.38191e-011	2.18258e-011	2.13357e-011	2.17933e-011	2.07673e-011	1.88327e-011	1.70747e-011	1.80486e-011	2.20814e-011	2.71861e-011	3.16306e-011	3.37091e-011	3.27811e-011	2.82257e-011	2.26703e-011	1.92521e-011	2.00038e-011	2.2834e-011	2.4455e-011	2.3527e-011	2.19585e-011	2.12135e-011	2.25665e-011	2.54817e-011	2.93445e-011	3.26649e-011	3.44166e-011	3.53187e-011	3.5273e-011	3.42078e-011	3.22275e-011	3.07374e-011	3.11558e-011	3.45546e-011	3.90253e-011	4.20515e-011	4.16987e-011	4.01563e-011	3.98753e-011	4.11042e-011	4.21827e-011	4.20194e-011	4.05947e-011	3.95033e-011	3.93335e-011	3.96669e-011	3.96278e-011	3.91704e-011	3.88176e-011	3.77392e-011
2.77513e-010	2.77605e-010	2.75743e-010	2.77011e-010	2.79259e-010	2.80312e-010	2.80181e-010	2.78933e-010	2.76796e-010	2.73005e-010	2.70182e-010	2.70744e-010	2.75371e-010	2.80358e-010	2.82234e-010	2.79659e-010	2.76509e-010	2.75006e-010	2.75908e-010	2.77333e-010	2.78509e-010	2.80385e-010	2.84738e-010	2.913e-010	2.97908e-010	3.02464e-010	3.04497e-010	3.04654e-010	3.03902e-010	3.02595e-010	3.00857e-010	2.98922e-010	2.98569e-010	3.00256e-010	3.02498e-010	3.02812e-010	3.00093e-010	2.9655e-010	2.94367e-010	2.94511e-010	2.95825e-010	2.97851e-010	3.00165e-010	3.01316e-010	2.99616e-010	2.96747e-010	2.95355e-010	2.96623e-010	2.98702e-010	3.00898e-010	3.02454e-010	3.04532e-010	3.0597e-010	3.05879e-010	3.02898e-010	2.97807e-010	2.9401e-010	2.92291e-010	2.92422e-010	2.93533e-010	2.94618e-010	2.95768e-010	2.95448e-010	2.95037e-010	2.94886e-010	2.95815e-010	2.97821e-010	2.99874e-010	3.019e-010	3.03547e-010	3.0507e-010	3.06136e-010	3.06136e-010	3.05665e-010	3.05704e-010	3.07071e-010	3.08809e-010	3.09332e-010	3.0709e-010	3.03934e-010	3.02418e-010	3.04352e-010	3.07313e-010	3.08052e-010	3.06549e-010	3.04666e-010	3.03778e-010	3.03457e-010	3.04654e-010	3.06608e-010	3.08654e-010	3.09406e-010	3.08027e-010	3.05556e-010	3.01857e-010	3.0053e-010	3.01759e-010	3.04047e-010	3.02531e-010	2.9423e-010	2.77309e-010	2.50557e-010	2.12806e-010	1.62577e-010	1.10584e-010	6.69764e-011	4.21465e-011	3.10355e-011	2.75128e-011	2.47024e-011	2.10686e-011	1.60229e-011	1.25982e-011	1.00689e-011	9.16052e-012	7.9907e-012	7.83394e-012	9.00397e-012	1.2893e-011	1.88081e-011	2.45533e-011	2.74749e-011	2.72986e-011	2.66777e-011	2.68151e-011	2.74819e-011	2.76258e-011	2.67893e-011	2.5358e-011	2.33058e-011	2.11752e-011	2.02734e-011	1.97245e-011	1.9986e-011	1.98423e-011	2.0666e-011	2.22935e-011	2.47577e-011	2.59996e-011	2.64899e-011	2.62024e-011	2.56208e-011	2.45621e-011	2.33138e-011	2.2242e-011	2.16539e-011	2.03142e-011	1.90332e-011	1.81444e-011	1.92164e-011	2.2661e-011	2.68964e-011	3.13017e-011	3.33671e-011	3.30012e-011	2.86027e-011	2.35636e-011	1.96356e-011	2.03546e-011	2.2943e-011	2.51587e-011	2.45379e-011	2.25577e-011	2.0061e-011	1.91134e-011	2.00547e-011	2.35123e-011	2.66889e-011	2.88916e-011	2.95584e-011	2.9284e-011	2.72318e-011	2.44737e-011	2.32843e-011	2.57615e-011	3.18204e-011	3.85591e-011	4.34807e-011	4.52913e-011	4.5677e-011	4.55856e-011	4.42066e-011	4.14747e-011	3.75533e-011	3.48475e-011	3.33836e-011	3.38608e-011	3.50374e-011	3.68871e-011	3.90245e-011	4.08546e-011	4.20378e-011
2.78251e-010	2.78343e-010	2.78172e-010	2.78198e-010	2.77604e-010	2.76427e-010	2.75891e-010	2.76852e-010	2.78722e-010	2.78669e-010	2.77911e-010	2.77892e-010	2.80251e-010	2.82487e-010	2.82101e-010	2.78899e-010	2.76004e-010	2.755e-010	2.76925e-010	2.78723e-010	2.80527e-010	2.83089e-010	2.87246e-010	2.92952e-010	2.98762e-010	3.03514e-010	3.05991e-010	3.06063e-010	3.03763e-010	3.00207e-010	2.96508e-010	2.94188e-010	2.94325e-010	2.97051e-010	3.00692e-010	3.03326e-010	3.03881e-010	3.03385e-010	3.0194e-010	2.99967e-010	2.97973e-010	2.97882e-010	2.99385e-010	2.99974e-010	2.97516e-010	2.95039e-010	2.95118e-010	2.98105e-010	3.01314e-010	3.037e-010	3.04674e-010	3.05334e-010	3.05158e-010	3.03713e-010	3.00576e-010	2.97406e-010	2.97158e-010	2.98491e-010	3.00492e-010	3.01635e-010	3.01962e-010	3.00649e-010	2.97002e-010	2.9374e-010	2.93754e-010	2.97819e-010	3.03041e-010	3.06055e-010	3.06924e-010	3.06839e-010	3.06963e-010	3.06401e-010	3.05022e-010	3.03081e-010	3.02532e-010	3.04271e-010	3.07533e-010	3.10082e-010	3.09794e-010	3.07598e-010	3.05873e-010	3.06148e-010	3.06952e-010	3.05252e-010	3.01331e-010	2.9705e-010	2.94776e-010	2.94135e-010	2.96148e-010	2.99737e-010	3.04109e-010	3.0675e-010	3.06822e-010	3.04338e-010	2.99528e-010	2.95424e-010	2.93829e-010	2.9445e-010	2.93809e-010	2.88999e-010	2.78012e-010	2.57045e-010	2.23483e-010	1.7466e-010	1.20562e-010	7.50527e-011	4.85169e-011	3.68504e-011	3.07786e-011	2.46807e-011	1.90991e-011	1.35175e-011	1.01451e-011	8.41973e-012	9.15839e-012	1.04199e-011	1.19364e-011	1.42829e-011	1.84072e-011	2.39824e-011	2.80544e-011	2.92179e-011	2.72834e-011	2.56429e-011	2.50744e-011	2.56824e-011	2.62772e-011	2.63754e-011	2.58199e-011	2.34214e-011	1.933e-011	1.51994e-011	1.2925e-011	1.38597e-011	1.58794e-011	1.88991e-011	2.18208e-011	2.48732e-011	2.60432e-011	2.58276e-011	2.53375e-011	2.57233e-011	2.68933e-011	2.72463e-011	2.62268e-011	2.43642e-011	2.26323e-011	2.21945e-011	2.2724e-011	2.47437e-011	2.79922e-011	3.11753e-011	3.37048e-011	3.40644e-011	3.30971e-011	2.97182e-011	2.60843e-011	2.34504e-011	2.41629e-011	2.6516e-011	2.82416e-011	2.77907e-011	2.54771e-011	2.22942e-011	1.98433e-011	1.91702e-011	2.13599e-011	2.4556e-011	2.75561e-011	2.90987e-011	2.83145e-011	2.53408e-011	2.10925e-011	1.99031e-011	2.31319e-011	3.08575e-011	3.88837e-011	4.51714e-011	4.8178e-011	4.91193e-011	4.77861e-011	4.37731e-011	3.78909e-011	3.20479e-011	2.92898e-011	2.8852e-011	3.06364e-011	3.24731e-011	3.47478e-011	3.64407e-011	3.74473e-011	3.80291e-011
2.78924e-010	2.79016e-010	2.80334e-010	2.80255e-010	2.78654e-010	2.76863e-010	2.7602e-010	2.77432e-010	2.80511e-010	2.82687e-010	2.83269e-010	2.83151e-010	2.83916e-010	2.84897e-010	2.84054e-010	2.81982e-010	2.80858e-010	2.81597e-010	2.82472e-010	2.82316e-010	2.82231e-010	2.83747e-010	2.87251e-010	2.92591e-010	2.98382e-010	3.03342e-010	3.05251e-010	3.04035e-010	2.99428e-010	2.93742e-010	2.89121e-010	2.87846e-010	2.89644e-010	2.93481e-010	2.97977e-010	3.01912e-010	3.04612e-010	3.05076e-010	3.03331e-010	2.9954e-010	2.97154e-010	2.97494e-010	2.99841e-010	2.99403e-010	2.95782e-010	2.92318e-010	2.92351e-010	2.94678e-010	2.97266e-010	2.99273e-010	3.00992e-010	3.02299e-010	3.02437e-010	3.00796e-010	2.9896e-010	2.98731e-010	3.01816e-010	3.05261e-010	3.08026e-010	3.08947e-010	3.07523e-010	3.03137e-010	2.96784e-010	2.92386e-010	2.9317e-010	2.98693e-010	3.0502e-010	3.08523e-010	3.08916e-010	3.08014e-010	3.07177e-010	3.0619e-010	3.04053e-010	3.00988e-010	2.9906e-010	3.0055e-010	3.04916e-010	3.09413e-010	3.11368e-010	3.10348e-010	3.08597e-010	3.07767e-010	3.06976e-010	3.03558e-010	2.96806e-010	2.89545e-010	2.85408e-010	2.858e-010	2.90852e-010	2.97656e-010	3.03866e-010	3.06408e-010	3.0533e-010	3.0197e-010	2.97448e-010	2.93559e-010	2.91886e-010	2.92919e-010	2.94723e-010	2.93631e-010	2.86455e-010	2.68932e-010	2.37403e-010	1.89821e-010	1.33358e-010	8.57174e-011	5.66523e-011	4.43975e-011	3.67114e-011	2.89729e-011	2.18293e-011	1.50712e-011	1.05877e-011	8.78387e-012	1.02415e-011	1.30455e-011	1.56142e-011	1.90392e-011	2.27974e-011	2.69217e-011	2.84708e-011	2.8301e-011	2.60266e-011	2.42032e-011	2.30203e-011	2.39093e-011	2.61446e-011	2.82036e-011	2.86743e-011	2.60796e-011	1.9766e-011	1.20864e-011	6.91004e-012	7.64871e-012	1.16227e-011	1.67012e-011	2.11065e-011	2.4538e-011	2.59302e-011	2.49826e-011	2.35056e-011	2.33227e-011	2.45254e-011	2.60026e-011	2.60681e-011	2.57153e-011	2.58396e-011	2.68658e-011	2.80358e-011	2.89575e-011	3.06766e-011	3.22061e-011	3.37029e-011	3.34154e-011	3.22391e-011	2.9213e-011	2.60301e-011	2.40564e-011	2.49977e-011	2.76579e-011	2.98018e-011	3.04686e-011	2.93379e-011	2.72596e-011	2.48937e-011	2.3554e-011	2.42599e-011	2.60117e-011	2.81882e-011	2.92341e-011	2.84826e-011	2.60513e-011	2.24436e-011	2.11365e-011	2.3581e-011	3.05419e-011	3.88165e-011	4.54571e-011	4.90128e-011	4.98952e-011	4.83463e-011	4.4183e-011	3.81897e-011	3.19284e-011	2.78566e-011	2.6458e-011	2.853e-011	3.17523e-011	3.48374e-011	3.44453e-011	3.16807e-011	2.8341e-011
2.8261e-010	2.82702e-010	2.82552e-010	2.82591e-010	2.80683e-010	2.78507e-010	2.76461e-010	2.7618e-010	2.7752e-010	2.79978e-010	2.81501e-010	2.81873e-010	2.81455e-010	2.80357e-010	2.78553e-010	2.78187e-010	2.80743e-010	2.8509e-010	2.87377e-010	2.86312e-010	2.84142e-010	2.83665e-010	2.85881e-010	2.90672e-010	2.96064e-010	3.0094e-010	3.02117e-010	2.99966e-010	2.94561e-010	2.88659e-010	2.85052e-010	2.85084e-010	2.8747e-010	2.89928e-010	2.92399e-010	2.95719e-010	2.99497e-010	3.01732e-010	3.01347e-010	2.98876e-010	2.97817e-010	2.99059e-010	3.01393e-010	3.00256e-010	2.96661e-010	2.94262e-010	2.95086e-010	2.96733e-010	2.9672e-010	2.95871e-010	2.95766e-010	2.96753e-010	2.97655e-010	2.98067e-010	2.99525e-010	3.03172e-010	3.08466e-010	3.12277e-010	3.13316e-010	3.11558e-010	3.06846e-010	3.01114e-010	2.95977e-010	2.94676e-010	2.97898e-010	3.04147e-010	3.10082e-010	3.12657e-010	3.11141e-010	3.07507e-010	3.04317e-010	3.02507e-010	3.01226e-010	2.9984e-010	2.99847e-010	3.02507e-010	3.07233e-010	3.10998e-010	3.12155e-010	3.09835e-010	3.07135e-010	3.05233e-010	3.04737e-010	3.0224e-010	2.96678e-010	2.88868e-010	2.84306e-010	2.84652e-010	2.90574e-010	2.97189e-010	3.02908e-010	3.04385e-010	3.03025e-010	3.00019e-010	2.97666e-010	2.95915e-010	2.95503e-010	2.96019e-010	2.97647e-010	2.97222e-010	2.92111e-010	2.7702e-010	2.4868e-010	2.04948e-010	1.5236e-010	1.05341e-010	7.33283e-011	5.5518e-011	4.29233e-011	3.27143e-011	2.49628e-011	1.92636e-011	1.56363e-011	1.47409e-011	1.63685e-011	1.85777e-011	1.98066e-011	2.16368e-011	2.32447e-011	2.46239e-011	2.39247e-011	2.36372e-011	2.30229e-011	2.25916e-011	2.1546e-011	2.23762e-011	2.55266e-011	2.90888e-011	3.07229e-011	2.8553e-011	2.23048e-011	1.41481e-011	8.57955e-012	8.57965e-012	1.14948e-011	1.49262e-011	1.82466e-011	2.19787e-011	2.50834e-011	2.56587e-011	2.4515e-011	2.29595e-011	2.1757e-011	2.14957e-011	2.07507e-011	2.13848e-011	2.32019e-011	2.62085e-011	2.83328e-011	2.93983e-011	3.0784e-011	3.20978e-011	3.29672e-011	3.19673e-011	2.97713e-011	2.61571e-011	2.1948e-011	1.98305e-011	2.04907e-011	2.42882e-011	2.78439e-011	3.12296e-011	3.25761e-011	3.24389e-011	3.06155e-011	2.87986e-011	2.79491e-011	2.74198e-011	2.74199e-011	2.70409e-011	2.57926e-011	2.40934e-011	2.17863e-011	2.19302e-011	2.45381e-011	3.08977e-011	3.82703e-011	4.44142e-011	4.78326e-011	4.89373e-011	4.81073e-011	4.53689e-011	4.00814e-011	3.33691e-011	2.74411e-011	2.46635e-011	2.6827e-011	3.12127e-011	3.49579e-011	3.26769e-011	2.63307e-011	1.91739e-011
2.81805e-010	2.81896e-010	2.81719e-010	2.81935e-010	2.82131e-010	2.81641e-010	2.79694e-010	2.77262e-010	2.75838e-010	2.76465e-010	2.77348e-010	2.77563e-010	2.76564e-010	2.74172e-010	2.7225e-010	2.73538e-010	2.79427e-010	2.86603e-010	2.90335e-010	2.89022e-010	2.86113e-010	2.85035e-010	2.8763e-010	2.92656e-010	2.97813e-010	3.01062e-010	3.00081e-010	2.95892e-010	2.90774e-010	2.8735e-010	2.87128e-010	2.88467e-010	2.89572e-010	2.8867e-010	2.88069e-010	2.89821e-010	2.93527e-010	2.95965e-010	2.9654e-010	2.96285e-010	2.98318e-010	3.01214e-010	3.03743e-010	3.02423e-010	2.99763e-010	2.97868e-010	2.98195e-010	2.98351e-010	2.96901e-010	2.95306e-010	2.95103e-010	2.96568e-010	2.97653e-010	2.98699e-010	3.00816e-010	3.05143e-010	3.09718e-010	3.12248e-010	3.11385e-010	3.07804e-010	3.02627e-010	2.99085e-010	2.98307e-010	3.00739e-010	3.04732e-010	3.08915e-010	3.11837e-010	3.12086e-010	3.08805e-010	3.04243e-010	3.01151e-010	3.00511e-010	3.0055e-010	3.00701e-010	3.02197e-010	3.0557e-010	3.09524e-010	3.1159e-010	3.1174e-010	3.09753e-010	3.07459e-010	3.04982e-010	3.03479e-010	3.01375e-010	2.98094e-010	2.92774e-010	2.89748e-010	2.90532e-010	2.96062e-010	3.01317e-010	3.04304e-010	3.03408e-010	3.00631e-010	2.98618e-010	2.98402e-010	2.9954e-010	3.00507e-010	3.00291e-010	3.00148e-010	2.98821e-010	2.94455e-010	2.81991e-010	2.5758e-010	2.2009e-010	1.74776e-010	1.32371e-010	9.92602e-011	7.53258e-011	5.53325e-011	4.03065e-011	3.05157e-011	2.59603e-011	2.39016e-011	2.39148e-011	2.51894e-011	2.67777e-011	2.74837e-011	2.8255e-011	2.73336e-011	2.44056e-011	1.93469e-011	1.59941e-011	1.44386e-011	1.4857e-011	1.57722e-011	1.89945e-011	2.37658e-011	2.7962e-011	2.93019e-011	2.68968e-011	2.14329e-011	1.55507e-011	1.2322e-011	1.2845e-011	1.48712e-011	1.71589e-011	2.0342e-011	2.42114e-011	2.72507e-011	2.76887e-011	2.61202e-011	2.33229e-011	1.94145e-011	1.66369e-011	1.51207e-011	1.68855e-011	1.96176e-011	2.2683e-011	2.41014e-011	2.43434e-011	2.45788e-011	2.53893e-011	2.64025e-011	2.60758e-011	2.42132e-011	2.10368e-011	1.70435e-011	1.44357e-011	1.44228e-011	1.83248e-011	2.35733e-011	2.90505e-011	3.20114e-011	3.29657e-011	3.27632e-011	3.25868e-011	3.22732e-011	2.99269e-011	2.7012e-011	2.32147e-011	2.0424e-011	1.84829e-011	1.8483e-011	2.10648e-011	2.60715e-011	3.25029e-011	3.82546e-011	4.19214e-011	4.38627e-011	4.47255e-011	4.5425e-011	4.4765e-011	4.19742e-011	3.61181e-011	3.05823e-011	2.74452e-011	2.95302e-011	3.32362e-011	3.60794e-011	3.29161e-011	2.60405e-011	1.83086e-011
2.7867e-010	2.78761e-010	2.79312e-010	2.8058e-010	2.82979e-010	2.84116e-010	2.82247e-010	2.78842e-010	2.76561e-010	2.76927e-010	2.78084e-010	2.78568e-010	2.77483e-010	2.74705e-010	2.72627e-010	2.74091e-010	2.80045e-010	2.86889e-010	2.90353e-010	2.89719e-010	2.87915e-010	2.87967e-010	2.91105e-010	2.95582e-010	2.98961e-010	2.99523e-010	2.96772e-010	2.92256e-010	2.89066e-010	2.89387e-010	2.92557e-010	2.95034e-010	2.94158e-010	2.89988e-010	2.86524e-010	2.86871e-010	2.90224e-010	2.93531e-010	2.95701e-010	2.98074e-010	3.01303e-010	3.03832e-010	3.04251e-010	3.02303e-010	3.00349e-010	3.00022e-010	3.01035e-010	3.01852e-010	3.01022e-010	3.00212e-010	2.99683e-010	3.00212e-010	2.9982e-010	3.00095e-010	3.01428e-010	3.05082e-010	3.08415e-010	3.09873e-010	3.07233e-010	3.022e-010	2.97939e-010	2.98311e-010	3.02377e-010	3.07573e-010	3.1073e-010	3.11998e-010	3.11841e-010	3.09756e-010	3.05547e-010	3.00744e-010	2.98888e-010	2.99495e-010	3.01313e-010	3.03273e-010	3.06437e-010	3.09783e-010	3.11411e-010	3.10588e-010	3.09222e-010	3.0832e-010	3.0796e-010	3.06405e-010	3.05196e-010	3.03752e-010	3.03026e-010	3.00824e-010	2.99922e-010	2.9985e-010	3.01438e-010	3.01504e-010	3.00458e-010	2.98478e-010	2.97864e-010	2.99164e-010	3.01857e-010	3.04322e-010	3.05086e-010	3.03001e-010	2.99524e-010	2.95642e-010	2.914e-010	2.82662e-010	2.64924e-010	2.36427e-010	2.01022e-010	1.64911e-010	1.30931e-010	9.93561e-011	6.90621e-011	4.61407e-011	3.34089e-011	3.07685e-011	3.14287e-011	3.1736e-011	3.14877e-011	3.14944e-011	3.18017e-011	3.16188e-011	2.94424e-011	2.4168e-011	1.74884e-011	1.2946e-011	1.18742e-011	1.38351e-011	1.6894e-011	2.08222e-011	2.43256e-011	2.63518e-011	2.61755e-011	2.35285e-011	1.98228e-011	1.71562e-011	1.764e-011	1.99865e-011	2.20846e-011	2.33396e-011	2.54051e-011	2.8379e-011	3.11177e-011	3.19936e-011	3.11832e-011	2.7935e-011	2.2543e-011	1.73535e-011	1.46804e-011	1.56805e-011	1.70924e-011	1.79683e-011	1.74586e-011	1.71973e-011	1.69621e-011	1.72433e-011	1.77989e-011	1.77533e-011	1.68972e-011	1.5211e-011	1.30477e-011	1.19629e-011	1.29368e-011	1.75644e-011	2.31658e-011	2.82573e-011	3.01202e-011	3.04928e-011	3.10093e-011	3.231e-011	3.30487e-011	3.08985e-011	2.72908e-011	2.19641e-011	1.81668e-011	1.54676e-011	1.6167e-011	2.00495e-011	2.65005e-011	3.30104e-011	3.65465e-011	3.74943e-011	3.71741e-011	3.70958e-011	3.8122e-011	3.85143e-011	3.79523e-011	3.47956e-011	3.22728e-011	3.10572e-011	3.29789e-011	3.54104e-011	3.6332e-011	3.39269e-011	2.88094e-011	2.37834e-011
2.78509e-010	2.78601e-010	2.78619e-010	2.81815e-010	2.86116e-010	2.88462e-010	2.86959e-010	2.83266e-010	2.80848e-010	2.80874e-010	2.82482e-010	2.83339e-010	2.82861e-010	2.81038e-010	2.796e-010	2.80705e-010	2.84228e-010	2.87869e-010	2.88973e-010	2.88385e-010	2.87882e-010	2.89091e-010	2.9215e-010	2.9551e-010	2.97784e-010	2.9734e-010	2.9485e-010	2.91673e-010	2.90419e-010	2.92778e-010	2.97053e-010	2.99831e-010	2.98341e-010	2.93746e-010	2.90419e-010	2.90707e-010	2.93439e-010	2.95433e-010	2.96988e-010	2.99368e-010	3.02492e-010	3.03956e-010	3.02316e-010	2.98688e-010	2.95865e-010	2.95041e-010	2.9612e-010	2.97244e-010	2.98604e-010	3.00787e-010	3.03199e-010	3.04643e-010	3.03101e-010	3.01179e-010	2.99918e-010	3.00892e-010	3.02716e-010	3.03539e-010	3.01441e-010	2.96964e-010	2.95291e-010	2.98638e-010	3.05291e-010	3.09971e-010	3.10305e-010	3.07913e-010	3.05521e-010	3.03384e-010	3.01815e-010	3.00626e-010	3.02175e-010	3.04364e-010	3.06776e-010	3.08175e-010	3.09515e-010	3.09809e-010	3.0894e-010	3.07371e-010	3.07182e-010	3.08653e-010	3.10542e-010	3.10509e-010	3.09522e-010	3.08477e-010	3.08555e-010	3.08287e-010	3.08e-010	3.07412e-010	3.0602e-010	3.02765e-010	2.98523e-010	2.95915e-010	2.96353e-010	2.99772e-010	3.03661e-010	3.06831e-010	3.07308e-010	3.04923e-010	3.00053e-010	2.94576e-010	2.88969e-010	2.82152e-010	2.70453e-010	2.52662e-010	2.28218e-010	2.0046e-010	1.68682e-010	1.33362e-010	9.51074e-011	6.30945e-011	4.34672e-011	3.69314e-011	3.55916e-011	3.36375e-011	3.1337e-011	3.02979e-011	3.12718e-011	3.17229e-011	3.01086e-011	2.52199e-011	1.92069e-011	1.46711e-011	1.3547e-011	1.53249e-011	1.9057e-011	2.33251e-011	2.65866e-011	2.72991e-011	2.57894e-011	2.26065e-011	1.95413e-011	1.82538e-011	1.94369e-011	2.12605e-011	2.29927e-011	2.48228e-011	2.79798e-011	3.09407e-011	3.29016e-011	3.29605e-011	3.20717e-011	2.91241e-011	2.45033e-011	2.01113e-011	1.84709e-011	1.93206e-011	1.86083e-011	1.59352e-011	1.25628e-011	1.10923e-011	1.05695e-011	1.05174e-011	1.06743e-011	1.09816e-011	1.19687e-011	1.34001e-011	1.50081e-011	1.5969e-011	1.75573e-011	2.08254e-011	2.44529e-011	2.73484e-011	2.79956e-011	2.90284e-011	3.06036e-011	3.25841e-011	3.28391e-011	3.08262e-011	2.77086e-011	2.34342e-011	2.07677e-011	1.89377e-011	2.01274e-011	2.38268e-011	2.93955e-011	3.46701e-011	3.61147e-011	3.51605e-011	3.32129e-011	3.22196e-011	3.29844e-011	3.28407e-011	3.29846e-011	3.20958e-011	3.30305e-011	3.3998e-011	3.50765e-011	3.51616e-011	3.37761e-011	3.21749e-011	3.02011e-011	2.89267e-011
2.78934e-010	2.79026e-010	2.80665e-010	2.84169e-010	2.87319e-010	2.8813e-010	2.85711e-010	2.82189e-010	2.80718e-010	2.8162e-010	2.83901e-010	2.85509e-010	2.85542e-010	2.84431e-010	2.83026e-010	2.83601e-010	2.85732e-010	2.88118e-010	2.89236e-010	2.89687e-010	2.90164e-010	2.90752e-010	2.91752e-010	2.92596e-010	2.92955e-010	2.92295e-010	2.91544e-010	2.91962e-010	2.93773e-010	2.97015e-010	3.00015e-010	3.00734e-010	2.98152e-010	2.94564e-010	2.93505e-010	2.9578e-010	2.99166e-010	3.01434e-010	3.02996e-010	3.04741e-010	3.05989e-010	3.0514e-010	3.01199e-010	2.95572e-010	2.90781e-010	2.89029e-010	2.90722e-010	2.93945e-010	2.97533e-010	3.01245e-010	3.04343e-010	3.05572e-010	3.03533e-010	3.00664e-010	2.9873e-010	2.98985e-010	3.0056e-010	3.01168e-010	2.98717e-010	2.94076e-010	2.92593e-010	2.96397e-010	3.0324e-010	3.06985e-010	3.06456e-010	3.03574e-010	3.01868e-010	3.00071e-010	2.99463e-010	2.99574e-010	3.02888e-010	3.06529e-010	3.09803e-010	3.11176e-010	3.10908e-010	3.08902e-010	3.06856e-010	3.05712e-010	3.06575e-010	3.08314e-010	3.1019e-010	3.10968e-010	3.11301e-010	3.11654e-010	3.12236e-010	3.12269e-010	3.11033e-010	3.08922e-010	3.05073e-010	2.99825e-010	2.94635e-010	2.92688e-010	2.95132e-010	3.00407e-010	3.0544e-010	3.08204e-010	3.07773e-010	3.04616e-010	2.99381e-010	2.93205e-010	2.87185e-010	2.82016e-010	2.7661e-010	2.70127e-010	2.59212e-010	2.41166e-010	2.13363e-010	1.75043e-010	1.29775e-010	8.75268e-011	5.77949e-011	4.35729e-011	3.77887e-011	3.39587e-011	3.10177e-011	2.93054e-011	2.92859e-011	2.84363e-011	2.69593e-011	2.39202e-011	2.10379e-011	1.89858e-011	1.89989e-011	1.99794e-011	2.18161e-011	2.39077e-011	2.57902e-011	2.63328e-011	2.56008e-011	2.40062e-011	2.21174e-011	2.11894e-011	2.11438e-011	2.07582e-011	1.96015e-011	1.97846e-011	2.2569e-011	2.67848e-011	2.98633e-011	3.09876e-011	3.05237e-011	2.86283e-011	2.55958e-011	2.28442e-011	2.11646e-011	2.02824e-011	1.74328e-011	1.34395e-011	1.00605e-011	9.72073e-012	1.07862e-011	1.17275e-011	1.1355e-011	1.06623e-011	1.07016e-011	1.25253e-011	1.55973e-011	1.86496e-011	2.14014e-011	2.40551e-011	2.55127e-011	2.60226e-011	2.58658e-011	2.73038e-011	2.9402e-011	3.09119e-011	3.03891e-011	2.88533e-011	2.75266e-011	2.65202e-011	2.60824e-011	2.51478e-011	2.50303e-011	2.6233e-011	2.83769e-011	3.09064e-011	3.18607e-011	3.22922e-011	3.18152e-011	3.10506e-011	2.992e-011	2.72927e-011	2.52535e-011	2.51818e-011	2.82015e-011	3.11362e-011	3.22017e-011	3.19926e-011	3.12803e-011	3.16333e-011	3.16727e-011	3.15551e-011
2.77678e-010	2.77769e-010	2.79439e-010	2.82367e-010	2.84073e-010	2.83492e-010	2.81335e-010	2.79302e-010	2.79714e-010	2.80917e-010	2.82701e-010	2.83545e-010	2.83296e-010	2.82094e-010	2.80859e-010	2.81872e-010	2.85081e-010	2.88513e-010	2.90781e-010	2.91068e-010	2.91095e-010	2.9014e-010	2.90226e-010	2.90624e-010	2.91794e-010	2.92572e-010	2.93383e-010	2.95141e-010	2.97403e-010	2.99462e-010	3.00011e-010	2.9803e-010	2.95619e-010	2.94697e-010	2.97122e-010	3.00338e-010	3.02586e-010	3.03194e-010	3.03855e-010	3.05012e-010	3.05567e-010	3.04129e-010	3.00306e-010	2.94561e-010	2.88385e-010	2.84496e-010	2.85189e-010	2.89627e-010	2.95607e-010	3.0132e-010	3.05862e-010	3.07947e-010	3.06771e-010	3.04105e-010	3.0166e-010	3.00216e-010	2.99856e-010	2.9917e-010	2.97112e-010	2.93824e-010	2.92687e-010	2.95151e-010	2.99641e-010	3.01589e-010	3.0072e-010	2.98655e-010	2.97929e-010	2.9723e-010	2.98211e-010	3.00877e-010	3.06087e-010	3.10682e-010	3.13571e-010	3.13937e-010	3.11858e-010	3.08211e-010	3.05983e-010	3.06362e-010	3.08996e-010	3.11408e-010	3.12264e-010	3.118e-010	3.10526e-010	3.10114e-010	3.09846e-010	3.09892e-010	3.08748e-010	3.07376e-010	3.04605e-010	3.00161e-010	2.9469e-010	2.91808e-010	2.93285e-010	2.98194e-010	3.02795e-010	3.05521e-010	3.05462e-010	3.03965e-010	3.01057e-010	2.969e-010	2.91312e-010	2.85907e-010	2.82757e-010	2.82561e-010	2.82417e-010	2.75548e-010	2.56437e-010	2.21516e-010	1.72647e-010	1.21052e-010	7.80197e-011	5.19153e-011	3.86213e-011	3.24842e-011	3.03274e-011	2.97458e-011	2.98047e-011	2.84977e-011	2.66873e-011	2.43868e-011	2.20666e-011	2.00079e-011	1.83806e-011	1.79362e-011	1.93154e-011	2.23613e-011	2.59169e-011	2.7453e-011	2.70478e-011	2.46035e-011	2.11526e-011	1.79894e-011	1.53293e-011	1.35255e-011	1.20028e-011	1.34408e-011	1.7382e-011	2.28135e-011	2.6245e-011	2.68137e-011	2.51994e-011	2.31146e-011	2.18402e-011	2.23566e-011	2.33829e-011	2.37228e-011	2.05726e-011	1.56904e-011	1.12461e-011	9.69715e-012	1.08541e-011	1.27888e-011	1.41876e-011	1.43446e-011	1.45473e-011	1.59396e-011	1.78351e-011	1.89986e-011	1.96196e-011	2.08027e-011	2.22277e-011	2.40905e-011	2.66266e-011	3.02606e-011	3.34764e-011	3.42412e-011	3.26727e-011	3.03068e-011	2.89213e-011	2.88168e-011	2.89411e-011	2.83726e-011	2.74184e-011	2.69741e-011	2.71245e-011	2.74841e-011	2.7981e-011	2.89484e-011	3.03276e-011	3.11054e-011	3.04062e-011	2.69227e-011	2.36613e-011	2.32366e-011	2.62759e-011	2.90669e-011	2.9263e-011	2.81716e-011	2.80084e-011	2.99431e-011	3.29693e-011	3.49106e-011
2.76027e-010	2.76118e-010	2.78007e-010	2.78471e-010	2.76622e-010	2.7338e-010	2.71295e-010	2.72694e-010	2.77446e-010	2.8193e-010	2.84479e-010	2.85302e-010	2.84211e-010	2.81754e-010	2.78747e-010	2.78362e-010	2.82107e-010	2.88126e-010	2.93636e-010	2.95597e-010	2.9514e-010	2.92414e-010	2.90565e-010	2.89996e-010	2.91258e-010	2.93114e-010	2.95291e-010	2.98036e-010	3.00428e-010	3.01566e-010	3.00357e-010	2.97049e-010	2.94291e-010	2.94377e-010	2.97259e-010	3.00135e-010	3.01965e-010	3.03625e-010	3.05553e-010	3.06789e-010	3.05501e-010	3.02122e-010	2.97547e-010	2.92371e-010	2.87443e-010	2.85188e-010	2.87901e-010	2.9477e-010	3.01953e-010	3.07352e-010	3.10202e-010	3.10908e-010	3.09274e-010	3.06379e-010	3.03575e-010	3.0096e-010	2.99327e-010	2.98209e-010	2.97248e-010	2.95562e-010	2.93137e-010	2.91667e-010	2.91523e-010	2.92706e-010	2.95308e-010	2.98576e-010	3.01275e-010	3.01112e-010	3.00191e-010	3.00799e-010	3.04348e-010	3.08714e-010	3.11753e-010	3.12884e-010	3.1176e-010	3.09557e-010	3.08159e-010	3.08878e-010	3.10767e-010	3.1176e-010	3.10564e-010	3.08538e-010	3.06382e-010	3.05996e-010	3.05839e-010	3.06454e-010	3.06055e-010	3.05454e-010	3.03127e-010	2.98023e-010	2.91069e-010	2.8716e-010	2.89402e-010	2.96069e-010	3.01533e-010	3.03762e-010	3.03278e-010	3.02259e-010	3.00664e-010	2.97959e-010	2.93678e-010	2.88998e-010	2.87109e-010	2.88815e-010	2.92214e-010	2.88881e-010	2.73358e-010	2.42326e-010	1.96058e-010	1.42803e-010	9.35616e-011	6.02873e-011	4.383e-011	3.80523e-011	3.71635e-011	3.55558e-011	3.24775e-011	2.85952e-011	2.60659e-011	2.52294e-011	2.44322e-011	2.30663e-011	2.04389e-011	1.8341e-011	1.84718e-011	2.07334e-011	2.37988e-011	2.4544e-011	2.32631e-011	2.01194e-011	1.65182e-011	1.37471e-011	1.15642e-011	1.04989e-011	8.76701e-012	9.66907e-012	1.27934e-011	1.85516e-011	2.29765e-011	2.42511e-011	2.31598e-011	2.14671e-011	2.12123e-011	2.21601e-011	2.30687e-011	2.28858e-011	2.02584e-011	1.66376e-011	1.3409e-011	1.22195e-011	1.35334e-011	1.60041e-011	1.87885e-011	1.9599e-011	1.90305e-011	1.8109e-011	1.73183e-011	1.68086e-011	1.65015e-011	1.82336e-011	2.12337e-011	2.53188e-011	2.92797e-011	3.26523e-011	3.50707e-011	3.54434e-011	3.48422e-011	3.36854e-011	3.29274e-011	3.20778e-011	2.98753e-011	2.6261e-011	2.25095e-011	2.03724e-011	2.04248e-011	2.14249e-011	2.31962e-011	2.56669e-011	2.88892e-011	3.1569e-011	3.15561e-011	2.84516e-011	2.49615e-011	2.46544e-011	2.75238e-011	3.06285e-011	3.11841e-011	3.06548e-011	3.10536e-011	3.36812e-011	3.66813e-011	3.78252e-011
2.76796e-010	2.76888e-010	2.78012e-010	2.77888e-010	2.7543e-010	2.7181e-010	2.7045e-010	2.72771e-010	2.78928e-010	2.83816e-010	2.86385e-010	2.86804e-010	2.8634e-010	2.85274e-010	2.83464e-010	2.83124e-010	2.85941e-010	2.90582e-010	2.94687e-010	2.94857e-010	2.92622e-010	2.88439e-010	2.86334e-010	2.86341e-010	2.89393e-010	2.93165e-010	2.96655e-010	2.98831e-010	2.99648e-010	2.99936e-010	2.99335e-010	2.98087e-010	2.97976e-010	2.99074e-010	3.00982e-010	3.01211e-010	3.01447e-010	3.02225e-010	3.0361e-010	3.03539e-010	3.0129e-010	2.97513e-010	2.93375e-010	2.8965e-010	2.87598e-010	2.88637e-010	2.9367e-010	3.00494e-010	3.06722e-010	3.10422e-010	3.12572e-010	3.13252e-010	3.12193e-010	3.0886e-010	3.03756e-010	2.97514e-010	2.93292e-010	2.92521e-010	2.94959e-010	2.96796e-010	2.9522e-010	2.91064e-010	2.87495e-010	2.8824e-010	2.93528e-010	3.00273e-010	3.04672e-010	3.05496e-010	3.04143e-010	3.03587e-010	3.04326e-010	3.06411e-010	3.07777e-010	3.09019e-010	3.09183e-010	3.08869e-010	3.08412e-010	3.09052e-010	3.10484e-010	3.11739e-010	3.11007e-010	3.08556e-010	3.0436e-010	3.01432e-010	2.99596e-010	3.00824e-010	3.02811e-010	3.05197e-010	3.04884e-010	2.9974e-010	2.92028e-010	2.86694e-010	2.88328e-010	2.93773e-010	2.98217e-010	2.99956e-010	3.0042e-010	3.01845e-010	3.02427e-010	3.00662e-010	2.95453e-010	2.8861e-010	2.84722e-010	2.84513e-010	2.86473e-010	2.82918e-010	2.68284e-010	2.40376e-010	1.97925e-010	1.47938e-010	9.90172e-011	6.41808e-011	4.66842e-011	4.14817e-011	4.13315e-011	3.97107e-011	3.56846e-011	3.13384e-011	2.86457e-011	2.85804e-011	2.76589e-011	2.55283e-011	2.09794e-011	1.79599e-011	1.80908e-011	2.17641e-011	2.54896e-011	2.60192e-011	2.31434e-011	1.84573e-011	1.366e-011	1.05752e-011	8.81711e-012	9.35316e-012	9.76503e-012	1.18043e-011	1.40201e-011	1.74647e-011	1.96151e-011	2.01315e-011	2.00401e-011	2.02298e-011	2.14717e-011	2.27398e-011	2.42039e-011	2.49361e-011	2.41519e-011	2.1969e-011	1.92174e-011	1.70019e-011	1.68843e-011	1.84792e-011	2.2061e-011	2.41591e-011	2.50154e-011	2.3545e-011	2.06627e-011	1.72707e-011	1.48917e-011	1.62382e-011	2.05651e-011	2.68724e-011	3.24607e-011	3.6317e-011	3.82321e-011	3.81015e-011	3.72912e-011	3.60364e-011	3.45594e-011	3.19516e-011	2.71674e-011	2.16774e-011	1.71807e-011	1.59913e-011	1.75143e-011	2.02268e-011	2.29589e-011	2.56388e-011	2.90375e-011	3.23448e-011	3.42796e-011	3.35869e-011	3.23909e-011	3.24629e-011	3.40839e-011	3.54435e-011	3.51233e-011	3.40712e-011	3.40386e-011	3.58491e-011	3.85028e-011	3.89931e-011
2.80965e-010	2.81057e-010	2.82394e-010	2.82512e-010	2.79714e-010	2.76146e-010	2.74283e-010	2.75819e-010	2.80564e-010	2.84532e-010	2.86382e-010	2.86303e-010	2.86369e-010	2.87016e-010	2.87147e-010	2.87866e-010	2.89912e-010	2.93493e-010	2.95925e-010	2.95056e-010	2.90644e-010	2.85063e-010	2.81527e-010	2.81278e-010	2.84854e-010	2.89841e-010	2.94664e-010	2.97325e-010	2.9788e-010	2.98325e-010	2.98887e-010	3.00547e-010	3.02377e-010	3.03815e-010	3.04168e-010	3.03293e-010	3.03241e-010	3.03842e-010	3.0428e-010	3.02326e-010	2.98653e-010	2.94522e-010	2.91241e-010	2.89712e-010	2.91366e-010	2.96274e-010	3.02895e-010	3.08261e-010	3.10732e-010	3.10366e-010	3.09869e-010	3.09935e-010	3.09608e-010	3.067e-010	3.01615e-010	2.95354e-010	2.91609e-010	2.91792e-010	2.95099e-010	2.97315e-010	2.95714e-010	2.91799e-010	2.89001e-010	2.91394e-010	2.98688e-010	3.06956e-010	3.11838e-010	3.12093e-010	3.08643e-010	3.04688e-010	3.01355e-010	2.99924e-010	2.99192e-010	3.00447e-010	3.0263e-010	3.04931e-010	3.0529e-010	3.04689e-010	3.03977e-010	3.04435e-010	3.04925e-010	3.04768e-010	3.02513e-010	3.00533e-010	2.98847e-010	3.00507e-010	3.02671e-010	3.05279e-010	3.04383e-010	2.99344e-010	2.92776e-010	2.88933e-010	2.91377e-010	2.96077e-010	2.99796e-010	3.01018e-010	3.01639e-010	3.03012e-010	3.0324e-010	3.01018e-010	2.95666e-010	2.89064e-010	2.84738e-010	2.82908e-010	2.82516e-010	2.76196e-010	2.59621e-010	2.2964e-010	1.87778e-010	1.39236e-010	9.38894e-011	6.24974e-011	4.87329e-011	4.59095e-011	4.64063e-011	4.35241e-011	3.80144e-011	3.25831e-011	3.07989e-011	3.20343e-011	3.27338e-011	3.04071e-011	2.42699e-011	1.80348e-011	1.52179e-011	1.76363e-011	2.14599e-011	2.33881e-011	2.24536e-011	2.03622e-011	1.80878e-011	1.65062e-011	1.57285e-011	1.55718e-011	1.4598e-011	1.31275e-011	1.22322e-011	1.32846e-011	1.5703e-011	1.82456e-011	2.10169e-011	2.31347e-011	2.43766e-011	2.42002e-011	2.43311e-011	2.49456e-011	2.57626e-011	2.58739e-011	2.53446e-011	2.47499e-011	2.46389e-011	2.53645e-011	2.70051e-011	2.82601e-011	2.87373e-011	2.71035e-011	2.345e-011	1.93782e-011	1.63783e-011	1.65091e-011	1.89864e-011	2.31825e-011	2.7065e-011	2.97709e-011	3.11893e-011	3.14901e-011	3.14902e-011	3.19805e-011	3.22813e-011	3.1118e-011	2.64972e-011	2.06411e-011	1.57719e-011	1.44256e-011	1.55499e-011	1.8733e-011	2.30142e-011	2.79881e-011	3.27006e-011	3.61452e-011	3.76616e-011	3.73872e-011	3.68187e-011	3.7407e-011	3.86816e-011	3.93222e-011	3.90674e-011	3.80479e-011	3.76951e-011	3.76102e-011	3.78587e-011	3.61987e-011
2.83809e-010	2.83901e-010	2.86176e-010	2.88222e-010	2.87274e-010	2.84575e-010	2.81882e-010	2.80216e-010	2.81039e-010	2.81765e-010	2.82556e-010	2.82294e-010	2.83804e-010	2.8621e-010	2.88236e-010	2.8936e-010	2.90596e-010	2.92524e-010	2.93419e-010	2.91452e-010	2.86714e-010	2.81531e-010	2.78662e-010	2.78734e-010	2.82159e-010	2.86682e-010	2.90989e-010	2.92963e-010	2.93375e-010	2.94793e-010	2.97813e-010	3.02453e-010	3.06257e-010	3.07767e-010	3.068e-010	3.04545e-010	3.02866e-010	3.01415e-010	3.0016e-010	2.98598e-010	2.97984e-010	2.97559e-010	2.96291e-010	2.9552e-010	2.96795e-010	3.00723e-010	3.04233e-010	3.06017e-010	3.06266e-010	3.06331e-010	3.07638e-010	3.09292e-010	3.09939e-010	3.07704e-010	3.03528e-010	2.98841e-010	2.96763e-010	2.9794e-010	3.00868e-010	3.0279e-010	3.02561e-010	3.01038e-010	3.00247e-010	3.01986e-010	3.06816e-010	3.11862e-010	3.15411e-010	3.1598e-010	3.13947e-010	3.1e-010	3.04882e-010	2.99281e-010	2.93941e-010	2.91262e-010	2.91994e-010	2.9468e-010	2.96465e-010	2.96635e-010	2.96497e-010	2.97073e-010	2.98622e-010	3.00021e-010	2.99727e-010	2.99184e-010	2.98779e-010	3.01544e-010	3.04537e-010	3.07296e-010	3.06923e-010	3.03858e-010	2.99688e-010	2.95969e-010	2.95545e-010	2.96911e-010	3.00042e-010	3.02918e-010	3.05565e-010	3.07682e-010	3.07696e-010	3.05212e-010	2.9984e-010	2.9333e-010	2.87925e-010	2.84664e-010	2.83566e-010	2.78265e-010	2.62729e-010	2.31461e-010	1.83867e-010	1.29011e-010	8.17368e-011	5.39592e-011	4.54756e-011	4.58352e-011	4.78549e-011	4.63648e-011	4.23127e-011	3.74762e-011	3.49273e-011	3.43784e-011	3.35876e-011	3.03524e-011	2.3712e-011	1.68886e-011	1.35358e-011	1.52614e-011	1.8889e-011	2.10067e-011	2.16277e-011	2.17716e-011	2.15495e-011	2.0445e-011	1.92164e-011	1.81446e-011	1.6648e-011	1.38768e-011	1.12103e-011	1.04653e-011	1.22105e-011	1.59295e-011	2.04786e-011	2.51323e-011	2.8054e-011	2.94332e-011	3.00607e-011	3.08386e-011	3.15119e-011	3.1329e-011	3.07474e-011	2.99828e-011	2.98849e-011	3.07151e-011	3.25387e-011	3.40943e-011	3.42905e-011	3.1258e-011	2.54411e-011	1.96765e-011	1.60753e-011	1.52257e-011	1.56245e-011	1.69972e-011	1.91934e-011	2.18667e-011	2.44746e-011	2.57688e-011	2.57689e-011	2.57167e-011	2.66123e-011	2.80176e-011	2.74229e-011	2.56126e-011	2.31094e-011	2.15867e-011	2.01815e-011	2.01686e-011	2.27438e-011	2.72864e-011	3.23911e-011	3.58356e-011	3.82344e-011	3.95744e-011	4.04045e-011	4.07445e-011	3.9908e-011	3.80585e-011	3.66795e-011	3.6124e-011	3.6647e-011	3.67059e-011	3.61505e-011	3.3948e-011
2.83681e-010	2.83773e-010	2.88043e-010	2.9118e-010	2.90618e-010	2.8771e-010	2.84213e-010	2.81945e-010	2.81632e-010	2.81939e-010	2.81939e-010	2.80331e-010	2.79626e-010	2.80351e-010	2.82221e-010	2.83927e-010	2.85927e-010	2.88992e-010	2.91228e-010	2.90711e-010	2.86659e-010	2.823e-010	2.79548e-010	2.79784e-010	2.82542e-010	2.86294e-010	2.8979e-010	2.91601e-010	2.91915e-010	2.92928e-010	2.94647e-010	2.98196e-010	3.00876e-010	3.02366e-010	3.01621e-010	2.99889e-010	2.97916e-010	2.96935e-010	2.9702e-010	2.98511e-010	3.00772e-010	3.02805e-010	3.03361e-010	3.03681e-010	3.04616e-010	3.05721e-010	3.04681e-010	3.02538e-010	3.01289e-010	3.02695e-010	3.05858e-010	3.09068e-010	3.10649e-010	3.09872e-010	3.08094e-010	3.06931e-010	3.07545e-010	3.09029e-010	3.09768e-010	3.09539e-010	3.08853e-010	3.08918e-010	3.09762e-010	3.11454e-010	3.13801e-010	3.15984e-010	3.17651e-010	3.17775e-010	3.16095e-010	3.12396e-010	3.06913e-010	3.00037e-010	2.93279e-010	2.89109e-010	2.88011e-010	2.88841e-010	2.89377e-010	2.89796e-010	2.90031e-010	2.90626e-010	2.91907e-010	2.94443e-010	2.96842e-010	2.99306e-010	3.00973e-010	3.03855e-010	3.0532e-010	3.06274e-010	3.05522e-010	3.04928e-010	3.0381e-010	3.0251e-010	3.02046e-010	3.02614e-010	3.04922e-010	3.07464e-010	3.09517e-010	3.10445e-010	3.09582e-010	3.07955e-010	3.05092e-010	3.01968e-010	2.97975e-010	2.94093e-010	2.90295e-010	2.81792e-010	2.624e-010	2.2657e-010	1.74218e-010	1.16519e-010	7.12182e-011	4.84929e-011	4.48002e-011	4.68984e-011	4.88985e-011	4.79509e-011	4.51732e-011	4.14021e-011	3.87355e-011	3.69709e-011	3.53174e-011	3.11934e-011	2.44026e-011	1.67557e-011	1.22591e-011	1.10566e-011	1.2573e-011	1.46385e-011	1.83249e-011	2.20635e-011	2.45407e-011	2.32663e-011	1.99593e-011	1.53189e-011	1.15216e-011	8.3583e-012	7.7571e-012	9.62648e-012	1.44174e-011	1.99208e-011	2.50385e-011	2.86268e-011	3.04309e-011	3.16205e-011	3.22742e-011	3.32874e-011	3.39934e-011	3.38366e-011	3.29413e-011	3.1242e-011	3.03794e-011	3.06932e-011	3.24319e-011	3.42098e-011	3.46086e-011	3.22492e-011	2.74912e-011	2.31318e-011	2.02692e-011	1.83673e-011	1.54066e-011	1.2459e-011	1.18382e-011	1.43351e-011	1.89234e-011	2.21915e-011	2.28452e-011	2.19433e-011	2.19761e-011	2.3754e-011	2.53358e-011	2.57215e-011	2.48523e-011	2.34407e-011	2.2212e-011	2.24278e-011	2.53364e-011	2.90947e-011	3.23693e-011	3.33432e-011	3.4376e-011	3.5899e-011	3.84416e-011	4.05397e-011	4.0298e-011	3.79582e-011	3.56054e-011	3.42395e-011	3.37298e-011	3.27037e-011	3.16973e-011	3.07236e-011
2.83829e-010	2.83921e-010	2.90397e-010	2.94633e-010	2.94306e-010	2.89947e-010	2.843e-010	2.80169e-010	2.78914e-010	2.80241e-010	2.81352e-010	2.80902e-010	2.79431e-010	2.78817e-010	2.79784e-010	2.8117e-010	2.83177e-010	2.8553e-010	2.88066e-010	2.88667e-010	2.87452e-010	2.8555e-010	2.837e-010	2.82628e-010	2.82596e-010	2.83583e-010	2.85446e-010	2.86694e-010	2.8774e-010	2.88649e-010	2.89923e-010	2.92093e-010	2.93884e-010	2.94937e-010	2.94551e-010	2.93505e-010	2.92355e-010	2.9276e-010	2.95205e-010	3.00009e-010	3.05388e-010	3.09075e-010	3.09741e-010	3.08349e-010	3.06722e-010	3.04872e-010	3.01807e-010	2.98578e-010	2.98186e-010	3.02187e-010	3.08206e-010	3.13069e-010	3.14442e-010	3.13324e-010	3.11658e-010	3.11645e-010	3.13913e-010	3.16697e-010	3.18364e-010	3.18488e-010	3.17429e-010	3.15403e-010	3.12756e-010	3.10574e-010	3.09587e-010	3.10371e-010	3.1262e-010	3.15162e-010	3.16483e-010	3.14849e-010	3.10019e-010	3.02784e-010	2.96045e-010	2.91764e-010	2.90124e-010	2.89307e-010	2.89346e-010	2.90791e-010	2.93137e-010	2.94484e-010	2.94654e-010	2.95085e-010	2.96425e-010	2.98693e-010	3.01105e-010	3.03667e-010	3.04491e-010	3.04635e-010	3.04844e-010	3.06223e-010	3.07014e-010	3.06701e-010	3.06158e-010	3.06479e-010	3.08263e-010	3.10322e-010	3.11799e-010	3.11865e-010	3.09845e-010	3.06773e-010	3.03283e-010	3.00891e-010	2.9944e-010	2.97905e-010	2.94022e-010	2.8267e-010	2.59095e-010	2.19938e-010	1.65108e-010	1.06873e-010	6.37296e-011	4.44944e-011	4.36318e-011	4.69522e-011	4.9632e-011	4.9887e-011	4.81616e-011	4.46192e-011	3.96651e-011	3.52077e-011	3.13974e-011	2.77766e-011	2.34434e-011	1.90709e-011	1.64763e-011	1.40581e-011	1.2836e-011	1.27903e-011	1.61434e-011	2.04572e-011	2.30651e-011	2.14116e-011	1.70131e-011	1.16602e-011	7.4512e-012	5.7585e-012	6.88279e-012	1.05038e-011	1.60856e-011	2.21249e-011	2.77524e-011	3.18375e-011	3.44977e-011	3.64194e-011	3.68705e-011	3.67856e-011	3.59818e-011	3.45505e-011	3.23284e-011	2.91913e-011	2.79299e-011	2.91523e-011	3.27406e-011	3.56819e-011	3.61918e-011	3.38324e-011	2.96691e-011	2.64143e-011	2.42968e-011	2.30551e-011	2.01728e-011	1.70749e-011	1.52907e-011	1.72973e-011	2.14739e-011	2.47812e-011	2.42323e-011	2.135e-011	1.96116e-011	2.07359e-011	2.30432e-011	2.41805e-011	2.3612e-011	2.22003e-011	2.09259e-011	2.11679e-011	2.35274e-011	2.65537e-011	2.90048e-011	2.96715e-011	3.13383e-011	3.40181e-011	3.78156e-011	4.02536e-011	3.97831e-011	3.68355e-011	3.38618e-011	3.25482e-011	3.26659e-011	3.2666e-011	3.20191e-011	3.09669e-011
2.87506e-010	2.87598e-010	2.92109e-010	2.96318e-010	2.96704e-010	2.92939e-010	2.87116e-010	2.81953e-010	2.79508e-010	2.80535e-010	2.81031e-010	2.806e-010	2.78234e-010	2.77417e-010	2.78731e-010	2.81816e-010	2.85437e-010	2.87692e-010	2.88601e-010	2.88026e-010	2.86849e-010	2.85425e-010	2.83e-010	2.80634e-010	2.79608e-010	2.80399e-010	2.827e-010	2.84661e-010	2.85648e-010	2.85569e-010	2.85484e-010	2.86988e-010	2.89315e-010	2.91446e-010	2.9308e-010	2.93426e-010	2.93564e-010	2.94609e-010	2.9793e-010	3.02662e-010	3.07106e-010	3.09348e-010	3.09329e-010	3.07342e-010	3.05682e-010	3.0431e-010	3.03127e-010	3.01042e-010	3.00441e-010	3.02676e-010	3.07585e-010	3.12474e-010	3.14421e-010	3.1399e-010	3.12644e-010	3.13088e-010	3.15154e-010	3.17899e-010	3.19376e-010	3.19638e-010	3.18069e-010	3.14906e-010	3.10324e-010	3.06462e-010	3.03488e-010	3.03214e-010	3.04416e-010	3.07279e-010	3.0941e-010	3.09691e-010	3.06907e-010	3.01659e-010	2.96267e-010	2.93607e-010	2.93607e-010	2.94306e-010	2.94993e-010	2.96888e-010	2.99398e-010	3.01522e-010	3.01712e-010	3.01509e-010	3.00941e-010	3.01229e-010	3.01843e-010	3.0251e-010	3.01131e-010	2.9932e-010	2.99105e-010	3.01451e-010	3.04308e-010	3.06347e-010	3.07811e-010	3.08413e-010	3.08772e-010	3.08929e-010	3.09393e-010	3.08622e-010	3.0538e-010	3.01001e-010	2.97426e-010	2.96675e-010	2.97943e-010	2.98414e-010	2.94839e-010	2.81911e-010	2.56479e-010	2.15918e-010	1.6233e-010	1.06055e-010	6.42386e-011	4.41996e-011	4.15592e-011	4.42782e-011	4.74678e-011	4.95464e-011	4.97687e-011	4.76054e-011	4.28408e-011	3.76972e-011	3.34685e-011	3.08804e-011	2.84818e-011	2.5593e-011	2.23775e-011	1.90442e-011	1.69855e-011	1.76392e-011	2.08812e-011	2.43976e-011	2.545e-011	2.26592e-011	1.78685e-011	1.18556e-011	6.93411e-012	4.26102e-012	4.73825e-012	7.9475e-012	1.3941e-011	2.0647e-011	2.63857e-011	2.92746e-011	3.11113e-011	3.30265e-011	3.47455e-011	3.55953e-011	3.52555e-011	3.3406e-011	3.00924e-011	2.59683e-011	2.43736e-011	2.63672e-011	3.08771e-011	3.45504e-011	3.56159e-011	3.48251e-011	3.30474e-011	3.12502e-011	2.87928e-011	2.60478e-011	2.27734e-011	2.02375e-011	1.88586e-011	2.05972e-011	2.41006e-011	2.74732e-011	2.73034e-011	2.46172e-011	2.17285e-011	2.06175e-011	2.07418e-011	2.0768e-011	2.06439e-011	2.05656e-011	2.11343e-011	2.22913e-011	2.46705e-011	2.69059e-011	2.81739e-011	2.74616e-011	2.82199e-011	3.09978e-011	3.61743e-011	4.01352e-011	4.13445e-011	3.95014e-011	3.68676e-011	3.48677e-011	3.36521e-011	3.17829e-011	2.9502e-011	2.77635e-011
2.9139e-010	2.91482e-010	2.93816e-010	2.96509e-010	2.97156e-010	2.9426e-010	2.88359e-010	2.82404e-010	2.79052e-010	2.79869e-010	2.80464e-010	2.813e-010	2.80261e-010	2.79974e-010	2.80797e-010	2.83758e-010	2.87798e-010	2.89791e-010	2.89824e-010	2.89007e-010	2.88569e-010	2.87314e-010	2.83419e-010	2.78583e-010	2.75563e-010	2.75282e-010	2.76518e-010	2.77943e-010	2.79812e-010	2.81681e-010	2.84034e-010	2.86969e-010	2.90577e-010	2.93329e-010	2.95597e-010	2.96028e-010	2.95702e-010	2.95499e-010	2.97708e-010	3.0182e-010	3.05584e-010	3.05937e-010	3.02709e-010	2.98291e-010	2.96827e-010	2.99069e-010	3.03003e-010	3.0516e-010	3.05402e-010	3.05644e-010	3.07428e-010	3.09971e-010	3.10684e-010	3.1052e-010	3.10324e-010	3.11873e-010	3.13749e-010	3.15815e-010	3.17338e-010	3.18717e-010	3.18358e-010	3.15606e-010	3.10645e-010	3.06149e-010	3.02593e-010	3.01267e-010	3.01215e-010	3.02731e-010	3.04796e-010	3.05705e-010	3.04522e-010	3.00215e-010	2.95725e-010	2.93666e-010	2.95653e-010	2.9849e-010	3.01111e-010	3.02614e-010	3.04333e-010	3.05425e-010	3.05255e-010	3.04327e-010	3.03255e-010	3.03053e-010	3.03426e-010	3.03001e-010	3.0055e-010	2.96707e-010	2.95066e-010	2.96635e-010	3.00348e-010	3.03642e-010	3.05897e-010	3.0708e-010	3.07596e-010	3.08106e-010	3.08263e-010	3.06728e-010	3.02166e-010	2.96904e-010	2.93519e-010	2.93421e-010	2.95467e-010	2.96539e-010	2.94473e-010	2.84604e-010	2.63258e-010	2.27317e-010	1.76389e-010	1.18461e-010	6.97231e-011	4.23507e-011	3.59325e-011	3.94424e-011	4.48543e-011	4.80635e-011	4.90767e-011	4.72271e-011	4.34952e-011	3.98221e-011	3.81621e-011	4.02668e-011	4.27767e-011	4.15023e-011	3.66331e-011	3.04764e-011	2.72674e-011	2.69211e-011	2.83395e-011	2.9516e-011	2.94377e-011	2.76796e-011	2.51569e-011	2.08237e-011	1.50656e-011	8.31411e-012	2.83057e-012	1.19669e-012	5.76541e-012	1.38766e-011	2.11381e-011	2.49095e-011	2.73736e-011	3.0511e-011	3.35307e-011	3.47791e-011	3.3459e-011	3.00669e-011	2.60867e-011	2.32894e-011	2.42568e-011	2.81262e-011	3.27341e-011	3.51656e-011	3.4401e-011	3.26887e-011	3.1009e-011	3.01464e-011	2.81661e-011	2.51205e-011	2.17873e-011	1.92384e-011	1.74868e-011	1.81079e-011	2.09838e-011	2.51669e-011	2.7631e-011	2.81671e-011	2.78012e-011	2.75594e-011	2.69713e-011	2.58342e-011	2.39454e-011	2.20762e-011	2.04881e-011	1.9913e-011	2.16451e-011	2.45472e-011	2.73185e-011	2.80376e-011	2.88089e-011	3.0711e-011	3.41621e-011	3.74498e-011	3.94956e-011	3.99794e-011	3.94501e-011	3.83391e-011	3.62934e-011	3.20582e-011	2.66401e-011	2.2418e-011
2.92267e-010	2.92359e-010	2.93508e-010	2.95403e-010	2.96841e-010	2.9575e-010	2.9177e-010	2.86515e-010	2.82522e-010	2.8096e-010	2.79672e-010	2.80097e-010	2.80581e-010	2.8132e-010	2.82163e-010	2.84803e-010	2.89026e-010	2.91523e-010	2.91157e-010	2.89948e-010	2.89033e-010	2.88183e-010	2.85471e-010	2.82079e-010	2.79478e-010	2.7821e-010	2.76622e-010	2.75321e-010	2.75249e-010	2.77432e-010	2.81367e-010	2.86348e-010	2.91701e-010	2.95341e-010	2.9693e-010	2.95322e-010	2.92557e-010	2.90296e-010	2.91505e-010	2.95603e-010	3.00028e-010	3.01113e-010	2.9776e-010	2.93519e-010	2.93022e-010	2.97761e-010	3.04068e-010	3.08186e-010	3.088e-010	3.08101e-010	3.07709e-010	3.07879e-010	3.07023e-010	3.05905e-010	3.05513e-010	3.06892e-010	3.07991e-010	3.09089e-010	3.10291e-010	3.13403e-010	3.1622e-010	3.17331e-010	3.15893e-010	3.13279e-010	3.10246e-010	3.07207e-010	3.04763e-010	3.03227e-010	3.03051e-010	3.02927e-010	3.01933e-010	2.98946e-010	2.95613e-010	2.94143e-010	2.95849e-010	2.98417e-010	3.01156e-010	3.01842e-010	3.02261e-010	3.01803e-010	3.0098e-010	2.99758e-010	2.98372e-010	2.98196e-010	2.98804e-010	2.99229e-010	2.98504e-010	2.96634e-010	2.96491e-010	2.98497e-010	3.02112e-010	3.04792e-010	3.06034e-010	3.06341e-010	3.06524e-010	3.07629e-010	3.08492e-010	3.08113e-010	3.04825e-010	3.01466e-010	2.99021e-010	2.98074e-010	2.9678e-010	2.95081e-010	2.92747e-010	2.86806e-010	2.71689e-010	2.43401e-010	1.98643e-010	1.41565e-010	8.45525e-011	4.62586e-011	3.11803e-011	3.32327e-011	3.93112e-011	4.44485e-011	4.73702e-011	4.74422e-011	4.56057e-011	4.33052e-011	4.42007e-011	5.00243e-011	5.7495e-011	5.82075e-011	5.15736e-011	4.2077e-011	3.71295e-011	3.64106e-011	3.61427e-011	3.44566e-011	3.26789e-011	3.15679e-011	3.13e-011	2.84505e-011	2.29539e-011	1.41174e-011	5.60119e-012	0	1.07853e-012	6.92829e-012	1.29741e-011	1.70788e-011	2.06083e-011	2.58306e-011	3.11379e-011	3.37785e-011	3.26021e-011	2.8367e-011	2.38246e-011	2.17463e-011	2.43804e-011	2.97399e-011	3.46681e-011	3.67793e-011	3.56291e-011	3.40083e-011	3.2479e-011	3.15314e-011	2.86949e-011	2.35251e-011	1.81004e-011	1.42574e-011	1.33098e-011	1.4872e-011	1.88524e-011	2.38329e-011	2.80095e-011	3.02253e-011	3.09443e-011	3.13431e-011	3.13955e-011	3.08335e-011	2.86964e-011	2.46769e-011	2.06378e-011	1.81869e-011	1.98864e-011	2.30237e-011	2.61284e-011	2.73965e-011	2.87822e-011	3.11548e-011	3.37824e-011	3.58021e-011	3.70309e-011	3.77696e-011	3.83318e-011	3.75541e-011	3.47961e-011	2.86982e-011	2.23846e-011	1.87115e-011
2.94978e-010	2.9507e-010	2.96002e-010	2.96473e-010	2.9663e-010	2.95205e-010	2.91231e-010	2.87055e-010	2.83454e-010	2.81284e-010	2.79598e-010	2.80408e-010	2.82186e-010	2.83284e-010	2.83559e-010	2.85212e-010	2.8801e-010	2.90415e-010	2.90775e-010	2.90795e-010	2.90357e-010	2.89919e-010	2.87945e-010	2.85547e-010	2.83155e-010	2.80874e-010	2.77246e-010	2.74018e-010	2.73599e-010	2.76279e-010	2.80109e-010	2.83521e-010	2.86554e-010	2.88404e-010	2.88378e-010	2.85979e-010	2.83202e-010	2.82437e-010	2.85646e-010	2.91888e-010	2.97679e-010	2.99431e-010	2.96817e-010	2.94e-010	2.95209e-010	3.01033e-010	3.07457e-010	3.12033e-010	3.13131e-010	3.12503e-010	3.10419e-010	3.07647e-010	3.04412e-010	3.02439e-010	3.03164e-010	3.05994e-010	3.08204e-010	3.09053e-010	3.09328e-010	3.11668e-010	3.15001e-010	3.18374e-010	3.20008e-010	3.20021e-010	3.191e-010	3.16884e-010	3.14231e-010	3.10473e-010	3.06675e-010	3.02545e-010	2.98734e-010	2.95852e-010	2.95454e-010	2.96846e-010	2.98924e-010	2.98728e-010	2.98134e-010	2.95408e-010	2.93454e-010	2.91258e-010	2.90337e-010	2.89448e-010	2.88997e-010	2.89723e-010	2.91893e-010	2.93926e-010	2.96324e-010	2.98037e-010	3.00593e-010	3.03475e-010	3.07011e-010	3.09756e-010	3.11031e-010	3.11338e-010	3.11306e-010	3.11887e-010	3.11874e-010	3.11136e-010	3.0877e-010	3.06849e-010	3.05287e-010	3.03914e-010	3.01254e-010	2.98509e-010	2.95758e-010	2.9147e-010	2.80144e-010	2.57738e-010	2.1951e-010	1.66085e-010	1.05243e-010	5.89486e-011	3.59292e-011	3.42626e-011	3.79752e-011	4.13086e-011	4.36616e-011	4.42238e-011	4.34592e-011	4.24332e-011	4.55182e-011	5.37079e-011	6.43942e-011	6.73747e-011	6.11395e-011	4.95449e-011	4.2179e-011	4.03164e-011	4.03884e-011	3.97349e-011	3.88723e-011	3.83429e-011	3.73038e-011	3.37876e-011	2.77224e-011	1.94741e-011	1.1971e-011	6.61818e-012	6.2392e-012	9.86021e-012	1.45531e-011	1.89715e-011	2.25402e-011	2.72004e-011	3.10502e-011	3.29392e-011	3.18478e-011	2.88283e-011	2.61291e-011	2.62338e-011	2.98548e-011	3.42993e-011	3.68746e-011	3.70381e-011	3.5365e-011	3.4633e-011	3.4156e-011	3.46136e-011	3.2483e-011	2.74309e-011	2.11826e-011	1.63461e-011	1.51371e-011	1.59477e-011	1.90131e-011	2.30524e-011	2.7778e-011	3.16605e-011	3.39416e-011	3.47979e-011	3.39287e-011	3.09419e-011	2.51381e-011	1.71121e-011	1.1073e-011	1.00797e-011	1.53412e-011	2.14197e-011	2.57989e-011	2.7433e-011	2.86422e-011	3.01783e-011	3.05182e-011	3.03615e-011	3.01655e-011	3.13225e-011	3.35252e-011	3.41919e-011	3.16496e-011	2.50876e-011	1.90224e-011	1.61597e-011
2.99313e-010	2.99404e-010	2.9937e-010	2.99959e-010	2.99848e-010	2.98299e-010	2.94652e-010	2.89711e-010	2.83737e-010	2.78319e-010	2.75299e-010	2.77417e-010	2.82463e-010	2.86659e-010	2.88627e-010	2.89548e-010	2.89803e-010	2.89006e-010	2.8732e-010	2.86398e-010	2.86536e-010	2.87314e-010	2.8732e-010	2.8698e-010	2.8634e-010	2.85334e-010	2.82085e-010	2.77759e-010	2.76053e-010	2.77667e-010	2.81315e-010	2.83687e-010	2.84295e-010	2.83361e-010	2.80942e-010	2.77943e-010	2.76263e-010	2.7774e-010	2.82806e-010	2.89956e-010	2.96819e-010	3.00969e-010	3.01701e-010	3.00858e-010	3.01407e-010	3.04172e-010	3.0761e-010	3.10878e-010	3.12937e-010	3.14258e-010	3.13604e-010	3.11101e-010	3.07761e-010	3.05859e-010	3.06827e-010	3.09114e-010	3.11075e-010	3.11474e-010	3.11448e-010	3.12416e-010	3.14906e-010	3.1818e-010	3.20475e-010	3.21102e-010	3.20821e-010	3.19704e-010	3.18253e-010	3.14939e-010	3.1043e-010	3.04606e-010	2.99279e-010	2.95528e-010	2.95267e-010	2.96502e-010	2.97215e-010	2.94496e-010	2.9113e-010	2.87319e-010	2.85666e-010	2.85084e-010	2.85686e-010	2.85013e-010	2.83856e-010	2.8351e-010	2.85876e-010	2.89752e-010	2.95693e-010	3.01771e-010	3.07471e-010	3.11027e-010	3.13072e-010	3.13778e-010	3.13739e-010	3.13779e-010	3.14465e-010	3.15733e-010	3.16354e-010	3.15825e-010	3.14021e-010	3.11936e-010	3.09472e-010	3.06871e-010	3.03636e-010	3.01067e-010	2.9861e-010	2.95734e-010	2.87963e-010	2.71381e-010	2.39539e-010	1.91336e-010	1.29918e-010	7.73433e-011	4.535e-011	3.74482e-011	3.85136e-011	4.15203e-011	4.41151e-011	4.52198e-011	4.40827e-011	4.21808e-011	4.35796e-011	4.93771e-011	5.80634e-011	6.22335e-011	5.87891e-011	5.03383e-011	4.38547e-011	4.24888e-011	4.30118e-011	4.33256e-011	4.29009e-011	4.22343e-011	4.04894e-011	3.76856e-011	3.37314e-011	2.91825e-011	2.48558e-011	2.0686e-011	1.79737e-011	1.74836e-011	1.94968e-011	2.35622e-011	2.74839e-011	3.12683e-011	3.28044e-011	3.23862e-011	3.05039e-011	2.85563e-011	2.78702e-011	2.95435e-011	3.31449e-011	3.64521e-011	3.72954e-011	3.64066e-011	3.5361e-011	3.62892e-011	3.73546e-011	3.79822e-011	3.51326e-011	3.00935e-011	2.53551e-011	2.31199e-011	2.35448e-011	2.31332e-011	2.24209e-011	2.27151e-011	2.54668e-011	2.91728e-011	3.13298e-011	3.18201e-011	3.09443e-011	2.79445e-011	2.14609e-011	1.20558e-011	5.01673e-012	4.67697e-012	1.14222e-011	1.93046e-011	2.49191e-011	2.75662e-011	2.97558e-011	3.14095e-011	3.0926e-011	2.8913e-011	2.69197e-011	2.63119e-011	2.70179e-011	2.66128e-011	2.35279e-011	1.82143e-011	1.49726e-011	1.5757e-011
3.0192e-010	3.02011e-010	3.0242e-010	3.02427e-010	3.01446e-010	2.99597e-010	2.95447e-010	2.89989e-010	2.82793e-010	2.76421e-010	2.73277e-010	2.76173e-010	2.82441e-010	2.8833e-010	2.91278e-010	2.91559e-010	2.89265e-010	2.85984e-010	2.8352e-010	2.82906e-010	2.832e-010	2.82448e-010	2.80507e-010	2.79494e-010	2.8086e-010	2.83305e-010	2.83573e-010	2.81717e-010	2.8154e-010	2.83691e-010	2.87194e-010	2.88253e-010	2.866e-010	2.83031e-010	2.79227e-010	2.76607e-010	2.77188e-010	2.81208e-010	2.87574e-010	2.93888e-010	2.98803e-010	3.01803e-010	3.02856e-010	3.02542e-010	3.02019e-010	3.0217e-010	3.03274e-010	3.05778e-010	3.08797e-010	3.1202e-010	3.13562e-010	3.13066e-010	3.11713e-010	3.11955e-010	3.14177e-010	3.16988e-010	3.18609e-010	3.1887e-010	3.17661e-010	3.1587e-010	3.14674e-010	3.15041e-010	3.15792e-010	3.16786e-010	3.17714e-010	3.19021e-010	3.19008e-010	3.16544e-010	3.11447e-010	3.05087e-010	2.98898e-010	2.94506e-010	2.93702e-010	2.94761e-010	2.94767e-010	2.9131e-010	2.8699e-010	2.84206e-010	2.84422e-010	2.86356e-010	2.88598e-010	2.88709e-010	2.86977e-010	2.85213e-010	2.86298e-010	2.90076e-010	2.96599e-010	3.03011e-010	3.08494e-010	3.11187e-010	3.12743e-010	3.13384e-010	3.14155e-010	3.15286e-010	3.16789e-010	3.18181e-010	3.18332e-010	3.17129e-010	3.15129e-010	3.12711e-010	3.10764e-010	3.09221e-010	3.07849e-010	3.05418e-010	3.01686e-010	2.96986e-010	2.90241e-010	2.77555e-010	2.52634e-010	2.12072e-010	1.5653e-010	1.01609e-010	6.19878e-011	4.43867e-011	4.04064e-011	4.12039e-011	4.3302e-011	4.46878e-011	4.43938e-011	4.31782e-011	4.39299e-011	4.7015e-011	5.14007e-011	5.33289e-011	5.07931e-011	4.51265e-011	4.06756e-011	4.04601e-011	4.34732e-011	4.70681e-011	4.89963e-011	4.88003e-011	4.68397e-011	4.52842e-011	4.28595e-011	3.93694e-011	3.51212e-011	3.13108e-011	2.86116e-011	2.7115e-011	2.76771e-011	3.01086e-011	3.21806e-011	3.32003e-011	3.18932e-011	2.9377e-011	2.67954e-011	2.5887e-011	2.76911e-011	3.19395e-011	3.63383e-011	3.7992e-011	3.57111e-011	3.21818e-011	3.05544e-011	3.27245e-011	3.6254e-011	3.88815e-011	3.77182e-011	3.38817e-011	3.04831e-011	2.89342e-011	2.87709e-011	2.60194e-011	2.24378e-011	2.09085e-011	2.37975e-011	2.88499e-011	3.20003e-011	3.20266e-011	2.99744e-011	2.57065e-011	1.93341e-011	1.12231e-011	6.07946e-012	6.72008e-012	1.35372e-011	2.13738e-011	2.68772e-011	2.86878e-011	2.93284e-011	2.91063e-011	2.80279e-011	2.64333e-011	2.54465e-011	2.47734e-011	2.3963e-011	2.17278e-011	1.72181e-011	1.25255e-011	1.08066e-011	1.4225e-011
3.02177e-010	3.02269e-010	3.02891e-010	3.03486e-010	3.03172e-010	3.01891e-010	2.98146e-010	2.92055e-010	2.84153e-010	2.7701e-010	2.73219e-010	2.74722e-010	2.80409e-010	2.8669e-010	2.90781e-010	2.90834e-010	2.87683e-010	2.82965e-010	2.80063e-010	2.79677e-010	2.8071e-010	2.79808e-010	2.77351e-010	2.76083e-010	2.78109e-010	2.81763e-010	2.83109e-010	2.82515e-010	2.83364e-010	2.86874e-010	2.91881e-010	2.93927e-010	2.92777e-010	2.89313e-010	2.85646e-010	2.83607e-010	2.84202e-010	2.87274e-010	2.9149e-010	2.95026e-010	2.97869e-010	3.00261e-010	3.02013e-010	3.01843e-010	3.00347e-010	2.98863e-010	2.99497e-010	3.0219e-010	3.06255e-010	3.10752e-010	3.13831e-010	3.14707e-010	3.1406e-010	3.14145e-010	3.15727e-010	3.17609e-010	3.18903e-010	3.19132e-010	3.18524e-010	3.16531e-010	3.13976e-010	3.11296e-010	3.0861e-010	3.0763e-010	3.09002e-010	3.12885e-010	3.15682e-010	3.15519e-010	3.12336e-010	3.07329e-010	3.01585e-010	2.96428e-010	2.94349e-010	2.9433e-010	2.93957e-010	2.91428e-010	2.88912e-010	2.89043e-010	2.91729e-010	2.95174e-010	2.97082e-010	2.95854e-010	2.9254e-010	2.89501e-010	2.89932e-010	2.93926e-010	3.00469e-010	3.06246e-010	3.10331e-010	3.11567e-010	3.11436e-010	3.10404e-010	3.10149e-010	3.11829e-010	3.15064e-010	3.18241e-010	3.19476e-010	3.18626e-010	3.16633e-010	3.13954e-010	3.11646e-010	3.09431e-010	3.07143e-010	3.03222e-010	2.98261e-010	2.9368e-010	2.89307e-010	2.81693e-010	2.63602e-010	2.31131e-010	1.82524e-010	1.27622e-010	8.07268e-011	5.34264e-011	4.3518e-011	4.2688e-011	4.38058e-011	4.44726e-011	4.38975e-011	4.24924e-011	4.20611e-011	4.33226e-011	4.52443e-011	4.64993e-011	4.51661e-011	4.20616e-011	3.90421e-011	3.87089e-011	4.14672e-011	4.54999e-011	4.86046e-011	5.1193e-011	5.40231e-011	5.80886e-011	5.78142e-011	5.25332e-011	4.37621e-011	3.65531e-011	3.14617e-011	2.84749e-011	2.8194e-011	3.03182e-011	3.19131e-011	3.17498e-011	2.94689e-011	2.66389e-011	2.37698e-011	2.23058e-011	2.32667e-011	2.76263e-011	3.28355e-011	3.5365e-011	3.279e-011	2.82934e-011	2.63131e-011	2.89145e-011	3.34571e-011	3.66009e-011	3.6039e-011	3.36404e-011	3.19215e-011	3.19412e-011	3.1425e-011	2.7497e-011	2.17194e-011	1.88959e-011	2.11052e-011	2.65301e-011	3.00204e-011	3.05238e-011	2.91906e-011	2.69162e-011	2.34653e-011	1.88445e-011	1.51518e-011	1.4897e-011	1.88448e-011	2.42697e-011	2.77862e-011	2.81131e-011	2.74727e-011	2.67211e-011	2.64598e-011	2.62704e-011	2.68326e-011	2.64536e-011	2.40419e-011	1.98263e-011	1.48918e-011	1.20553e-011	1.25979e-011	1.73693e-011
2.98615e-010	2.98706e-010	2.99857e-010	3.00968e-010	3.00981e-010	3.00282e-010	2.97289e-010	2.92674e-010	2.86759e-010	2.81145e-010	2.77341e-010	2.7625e-010	2.78544e-010	2.82485e-010	2.85845e-010	2.86479e-010	2.83917e-010	2.80558e-010	2.78264e-010	2.78859e-010	2.80362e-010	2.80741e-010	2.79526e-010	2.7863e-010	2.79186e-010	2.80336e-010	2.80879e-010	2.82062e-010	2.84722e-010	2.88833e-010	2.9269e-010	2.94886e-010	2.95546e-010	2.95311e-010	2.94383e-010	2.93481e-010	2.932e-010	2.93684e-010	2.95233e-010	2.96743e-010	2.98442e-010	3.00514e-010	3.02403e-010	3.03207e-010	3.0224e-010	3.01155e-010	3.01829e-010	3.04129e-010	3.07482e-010	3.10594e-010	3.1245e-010	3.11908e-010	3.10555e-010	3.09901e-010	3.11202e-010	3.12699e-010	3.14e-010	3.15228e-010	3.16235e-010	3.15856e-010	3.12902e-010	3.08131e-010	3.03327e-010	3.01608e-010	3.03785e-010	3.0872e-010	3.12295e-010	3.13243e-010	3.11014e-010	3.07661e-010	3.02929e-010	2.99361e-010	2.97694e-010	2.98106e-010	2.97524e-010	2.95806e-010	2.94492e-010	2.95584e-010	2.9825e-010	3.00688e-010	3.01414e-010	2.99604e-010	2.95427e-010	2.92035e-010	2.92016e-010	2.96388e-010	3.02388e-010	3.07323e-010	3.1014e-010	3.10683e-010	3.09604e-010	3.0767e-010	3.07023e-010	3.08905e-010	3.12481e-010	3.15442e-010	3.16487e-010	3.15912e-010	3.14645e-010	3.12769e-010	3.10854e-010	3.08429e-010	3.05168e-010	2.99331e-010	2.93037e-010	2.8843e-010	2.86737e-010	2.83358e-010	2.72541e-010	2.48744e-010	2.10823e-010	1.61078e-010	1.12764e-010	7.72481e-011	5.84705e-011	5.00719e-011	4.57322e-011	4.27519e-011	4.09939e-011	3.8909e-011	3.82163e-011	3.91445e-011	4.15237e-011	4.34257e-011	4.32755e-011	4.12756e-011	3.92365e-011	3.89164e-011	4.17661e-011	4.608e-011	5.00866e-011	5.45115e-011	6.06096e-011	6.88123e-011	6.96294e-011	6.05119e-011	4.57866e-011	3.46495e-011	2.92966e-011	2.73164e-011	2.73687e-011	2.86499e-011	2.82121e-011	2.61926e-011	2.45391e-011	2.43235e-011	2.41994e-011	2.32322e-011	2.25526e-011	2.48534e-011	2.85659e-011	3.09058e-011	2.89713e-011	2.57753e-011	2.48604e-011	2.75533e-011	3.14227e-011	3.3547e-011	3.29131e-011	3.10635e-011	2.98349e-011	2.99265e-011	2.89201e-011	2.53058e-011	1.99007e-011	1.76786e-011	1.99401e-011	2.54827e-011	2.94958e-011	3.03325e-011	2.90712e-011	2.7189e-011	2.61956e-011	2.47447e-011	2.33723e-011	2.25554e-011	2.4e-011	2.59805e-011	2.61309e-011	2.34905e-011	2.10396e-011	2.05887e-011	2.31248e-011	2.58896e-011	2.83472e-011	2.75499e-011	2.39814e-011	1.89619e-011	1.56941e-011	1.55634e-011	1.76158e-011	2.07924e-011
2.91123e-010	2.91215e-010	2.92402e-010	2.92964e-010	2.9403e-010	2.95311e-010	2.95069e-010	2.93115e-010	2.89827e-010	2.86331e-010	2.83141e-010	2.80024e-010	2.78364e-010	2.77959e-010	2.78978e-010	2.79501e-010	2.78756e-010	2.77175e-010	2.75724e-010	2.77051e-010	2.80051e-010	2.83417e-010	2.84646e-010	2.8428e-010	2.83071e-010	2.81601e-010	2.81052e-010	2.82548e-010	2.86313e-010	2.90588e-010	2.93255e-010	2.9451e-010	2.95752e-010	2.97732e-010	2.99105e-010	2.99464e-010	2.98706e-010	2.97549e-010	2.977e-010	2.98811e-010	3.00942e-010	3.02811e-010	3.04674e-010	3.05713e-010	3.05916e-010	3.05903e-010	3.07609e-010	3.10021e-010	3.13034e-010	3.13799e-010	3.12165e-010	3.07891e-010	3.04361e-010	3.03048e-010	3.04669e-010	3.05564e-010	3.06584e-010	3.08192e-010	3.118e-010	3.13813e-010	3.11898e-010	3.06519e-010	3.01598e-010	3.00336e-010	3.03428e-010	3.07846e-010	3.10441e-010	3.10468e-010	3.0867e-010	3.06206e-010	3.02939e-010	3.00586e-010	2.9986e-010	3.00547e-010	3.00468e-010	2.99187e-010	2.98397e-010	2.98952e-010	3.00534e-010	3.01142e-010	3.00136e-010	2.96848e-010	2.92816e-010	2.91031e-010	2.93528e-010	2.99385e-010	3.05025e-010	3.08653e-010	3.09287e-010	3.08228e-010	3.05405e-010	3.02882e-010	3.02307e-010	3.04869e-010	3.08457e-010	3.10667e-010	3.10817e-010	3.10137e-010	3.09e-010	3.07432e-010	3.05451e-010	3.03373e-010	3.00765e-010	2.96524e-010	2.91602e-010	2.88047e-010	2.86354e-010	2.83897e-010	2.76629e-010	2.60145e-010	2.33244e-010	1.96446e-010	1.58166e-010	1.25466e-010	1.00839e-010	8.0787e-011	6.33558e-011	4.94213e-011	4.1062e-011	3.61471e-011	3.4474e-011	3.54414e-011	3.87029e-011	4.23239e-011	4.41018e-011	4.37686e-011	4.24746e-011	4.19779e-011	4.34159e-011	4.67167e-011	5.08606e-011	5.65143e-011	6.38607e-011	7.24556e-011	7.26845e-011	6.03447e-011	4.17828e-011	2.83843e-011	2.42406e-011	2.47962e-011	2.60774e-011	2.65546e-011	2.37573e-011	1.9849e-011	1.83001e-011	1.97903e-011	2.20911e-011	2.24311e-011	2.1588e-011	2.20522e-011	2.35556e-011	2.46995e-011	2.30002e-011	2.12618e-011	2.19481e-011	2.58894e-011	2.97e-011	3.11641e-011	3.00727e-011	2.92362e-011	2.91971e-011	2.95502e-011	2.68901e-011	2.20341e-011	1.58969e-011	1.43088e-011	1.67664e-011	2.28057e-011	2.72437e-011	2.92373e-011	2.85576e-011	2.75316e-011	2.67605e-011	2.59305e-011	2.41594e-011	2.29177e-011	2.33883e-011	2.45911e-011	2.33624e-011	1.96959e-011	1.62907e-011	1.62909e-011	1.98661e-011	2.38793e-011	2.67029e-011	2.55854e-011	2.17816e-011	1.76967e-011	1.71935e-011	1.96708e-011	2.22068e-011	2.24161e-011
2.86269e-010	2.8636e-010	2.84947e-010	2.83829e-010	2.85084e-010	2.88646e-010	2.92418e-010	2.9445e-010	2.93666e-010	2.9149e-010	2.88163e-010	2.84098e-010	2.79719e-010	2.76196e-010	2.74255e-010	2.73896e-010	2.7387e-010	2.73772e-010	2.72504e-010	2.73413e-010	2.76432e-010	2.81589e-010	2.85426e-010	2.87132e-010	2.87099e-010	2.85903e-010	2.85328e-010	2.86073e-010	2.88361e-010	2.90551e-010	2.90753e-010	2.90571e-010	2.92009e-010	2.95695e-010	2.99061e-010	3.00427e-010	3.00074e-010	2.99172e-010	2.99264e-010	3.00316e-010	3.02258e-010	3.04526e-010	3.07108e-010	3.09193e-010	3.0965e-010	3.09245e-010	3.09873e-010	3.11657e-010	3.13964e-010	3.13004e-010	3.09004e-010	3.03435e-010	3.00749e-010	3.01318e-010	3.02972e-010	3.01848e-010	3.00652e-010	3.01743e-010	3.06658e-010	3.09907e-010	3.09306e-010	3.0624e-010	3.04763e-010	3.06103e-010	3.08894e-010	3.10358e-010	3.09202e-010	3.06339e-010	3.03418e-010	3.01888e-010	3.01326e-010	3.01692e-010	3.01849e-010	3.01111e-010	2.99033e-010	2.9598e-010	2.93909e-010	2.93092e-010	2.93941e-010	2.94765e-010	2.9504e-010	2.93393e-010	2.91524e-010	2.91517e-010	2.95001e-010	3.00197e-010	3.04217e-010	3.05949e-010	3.04629e-010	3.0206e-010	2.99256e-010	2.98793e-010	3.00531e-010	3.03734e-010	3.04897e-010	3.03283e-010	3.0042e-010	2.99211e-010	2.99663e-010	2.99891e-010	2.99375e-010	2.98898e-010	2.98101e-010	2.96225e-010	2.93081e-010	2.90075e-010	2.8733e-010	2.84304e-010	2.79376e-010	2.69174e-010	2.53311e-010	2.31592e-010	2.08403e-010	1.84357e-010	1.5888e-010	1.30162e-010	9.93774e-011	7.11946e-011	5.1136e-011	3.98616e-011	3.55676e-011	3.47376e-011	3.67769e-011	3.9947e-011	4.31758e-011	4.50321e-011	4.65682e-011	4.81173e-011	4.99344e-011	5.21502e-011	5.43267e-011	5.69347e-011	6.00001e-011	6.42943e-011	6.35297e-011	5.30005e-011	3.76608e-011	2.58635e-011	2.30205e-011	2.40533e-011	2.49815e-011	2.32953e-011	1.89621e-011	1.50864e-011	1.5093e-011	1.77467e-011	2.12239e-011	2.26227e-011	2.27405e-011	2.11393e-011	1.84008e-011	1.53944e-011	1.30939e-011	1.3924e-011	1.7813e-011	2.38719e-011	2.87805e-011	3.10878e-011	3.1101e-011	3.05063e-011	2.94149e-011	2.68922e-011	2.19054e-011	1.59447e-011	1.11409e-011	1.09645e-011	1.44352e-011	1.97033e-011	2.36641e-011	2.55531e-011	2.55532e-011	2.45991e-011	2.36253e-011	2.23575e-011	2.01092e-011	1.83381e-011	1.87107e-011	2.01226e-011	1.95672e-011	1.63647e-011	1.34824e-011	1.3574e-011	1.76329e-011	2.2169e-011	2.50449e-011	2.32803e-011	1.89667e-011	1.55093e-011	1.60584e-011	1.91173e-011	2.13985e-011	2.09215e-011
2.85846e-010	2.85938e-010	2.8342e-010	2.80956e-010	2.8078e-010	2.83812e-010	2.87976e-010	2.91721e-010	2.93309e-010	2.93832e-010	2.9278e-010	2.90048e-010	2.85506e-010	2.80055e-010	2.755e-010	2.7316e-010	2.72951e-010	2.73206e-010	2.72003e-010	2.71304e-010	2.7267e-010	2.76435e-010	2.80193e-010	2.82834e-010	2.85638e-010	2.87984e-010	2.89716e-010	2.9005e-010	2.899e-010	2.89364e-010	2.8792e-010	2.8688e-010	2.88064e-010	2.91234e-010	2.9475e-010	2.96587e-010	2.97515e-010	2.98554e-010	3.00267e-010	3.0228e-010	3.04058e-010	3.05555e-010	3.07398e-010	3.08692e-010	3.08712e-010	3.08196e-010	3.08817e-010	3.11274e-010	3.13843e-010	3.13059e-010	3.08209e-010	3.02582e-010	3.00327e-010	3.01968e-010	3.03059e-010	3.01014e-010	2.98981e-010	3.00007e-010	3.0453e-010	3.07498e-010	3.0772e-010	3.06851e-010	3.06838e-010	3.08237e-010	3.10099e-010	3.11041e-010	3.10139e-010	3.07093e-010	3.04067e-010	3.01754e-010	3.00832e-010	2.99558e-010	2.97512e-010	2.93859e-010	2.90996e-010	2.88735e-010	2.88088e-010	2.87336e-010	2.87277e-010	2.87709e-010	2.88951e-010	2.89611e-010	2.91016e-010	2.93206e-010	2.97807e-010	3.01997e-010	3.04507e-010	3.03631e-010	2.99004e-010	2.92945e-010	2.89266e-010	2.90998e-010	2.96423e-010	3.01331e-010	3.01586e-010	2.97763e-010	2.93201e-010	2.91064e-010	2.91476e-010	2.92489e-010	2.94038e-010	2.96502e-010	2.98829e-010	3.00372e-010	2.99672e-010	2.96888e-010	2.91816e-010	2.86816e-010	2.82294e-010	2.76797e-010	2.69222e-010	2.60438e-010	2.50497e-010	2.36994e-010	2.15556e-010	1.85066e-010	1.46498e-010	1.05485e-010	7.06745e-011	4.86224e-011	3.88316e-011	3.61651e-011	3.64855e-011	3.91457e-011	4.25379e-011	4.58583e-011	4.8427e-011	5.10088e-011	5.23292e-011	5.35123e-011	5.40614e-011	5.39308e-011	5.25583e-011	5.12905e-011	4.8735e-011	4.22646e-011	3.3598e-011	2.60557e-011	2.24153e-011	2.0716e-011	1.98991e-011	1.81803e-011	1.62981e-011	1.52001e-011	1.70891e-011	1.91873e-011	2.11024e-011	2.15273e-011	2.17431e-011	1.95079e-011	1.5325e-011	1.08938e-011	8.82854e-012	1.03581e-011	1.47242e-011	2.0672e-011	2.63975e-011	3.04434e-011	3.31428e-011	3.42736e-011	3.34698e-011	2.86595e-011	2.14766e-011	1.40519e-011	1.01697e-011	1.08038e-011	1.45032e-011	1.90262e-011	2.25426e-011	2.4876e-011	2.50853e-011	2.32553e-011	1.97914e-011	1.61314e-011	1.28962e-011	1.19617e-011	1.44977e-011	1.84782e-011	2.0524e-011	1.97725e-011	1.79295e-011	1.72302e-011	1.82238e-011	1.9871e-011	2.04266e-011	1.91914e-011	1.7185e-011	1.73812e-011	1.96362e-011	2.26167e-011	2.37933e-011	2.30025e-011
2.8701e-010	2.87102e-010	2.8557e-010	2.83505e-010	2.82296e-010	2.83609e-010	2.85995e-010	2.89015e-010	2.91002e-010	2.92891e-010	2.93041e-010	2.91166e-010	2.87316e-010	2.8278e-010	2.79003e-010	2.7678e-010	2.75964e-010	2.75598e-010	2.73376e-010	2.7016e-010	2.68069e-010	2.6901e-010	2.72709e-010	2.77526e-010	2.83932e-010	2.89866e-010	2.93638e-010	2.93331e-010	2.9022e-010	2.86455e-010	2.84037e-010	2.83566e-010	2.85567e-010	2.8909e-010	2.93005e-010	2.9522e-010	2.96319e-010	2.97371e-010	2.99031e-010	3.00829e-010	3.02515e-010	3.04548e-010	3.07391e-010	3.10091e-010	3.10947e-010	3.10359e-010	3.09849e-010	3.11274e-010	3.12941e-010	3.12307e-010	3.0834e-010	3.0417e-010	3.02582e-010	3.0468e-010	3.05791e-010	3.04556e-010	3.02314e-010	3.02445e-010	3.04889e-010	3.07151e-010	3.08249e-010	3.09236e-010	3.09066e-010	3.08838e-010	3.08589e-010	3.09309e-010	3.0923e-010	3.0723e-010	3.04511e-010	3.02061e-010	3.00695e-010	2.98675e-010	2.95322e-010	2.90434e-010	2.87323e-010	2.85944e-010	2.85767e-010	2.83689e-010	2.80787e-010	2.79735e-010	2.82643e-010	2.87748e-010	2.9316e-010	2.96565e-010	2.99467e-010	3.00801e-010	3.00997e-010	2.98736e-010	2.93311e-010	2.87265e-010	2.84899e-010	2.89063e-010	2.96364e-010	3.01409e-010	3.00403e-010	2.95122e-010	2.89861e-010	2.87279e-010	2.87841e-010	2.89953e-010	2.93561e-010	2.98097e-010	3.01339e-010	3.02881e-010	3.01692e-010	2.98365e-010	2.93241e-010	2.89293e-010	2.87431e-010	2.8615e-010	2.8349e-010	2.79679e-010	2.7415e-010	2.65497e-010	2.49784e-010	2.25615e-010	1.89987e-010	1.45994e-010	1.0138e-010	6.80469e-011	4.91255e-011	4.09557e-011	3.7348e-011	3.6884e-011	3.89952e-011	4.28907e-011	4.76621e-011	5.23942e-011	5.50871e-011	5.58715e-011	5.41069e-011	5.02312e-011	4.41921e-011	3.92184e-011	3.64669e-011	3.64212e-011	3.64279e-011	3.45783e-011	2.95523e-011	2.32648e-011	1.87813e-011	1.63696e-011	1.63174e-011	1.80169e-011	2.16771e-011	2.41609e-011	2.48734e-011	2.38081e-011	2.20501e-011	1.78214e-011	1.22464e-011	8.17461e-012	8.12897e-012	1.09134e-011	1.46455e-011	1.85998e-011	2.39986e-011	2.93909e-011	3.41295e-011	3.56656e-011	3.40251e-011	2.7973e-011	2.18097e-011	1.6934e-011	1.64766e-011	1.79669e-011	2.05487e-011	2.20586e-011	2.30522e-011	2.30849e-011	2.217e-011	1.88303e-011	1.53402e-011	1.2556e-011	1.23012e-011	1.38634e-011	1.75497e-011	2.11773e-011	2.31512e-011	2.27134e-011	2.09946e-011	1.9328e-011	1.90144e-011	1.93283e-011	1.89427e-011	1.82435e-011	1.81979e-011	2.01979e-011	2.22961e-011	2.38713e-011	2.39956e-011	2.40611e-011
