89.8438	89.4515	89.0591	88.6668	88.2745	87.8821	87.4898	87.0975	86.7052	86.3128	85.9205	85.5282	85.1358	84.7435	84.3512	83.9588	83.5665	83.1742	82.7818	82.3895	81.9972	81.6048	81.2125	80.8202	80.4279	80.0355	79.6432	79.2509	78.8585	78.4662	78.0739	77.6815	77.2892	76.8969	76.5045	76.1122	75.7199	75.3276	74.9352	74.5429	74.1506	73.7582	73.3659	72.9736	72.5812	72.1889	71.7966	71.4042	71.0119	70.6196	70.2272	69.8349	69.4426	69.0503	68.6579	68.2656	67.8733	67.4809	67.0886	66.6963	66.3039	65.9116	65.5193	65.1269	64.7346	64.3423	63.95	63.5576	63.1653	62.773	62.3806	61.9883	61.596	61.2036	60.8113	60.419	60.0266	59.6343	59.242	58.8497	58.4573	58.065	57.6727	57.2803	56.888	56.4957	56.1033	55.711	55.3187	54.9263	54.534	54.1417	53.7493	53.357	52.9647	52.5724	52.18	51.7877	51.3954	51.003	50.6107	50.2184	49.826	49.4337	49.0414	48.649	48.2567	47.8644	47.4721	47.0797	46.6874	46.2951	45.9027	45.5104	45.1181	44.7257	44.3334	43.9411	43.5487	43.1564	42.7641	42.3717	41.9794	41.5871	41.1948	40.8024	40.4101	40.0178	39.6254	39.2331	38.8408	38.4484	38.0561	37.6638	37.2714	36.8791	36.4868	36.0945	35.7021	35.3098	34.9175	34.5251	34.1328	33.7405	33.3481	32.9558	32.5635	32.1711	31.7788	31.3865	30.9941	30.6018	30.2095	29.8172	29.4248	29.0325	28.6402	28.2478	27.8555	27.4632	27.0708	26.6785	26.2862	25.8938	25.5015	25.1092	24.7169	24.3245	23.9322	23.5399	23.1475	22.7552	22.3629	21.9705	21.5782	21.1859	20.7935	20.4012	20.0089	19.6166	19.2242	18.8319	18.4396	18.0472	17.6549	17.2626	16.8702	16.4779	16.0856	15.6932	15.3009	14.9086	14.5162	14.1239	13.7316	13.3393	12.9469	12.5546	12.1623	11.7699	11.3776	10.9853	10.5929	10.2006	9.80828	9.41594	9.02361	8.63128	8.23895	7.84662	7.45429	7.06196	6.66963	6.2773	5.88497	5.49263	5.1003	4.70797	4.31564	3.92331	3.53098	3.13865	2.74632	2.35399	1.96166	1.56932	1.17699	0.784662	0.392331	0
0	1.22055e-010	1.13605e-010	1.16209e-010	1.16227e-010	1.02446e-010	7.62962e-011	4.856e-011	5.08032e-011	5.18888e-011	5.27451e-011	5.35864e-011	5.69836e-011	5.63666e-011	5.77342e-011	6.53714e-011	6.5852e-011	6.28182e-011	6.63397e-011	7.14173e-011	7.37661e-011	7.62427e-011	8.07039e-011	8.14366e-011	6.49431e-011	1.12637e-010	1.16967e-010	9.25727e-011	9.05165e-011	8.95165e-011	9.34292e-011	9.18993e-011	9.17827e-011	9.55076e-011	9.39327e-011	9.85559e-011	9.75937e-011	9.83305e-011	8.3198e-011	8.69757e-011	1.04664e-010	1.06484e-010	9.81471e-011	1.14362e-010	9.107e-011	9.0544e-011	1.02358e-010	1.11229e-010	1.09587e-010	9.54318e-011	1.12328e-010	1.05356e-010	1.01797e-010	1.10578e-010	1.10131e-010	1.10955e-010	1.18619e-010	9.67028e-011	6.71299e-011	8.11769e-011	8.07115e-011	8.49446e-011	8.56632e-011	8.7938e-011	8.90552e-011	9.18713e-011	9.19587e-011	9.27451e-011	9.46592e-011	9.65583e-011	9.40861e-011	9.92403e-011	1.01094e-010	1.06861e-010	1.11328e-010	1.05781e-010	1.06361e-010	1.08711e-010	1.1576e-010	1.33935e-010	1.32812e-010	1.24819e-010	1.16382e-010	1.16928e-010	1.24744e-010	1.34473e-010	1.28618e-010	1.2332e-010	1.23006e-010	1.22962e-010	1.23332e-010	1.24115e-010	1.24741e-010	1.25208e-010	1.23376e-010	1.25456e-010	1.26307e-010	1.27643e-010	1.28322e-010	1.27128e-010	1.28491e-010	1.33552e-010	1.29814e-010	1.30346e-010	1.30648e-010	1.3772e-010	1.31351e-010	1.31252e-010	1.35708e-010	1.47362e-010	1.52288e-010	1.54485e-010	1.46384e-010	1.40338e-010	1.38134e-010	1.42056e-010	1.41822e-010	1.445e-010	1.41379e-010	1.42171e-010	1.43805e-010	1.47209e-010	1.47598e-010	1.45259e-010	1.48689e-010	1.48391e-010	1.48649e-010	1.50892e-010	1.50192e-010	1.48548e-010	1.50603e-010	1.51572e-010	1.47812e-010	1.34682e-010	1.34177e-010	1.46512e-010	1.32551e-010	1.2536e-010	1.25867e-010	1.72921e-010	1.24264e-010	1.27725e-010	1.276e-010	1.3603e-010	1.38517e-010	1.3899e-010	1.42233e-010	1.3982e-010	1.37462e-010	1.38589e-010	1.38202e-010	1.35656e-010	1.38381e-010	1.38662e-010	1.39143e-010	1.39109e-010	1.39774e-010	1.42638e-010	1.40344e-010	1.41178e-010	1.41426e-010	1.41516e-010	1.40377e-010	1.39294e-010	1.40696e-010	1.40512e-010	1.47811e-010	1.5481e-010	1.56794e-010	1.59407e-010	1.48149e-010	1.4309e-010	1.40801e-010	1.40068e-010	1.37392e-010	1.42628e-010	1.41565e-010	1.46556e-010	1.42463e-010	1.36213e-010	1.36946e-010	1.35593e-010	1.34368e-010	1.36985e-010	1.38158e-010	1.35459e-010	1.36103e-010	1.3466e-010	1.31202e-010	1.338e-010	1.33455e-010	1.33737e-010	1.36576e-010	1.41613e-010	1.35994e-010	1.32646e-010	1.30497e-010	1.29332e-010	1.26796e-010	1.28744e-010	1.28034e-010	1.27024e-010	1.27498e-010	1.27387e-010	1.27046e-010	1.27404e-010	1.29103e-010	1.38787e-010	1.39029e-010	1.37398e-010	1.27469e-010	1.22595e-010	1.2042e-010	1.18444e-010	1.21809e-010	1.19518e-010	1.19782e-010	1.14604e-010	1.15981e-010	1.30269e-010	1.06478e-010	1.20022e-010	1.19553e-010	1.18213e-010	1.19e-010	1.15487e-010	1.1503e-010	1.16344e-010	1.13e-010	1.13141e-010	1.12552e-010
0.394493	1.06789e-010	9.85479e-011	1.00863e-010	1.00807e-010	8.85247e-011	6.82303e-011	5.38495e-011	5.69515e-011	5.91825e-011	5.96142e-011	6.05319e-011	6.27926e-011	6.31825e-011	6.41298e-011	7.13477e-011	7.17672e-011	6.86733e-011	7.1993e-011	7.70841e-011	7.92332e-011	8.21539e-011	8.69175e-011	8.40257e-011	9.31892e-011	1.12265e-010	1.25686e-010	9.8957e-011	9.59955e-011	9.44484e-011	9.81006e-011	9.63827e-011	9.53651e-011	9.95468e-011	9.77871e-011	1.02227e-010	1.01153e-010	1.01351e-010	8.6824e-011	9.04221e-011	1.08289e-010	1.09717e-010	1.01561e-010	1.1753e-010	9.37065e-011	9.3436e-011	1.05364e-010	1.12992e-010	1.13037e-010	9.81421e-011	1.19155e-010	1.07874e-010	1.03936e-010	1.12552e-010	1.13227e-010	1.12674e-010	1.20106e-010	9.86722e-011	6.87259e-011	8.26862e-011	8.22779e-011	8.61407e-011	8.6633e-011	8.93967e-011	9.06467e-011	9.33824e-011	9.28906e-011	9.37416e-011	9.52929e-011	9.70445e-011	9.44973e-011	9.95061e-011	1.01216e-010	1.04126e-010	1.06736e-010	1.0419e-010	1.05916e-010	1.07984e-010	1.12253e-010	1.25577e-010	1.26104e-010	1.18547e-010	1.14904e-010	1.16104e-010	1.21003e-010	1.2753e-010	1.2276e-010	1.21047e-010	1.22177e-010	1.22007e-010	1.22395e-010	1.23482e-010	1.23914e-010	1.24188e-010	1.21949e-010	1.24409e-010	1.2507e-010	1.26646e-010	1.26636e-010	1.25827e-010	1.27789e-010	1.32879e-010	1.28601e-010	1.2995e-010	1.30356e-010	1.35391e-010	1.28628e-010	1.29493e-010	1.35485e-010	1.50463e-010	1.58713e-010	1.55522e-010	1.46533e-010	1.39387e-010	1.36727e-010	1.40979e-010	1.40719e-010	1.42801e-010	1.39584e-010	1.39996e-010	1.42108e-010	1.45205e-010	1.45718e-010	1.43218e-010	1.46131e-010	1.46387e-010	1.46701e-010	1.48573e-010	1.48288e-010	1.46346e-010	1.4889e-010	1.50277e-010	1.45223e-010	1.32727e-010	1.32073e-010	1.42974e-010	1.29294e-010	1.23884e-010	1.23246e-010	1.70227e-010	1.21284e-010	1.25317e-010	1.25622e-010	1.33698e-010	1.35618e-010	1.3481e-010	1.37059e-010	1.36366e-010	1.35445e-010	1.36724e-010	1.36061e-010	1.33099e-010	1.36407e-010	1.36987e-010	1.37482e-010	1.37606e-010	1.38859e-010	1.40884e-010	1.36681e-010	1.39034e-010	1.39375e-010	1.39629e-010	1.39084e-010	1.37811e-010	1.39095e-010	1.3908e-010	1.45407e-010	1.50291e-010	1.59804e-010	1.60161e-010	1.46436e-010	1.41695e-010	1.39725e-010	1.38598e-010	1.3503e-010	1.40945e-010	1.38991e-010	1.41951e-010	1.38683e-010	1.34545e-010	1.35891e-010	1.34796e-010	1.33187e-010	1.35777e-010	1.37425e-010	1.34846e-010	1.3518e-010	1.33715e-010	1.30237e-010	1.33029e-010	1.32737e-010	1.32573e-010	1.33681e-010	1.36061e-010	1.31713e-010	1.30994e-010	1.29832e-010	1.28514e-010	1.26396e-010	1.2862e-010	1.27903e-010	1.27314e-010	1.27426e-010	1.27523e-010	1.26607e-010	1.26962e-010	1.29875e-010	1.38915e-010	1.43799e-010	1.41528e-010	1.28459e-010	1.23303e-010	1.20775e-010	1.18805e-010	1.21606e-010	1.19894e-010	1.21024e-010	1.15713e-010	1.18173e-010	1.31545e-010	1.07981e-010	1.21254e-010	1.21586e-010	1.19477e-010	1.20496e-010	1.15573e-010	1.17136e-010	1.17613e-010	1.13934e-010	1.15383e-010	1.14318e-010
0.788986	9.58628e-011	8.88468e-011	9.07452e-011	9.05602e-011	8.10072e-011	6.84424e-011	6.25067e-011	6.57712e-011	6.78092e-011	6.86921e-011	7.00624e-011	7.13489e-011	7.13374e-011	7.25275e-011	7.97041e-011	8.05123e-011	7.68088e-011	7.9806e-011	8.47903e-011	8.71198e-011	8.97225e-011	9.48837e-011	7.92506e-011	1.17595e-010	1.04722e-010	1.2226e-010	1.05077e-010	1.02237e-010	9.96692e-011	1.03302e-010	1.01996e-010	1.00819e-010	1.04844e-010	1.03357e-010	1.07285e-010	1.06201e-010	1.06177e-010	9.15708e-011	9.51634e-011	1.12527e-010	1.14023e-010	1.08937e-010	1.22407e-010	9.75855e-011	9.7247e-011	1.09251e-010	1.14244e-010	1.16153e-010	1.01982e-010	1.25005e-010	1.10951e-010	1.06669e-010	1.1473e-010	1.15922e-010	1.14959e-010	1.22268e-010	1.01069e-010	7.05743e-011	8.49158e-011	8.43191e-011	8.79235e-011	8.85874e-011	9.09528e-011	9.23059e-011	9.52891e-011	9.39035e-011	9.51479e-011	9.64512e-011	9.78135e-011	9.4807e-011	9.96437e-011	1.01111e-010	1.02995e-010	1.05224e-010	1.0394e-010	1.05644e-010	1.07335e-010	1.10442e-010	1.20107e-010	1.18833e-010	1.14118e-010	1.13604e-010	1.15078e-010	1.1761e-010	1.21559e-010	1.19067e-010	1.19277e-010	1.21045e-010	1.21016e-010	1.21045e-010	1.21705e-010	1.22638e-010	1.22773e-010	1.20468e-010	1.22506e-010	1.23747e-010	1.25117e-010	1.25618e-010	1.25322e-010	1.28726e-010	1.34332e-010	1.28642e-010	1.33151e-010	1.33864e-010	1.38063e-010	1.27252e-010	1.26499e-010	1.31303e-010	1.44022e-010	1.55944e-010	1.47499e-010	1.42113e-010	1.37428e-010	1.35873e-010	1.42233e-010	1.39725e-010	1.4049e-010	1.371e-010	1.37554e-010	1.39281e-010	1.42709e-010	1.42412e-010	1.40531e-010	1.43493e-010	1.43587e-010	1.43811e-010	1.46022e-010	1.45579e-010	1.43694e-010	1.46154e-010	1.47458e-010	1.41109e-010	1.29891e-010	1.28872e-010	1.39982e-010	1.2587e-010	1.20887e-010	1.20176e-010	1.67515e-010	1.17645e-010	1.23324e-010	1.23064e-010	1.3086e-010	1.32217e-010	1.31133e-010	1.32751e-010	1.3357e-010	1.32449e-010	1.33958e-010	1.33312e-010	1.30011e-010	1.33768e-010	1.34727e-010	1.35745e-010	1.3875e-010	1.40243e-010	1.40652e-010	1.33908e-010	1.36435e-010	1.36949e-010	1.37166e-010	1.36942e-010	1.36491e-010	1.36885e-010	1.36694e-010	1.41491e-010	1.44347e-010	1.5676e-010	1.54377e-010	1.42555e-010	1.39791e-010	1.37943e-010	1.36796e-010	1.33066e-010	1.38964e-010	1.36566e-010	1.38726e-010	1.36088e-010	1.32653e-010	1.34847e-010	1.33029e-010	1.31985e-010	1.34784e-010	1.365e-010	1.3399e-010	1.34109e-010	1.32717e-010	1.29598e-010	1.3168e-010	1.3225e-010	1.31736e-010	1.31995e-010	1.33027e-010	1.29691e-010	1.29627e-010	1.29408e-010	1.28105e-010	1.26147e-010	1.28319e-010	1.27978e-010	1.2784e-010	1.28332e-010	1.29025e-010	1.28207e-010	1.27233e-010	1.27746e-010	1.36531e-010	1.47589e-010	1.40995e-010	1.27247e-010	1.23842e-010	1.21638e-010	1.19993e-010	1.22763e-010	1.21237e-010	1.22482e-010	1.1736e-010	1.20223e-010	1.34287e-010	1.10273e-010	1.24454e-010	1.23269e-010	1.21571e-010	1.22931e-010	1.17709e-010	1.20187e-010	1.20082e-010	1.16536e-010	1.18763e-010	1.17763e-010
1.18348	8.80744e-011	8.29797e-011	8.51585e-011	8.4827e-011	7.89857e-011	7.32051e-011	7.18414e-011	7.42519e-011	7.60803e-011	7.7041e-011	7.9062e-011	7.92869e-011	7.97153e-011	8.10612e-011	8.76097e-011	8.82914e-011	8.43916e-011	8.76226e-011	9.21997e-011	9.848e-011	9.63938e-011	1.01081e-010	8.00486e-011	1.28635e-010	1.23149e-010	1.28222e-010	1.12145e-010	1.08055e-010	1.04883e-010	1.08484e-010	1.07076e-010	1.06014e-010	1.10083e-010	1.07856e-010	1.12118e-010	1.10441e-010	1.10325e-010	9.60571e-011	9.93471e-011	1.16267e-010	1.17893e-010	1.15294e-010	1.25611e-010	1.00995e-010	1.00221e-010	1.12862e-010	1.18065e-010	1.19759e-010	1.05515e-010	1.29254e-010	1.13347e-010	1.08784e-010	1.15136e-010	1.17907e-010	1.16954e-010	1.23917e-010	1.0266e-010	7.18222e-011	8.58229e-011	8.56725e-011	8.88679e-011	8.96957e-011	9.18697e-011	9.31758e-011	9.58995e-011	9.41847e-011	9.53156e-011	9.68643e-011	9.80451e-011	9.49301e-011	9.90888e-011	1.00451e-010	1.01875e-010	1.03716e-010	1.03332e-010	1.04794e-010	1.06317e-010	1.08472e-010	1.14401e-010	1.13963e-010	1.12158e-010	1.12056e-010	1.13228e-010	1.1439e-010	1.16541e-010	1.15967e-010	1.17168e-010	1.18358e-010	1.18823e-010	1.18777e-010	1.1922e-010	1.2001e-010	1.20575e-010	1.18058e-010	1.20243e-010	1.21561e-010	1.2294e-010	1.25593e-010	1.31592e-010	1.34366e-010	1.40843e-010	1.28099e-010	1.34983e-010	1.38214e-010	1.39078e-010	1.27004e-010	1.23276e-010	1.2675e-010	1.35426e-010	1.45234e-010	1.38534e-010	1.36608e-010	1.38385e-010	1.39937e-010	1.4862e-010	1.41724e-010	1.37387e-010	1.34111e-010	1.34538e-010	1.3574e-010	1.39002e-010	1.38968e-010	1.3678e-010	1.39938e-010	1.39301e-010	1.40152e-010	1.42349e-010	1.41965e-010	1.39998e-010	1.42377e-010	1.43675e-010	1.38891e-010	1.25954e-010	1.25077e-010	1.37757e-010	1.23432e-010	1.17237e-010	1.16316e-010	1.62876e-010	1.15799e-010	1.19916e-010	1.20023e-010	1.27547e-010	1.28346e-010	1.27136e-010	1.28342e-010	1.30538e-010	1.28152e-010	1.30326e-010	1.29776e-010	1.26644e-010	1.30571e-010	1.32702e-010	1.38678e-010	1.45072e-010	1.45243e-010	1.45759e-010	1.32053e-010	1.33905e-010	1.33675e-010	1.3422e-010	1.33826e-010	1.33849e-010	1.34219e-010	1.33864e-010	1.37854e-010	1.39691e-010	1.47516e-010	1.4676e-010	1.37995e-010	1.37218e-010	1.35216e-010	1.34417e-010	1.3068e-010	1.36929e-010	1.3417e-010	1.35971e-010	1.3319e-010	1.30826e-010	1.33023e-010	1.31067e-010	1.30242e-010	1.33335e-010	1.3506e-010	1.32703e-010	1.33406e-010	1.31528e-010	1.28496e-010	1.30524e-010	1.30828e-010	1.3062e-010	1.30473e-010	1.30887e-010	1.27862e-010	1.28397e-010	1.28849e-010	1.27792e-010	1.25723e-010	1.28e-010	1.28053e-010	1.2838e-010	1.30625e-010	1.34287e-010	1.32154e-010	1.28796e-010	1.26855e-010	1.3326e-010	1.41581e-010	1.36609e-010	1.26198e-010	1.24775e-010	1.2327e-010	1.21468e-010	1.2444e-010	1.22759e-010	1.23996e-010	1.19223e-010	1.21866e-010	1.37282e-010	1.12552e-010	1.27804e-010	1.25762e-010	1.24209e-010	1.25217e-010	1.20643e-010	1.23771e-010	1.21604e-010	1.21997e-010	1.22522e-010	1.21893e-010
1.57797	8.52003e-011	8.28149e-011	8.44197e-011	8.41585e-011	8.21027e-011	8.0752e-011	8.09632e-011	8.24507e-011	8.42862e-011	8.55412e-011	8.62871e-011	8.79523e-011	8.79658e-011	8.8827e-011	9.52496e-011	9.55212e-011	9.12845e-011	9.43945e-011	9.92807e-011	1.06657e-010	1.03241e-010	1.071e-010	9.44526e-011	1.31644e-010	1.33405e-010	1.50796e-010	1.21686e-010	1.1385e-010	1.10646e-010	1.13789e-010	1.12066e-010	1.10834e-010	1.14878e-010	1.12128e-010	1.16654e-010	1.14529e-010	1.14822e-010	9.96809e-011	1.03598e-010	1.2029e-010	1.21833e-010	1.17938e-010	1.28604e-010	1.04266e-010	1.02701e-010	1.16624e-010	1.20183e-010	1.22447e-010	1.08204e-010	1.32803e-010	1.15972e-010	1.10558e-010	1.15989e-010	1.20055e-010	1.18399e-010	1.25588e-010	1.03846e-010	7.32384e-011	8.68281e-011	8.6554e-011	8.95559e-011	9.03348e-011	9.26042e-011	9.35076e-011	9.56158e-011	9.4287e-011	9.51629e-011	9.68867e-011	9.78871e-011	9.47363e-011	9.90035e-011	9.96194e-011	1.00655e-010	1.02395e-010	1.0234e-010	1.04205e-010	1.05204e-010	1.07407e-010	1.11887e-010	1.12501e-010	1.12677e-010	1.11273e-010	1.11289e-010	1.11723e-010	1.12934e-010	1.1335e-010	1.14686e-010	1.15727e-010	1.16544e-010	1.16138e-010	1.16651e-010	1.17298e-010	1.18008e-010	1.15708e-010	1.17899e-010	1.18795e-010	1.20896e-010	1.29058e-010	1.40782e-010	1.41641e-010	1.45634e-010	1.2655e-010	1.30595e-010	1.3706e-010	1.34231e-010	1.23681e-010	1.21191e-010	1.23406e-010	1.2911e-010	1.35663e-010	1.29923e-010	1.32743e-010	1.43125e-010	1.48498e-010	1.5379e-010	1.44362e-010	1.34282e-010	1.30692e-010	1.30878e-010	1.32125e-010	1.35006e-010	1.35521e-010	1.32956e-010	1.3631e-010	1.35583e-010	1.36276e-010	1.3796e-010	1.3842e-010	1.36585e-010	1.38527e-010	1.39531e-010	1.34527e-010	1.20373e-010	1.21207e-010	1.34886e-010	1.20061e-010	1.13512e-010	1.12095e-010	1.59732e-010	1.14662e-010	1.16574e-010	1.17834e-010	1.24513e-010	1.25041e-010	1.23417e-010	1.24141e-010	1.2707e-010	1.24205e-010	1.26258e-010	1.26231e-010	1.23196e-010	1.27721e-010	1.3038e-010	1.38744e-010	1.43313e-010	1.46231e-010	1.48425e-010	1.30114e-010	1.30647e-010	1.30172e-010	1.30615e-010	1.3055e-010	1.31618e-010	1.31463e-010	1.30942e-010	1.34268e-010	1.35156e-010	1.37893e-010	1.39191e-010	1.3384e-010	1.33763e-010	1.32606e-010	1.3144e-010	1.28266e-010	1.34652e-010	1.31887e-010	1.3347e-010	1.3083e-010	1.28323e-010	1.30878e-010	1.29282e-010	1.28677e-010	1.3149e-010	1.33437e-010	1.31018e-010	1.31376e-010	1.29939e-010	1.27065e-010	1.29109e-010	1.29715e-010	1.29456e-010	1.29044e-010	1.29267e-010	1.26052e-010	1.27255e-010	1.28021e-010	1.27135e-010	1.25169e-010	1.27622e-010	1.27994e-010	1.30428e-010	1.40566e-010	1.42196e-010	1.40318e-010	1.35003e-010	1.26393e-010	1.30343e-010	1.3507e-010	1.32432e-010	1.25428e-010	1.25271e-010	1.24462e-010	1.23073e-010	1.26031e-010	1.24195e-010	1.2542e-010	1.20781e-010	1.24773e-010	1.39754e-010	1.14591e-010	1.30554e-010	1.28154e-010	1.27744e-010	1.25754e-010	1.23683e-010	1.2696e-010	1.24014e-010	1.2463e-010	1.26093e-010	1.25334e-010
1.97247	8.77109e-011	8.74109e-011	8.87458e-011	8.85018e-011	8.81074e-011	8.9205e-011	8.94379e-011	9.0663e-011	9.27373e-011	9.37328e-011	9.54347e-011	9.63434e-011	9.61731e-011	9.65665e-011	1.0288e-010	1.02615e-010	9.83434e-011	1.01206e-010	1.06131e-010	1.1312e-010	1.09103e-010	1.13577e-010	1.0926e-010	1.31429e-010	1.31738e-010	1.54393e-010	1.26477e-010	1.19264e-010	1.16686e-010	1.19813e-010	1.17291e-010	1.15975e-010	1.1965e-010	1.1689e-010	1.21122e-010	1.19061e-010	1.19135e-010	1.04061e-010	1.0769e-010	1.24166e-010	1.25638e-010	1.20674e-010	1.31129e-010	1.07725e-010	1.05238e-010	1.24739e-010	1.24236e-010	1.26154e-010	1.11138e-010	1.36465e-010	1.18363e-010	1.12894e-010	1.18058e-010	1.22501e-010	1.19651e-010	1.27649e-010	1.05788e-010	7.52057e-011	8.86795e-011	8.80768e-011	9.07516e-011	9.1419e-011	9.32214e-011	9.42305e-011	9.62318e-011	9.47974e-011	9.57121e-011	9.71904e-011	9.81612e-011	9.49107e-011	9.89369e-011	9.96704e-011	1.00325e-010	1.01971e-010	1.02324e-010	1.04813e-010	1.07436e-010	1.07695e-010	1.12445e-010	1.14402e-010	1.1421e-010	1.10796e-010	1.10088e-010	1.10015e-010	1.1072e-010	1.11417e-010	1.12964e-010	1.13931e-010	1.14249e-010	1.14272e-010	1.14717e-010	1.15511e-010	1.16155e-010	1.13648e-010	1.16062e-010	1.17254e-010	1.18795e-010	1.25827e-010	1.40779e-010	1.41298e-010	1.40309e-010	1.23958e-010	1.25167e-010	1.30868e-010	1.29634e-010	1.21322e-010	1.20644e-010	1.21387e-010	1.24264e-010	1.28348e-010	1.24568e-010	1.28708e-010	1.39267e-010	1.50105e-010	1.49508e-010	1.39905e-010	1.32009e-010	1.2789e-010	1.27905e-010	1.28984e-010	1.31983e-010	1.32047e-010	1.29818e-010	1.33294e-010	1.32478e-010	1.33153e-010	1.34535e-010	1.3491e-010	1.33349e-010	1.35636e-010	1.36274e-010	1.31833e-010	1.17029e-010	1.18857e-010	1.31248e-010	1.17206e-010	1.10656e-010	1.09525e-010	1.5645e-010	1.13455e-010	1.168e-010	1.18567e-010	1.24754e-010	1.22649e-010	1.20179e-010	1.20773e-010	1.24287e-010	1.21366e-010	1.22936e-010	1.23213e-010	1.20554e-010	1.24744e-010	1.2714e-010	1.32814e-010	1.40195e-010	1.48281e-010	1.43363e-010	1.27081e-010	1.27646e-010	1.28061e-010	1.28254e-010	1.28153e-010	1.30472e-010	1.31285e-010	1.29875e-010	1.31387e-010	1.31462e-010	1.31386e-010	1.34088e-010	1.30927e-010	1.32042e-010	1.29936e-010	1.29037e-010	1.26273e-010	1.32429e-010	1.30363e-010	1.31719e-010	1.2921e-010	1.2655e-010	1.29239e-010	1.27993e-010	1.26881e-010	1.3069e-010	1.32491e-010	1.295e-010	1.29715e-010	1.28422e-010	1.25979e-010	1.28314e-010	1.28926e-010	1.28674e-010	1.28129e-010	1.28004e-010	1.25158e-010	1.26589e-010	1.27584e-010	1.26857e-010	1.24623e-010	1.27523e-010	1.27988e-010	1.3123e-010	1.41177e-010	1.45903e-010	1.4448e-010	1.37693e-010	1.26256e-010	1.28666e-010	1.29926e-010	1.29821e-010	1.25353e-010	1.2509e-010	1.25676e-010	1.25469e-010	1.27754e-010	1.26961e-010	1.27231e-010	1.2278e-010	1.26677e-010	1.41635e-010	1.16665e-010	1.33965e-010	1.30332e-010	1.30548e-010	1.27757e-010	1.26173e-010	1.29794e-010	1.28623e-010	1.26944e-010	1.29256e-010	1.28705e-010
2.36696	9.3292e-011	9.37393e-011	9.4823e-011	9.53291e-011	9.58287e-011	9.71076e-011	9.75945e-011	9.88606e-011	1.00406e-010	1.01945e-010	1.02549e-010	1.03361e-010	1.03525e-010	1.03895e-010	1.09902e-010	1.09689e-010	1.0547e-010	1.07886e-010	1.12868e-010	1.15985e-010	1.14955e-010	1.18917e-010	1.16945e-010	1.24965e-010	1.25981e-010	1.45771e-010	1.27777e-010	1.23703e-010	1.21907e-010	1.25318e-010	1.22153e-010	1.21052e-010	1.24088e-010	1.21475e-010	1.25854e-010	1.23585e-010	1.24024e-010	1.08459e-010	1.11527e-010	1.28444e-010	1.29928e-010	1.2605e-010	1.34735e-010	1.11776e-010	1.09165e-010	1.31613e-010	1.27418e-010	1.29143e-010	1.14223e-010	1.39788e-010	1.2057e-010	1.15414e-010	1.20107e-010	1.24294e-010	1.21476e-010	1.29864e-010	1.07608e-010	7.72756e-011	9.0429e-011	9.00785e-011	9.21498e-011	9.27149e-011	9.42021e-011	9.46117e-011	9.68717e-011	9.54832e-011	9.67307e-011	9.84003e-011	9.86352e-011	9.54358e-011	9.93716e-011	1.0023e-010	1.00511e-010	1.02571e-010	1.07124e-010	1.10457e-010	1.15925e-010	1.08176e-010	1.12204e-010	1.14297e-010	1.1267e-010	1.09108e-010	1.09111e-010	1.09179e-010	1.09455e-010	1.10082e-010	1.1163e-010	1.12673e-010	1.13137e-010	1.12596e-010	1.12762e-010	1.13993e-010	1.14718e-010	1.12151e-010	1.14577e-010	1.15569e-010	1.16554e-010	1.2096e-010	1.3343e-010	1.35182e-010	1.32285e-010	1.20669e-010	1.21759e-010	1.25413e-010	1.25419e-010	1.19133e-010	1.19126e-010	1.19399e-010	1.20593e-010	1.22923e-010	1.21105e-010	1.25137e-010	1.32162e-010	1.41609e-010	1.41551e-010	1.33059e-010	1.28989e-010	1.25484e-010	1.25187e-010	1.26382e-010	1.29428e-010	1.29468e-010	1.27074e-010	1.30744e-010	1.29908e-010	1.3078e-010	1.31645e-010	1.3179e-010	1.305e-010	1.32989e-010	1.33758e-010	1.29378e-010	1.16136e-010	1.15886e-010	1.26913e-010	1.14723e-010	1.07812e-010	1.06822e-010	1.55031e-010	1.14535e-010	1.20025e-010	1.20866e-010	1.30985e-010	1.21958e-010	1.17853e-010	1.17955e-010	1.21763e-010	1.18639e-010	1.19864e-010	1.20154e-010	1.18082e-010	1.21644e-010	1.2463e-010	1.2718e-010	1.33509e-010	1.40045e-010	1.36078e-010	1.23534e-010	1.24553e-010	1.25494e-010	1.26e-010	1.26714e-010	1.36705e-010	1.36049e-010	1.29888e-010	1.29148e-010	1.28331e-010	1.27364e-010	1.3089e-010	1.28625e-010	1.30353e-010	1.28146e-010	1.27148e-010	1.245e-010	1.30416e-010	1.28398e-010	1.30159e-010	1.27772e-010	1.25378e-010	1.27763e-010	1.26999e-010	1.258e-010	1.29023e-010	1.31596e-010	1.28307e-010	1.28511e-010	1.27281e-010	1.24615e-010	1.27442e-010	1.27978e-010	1.27579e-010	1.27173e-010	1.26619e-010	1.24558e-010	1.26419e-010	1.26987e-010	1.26407e-010	1.24035e-010	1.26727e-010	1.27414e-010	1.29593e-010	1.3698e-010	1.48359e-010	1.44949e-010	1.34605e-010	1.25684e-010	1.27682e-010	1.27175e-010	1.26875e-010	1.26212e-010	1.26471e-010	1.26938e-010	1.27756e-010	1.33281e-010	1.32514e-010	1.30813e-010	1.24678e-010	1.28178e-010	1.42669e-010	1.18161e-010	1.35996e-010	1.32043e-010	1.32583e-010	1.31474e-010	1.28715e-010	1.32164e-010	1.32178e-010	1.2883e-010	1.32188e-010	1.31398e-010
2.76145	9.93406e-011	9.99211e-011	1.00782e-010	1.01281e-010	1.02345e-010	1.03476e-010	1.0403e-010	1.05222e-010	1.07622e-010	1.08589e-010	1.08765e-010	1.10007e-010	1.09316e-010	1.10262e-010	1.15701e-010	1.15065e-010	1.11068e-010	1.13564e-010	1.18197e-010	1.19611e-010	1.19591e-010	1.23637e-010	1.21607e-010	1.25357e-010	1.2653e-010	1.37982e-010	1.28861e-010	1.27162e-010	1.26172e-010	1.29319e-010	1.26319e-010	1.25313e-010	1.27729e-010	1.25213e-010	1.29333e-010	1.26878e-010	1.2706e-010	1.1181e-010	1.14624e-010	1.31287e-010	1.32519e-010	1.30103e-010	1.37466e-010	1.14973e-010	1.12613e-010	1.36814e-010	1.30301e-010	1.31925e-010	1.1676e-010	1.4094e-010	1.22695e-010	1.19084e-010	1.21752e-010	1.25772e-010	1.23359e-010	1.31654e-010	1.09163e-010	7.80965e-011	9.16598e-011	9.0649e-011	9.33466e-011	9.34679e-011	9.50123e-011	9.50516e-011	9.69425e-011	9.56859e-011	9.68521e-011	9.85844e-011	9.88116e-011	9.59627e-011	9.97502e-011	9.98902e-011	1.00811e-010	1.05939e-010	1.17561e-010	1.21751e-010	1.23293e-010	1.11261e-010	1.09507e-010	1.11176e-010	1.09769e-010	1.07285e-010	1.07867e-010	1.08301e-010	1.08515e-010	1.08938e-010	1.1007e-010	1.1134e-010	1.11676e-010	1.11364e-010	1.11118e-010	1.12438e-010	1.1361e-010	1.10778e-010	1.12939e-010	1.13809e-010	1.1496e-010	1.17106e-010	1.25816e-010	1.26094e-010	1.25438e-010	1.17707e-010	1.18469e-010	1.2044e-010	1.21763e-010	1.16939e-010	1.16752e-010	1.17202e-010	1.17432e-010	1.19086e-010	1.1852e-010	1.22092e-010	1.268e-010	1.32075e-010	1.32417e-010	1.27183e-010	1.26014e-010	1.22984e-010	1.2259e-010	1.23763e-010	1.27072e-010	1.27163e-010	1.2482e-010	1.28471e-010	1.2726e-010	1.28044e-010	1.29465e-010	1.29095e-010	1.28078e-010	1.30269e-010	1.3424e-010	1.29136e-010	1.18027e-010	1.13413e-010	1.2529e-010	1.12023e-010	1.05108e-010	1.04257e-010	1.5232e-010	1.12252e-010	1.23455e-010	1.22297e-010	1.31918e-010	1.2068e-010	1.15222e-010	1.15686e-010	1.19216e-010	1.16241e-010	1.17189e-010	1.18275e-010	1.15713e-010	1.18859e-010	1.20929e-010	1.22564e-010	1.26052e-010	1.30891e-010	1.2894e-010	1.20557e-010	1.2188e-010	1.23342e-010	1.24298e-010	1.30605e-010	1.36692e-010	1.39418e-010	1.36068e-010	1.28143e-010	1.25853e-010	1.24559e-010	1.28615e-010	1.26524e-010	1.28285e-010	1.25969e-010	1.2572e-010	1.23036e-010	1.28918e-010	1.2651e-010	1.28881e-010	1.2682e-010	1.23896e-010	1.26823e-010	1.25603e-010	1.23877e-010	1.27645e-010	1.29909e-010	1.2731e-010	1.27278e-010	1.26526e-010	1.23697e-010	1.26648e-010	1.26666e-010	1.25893e-010	1.26471e-010	1.25759e-010	1.24613e-010	1.26032e-010	1.26376e-010	1.25499e-010	1.23404e-010	1.25945e-010	1.26196e-010	1.27441e-010	1.32608e-010	1.4277e-010	1.39357e-010	1.3094e-010	1.24875e-010	1.26802e-010	1.26225e-010	1.24643e-010	1.26483e-010	1.2689e-010	1.29077e-010	1.36901e-010	1.43505e-010	1.41463e-010	1.39558e-010	1.26864e-010	1.30305e-010	1.43381e-010	1.19459e-010	1.36025e-010	1.33303e-010	1.34075e-010	1.31914e-010	1.30247e-010	1.34074e-010	1.33968e-010	1.30286e-010	1.33383e-010	1.33404e-010
3.15594	1.04073e-010	1.04612e-010	1.05361e-010	1.06748e-010	1.07131e-010	1.07938e-010	1.08311e-010	1.09466e-010	1.12831e-010	1.13191e-010	1.13762e-010	1.14327e-010	1.1346e-010	1.14517e-010	1.20069e-010	1.19331e-010	1.1509e-010	1.17629e-010	1.21948e-010	1.22764e-010	1.23076e-010	1.27025e-010	1.25256e-010	1.26269e-010	1.27633e-010	1.33422e-010	1.29207e-010	1.29773e-010	1.29406e-010	1.32463e-010	1.29801e-010	1.28493e-010	1.30608e-010	1.27862e-010	1.31896e-010	1.29569e-010	1.30381e-010	1.14262e-010	1.17064e-010	1.34645e-010	1.35582e-010	1.33157e-010	1.40012e-010	1.17368e-010	1.1643e-010	1.41054e-010	1.31823e-010	1.34513e-010	1.18346e-010	1.42809e-010	1.23919e-010	1.21593e-010	1.23333e-010	1.27211e-010	1.24657e-010	1.32954e-010	1.10252e-010	7.91896e-011	9.26863e-011	9.10386e-011	9.37427e-011	9.40142e-011	9.54239e-011	9.58293e-011	9.75158e-011	9.64125e-011	9.70903e-011	9.86205e-011	9.90751e-011	9.65257e-011	1.00256e-010	1.00483e-010	1.01134e-010	1.04852e-010	1.13635e-010	1.24985e-010	1.19905e-010	1.10893e-010	1.07232e-010	1.0828e-010	1.07896e-010	1.06293e-010	1.07113e-010	1.07572e-010	1.07813e-010	1.07834e-010	1.08994e-010	1.10293e-010	1.10587e-010	1.10519e-010	1.10161e-010	1.11299e-010	1.12146e-010	1.09847e-010	1.11757e-010	1.12305e-010	1.13421e-010	1.14889e-010	1.1978e-010	1.19668e-010	1.2098e-010	1.15288e-010	1.15877e-010	1.17104e-010	1.19683e-010	1.15474e-010	1.15116e-010	1.15825e-010	1.15959e-010	1.17016e-010	1.16855e-010	1.20046e-010	1.23161e-010	1.25057e-010	1.26449e-010	1.23338e-010	1.23578e-010	1.21029e-010	1.21047e-010	1.21845e-010	1.25353e-010	1.25429e-010	1.22786e-010	1.26566e-010	1.25485e-010	1.26114e-010	1.27024e-010	1.27573e-010	1.26617e-010	1.32656e-010	1.44689e-010	1.32865e-010	1.18537e-010	1.11489e-010	1.2279e-010	1.10377e-010	1.03315e-010	1.02105e-010	1.49811e-010	1.08456e-010	1.2273e-010	1.19074e-010	1.26198e-010	1.17819e-010	1.13722e-010	1.1419e-010	1.17653e-010	1.14399e-010	1.1514e-010	1.1609e-010	1.13894e-010	1.16907e-010	1.18272e-010	1.18848e-010	1.20204e-010	1.23485e-010	1.23761e-010	1.18391e-010	1.20016e-010	1.21993e-010	1.23894e-010	1.32433e-010	1.31754e-010	1.4364e-010	1.35168e-010	1.26978e-010	1.24282e-010	1.23081e-010	1.27446e-010	1.24951e-010	1.26879e-010	1.24374e-010	1.24365e-010	1.22352e-010	1.27976e-010	1.25597e-010	1.28212e-010	1.26181e-010	1.23003e-010	1.2582e-010	1.24704e-010	1.22226e-010	1.26815e-010	1.29113e-010	1.26551e-010	1.26841e-010	1.25984e-010	1.22766e-010	1.25971e-010	1.25957e-010	1.25154e-010	1.2556e-010	1.25533e-010	1.25002e-010	1.25823e-010	1.25854e-010	1.2481e-010	1.2319e-010	1.25493e-010	1.25863e-010	1.26087e-010	1.29233e-010	1.35589e-010	1.33371e-010	1.28649e-010	1.24208e-010	1.26404e-010	1.25953e-010	1.23641e-010	1.26609e-010	1.27145e-010	1.30176e-010	1.39701e-010	1.46793e-010	1.47311e-010	1.43897e-010	1.28694e-010	1.31913e-010	1.45553e-010	1.22481e-010	1.39041e-010	1.34814e-010	1.35225e-010	1.31775e-010	1.31248e-010	1.34931e-010	1.35324e-010	1.31713e-010	1.3324e-010	1.35619e-010
3.55044	1.06345e-010	1.07317e-010	1.08285e-010	1.09749e-010	1.10494e-010	1.10665e-010	1.10474e-010	1.12065e-010	1.15366e-010	1.15663e-010	1.1667e-010	1.1696e-010	1.16102e-010	1.16812e-010	1.22446e-010	1.21434e-010	1.17347e-010	1.19969e-010	1.24015e-010	1.24487e-010	1.26311e-010	1.28703e-010	1.27306e-010	1.27548e-010	1.28428e-010	1.31589e-010	1.29962e-010	1.31973e-010	1.34837e-010	1.38697e-010	1.32697e-010	1.30621e-010	1.32184e-010	1.29672e-010	1.33226e-010	1.31063e-010	1.31252e-010	1.15727e-010	1.18051e-010	1.35368e-010	1.36827e-010	1.34855e-010	1.40948e-010	1.17757e-010	1.19557e-010	1.45563e-010	1.3293e-010	1.36861e-010	1.19077e-010	1.43782e-010	1.24848e-010	1.22978e-010	1.24532e-010	1.28153e-010	1.26057e-010	1.33741e-010	1.11355e-010	8.01099e-011	9.30666e-011	9.13078e-011	9.46869e-011	9.47055e-011	9.62198e-011	9.60161e-011	9.85223e-011	9.67395e-011	9.72381e-011	9.88753e-011	9.95801e-011	9.69244e-011	1.00692e-010	1.00671e-010	1.01217e-010	1.03687e-010	1.07796e-010	1.22685e-010	1.13288e-010	1.08815e-010	1.06766e-010	1.06927e-010	1.0837e-010	1.06952e-010	1.07458e-010	1.07174e-010	1.07387e-010	1.07453e-010	1.083e-010	1.09715e-010	1.09697e-010	1.09318e-010	1.0965e-010	1.10406e-010	1.11229e-010	1.09192e-010	1.1115e-010	1.1139e-010	1.12412e-010	1.13644e-010	1.15015e-010	1.15167e-010	1.18315e-010	1.13747e-010	1.14316e-010	1.15453e-010	1.18799e-010	1.14786e-010	1.14125e-010	1.14817e-010	1.14791e-010	1.15618e-010	1.15727e-010	1.19046e-010	1.20718e-010	1.19887e-010	1.24122e-010	1.20854e-010	1.22439e-010	1.19806e-010	1.19526e-010	1.2117e-010	1.2381e-010	1.24018e-010	1.21294e-010	1.25422e-010	1.24261e-010	1.24738e-010	1.25997e-010	1.26395e-010	1.25861e-010	1.34964e-010	1.50562e-010	1.38304e-010	1.18257e-010	1.10204e-010	1.20859e-010	1.07656e-010	1.02162e-010	1.00592e-010	1.45724e-010	1.05868e-010	1.19426e-010	1.15626e-010	1.19464e-010	1.15228e-010	1.12344e-010	1.13099e-010	1.16778e-010	1.13383e-010	1.14198e-010	1.1458e-010	1.12458e-010	1.15546e-010	1.16487e-010	1.17067e-010	1.16858e-010	1.19073e-010	1.20926e-010	1.1742e-010	1.18694e-010	1.20679e-010	1.22588e-010	1.28778e-010	1.26537e-010	1.39361e-010	1.30185e-010	1.25218e-010	1.23319e-010	1.22272e-010	1.24721e-010	1.23737e-010	1.26035e-010	1.23687e-010	1.23692e-010	1.21835e-010	1.27331e-010	1.25181e-010	1.28026e-010	1.2594e-010	1.22421e-010	1.25326e-010	1.24013e-010	1.20625e-010	1.26303e-010	1.28835e-010	1.26006e-010	1.26459e-010	1.25408e-010	1.21996e-010	1.25579e-010	1.25302e-010	1.24735e-010	1.25163e-010	1.25231e-010	1.24938e-010	1.25354e-010	1.24982e-010	1.2439e-010	1.22939e-010	1.24839e-010	1.2545e-010	1.25343e-010	1.26875e-010	1.29973e-010	1.28712e-010	1.27017e-010	1.2382e-010	1.25831e-010	1.25553e-010	1.23558e-010	1.26414e-010	1.26767e-010	1.28901e-010	1.35317e-010	1.46941e-010	1.50135e-010	1.41827e-010	1.29587e-010	1.39696e-010	1.48801e-010	1.33121e-010	1.43861e-010	1.35314e-010	1.36262e-010	1.31493e-010	1.31433e-010	1.34868e-010	1.35729e-010	1.33158e-010	1.34796e-010	1.37215e-010
3.94493	1.06214e-010	1.07873e-010	1.08814e-010	1.1018e-010	1.09757e-010	1.11329e-010	1.1097e-010	1.12749e-010	1.16524e-010	1.16296e-010	1.17064e-010	1.17542e-010	1.16874e-010	1.17131e-010	1.23311e-010	1.22703e-010	1.1802e-010	1.20332e-010	1.24569e-010	1.2466e-010	1.26033e-010	1.29044e-010	1.27552e-010	1.27556e-010	1.30199e-010	1.30481e-010	1.30402e-010	1.36819e-010	1.55372e-010	1.61566e-010	1.36691e-010	1.3138e-010	1.32993e-010	1.30245e-010	1.33778e-010	1.31665e-010	1.3212e-010	1.16002e-010	1.18092e-010	1.35817e-010	1.37899e-010	1.38049e-010	1.41551e-010	1.20197e-010	1.2105e-010	1.46823e-010	1.33384e-010	1.37225e-010	1.1928e-010	1.4468e-010	1.25228e-010	1.23483e-010	1.24448e-010	1.28122e-010	1.26509e-010	1.30604e-010	1.11343e-010	8.09378e-011	9.33063e-011	9.14592e-011	9.52502e-011	9.52523e-011	9.58219e-011	9.5745e-011	9.80924e-011	9.64368e-011	9.66341e-011	9.86844e-011	9.94454e-011	9.66318e-011	1.00385e-010	1.00206e-010	1.01237e-010	1.02265e-010	1.05074e-010	1.15092e-010	1.08467e-010	1.07194e-010	1.07274e-010	1.0885e-010	1.11065e-010	1.09634e-010	1.08128e-010	1.07118e-010	1.06675e-010	1.073e-010	1.07564e-010	1.09038e-010	1.0908e-010	1.08476e-010	1.08867e-010	1.09898e-010	1.10424e-010	1.08162e-010	1.10395e-010	1.10767e-010	1.12136e-010	1.12572e-010	1.12076e-010	1.12576e-010	1.17143e-010	1.12493e-010	1.13196e-010	1.14895e-010	1.19875e-010	1.1621e-010	1.1347e-010	1.13796e-010	1.13905e-010	1.1451e-010	1.15111e-010	1.18279e-010	1.18943e-010	1.16962e-010	1.22404e-010	1.192e-010	1.21492e-010	1.18782e-010	1.18852e-010	1.20276e-010	1.22838e-010	1.22897e-010	1.20024e-010	1.24146e-010	1.23337e-010	1.24095e-010	1.25206e-010	1.25171e-010	1.24632e-010	1.30802e-010	1.47324e-010	1.43988e-010	1.17582e-010	1.09454e-010	1.1989e-010	1.06041e-010	1.01472e-010	9.9542e-011	1.421e-010	1.02455e-010	1.14225e-010	1.09851e-010	1.14615e-010	1.13519e-010	1.11205e-010	1.12244e-010	1.15636e-010	1.12525e-010	1.13409e-010	1.13576e-010	1.11096e-010	1.1454e-010	1.15195e-010	1.15704e-010	1.15065e-010	1.16495e-010	1.19277e-010	1.16056e-010	1.17617e-010	1.19531e-010	1.20441e-010	1.25561e-010	1.22321e-010	1.32076e-010	1.25186e-010	1.23435e-010	1.22465e-010	1.21564e-010	1.23015e-010	1.23248e-010	1.25477e-010	1.23417e-010	1.23639e-010	1.21214e-010	1.26784e-010	1.24424e-010	1.27487e-010	1.25547e-010	1.22318e-010	1.25084e-010	1.23489e-010	1.2082e-010	1.25931e-010	1.28396e-010	1.2593e-010	1.26102e-010	1.24985e-010	1.22864e-010	1.25096e-010	1.24824e-010	1.24478e-010	1.24912e-010	1.25415e-010	1.247e-010	1.24552e-010	1.24114e-010	1.23316e-010	1.22371e-010	1.23922e-010	1.2447e-010	1.2437e-010	1.25267e-010	1.26517e-010	1.25335e-010	1.25292e-010	1.22603e-010	1.24908e-010	1.24568e-010	1.22653e-010	1.25519e-010	1.26167e-010	1.27026e-010	1.30808e-010	1.42086e-010	1.4279e-010	1.38206e-010	1.3269e-010	1.49522e-010	1.56139e-010	1.43684e-010	1.46579e-010	1.35259e-010	1.3579e-010	1.3039e-010	1.30984e-010	1.34218e-010	1.35162e-010	1.36459e-010	1.41181e-010	1.42542e-010
4.33942	1.05476e-010	1.07761e-010	1.08113e-010	1.09248e-010	1.09308e-010	1.10363e-010	1.10202e-010	1.12393e-010	1.16223e-010	1.15621e-010	1.16802e-010	1.16907e-010	1.16152e-010	1.16965e-010	1.22986e-010	1.23006e-010	1.17451e-010	1.19534e-010	1.24113e-010	1.24832e-010	1.25048e-010	1.28402e-010	1.28681e-010	1.26815e-010	1.348e-010	1.29855e-010	1.30405e-010	1.39379e-010	1.67631e-010	1.69314e-010	1.38784e-010	1.31889e-010	1.33274e-010	1.30014e-010	1.3332e-010	1.31196e-010	1.31781e-010	1.15366e-010	1.17229e-010	1.34872e-010	1.38228e-010	1.52435e-010	1.43071e-010	1.29491e-010	1.21906e-010	1.4424e-010	1.38432e-010	1.37763e-010	1.24022e-010	1.45484e-010	1.25093e-010	1.21839e-010	1.24151e-010	1.28173e-010	1.26407e-010	1.28994e-010	1.11724e-010	8.01666e-011	9.26692e-011	9.08136e-011	9.46675e-011	9.47328e-011	9.51515e-011	9.51381e-011	9.72634e-011	9.58858e-011	9.56471e-011	9.78329e-011	9.83724e-011	9.51233e-011	9.91549e-011	9.88265e-011	9.98514e-011	1.00658e-010	1.01747e-010	1.09117e-010	1.042e-010	1.05635e-010	1.08352e-010	1.12993e-010	1.1556e-010	1.13124e-010	1.08827e-010	1.06027e-010	1.05651e-010	1.06271e-010	1.06959e-010	1.08429e-010	1.08181e-010	1.07787e-010	1.07746e-010	1.09058e-010	1.09296e-010	1.07173e-010	1.09117e-010	1.09629e-010	1.11066e-010	1.11785e-010	1.09929e-010	1.10498e-010	1.15063e-010	1.11411e-010	1.13326e-010	1.19093e-010	1.26143e-010	1.2319e-010	1.13521e-010	1.12847e-010	1.12954e-010	1.13701e-010	1.14158e-010	1.1754e-010	1.17775e-010	1.15008e-010	1.2095e-010	1.17746e-010	1.20324e-010	1.17613e-010	1.17827e-010	1.18751e-010	1.22029e-010	1.21874e-010	1.18931e-010	1.2234e-010	1.22318e-010	1.22649e-010	1.24261e-010	1.25013e-010	1.23048e-010	1.27292e-010	1.38674e-010	1.40126e-010	1.19364e-010	1.08524e-010	1.18963e-010	1.06189e-010	1.0048e-010	9.88391e-011	1.39972e-010	1.00759e-010	1.08605e-010	1.05092e-010	1.11217e-010	1.11696e-010	1.09958e-010	1.11359e-010	1.14469e-010	1.11863e-010	1.12681e-010	1.12567e-010	1.10235e-010	1.13114e-010	1.13846e-010	1.14288e-010	1.1387e-010	1.15091e-010	1.17951e-010	1.15594e-010	1.17018e-010	1.18796e-010	1.1857e-010	1.22911e-010	1.19107e-010	1.25441e-010	1.21701e-010	1.21029e-010	1.21709e-010	1.20744e-010	1.21417e-010	1.22801e-010	1.24967e-010	1.23273e-010	1.23432e-010	1.20945e-010	1.26595e-010	1.24601e-010	1.2703e-010	1.251e-010	1.22451e-010	1.25298e-010	1.23143e-010	1.22626e-010	1.2589e-010	1.28366e-010	1.2591e-010	1.26235e-010	1.24914e-010	1.24019e-010	1.24405e-010	1.24644e-010	1.24523e-010	1.24826e-010	1.25198e-010	1.24566e-010	1.24001e-010	1.23719e-010	1.23218e-010	1.21857e-010	1.23207e-010	1.23767e-010	1.23466e-010	1.24661e-010	1.24925e-010	1.24256e-010	1.2444e-010	1.2255e-010	1.24227e-010	1.23687e-010	1.22642e-010	1.25451e-010	1.26042e-010	1.26058e-010	1.27928e-010	1.35292e-010	1.36083e-010	1.34013e-010	1.3294e-010	1.46503e-010	1.5992e-010	1.42481e-010	1.44607e-010	1.34945e-010	1.35421e-010	1.30108e-010	1.31077e-010	1.34826e-010	1.3843e-010	1.42315e-010	1.49553e-010	1.48647e-010
4.73392	1.05199e-010	1.0739e-010	1.07793e-010	1.08834e-010	1.08944e-010	1.10265e-010	1.09653e-010	1.11895e-010	1.14991e-010	1.14298e-010	1.16315e-010	1.16044e-010	1.16341e-010	1.16919e-010	1.22422e-010	1.22423e-010	1.16635e-010	1.187e-010	1.23332e-010	1.24319e-010	1.24516e-010	1.27424e-010	1.31685e-010	1.26516e-010	1.35341e-010	1.29094e-010	1.29771e-010	1.35943e-010	1.56538e-010	1.57062e-010	1.36586e-010	1.31675e-010	1.33616e-010	1.29413e-010	1.3249e-010	1.30208e-010	1.31707e-010	1.14492e-010	1.16627e-010	1.34399e-010	1.38455e-010	1.76502e-010	1.69482e-010	1.38177e-010	1.2201e-010	1.41117e-010	1.3794e-010	1.36831e-010	1.2879e-010	1.46242e-010	1.24768e-010	1.2086e-010	1.23589e-010	1.28172e-010	1.26396e-010	1.32114e-010	1.13691e-010	8.01246e-011	9.20461e-011	8.99667e-011	9.32401e-011	9.32963e-011	9.42774e-011	9.39696e-011	9.62294e-011	9.43435e-011	9.43825e-011	9.6132e-011	9.66639e-011	9.40502e-011	9.76461e-011	9.7525e-011	9.85431e-011	9.91292e-011	9.88549e-011	1.03076e-010	1.01867e-010	1.04439e-010	1.08721e-010	1.14643e-010	1.17562e-010	1.13692e-010	1.08749e-010	1.04873e-010	1.04635e-010	1.0518e-010	1.05936e-010	1.07045e-010	1.07365e-010	1.0711e-010	1.07067e-010	1.07876e-010	1.08183e-010	1.05843e-010	1.07785e-010	1.0851e-010	1.09874e-010	1.10591e-010	1.08449e-010	1.08874e-010	1.13938e-010	1.10285e-010	1.1727e-010	1.30536e-010	1.36086e-010	1.30635e-010	1.14396e-010	1.12151e-010	1.12188e-010	1.12507e-010	1.13037e-010	1.16135e-010	1.16372e-010	1.13107e-010	1.19193e-010	1.16207e-010	1.1893e-010	1.16151e-010	1.16439e-010	1.17366e-010	1.20576e-010	1.19568e-010	1.17986e-010	1.2147e-010	1.21095e-010	1.21145e-010	1.22977e-010	1.23662e-010	1.21488e-010	1.24523e-010	1.32483e-010	1.33084e-010	1.17683e-010	1.07636e-010	1.18439e-010	1.05742e-010	1.00041e-010	9.82637e-011	1.37262e-010	9.91987e-011	1.04981e-010	1.02119e-010	1.09109e-010	1.09954e-010	1.08796e-010	1.10205e-010	1.1361e-010	1.10299e-010	1.11769e-010	1.11594e-010	1.09129e-010	1.1266e-010	1.13045e-010	1.1307e-010	1.12449e-010	1.13895e-010	1.16694e-010	1.14206e-010	1.16213e-010	1.17502e-010	1.17003e-010	1.20642e-010	1.1628e-010	1.21412e-010	1.19399e-010	1.19811e-010	1.19933e-010	1.19696e-010	1.20097e-010	1.21781e-010	1.24675e-010	1.23066e-010	1.2324e-010	1.20482e-010	1.26504e-010	1.25025e-010	1.27113e-010	1.24698e-010	1.22351e-010	1.25643e-010	1.23503e-010	1.23574e-010	1.25999e-010	1.28705e-010	1.26052e-010	1.26752e-010	1.24878e-010	1.24714e-010	1.2476e-010	1.24875e-010	1.24844e-010	1.25023e-010	1.24985e-010	1.25015e-010	1.25112e-010	1.23707e-010	1.23726e-010	1.22028e-010	1.22969e-010	1.23692e-010	1.23412e-010	1.23914e-010	1.24412e-010	1.23122e-010	1.24256e-010	1.22245e-010	1.24086e-010	1.23496e-010	1.22974e-010	1.26091e-010	1.27776e-010	1.2603e-010	1.26994e-010	1.30954e-010	1.30768e-010	1.31508e-010	1.31458e-010	1.40903e-010	1.56201e-010	1.36502e-010	1.4058e-010	1.35514e-010	1.35658e-010	1.30228e-010	1.31722e-010	1.35712e-010	1.40699e-010	1.50466e-010	1.5366e-010	1.49924e-010
5.12841	1.05972e-010	1.08289e-010	1.08103e-010	1.08557e-010	1.08579e-010	1.09883e-010	1.09684e-010	1.11624e-010	1.14418e-010	1.13638e-010	1.15783e-010	1.15996e-010	1.15849e-010	1.18341e-010	1.23186e-010	1.23029e-010	1.16369e-010	1.18134e-010	1.22752e-010	1.23938e-010	1.23836e-010	1.27087e-010	1.28121e-010	1.28723e-010	1.35535e-010	1.2906e-010	1.3001e-010	1.33669e-010	1.44039e-010	1.44764e-010	1.34631e-010	1.32279e-010	1.34779e-010	1.29706e-010	1.32129e-010	1.29621e-010	1.3168e-010	1.14096e-010	1.16649e-010	1.33838e-010	1.37098e-010	1.70134e-010	1.62604e-010	1.44644e-010	1.22895e-010	1.40279e-010	1.36877e-010	1.37329e-010	1.32849e-010	1.46292e-010	1.24595e-010	1.20106e-010	1.23183e-010	1.28257e-010	1.26472e-010	1.50964e-010	1.16821e-010	8.08892e-011	9.2731e-011	9.00008e-011	9.24093e-011	9.22435e-011	9.31456e-011	9.33302e-011	9.55113e-011	9.36183e-011	9.3436e-011	9.55357e-011	9.56325e-011	9.26552e-011	9.67446e-011	9.67601e-011	9.77007e-011	9.84952e-011	9.79295e-011	1.00431e-010	1.0093e-010	1.04068e-010	1.0706e-010	1.12691e-010	1.14891e-010	1.10446e-010	1.06997e-010	1.04473e-010	1.03732e-010	1.04416e-010	1.0531e-010	1.0663e-010	1.07018e-010	1.06474e-010	1.06641e-010	1.07876e-010	1.0718e-010	1.0498e-010	1.07491e-010	1.08142e-010	1.09432e-010	1.11004e-010	1.08146e-010	1.08069e-010	1.13274e-010	1.10119e-010	1.17031e-010	1.33153e-010	1.3913e-010	1.29035e-010	1.14367e-010	1.11479e-010	1.11658e-010	1.11834e-010	1.12435e-010	1.15033e-010	1.15484e-010	1.12434e-010	1.18306e-010	1.15749e-010	1.18044e-010	1.15194e-010	1.15555e-010	1.16555e-010	1.19623e-010	1.17902e-010	1.17179e-010	1.20451e-010	1.2072e-010	1.20344e-010	1.2232e-010	1.22866e-010	1.2048e-010	1.22804e-010	1.27338e-010	1.27442e-010	1.15758e-010	1.06643e-010	1.18449e-010	1.05756e-010	9.84869e-011	9.79993e-011	1.36144e-010	9.8157e-011	1.02659e-010	1.0073e-010	1.0801e-010	1.09217e-010	1.08206e-010	1.09478e-010	1.13888e-010	1.11011e-010	1.11344e-010	1.1096e-010	1.08287e-010	1.11895e-010	1.12644e-010	1.12461e-010	1.11775e-010	1.12513e-010	1.15962e-010	1.13338e-010	1.15424e-010	1.16506e-010	1.15943e-010	1.19447e-010	1.14878e-010	1.19018e-010	1.17942e-010	1.1829e-010	1.17207e-010	1.18978e-010	1.19388e-010	1.21937e-010	1.24769e-010	1.23098e-010	1.23424e-010	1.20461e-010	1.26993e-010	1.25666e-010	1.27478e-010	1.25502e-010	1.22666e-010	1.26182e-010	1.2441e-010	1.24706e-010	1.26713e-010	1.29644e-010	1.26788e-010	1.265e-010	1.24922e-010	1.25056e-010	1.24971e-010	1.25741e-010	1.25507e-010	1.25413e-010	1.25173e-010	1.25287e-010	1.25825e-010	1.23933e-010	1.24251e-010	1.21923e-010	1.2302e-010	1.23542e-010	1.2349e-010	1.23863e-010	1.2409e-010	1.22813e-010	1.24176e-010	1.21822e-010	1.24178e-010	1.23746e-010	1.25453e-010	1.3137e-010	1.32356e-010	1.27911e-010	1.26676e-010	1.28724e-010	1.27911e-010	1.30166e-010	1.29918e-010	1.35952e-010	1.4948e-010	1.29583e-010	1.36607e-010	1.35343e-010	1.35932e-010	1.30448e-010	1.32031e-010	1.34181e-010	1.41042e-010	1.51756e-010	1.50612e-010	1.45536e-010
5.5229	1.16052e-010	1.10868e-010	1.07608e-010	1.07488e-010	1.08007e-010	1.08951e-010	1.09464e-010	1.10544e-010	1.12621e-010	1.13338e-010	1.14766e-010	1.15476e-010	1.16255e-010	1.24743e-010	1.31586e-010	1.25427e-010	1.16266e-010	1.17028e-010	1.24714e-010	1.2297e-010	1.22794e-010	1.26043e-010	1.25575e-010	1.19033e-010	1.33913e-010	1.30007e-010	1.36167e-010	1.36182e-010	1.36623e-010	1.37417e-010	1.3478e-010	1.42996e-010	1.42495e-010	1.30278e-010	1.32413e-010	1.28546e-010	1.31103e-010	1.13446e-010	1.15568e-010	1.33184e-010	1.35728e-010	1.56979e-010	1.53589e-010	1.74405e-010	1.24945e-010	1.40328e-010	1.35211e-010	1.36803e-010	1.33465e-010	1.46763e-010	1.23993e-010	1.19288e-010	1.22435e-010	1.2715e-010	1.26435e-010	1.58281e-010	1.18209e-010	8.19904e-011	9.26168e-011	8.98852e-011	9.12924e-011	9.11252e-011	9.22403e-011	9.2495e-011	9.43891e-011	9.23521e-011	9.26684e-011	9.44099e-011	9.44341e-011	9.12413e-011	9.52582e-011	9.57011e-011	9.69263e-011	9.8291e-011	9.751e-011	9.88682e-011	9.92948e-011	1.02646e-010	1.04709e-010	1.07268e-010	1.09324e-010	1.05949e-010	1.04785e-010	1.0376e-010	1.02875e-010	1.03986e-010	1.04952e-010	1.06056e-010	1.06372e-010	1.05899e-010	1.05923e-010	1.06943e-010	1.0646e-010	1.03903e-010	1.06271e-010	1.08849e-010	1.12281e-010	1.16567e-010	1.10637e-010	1.0706e-010	1.12479e-010	1.09182e-010	1.13594e-010	1.27644e-010	1.34406e-010	1.21598e-010	1.12142e-010	1.10111e-010	1.10647e-010	1.10966e-010	1.10995e-010	1.13807e-010	1.14045e-010	1.11565e-010	1.17438e-010	1.15094e-010	1.17533e-010	1.14183e-010	1.14544e-010	1.15829e-010	1.18826e-010	1.1632e-010	1.16097e-010	1.19512e-010	1.1971e-010	1.19548e-010	1.21454e-010	1.21642e-010	1.19042e-010	1.21295e-010	1.2383e-010	1.2222e-010	1.19107e-010	1.05921e-010	1.16942e-010	1.04107e-010	9.57672e-011	9.79226e-011	1.35354e-010	9.70102e-011	1.00941e-010	1.00084e-010	1.06865e-010	1.08144e-010	1.0792e-010	1.09835e-010	1.17602e-010	1.13655e-010	1.12061e-010	1.10035e-010	1.07149e-010	1.10686e-010	1.11864e-010	1.11754e-010	1.1114e-010	1.11237e-010	1.14901e-010	1.12349e-010	1.13793e-010	1.15448e-010	1.146e-010	1.18034e-010	1.13537e-010	1.17179e-010	1.16461e-010	1.16597e-010	1.15229e-010	1.18286e-010	1.18341e-010	1.21891e-010	1.25082e-010	1.22841e-010	1.23311e-010	1.20635e-010	1.26954e-010	1.25772e-010	1.27443e-010	1.25968e-010	1.23704e-010	1.27865e-010	1.26809e-010	1.27892e-010	1.29043e-010	1.30834e-010	1.27837e-010	1.26907e-010	1.24761e-010	1.24896e-010	1.24885e-010	1.26013e-010	1.25639e-010	1.25118e-010	1.25023e-010	1.25281e-010	1.25536e-010	1.23645e-010	1.23965e-010	1.21211e-010	1.21953e-010	1.23049e-010	1.22999e-010	1.23231e-010	1.24031e-010	1.21829e-010	1.2348e-010	1.21199e-010	1.23343e-010	1.24484e-010	1.35477e-010	1.3854e-010	1.39529e-010	1.35229e-010	1.26498e-010	1.27191e-010	1.26095e-010	1.28567e-010	1.28465e-010	1.31858e-010	1.45961e-010	1.23996e-010	1.33236e-010	1.35402e-010	1.35209e-010	1.2987e-010	1.31812e-010	1.3418e-010	1.3983e-010	1.46976e-010	1.44263e-010	1.39762e-010
5.9174	1.41503e-010	1.19679e-010	1.05992e-010	1.05514e-010	1.05961e-010	1.07262e-010	1.07916e-010	1.08996e-010	1.10573e-010	1.1186e-010	1.13002e-010	1.14997e-010	1.18631e-010	1.46186e-010	1.55384e-010	1.29514e-010	1.15495e-010	1.15257e-010	1.21371e-010	1.21411e-010	1.21162e-010	1.24196e-010	1.23155e-010	1.12612e-010	1.26848e-010	1.34724e-010	1.59522e-010	1.51324e-010	1.33409e-010	1.33559e-010	1.38634e-010	1.63558e-010	1.57699e-010	1.3027e-010	1.31118e-010	1.26892e-010	1.29518e-010	1.11788e-010	1.12765e-010	1.31165e-010	1.33278e-010	1.40602e-010	1.39495e-010	1.63594e-010	1.24559e-010	1.37654e-010	1.32963e-010	1.34767e-010	1.31784e-010	1.45723e-010	1.21451e-010	1.17457e-010	1.20745e-010	1.24958e-010	1.25454e-010	1.47085e-010	1.17723e-010	8.02162e-011	9.1197e-011	8.88198e-011	8.95101e-011	8.93402e-011	9.05953e-011	9.04187e-011	9.20243e-011	9.027e-011	9.06549e-011	9.24647e-011	9.24859e-011	8.91472e-011	9.31611e-011	9.38151e-011	9.54656e-011	9.85411e-011	1.00256e-010	9.78977e-011	9.73925e-011	9.97406e-011	1.01371e-010	1.01642e-010	1.03551e-010	1.01459e-010	1.02219e-010	1.01976e-010	1.01445e-010	1.02695e-010	1.03657e-010	1.04329e-010	1.04998e-010	1.04165e-010	1.04256e-010	1.04844e-010	1.04786e-010	1.02224e-010	1.05659e-010	1.14661e-010	1.22873e-010	1.2537e-010	1.16079e-010	1.06e-010	1.107e-010	1.07113e-010	1.09878e-010	1.19139e-010	1.25183e-010	1.14298e-010	1.09266e-010	1.07801e-010	1.08404e-010	1.09361e-010	1.09172e-010	1.11836e-010	1.12354e-010	1.09584e-010	1.15524e-010	1.13176e-010	1.15323e-010	1.1204e-010	1.12539e-010	1.13606e-010	1.16883e-010	1.14515e-010	1.14143e-010	1.17839e-010	1.17175e-010	1.17436e-010	1.19051e-010	1.1952e-010	1.16843e-010	1.19162e-010	1.20478e-010	1.17649e-010	1.24457e-010	1.0391e-010	1.15996e-010	1.01941e-010	9.35961e-011	9.61029e-011	1.33743e-010	9.52505e-011	9.86044e-011	9.78129e-011	1.04945e-010	1.06075e-010	1.07773e-010	1.18681e-010	1.243e-010	1.18847e-010	1.15961e-010	1.08644e-010	1.05038e-010	1.0857e-010	1.09598e-010	1.09838e-010	1.09361e-010	1.09666e-010	1.12824e-010	1.10409e-010	1.11632e-010	1.13209e-010	1.12426e-010	1.1571e-010	1.10922e-010	1.14771e-010	1.14117e-010	1.14603e-010	1.13301e-010	1.16565e-010	1.1547e-010	1.20371e-010	1.2334e-010	1.21592e-010	1.21984e-010	1.19944e-010	1.26399e-010	1.24924e-010	1.31586e-010	1.29176e-010	1.37332e-010	1.46342e-010	1.48206e-010	1.52139e-010	1.58925e-010	1.46996e-010	1.53561e-010	1.38555e-010	1.25546e-010	1.23531e-010	1.23655e-010	1.24491e-010	1.2418e-010	1.23509e-010	1.23477e-010	1.23585e-010	1.24189e-010	1.21862e-010	1.22174e-010	1.19126e-010	1.19718e-010	1.20805e-010	1.20747e-010	1.20686e-010	1.21406e-010	1.19553e-010	1.21267e-010	1.18978e-010	1.20971e-010	1.23104e-010	1.33803e-010	1.39285e-010	1.41408e-010	1.351e-010	1.24361e-010	1.24689e-010	1.23013e-010	1.25548e-010	1.25151e-010	1.26536e-010	1.41202e-010	1.18299e-010	1.29887e-010	1.32473e-010	1.32342e-010	1.29065e-010	1.28999e-010	1.32358e-010	1.3507e-010	1.38779e-010	1.37343e-010	1.34118e-010
6.31189	1.41849e-010	1.19634e-010	1.062e-010	1.05403e-010	1.05531e-010	1.07156e-010	1.07634e-010	1.08895e-010	1.10439e-010	1.12479e-010	1.1223e-010	1.15192e-010	1.20293e-010	1.51815e-010	1.56267e-010	1.29507e-010	1.15456e-010	1.15256e-010	1.2248e-010	1.21631e-010	1.20992e-010	1.24279e-010	1.2292e-010	1.17273e-010	1.22406e-010	1.37606e-010	1.65728e-010	1.55069e-010	1.32552e-010	1.32741e-010	1.38641e-010	1.63676e-010	1.55643e-010	1.29324e-010	1.3064e-010	1.26453e-010	1.28619e-010	1.10857e-010	1.12089e-010	1.30456e-010	1.3211e-010	1.27904e-010	1.28693e-010	1.47905e-010	1.23836e-010	1.36328e-010	1.31962e-010	1.33736e-010	1.30935e-010	1.45414e-010	1.20111e-010	1.16586e-010	1.19985e-010	1.24881e-010	1.25275e-010	1.37449e-010	1.14054e-010	7.90158e-011	8.968e-011	8.73434e-011	8.81458e-011	8.78737e-011	8.89552e-011	8.90336e-011	9.018e-011	8.86808e-011	8.87495e-011	9.03146e-011	9.07338e-011	8.75789e-011	9.19909e-011	9.2686e-011	9.9948e-011	1.05421e-010	1.0882e-010	1.00076e-010	9.56124e-011	9.72877e-011	9.81028e-011	9.77005e-011	9.90804e-011	9.86002e-011	9.98307e-011	9.99867e-011	9.97109e-011	1.00789e-010	1.01649e-010	1.02149e-010	1.0286e-010	1.02211e-010	1.02201e-010	1.02617e-010	1.02458e-010	1.00367e-010	1.04701e-010	1.16744e-010	1.2957e-010	1.27109e-010	1.16718e-010	1.0411e-010	1.07924e-010	1.04522e-010	1.05973e-010	1.11991e-010	1.16363e-010	1.07735e-010	1.05316e-010	1.04965e-010	1.05754e-010	1.06325e-010	1.06893e-010	1.09886e-010	1.10447e-010	1.07363e-010	1.12059e-010	1.10468e-010	1.12302e-010	1.08848e-010	1.09389e-010	1.10214e-010	1.13391e-010	1.10995e-010	1.11095e-010	1.14906e-010	1.13928e-010	1.13947e-010	1.15391e-010	1.16117e-010	1.1377e-010	1.15775e-010	1.16492e-010	1.13206e-010	1.25129e-010	1.01055e-010	1.14399e-010	9.88166e-011	8.94442e-011	9.26377e-011	1.31036e-010	9.18733e-011	9.5414e-011	9.43809e-011	1.01772e-010	1.02874e-010	1.05188e-010	1.17996e-010	1.2366e-010	1.19394e-010	1.15338e-010	1.05566e-010	1.0129e-010	1.04866e-010	1.05654e-010	1.0601e-010	1.05506e-010	1.0607e-010	1.08987e-010	1.06402e-010	1.07599e-010	1.09649e-010	1.08911e-010	1.11741e-010	1.06925e-010	1.10605e-010	1.09997e-010	1.11314e-010	1.09913e-010	1.12938e-010	1.11245e-010	1.16691e-010	1.20562e-010	1.22645e-010	1.26581e-010	1.23444e-010	1.3273e-010	1.34085e-010	1.55077e-010	1.52069e-010	1.6984e-010	1.81895e-010	1.91447e-010	1.96425e-010	2.01828e-010	1.99516e-010	1.89844e-010	1.76241e-010	1.3971e-010	1.24958e-010	1.21272e-010	1.21296e-010	1.20603e-010	1.20121e-010	1.19421e-010	1.19218e-010	1.19869e-010	1.1766e-010	1.16876e-010	1.1466e-010	1.15226e-010	1.16004e-010	1.15706e-010	1.15406e-010	1.15745e-010	1.14795e-010	1.1627e-010	1.13886e-010	1.1564e-010	1.17248e-010	1.2428e-010	1.34595e-010	1.36907e-010	1.26647e-010	1.18455e-010	1.19115e-010	1.1613e-010	1.19711e-010	1.18862e-010	1.20438e-010	1.34936e-010	1.11081e-010	1.23788e-010	1.26707e-010	1.26552e-010	1.2518e-010	1.22805e-010	1.26639e-010	1.27614e-010	1.27943e-010	1.28197e-010	1.2702e-010
6.70638	1.29782e-010	1.14364e-010	1.08012e-010	1.07656e-010	1.07582e-010	1.09147e-010	1.09567e-010	1.10698e-010	1.12111e-010	1.1445e-010	1.15071e-010	1.16403e-010	1.18803e-010	1.39626e-010	1.43877e-010	1.26271e-010	1.16375e-010	1.16332e-010	1.22355e-010	1.22662e-010	1.22395e-010	1.25481e-010	1.24493e-010	1.23287e-010	1.24435e-010	1.33793e-010	1.53574e-010	1.45643e-010	1.3171e-010	1.32771e-010	1.35043e-010	1.5088e-010	1.45718e-010	1.28627e-010	1.30886e-010	1.26571e-010	1.29181e-010	1.11149e-010	1.12181e-010	1.30707e-010	1.31447e-010	1.21043e-010	1.22063e-010	1.35006e-010	1.22378e-010	1.34958e-010	1.30394e-010	1.32255e-010	1.30042e-010	1.44751e-010	1.19464e-010	1.1617e-010	1.19443e-010	1.24712e-010	1.2398e-010	1.301e-010	1.11793e-010	7.71999e-011	8.84524e-011	8.59186e-011	8.71666e-011	8.66261e-011	8.77249e-011	8.74636e-011	8.89132e-011	8.75743e-011	8.7732e-011	8.93863e-011	8.93948e-011	8.63293e-011	9.10449e-011	9.44718e-011	1.09036e-010	1.17527e-010	1.14732e-010	1.03292e-010	9.42049e-011	9.53275e-011	9.55185e-011	9.4278e-011	9.60338e-011	9.58581e-011	9.72505e-011	9.78541e-011	9.75975e-011	9.85519e-011	9.96458e-011	9.97368e-011	1.00396e-010	1.00124e-010	9.99193e-011	1.00283e-010	9.9787e-011	9.80735e-011	1.01499e-010	1.10134e-010	1.25694e-010	1.20183e-010	1.09741e-010	1.01366e-010	1.05558e-010	1.01534e-010	1.0172e-010	1.04974e-010	1.08367e-010	1.02331e-010	1.02004e-010	1.01818e-010	1.02413e-010	1.03934e-010	1.05952e-010	1.09894e-010	1.10334e-010	1.04629e-010	1.08705e-010	1.06993e-010	1.08777e-010	1.05131e-010	1.0548e-010	1.06041e-010	1.09527e-010	1.06796e-010	1.06776e-010	1.1068e-010	1.09796e-010	1.0991e-010	1.10876e-010	1.1134e-010	1.0923e-010	1.11615e-010	1.11498e-010	1.08379e-010	1.21039e-010	9.69879e-011	1.1057e-010	9.48684e-011	8.41628e-011	8.78085e-011	1.26659e-010	8.75204e-011	9.09423e-011	8.95762e-011	9.69197e-011	9.8261e-011	9.9385e-011	1.09504e-010	1.2062e-010	1.16664e-010	1.0742e-010	9.9815e-011	9.62065e-011	9.97363e-011	1.00406e-010	1.0043e-010	9.99515e-011	1.00683e-010	1.03412e-010	1.00852e-010	1.02003e-010	1.04436e-010	1.03724e-010	1.05722e-010	1.00719e-010	1.04567e-010	1.04128e-010	1.06042e-010	1.04382e-010	1.07861e-010	1.06767e-010	1.12239e-010	1.32919e-010	1.37885e-010	1.45634e-010	1.59092e-010	1.67333e-010	1.70501e-010	1.85521e-010	2.0118e-010	2.11266e-010	2.24348e-010	2.3964e-010	2.43075e-010	2.38865e-010	2.45435e-010	2.23865e-010	2.16431e-010	1.75858e-010	1.47636e-010	1.25125e-010	1.21749e-010	1.168e-010	1.1506e-010	1.13318e-010	1.12787e-010	1.13252e-010	1.11e-010	1.09388e-010	1.07772e-010	1.08367e-010	1.09245e-010	1.08334e-010	1.07849e-010	1.08003e-010	1.07083e-010	1.08659e-010	1.06232e-010	1.07588e-010	1.08583e-010	1.13003e-010	1.22133e-010	1.22119e-010	1.1496e-010	1.0994e-010	1.10559e-010	1.07961e-010	1.11145e-010	1.10326e-010	1.12004e-010	1.26247e-010	1.02495e-010	1.15018e-010	1.17682e-010	1.18273e-010	1.17503e-010	1.14088e-010	1.17668e-010	1.1796e-010	1.16321e-010	1.17178e-010	1.17532e-010
7.10088	1.19059e-010	1.11092e-010	1.0905e-010	1.09646e-010	1.09597e-010	1.11116e-010	1.11489e-010	1.12358e-010	1.13439e-010	1.16373e-010	1.17018e-010	1.17732e-010	1.18157e-010	1.28006e-010	1.33638e-010	1.24841e-010	1.16897e-010	1.17735e-010	1.22926e-010	1.23614e-010	1.23442e-010	1.26123e-010	1.25874e-010	1.25335e-010	1.26293e-010	1.3089e-010	1.41625e-010	1.37217e-010	1.30949e-010	1.3282e-010	1.31687e-010	1.4005e-010	1.3834e-010	1.27771e-010	1.30839e-010	1.26906e-010	1.29539e-010	1.11602e-010	1.12372e-010	1.30279e-010	1.30757e-010	1.17163e-010	1.17349e-010	1.25745e-010	1.21568e-010	1.35242e-010	1.29488e-010	1.31872e-010	1.29825e-010	1.45271e-010	1.18437e-010	1.15023e-010	1.18677e-010	1.23826e-010	1.21832e-010	1.24618e-010	1.07691e-010	7.51211e-011	8.6611e-011	8.46001e-011	8.62997e-011	8.54965e-011	8.6404e-011	8.62372e-011	8.79953e-011	8.6608e-011	8.72171e-011	8.83229e-011	8.814e-011	8.51687e-011	8.9907e-011	9.27854e-011	1.06444e-010	1.19743e-010	1.10114e-010	9.99819e-011	9.27747e-011	9.36342e-011	9.34907e-011	9.163e-011	9.38368e-011	9.36837e-011	9.51699e-011	9.60102e-011	9.54904e-011	9.66099e-011	9.74406e-011	9.75539e-011	9.83068e-011	9.74853e-011	9.75176e-011	9.79752e-011	9.75726e-011	9.59527e-011	9.85431e-011	1.03416e-010	1.15498e-010	1.11294e-010	1.02874e-010	9.80211e-011	1.02235e-010	9.85897e-011	9.82979e-011	9.99311e-011	1.03132e-010	9.84745e-011	9.8884e-011	9.84334e-011	9.97649e-011	1.04378e-010	1.10203e-010	1.13453e-010	1.12772e-010	1.03018e-010	1.06758e-010	1.03711e-010	1.0566e-010	1.03677e-010	1.01834e-010	1.02345e-010	1.05495e-010	1.02857e-010	1.03001e-010	1.06498e-010	1.0585e-010	1.05985e-010	1.07473e-010	1.07458e-010	1.0494e-010	1.07419e-010	1.06894e-010	1.01368e-010	1.20691e-010	9.45184e-011	1.07622e-010	9.15127e-011	7.91855e-011	8.30665e-011	1.21152e-010	8.28917e-011	8.54776e-011	8.52037e-011	9.21395e-011	9.32875e-011	9.32182e-011	1.0043e-010	1.11495e-010	1.06274e-010	9.95506e-011	9.42519e-011	9.10211e-011	9.4643e-011	9.51908e-011	9.57354e-011	9.45629e-011	9.50296e-011	9.82784e-011	9.52394e-011	9.70535e-011	9.87929e-011	9.83153e-011	1.00191e-010	9.5565e-011	9.93627e-011	9.87294e-011	1.00807e-010	9.87387e-011	1.02595e-010	1.04377e-010	1.13869e-010	1.55994e-010	1.67836e-010	1.87459e-010	2.08364e-010	2.08199e-010	2.15886e-010	2.22713e-010	2.29537e-010	2.39499e-010	2.52387e-010	2.60772e-010	2.64798e-010	2.60179e-010	2.63913e-010	2.44219e-010	2.38805e-010	2.11392e-010	1.85332e-010	1.54913e-010	1.54914e-010	1.32202e-010	1.13771e-010	1.07834e-010	1.06394e-010	1.06879e-010	1.04075e-010	1.02125e-010	1.00815e-010	1.0143e-010	1.02041e-010	1.00864e-010	1.00469e-010	1.00357e-010	9.95272e-011	1.0048e-010	9.80011e-011	9.92329e-011	1.00104e-010	1.02472e-010	1.07622e-010	1.07127e-010	1.02773e-010	1.00986e-010	1.01695e-010	9.96165e-011	1.02391e-010	1.01662e-010	1.03501e-010	1.17335e-010	9.39585e-011	1.06358e-010	1.09612e-010	1.09293e-010	1.08685e-010	1.0486e-010	1.08388e-010	1.08413e-010	1.05507e-010	1.05454e-010	1.07969e-010
7.49537	1.12546e-010	1.09837e-010	1.09625e-010	1.10838e-010	1.10548e-010	1.11968e-010	1.12457e-010	1.13299e-010	1.14995e-010	1.1733e-010	1.18091e-010	1.18635e-010	1.16675e-010	1.21639e-010	1.27886e-010	1.24559e-010	1.16802e-010	1.18825e-010	1.24701e-010	1.23789e-010	1.24017e-010	1.2674e-010	1.2589e-010	1.26393e-010	1.26964e-010	1.29032e-010	1.33953e-010	1.32514e-010	1.3043e-010	1.32627e-010	1.30464e-010	1.3344e-010	1.33699e-010	1.26885e-010	1.30565e-010	1.27243e-010	1.3063e-010	1.11805e-010	1.12329e-010	1.29775e-010	1.30436e-010	1.14739e-010	1.14322e-010	1.18614e-010	1.2019e-010	1.36331e-010	1.28116e-010	1.30539e-010	1.28816e-010	1.45372e-010	1.18147e-010	1.14129e-010	1.18248e-010	1.22508e-010	1.19979e-010	1.21161e-010	1.042e-010	7.38806e-011	8.51932e-011	8.33621e-011	8.51699e-011	8.45461e-011	8.54188e-011	8.52883e-011	8.67255e-011	8.58028e-011	8.64478e-011	8.73751e-011	8.71565e-011	8.42207e-011	8.90658e-011	9.01226e-011	9.9246e-011	1.12294e-010	1.02557e-010	9.51733e-011	9.12143e-011	9.19654e-011	9.18561e-011	9.06009e-011	9.23417e-011	9.22224e-011	9.33852e-011	9.44733e-011	9.38441e-011	9.52111e-011	9.5575e-011	9.60784e-011	9.6507e-011	9.57896e-011	9.57116e-011	9.61302e-011	9.59027e-011	9.40293e-011	9.61518e-011	9.8628e-011	1.081e-010	1.03213e-010	9.80382e-011	9.55734e-011	9.95326e-011	9.62041e-011	9.58003e-011	9.65359e-011	1.00267e-010	9.61401e-011	9.58657e-011	9.60166e-011	9.79494e-011	1.03521e-010	1.10732e-010	1.13298e-010	1.10432e-010	1.00351e-010	1.04334e-010	1.00959e-010	1.02722e-010	1.02411e-010	9.94544e-011	9.92795e-011	1.02672e-010	9.9705e-011	1.00306e-010	1.03617e-010	1.02496e-010	1.0273e-010	1.04317e-010	1.04472e-010	1.01411e-010	1.03702e-010	1.03561e-010	9.29196e-011	1.20482e-010	9.66928e-011	1.07466e-010	8.8812e-011	7.53683e-011	7.9061e-011	1.16744e-010	7.83663e-011	8.16919e-011	8.12291e-011	8.79759e-011	8.90775e-011	8.81762e-011	9.36275e-011	1.00647e-010	9.63073e-011	9.27502e-011	8.99039e-011	8.6483e-011	9.02002e-011	9.05576e-011	9.09117e-011	9.0334e-011	9.03243e-011	9.37391e-011	9.07947e-011	9.30602e-011	9.43226e-011	9.37248e-011	9.58375e-011	9.15909e-011	9.51252e-011	9.52282e-011	9.64705e-011	9.44958e-011	9.90879e-011	1.05248e-010	1.2783e-010	1.78761e-010	2.12548e-010	2.22052e-010	2.39478e-010	2.38048e-010	2.45613e-010	2.4689e-010	2.4445e-010	2.52648e-010	2.62199e-010	2.69818e-010	2.70793e-010	2.72621e-010	2.71303e-010	2.61341e-010	2.53804e-010	2.37908e-010	2.23722e-010	2.01535e-010	1.86914e-010	1.64934e-010	1.25597e-010	1.0711e-010	1.01617e-010	1.01834e-010	9.84766e-011	9.56159e-011	9.45373e-011	9.55264e-011	9.52267e-011	9.4638e-011	9.39031e-011	9.36648e-011	9.29232e-011	9.3678e-011	9.07159e-011	9.17496e-011	9.22802e-011	9.395e-011	9.59735e-011	9.59941e-011	9.39403e-011	9.28115e-011	9.40361e-011	9.21151e-011	9.45471e-011	9.35478e-011	9.60445e-011	1.0975e-010	8.66734e-011	9.82298e-011	1.01642e-010	1.00908e-010	1.00599e-010	9.65737e-011	1.00186e-010	9.99391e-011	9.65463e-011	9.59354e-011	9.9606e-011
7.88986	1.10047e-010	1.09752e-010	1.09953e-010	1.11294e-010	1.1206e-010	1.12893e-010	1.12866e-010	1.13621e-010	1.15444e-010	1.17049e-010	1.19365e-010	1.19249e-010	1.1713e-010	1.17721e-010	1.24665e-010	1.24107e-010	1.16832e-010	1.19337e-010	1.24338e-010	1.25409e-010	1.24475e-010	1.27395e-010	1.26312e-010	1.26868e-010	1.27207e-010	1.28041e-010	1.30015e-010	1.30772e-010	1.30453e-010	1.32773e-010	1.29877e-010	1.30762e-010	1.31287e-010	1.26523e-010	1.30254e-010	1.2734e-010	1.30635e-010	1.11717e-010	1.12221e-010	1.29003e-010	1.29857e-010	1.1071e-010	1.12271e-010	1.13899e-010	1.18952e-010	1.36928e-010	1.28119e-010	1.30947e-010	1.28702e-010	1.45164e-010	1.18058e-010	1.14517e-010	1.17685e-010	1.21635e-010	1.1894e-010	1.19169e-010	1.02826e-010	7.21973e-011	8.37712e-011	8.20583e-011	8.35556e-011	8.39781e-011	8.48256e-011	8.46698e-011	8.62959e-011	8.50618e-011	8.54667e-011	8.62967e-011	8.63375e-011	8.35183e-011	8.82655e-011	8.85815e-011	9.34645e-011	1.03057e-010	9.51501e-011	9.18099e-011	9.03943e-011	9.06892e-011	9.04806e-011	8.94116e-011	9.14099e-011	9.11908e-011	9.22537e-011	9.30274e-011	9.25836e-011	9.34217e-011	9.41134e-011	9.47302e-011	9.52007e-011	9.44536e-011	9.46314e-011	9.46628e-011	9.46193e-011	9.30726e-011	9.46646e-011	9.52533e-011	1.00623e-010	9.77057e-011	9.47845e-011	9.38594e-011	9.79299e-011	9.41412e-011	9.40625e-011	9.44089e-011	9.79654e-011	9.43768e-011	9.37128e-011	9.49021e-011	9.5945e-011	9.85556e-011	1.03734e-010	1.06266e-010	1.02795e-010	9.68934e-011	1.02486e-010	9.87193e-011	1.0052e-010	1.00674e-010	9.75397e-011	9.72585e-011	1.00759e-010	9.74711e-011	9.81077e-011	1.0124e-010	1.0037e-010	9.99251e-011	1.01405e-010	1.01667e-010	9.89257e-011	1.00966e-010	1.00932e-010	8.69681e-011	1.16421e-010	1.00522e-010	1.08687e-010	8.69249e-011	7.26579e-011	7.59556e-011	1.12601e-010	7.56846e-011	7.83291e-011	7.78277e-011	8.46786e-011	8.57413e-011	8.45153e-011	8.89989e-011	9.21936e-011	8.8886e-011	8.82172e-011	8.63308e-011	8.37267e-011	8.70467e-011	8.69351e-011	8.71772e-011	8.67729e-011	8.65794e-011	8.99532e-011	8.75388e-011	8.98343e-011	9.09837e-011	9.04155e-011	9.26291e-011	8.81975e-011	9.18323e-011	9.28927e-011	9.32353e-011	9.17891e-011	1.0048e-010	1.24308e-010	1.52489e-010	2.09375e-010	2.2905e-010	2.41866e-010	2.56035e-010	2.52061e-010	2.61224e-010	2.61457e-010	2.58829e-010	2.6034e-010	2.68133e-010	2.73422e-010	2.73065e-010	2.78062e-010	2.74556e-010	2.66619e-010	2.65249e-010	2.54449e-010	2.43145e-010	2.35122e-010	2.17384e-010	2.05427e-010	1.53188e-010	1.15514e-010	9.98326e-011	9.79309e-011	9.38118e-011	9.07604e-011	8.97766e-011	9.10031e-011	9.01551e-011	8.91607e-011	8.8877e-011	8.8304e-011	8.75134e-011	8.80046e-011	8.47788e-011	8.56916e-011	8.60295e-011	8.67924e-011	8.72661e-011	8.76648e-011	8.67032e-011	8.63808e-011	8.77689e-011	8.60111e-011	8.78921e-011	8.71985e-011	8.92153e-011	1.02226e-010	7.90979e-011	9.1745e-011	9.48189e-011	9.41757e-011	9.38147e-011	8.97365e-011	9.32248e-011	9.30675e-011	9.09784e-011	8.8243e-011	9.21458e-011
8.28435	1.08432e-010	1.09841e-010	1.10318e-010	1.11291e-010	1.12332e-010	1.13155e-010	1.12832e-010	1.13648e-010	1.16031e-010	1.17554e-010	1.19573e-010	1.19232e-010	1.17673e-010	1.1711e-010	1.23685e-010	1.23829e-010	1.16613e-010	1.19321e-010	1.23953e-010	1.30295e-010	1.24708e-010	1.27472e-010	1.26091e-010	1.27205e-010	1.27102e-010	1.27281e-010	1.28527e-010	1.30913e-010	1.3258e-010	1.3353e-010	1.29691e-010	1.28777e-010	1.30002e-010	1.26009e-010	1.29797e-010	1.2694e-010	1.3065e-010	1.11289e-010	1.11848e-010	1.28902e-010	1.29669e-010	1.08079e-010	1.10695e-010	1.11094e-010	1.17988e-010	1.36233e-010	1.26337e-010	1.29364e-010	1.26459e-010	1.45547e-010	1.16854e-010	1.13939e-010	1.16662e-010	1.21952e-010	1.17883e-010	1.19952e-010	1.01378e-010	7.10172e-011	8.24307e-011	8.09858e-011	8.26795e-011	8.28698e-011	8.39849e-011	8.38823e-011	8.59899e-011	8.50944e-011	8.46952e-011	8.56492e-011	8.52427e-011	8.30471e-011	8.73467e-011	8.73578e-011	9.02217e-011	9.60101e-011	8.97257e-011	8.9365e-011	8.95006e-011	8.9704e-011	8.94752e-011	8.86001e-011	9.02208e-011	9.02668e-011	9.13089e-011	9.15618e-011	9.12398e-011	9.18425e-011	9.23701e-011	9.31797e-011	9.35572e-011	9.30027e-011	9.30872e-011	9.34538e-011	9.32454e-011	9.13907e-011	9.29604e-011	9.27411e-011	9.55889e-011	9.43624e-011	9.23467e-011	9.24699e-011	9.65886e-011	9.44906e-011	9.23174e-011	9.27116e-011	9.43876e-011	9.28463e-011	9.26582e-011	9.33235e-011	9.41994e-011	9.47859e-011	9.57973e-011	9.87333e-011	9.7952e-011	9.55245e-011	1.01092e-010	9.72288e-011	9.87896e-011	9.92756e-011	9.54729e-011	9.58087e-011	9.8569e-011	9.56125e-011	9.61516e-011	9.91866e-011	9.85758e-011	9.76756e-011	9.93428e-011	9.96494e-011	9.67387e-011	9.88235e-011	9.89763e-011	8.56994e-011	1.09484e-010	1.00698e-010	1.05622e-010	8.42602e-011	7.03937e-011	7.32348e-011	1.09852e-010	7.26215e-011	7.4809e-011	7.47788e-011	8.21723e-011	8.29919e-011	8.13797e-011	8.56199e-011	8.7357e-011	8.44484e-011	8.50355e-011	8.34765e-011	8.07712e-011	8.44182e-011	8.44908e-011	8.43455e-011	8.41965e-011	8.37583e-011	8.72442e-011	8.45848e-011	8.72779e-011	8.8539e-011	8.75826e-011	8.99791e-011	8.58731e-011	8.92621e-011	9.05764e-011	9.17442e-011	9.11944e-011	1.16565e-010	1.5093e-010	1.82006e-010	2.27862e-010	2.39863e-010	2.56288e-010	2.62283e-010	2.59704e-010	2.70477e-010	2.66391e-010	2.64801e-010	2.63136e-010	2.71395e-010	2.73008e-010	2.75046e-010	2.79079e-010	2.76111e-010	2.70568e-010	2.69877e-010	2.64113e-010	2.55059e-010	2.50358e-010	2.36727e-010	2.23235e-010	1.87458e-010	1.37036e-010	1.04822e-010	9.5315e-011	9.04459e-011	8.70728e-011	8.63385e-011	8.76002e-011	8.66443e-011	8.58277e-011	8.50074e-011	8.40406e-011	8.32129e-011	8.31672e-011	8.01185e-011	8.10653e-011	8.10801e-011	8.2091e-011	8.15986e-011	8.18881e-011	8.13169e-011	8.10992e-011	8.25204e-011	8.10099e-011	8.32808e-011	8.21915e-011	8.44551e-011	9.62847e-011	7.36171e-011	8.67248e-011	8.97594e-011	8.92196e-011	8.83904e-011	8.42011e-011	8.65783e-011	8.76664e-011	8.63227e-011	8.26187e-011	8.64097e-011
8.67885	1.07364e-010	1.08984e-010	1.09601e-010	1.09285e-010	1.10608e-010	1.12427e-010	1.121e-010	1.13554e-010	1.15291e-010	1.17452e-010	1.19037e-010	1.19048e-010	1.17842e-010	1.17274e-010	1.22915e-010	1.23625e-010	1.15904e-010	1.18606e-010	1.23232e-010	1.31212e-010	1.24404e-010	1.26805e-010	1.26989e-010	1.26311e-010	1.26345e-010	1.26517e-010	1.29327e-010	1.41704e-010	1.49649e-010	1.37523e-010	1.2932e-010	1.27327e-010	1.28687e-010	1.25186e-010	1.29109e-010	1.26101e-010	1.29231e-010	1.10433e-010	1.10913e-010	1.27529e-010	1.27573e-010	1.06902e-010	1.08867e-010	1.08614e-010	1.16712e-010	1.34805e-010	1.24614e-010	1.27988e-010	1.24573e-010	1.43008e-010	1.16376e-010	1.12808e-010	1.14734e-010	1.21442e-010	1.16219e-010	1.2092e-010	1.0005e-010	6.91776e-011	8.10796e-011	7.96232e-011	8.17337e-011	8.18408e-011	8.30153e-011	8.28292e-011	8.49245e-011	8.36596e-011	8.36049e-011	8.44748e-011	8.40554e-011	8.1347e-011	8.62048e-011	8.58455e-011	8.70536e-011	9.04003e-011	8.63874e-011	8.75127e-011	8.77772e-011	8.86092e-011	8.8509e-011	8.77623e-011	8.87972e-011	8.89713e-011	9.02843e-011	9.03794e-011	8.99708e-011	9.02012e-011	9.09277e-011	9.17932e-011	9.17979e-011	9.14418e-011	9.13676e-011	9.20751e-011	9.15648e-011	8.9551e-011	9.11755e-011	9.10823e-011	9.28421e-011	9.18844e-011	9.02801e-011	9.08859e-011	9.50587e-011	9.40143e-011	9.05381e-011	9.07716e-011	9.20726e-011	9.12274e-011	9.10925e-011	9.14537e-011	9.2311e-011	9.25933e-011	9.37287e-011	9.64315e-011	9.57739e-011	9.41842e-011	9.9018e-011	9.55639e-011	9.73908e-011	9.72142e-011	9.35344e-011	9.40644e-011	9.7233e-011	9.36847e-011	9.42747e-011	9.68606e-011	9.65861e-011	9.57364e-011	9.73825e-011	9.77394e-011	9.43788e-011	9.65848e-011	9.72874e-011	8.20605e-011	1.01538e-010	9.48731e-011	9.99882e-011	8.13182e-011	6.77149e-011	7.05334e-011	1.06842e-010	6.91602e-011	7.34671e-011	7.22711e-011	7.92841e-011	8.05087e-011	7.87301e-011	8.28037e-011	8.39455e-011	8.087e-011	8.23613e-011	8.1135e-011	7.78339e-011	8.2099e-011	8.19326e-011	8.19052e-011	8.24453e-011	8.09821e-011	8.48712e-011	8.25433e-011	8.49965e-011	8.58748e-011	8.47497e-011	8.83341e-011	8.54874e-011	8.7279e-011	8.90667e-011	9.34216e-011	9.5416e-011	1.36542e-010	1.88234e-010	2.1307e-010	2.39402e-010	2.51947e-010	2.63417e-010	2.64099e-010	2.62992e-010	2.72951e-010	2.68623e-010	2.66077e-010	2.65098e-010	2.72185e-010	2.73197e-010	2.76349e-010	2.78568e-010	2.76428e-010	2.73212e-010	2.71635e-010	2.66841e-010	2.63399e-010	2.56312e-010	2.50935e-010	2.35698e-010	2.15959e-010	1.64222e-010	1.19694e-010	9.68725e-011	8.85446e-011	8.44978e-011	8.3518e-011	8.46056e-011	8.3404e-011	8.29128e-011	8.17751e-011	8.05622e-011	7.95597e-011	7.9339e-011	7.60436e-011	7.68866e-011	7.66545e-011	7.79184e-011	7.68932e-011	7.72211e-011	7.65453e-011	7.62943e-011	7.78249e-011	7.64236e-011	7.8518e-011	7.7609e-011	7.96958e-011	9.14912e-011	6.9789e-011	8.20054e-011	8.50054e-011	8.45736e-011	8.35668e-011	7.91996e-011	7.96134e-011	8.23088e-011	8.1501e-011	7.96896e-011	8.10167e-011
9.07334	1.05451e-010	1.07515e-010	1.08147e-010	1.06632e-010	1.07756e-010	1.10018e-010	1.10419e-010	1.12031e-010	1.13424e-010	1.16098e-010	1.17483e-010	1.18007e-010	1.16599e-010	1.16543e-010	1.21554e-010	1.22205e-010	1.14353e-010	1.16781e-010	1.21704e-010	1.30694e-010	1.23326e-010	1.25523e-010	1.26288e-010	1.24906e-010	1.24378e-010	1.25559e-010	1.30878e-010	1.57333e-010	1.69285e-010	1.43455e-010	1.28405e-010	1.2592e-010	1.27358e-010	1.24151e-010	1.27795e-010	1.24651e-010	1.2843e-010	1.08995e-010	1.0948e-010	1.26388e-010	1.26508e-010	1.052e-010	1.06741e-010	1.06064e-010	1.15024e-010	1.33049e-010	1.24504e-010	1.25596e-010	1.22256e-010	1.40337e-010	1.15707e-010	1.1107e-010	1.12641e-010	1.20636e-010	1.14487e-010	1.19903e-010	9.96765e-011	6.73769e-011	7.93508e-011	7.81802e-011	8.01478e-011	8.03974e-011	8.19998e-011	8.12415e-011	8.34785e-011	8.17837e-011	8.21558e-011	8.3238e-011	8.28165e-011	8.01056e-011	8.43893e-011	8.4027e-011	8.45891e-011	8.6861e-011	8.44155e-011	8.57509e-011	8.62967e-011	8.73383e-011	8.76618e-011	8.74098e-011	8.81536e-011	8.7965e-011	8.89863e-011	8.90038e-011	8.86602e-011	8.85981e-011	8.96747e-011	8.99616e-011	9.02444e-011	8.98091e-011	8.95125e-011	9.04973e-011	9.00498e-011	8.80984e-011	8.99281e-011	8.98254e-011	9.08614e-011	9.02507e-011	8.82077e-011	8.90172e-011	9.36792e-011	9.3695e-011	8.96361e-011	8.90011e-011	9.00046e-011	8.97185e-011	8.94998e-011	8.93485e-011	9.01215e-011	9.06048e-011	9.13697e-011	9.45586e-011	9.41013e-011	9.16404e-011	9.62455e-011	9.31336e-011	9.58024e-011	9.5539e-011	9.18437e-011	9.22864e-011	9.55817e-011	9.18027e-011	9.23761e-011	9.47308e-011	9.47961e-011	9.40718e-011	9.5843e-011	9.61818e-011	9.25173e-011	9.47048e-011	9.55314e-011	8.04997e-011	9.43157e-011	8.71316e-011	9.64403e-011	7.77502e-011	6.49834e-011	6.82811e-011	1.04497e-010	6.66515e-011	7.14368e-011	6.97905e-011	7.69958e-011	7.79838e-011	7.64683e-011	8.0162e-011	8.12093e-011	7.81104e-011	8.00065e-011	7.9042e-011	7.55025e-011	7.9029e-011	7.94806e-011	7.97139e-011	8.05145e-011	7.88828e-011	8.29604e-011	8.06065e-011	8.31048e-011	8.37423e-011	8.25903e-011	8.61476e-011	8.44876e-011	8.5823e-011	9.39387e-011	1.06907e-010	1.158e-010	1.62682e-010	2.17416e-010	2.28154e-010	2.50885e-010	2.6033e-010	2.65128e-010	2.67137e-010	2.66642e-010	2.73356e-010	2.70497e-010	2.68062e-010	2.67337e-010	2.72463e-010	2.72516e-010	2.75992e-010	2.7725e-010	2.76433e-010	2.72899e-010	2.72145e-010	2.68531e-010	2.66198e-010	2.59219e-010	2.56093e-010	2.45606e-010	2.28117e-010	1.98555e-010	1.4385e-010	1.11495e-010	9.02756e-011	8.37642e-011	8.11765e-011	8.16557e-011	8.02026e-011	7.96024e-011	7.85697e-011	7.72472e-011	7.58493e-011	7.58756e-011	7.26842e-011	7.31309e-011	7.20024e-011	7.37264e-011	7.26612e-011	7.28775e-011	7.21612e-011	7.18694e-011	7.33589e-011	7.17735e-011	7.35406e-011	7.30897e-011	7.49201e-011	8.68874e-011	6.54282e-011	7.76017e-011	7.88445e-011	7.93691e-011	7.81042e-011	7.39073e-011	7.3777e-011	7.58565e-011	7.61465e-011	7.56469e-011	7.61431e-011
9.46783	1.05363e-010	1.11354e-010	1.0977e-010	1.0754e-010	1.07734e-010	1.09137e-010	1.09751e-010	1.11431e-010	1.13179e-010	1.15637e-010	1.16948e-010	1.16755e-010	1.16129e-010	1.15928e-010	1.20935e-010	1.21154e-010	1.13727e-010	1.15722e-010	1.20855e-010	1.29841e-010	1.16969e-010	1.25947e-010	1.2435e-010	1.24749e-010	1.23715e-010	1.24891e-010	1.29563e-010	1.52369e-010	1.62102e-010	1.40051e-010	1.27209e-010	1.25289e-010	1.26935e-010	1.23221e-010	1.2743e-010	1.23921e-010	1.26836e-010	1.08394e-010	1.093e-010	1.24557e-010	1.24813e-010	1.04068e-010	1.05101e-010	1.04415e-010	1.10439e-010	1.30955e-010	1.25115e-010	1.23698e-010	1.20349e-010	1.37421e-010	1.14638e-010	1.09705e-010	1.11267e-010	1.19323e-010	1.15449e-010	1.18783e-010	9.79037e-011	6.54505e-011	7.78419e-011	7.69459e-011	7.88308e-011	7.90689e-011	8.07311e-011	7.98182e-011	8.24717e-011	8.03363e-011	8.09817e-011	8.21229e-011	8.19743e-011	7.88935e-011	8.31642e-011	8.26459e-011	8.29089e-011	8.4596e-011	8.33508e-011	8.43153e-011	8.48471e-011	8.58745e-011	8.76118e-011	8.87022e-011	8.98598e-011	8.75852e-011	8.78059e-011	8.73796e-011	8.73062e-011	8.72286e-011	8.83607e-011	8.81318e-011	8.8827e-011	8.83039e-011	8.81337e-011	8.87448e-011	8.85662e-011	8.75977e-011	9.13384e-011	9.00044e-011	8.92374e-011	8.84663e-011	8.66911e-011	8.74826e-011	9.39831e-011	9.64087e-011	9.13315e-011	8.78211e-011	8.85915e-011	8.79293e-011	8.75486e-011	8.75921e-011	8.79885e-011	8.81663e-011	8.834e-011	9.15089e-011	9.12456e-011	8.90498e-011	9.37771e-011	9.09302e-011	9.37208e-011	9.35792e-011	8.9934e-011	9.02124e-011	9.3129e-011	8.9971e-011	9.03795e-011	9.29263e-011	9.24694e-011	9.21511e-011	9.37568e-011	9.36442e-011	9.03852e-011	9.26209e-011	9.32099e-011	7.86545e-011	8.91618e-011	8.09539e-011	9.28096e-011	7.37381e-011	6.28038e-011	6.52913e-011	1.02411e-010	6.4112e-011	6.88722e-011	6.72007e-011	7.44519e-011	7.52715e-011	7.3873e-011	7.73979e-011	7.84905e-011	7.51511e-011	7.73064e-011	7.66724e-011	7.28918e-011	7.63913e-011	7.71014e-011	7.70931e-011	7.80804e-011	7.66354e-011	8.04709e-011	7.8089e-011	8.05591e-011	8.13824e-011	8.07018e-011	8.38019e-011	8.21844e-011	8.5419e-011	1.11645e-010	1.29654e-010	1.56443e-010	1.90441e-010	2.26719e-010	2.42355e-010	2.58272e-010	2.63115e-010	2.68311e-010	2.70789e-010	2.69192e-010	2.72519e-010	2.69985e-010	2.68733e-010	2.65333e-010	2.71428e-010	2.72806e-010	2.73322e-010	2.7569e-010	2.75126e-010	2.70773e-010	2.70416e-010	2.68554e-010	2.66331e-010	2.60175e-010	2.5673e-010	2.50423e-010	2.36471e-010	2.16944e-010	1.76274e-010	1.45741e-010	1.0849e-010	8.73037e-011	7.94678e-011	7.8555e-011	7.64953e-011	7.60739e-011	7.45771e-011	7.32903e-011	7.22135e-011	7.19894e-011	6.92616e-011	7.04574e-011	6.69355e-011	6.9694e-011	6.80205e-011	6.92708e-011	6.80887e-011	6.73309e-011	6.87114e-011	6.68024e-011	6.85315e-011	6.78996e-011	6.9763e-011	8.1906e-011	6.06224e-011	7.29712e-011	7.31037e-011	7.38747e-011	7.20705e-011	6.8691e-011	6.82353e-011	6.92036e-011	7.02392e-011	7.04849e-011	7.04407e-011
9.86233	1.05836e-010	1.36362e-010	1.22819e-010	1.09487e-010	1.08434e-010	1.08877e-010	1.09887e-010	1.11178e-010	1.12109e-010	1.14963e-010	1.16099e-010	1.16017e-010	1.15146e-010	1.15556e-010	1.20317e-010	1.20433e-010	1.13189e-010	1.15011e-010	1.20185e-010	1.19927e-010	1.27306e-010	1.33896e-010	1.24128e-010	1.23853e-010	1.23361e-010	1.23935e-010	1.27076e-010	1.39712e-010	1.46344e-010	1.34118e-010	1.25817e-010	1.24152e-010	1.26126e-010	1.21954e-010	1.26348e-010	1.2281e-010	1.26267e-010	1.0801e-010	1.08173e-010	1.2383e-010	1.23843e-010	1.02855e-010	1.03573e-010	1.02716e-010	1.0664e-010	1.28842e-010	1.24688e-010	1.21386e-010	1.18366e-010	1.34625e-010	1.126e-010	1.07139e-010	1.09459e-010	1.17345e-010	1.27012e-010	1.1725e-010	9.55578e-011	6.40059e-011	7.62989e-011	7.49475e-011	7.6877e-011	7.70171e-011	7.86527e-011	7.80703e-011	8.04832e-011	7.86785e-011	7.93692e-011	8.10556e-011	8.02383e-011	7.69174e-011	8.10195e-011	8.04041e-011	8.05701e-011	8.20888e-011	8.11039e-011	8.21146e-011	8.29782e-011	8.59088e-011	9.35486e-011	9.43284e-011	9.71038e-011	8.70916e-011	8.59308e-011	8.47659e-011	8.47395e-011	8.4709e-011	8.61027e-011	8.54212e-011	8.58782e-011	8.59025e-011	8.57799e-011	8.65816e-011	8.94502e-011	9.24575e-011	9.76031e-011	9.36035e-011	8.65288e-011	8.56631e-011	8.45791e-011	8.98469e-011	1.03395e-010	1.04084e-010	9.6413e-011	8.61671e-011	8.7415e-011	8.44453e-011	8.51136e-011	8.49207e-011	8.53665e-011	8.50226e-011	8.46746e-011	8.74647e-011	8.75369e-011	8.66766e-011	9.06684e-011	8.81572e-011	9.04982e-011	9.01927e-011	8.65979e-011	8.72125e-011	8.99654e-011	8.66439e-011	8.73176e-011	9.0201e-011	8.90809e-011	8.90994e-011	8.99708e-011	9.01953e-011	8.7559e-011	8.95606e-011	8.98441e-011	7.73401e-011	8.40428e-011	7.61725e-011	8.7866e-011	7.02036e-011	5.95357e-011	6.10758e-011	9.9105e-011	6.06442e-011	6.51713e-011	6.41953e-011	7.08567e-011	7.20149e-011	7.0598e-011	7.36762e-011	7.46077e-011	7.13217e-011	7.30306e-011	7.29499e-011	6.9223e-011	7.27048e-011	7.35402e-011	7.35145e-011	7.49129e-011	7.30935e-011	7.6769e-011	7.47271e-011	7.70374e-011	7.81295e-011	7.70751e-011	8.0587e-011	8.00242e-011	9.1955e-011	1.35019e-010	1.75436e-010	1.85712e-010	2.14266e-010	2.30746e-010	2.51365e-010	2.60339e-010	2.64809e-010	2.71275e-010	2.73809e-010	2.6984e-010	2.70081e-010	2.68532e-010	2.67907e-010	2.63422e-010	2.6993e-010	2.72292e-010	2.70437e-010	2.73291e-010	2.72284e-010	2.67417e-010	2.67259e-010	2.66097e-010	2.65288e-010	2.60119e-010	2.56445e-010	2.50482e-010	2.42944e-010	2.27688e-010	2.0593e-010	1.85453e-010	1.38119e-010	1.00423e-010	7.97903e-011	7.58651e-011	7.29356e-011	7.20729e-011	7.06349e-011	6.93355e-011	6.83176e-011	6.80812e-011	6.54126e-011	6.71675e-011	6.30623e-011	6.5666e-011	6.63373e-011	6.80758e-011	6.58108e-011	6.32561e-011	6.39823e-011	6.23477e-011	6.37798e-011	6.32082e-011	6.48463e-011	7.71926e-011	5.59695e-011	6.79505e-011	6.79295e-011	6.89042e-011	6.7161e-011	6.34141e-011	6.30195e-011	6.39777e-011	6.38605e-011	6.55246e-011	6.56134e-011
10.2568	1.05975e-010	1.46322e-010	1.28676e-010	1.10312e-010	1.0837e-010	1.09709e-010	1.09686e-010	1.11088e-010	1.11415e-010	1.13309e-010	1.16413e-010	1.16656e-010	1.15396e-010	1.14274e-010	1.19576e-010	1.19804e-010	1.12957e-010	1.14033e-010	1.19676e-010	1.07747e-010	1.43876e-010	1.52792e-010	1.25139e-010	1.23263e-010	1.22954e-010	1.2357e-010	1.25325e-010	1.30931e-010	1.34392e-010	1.30349e-010	1.24446e-010	1.22895e-010	1.25197e-010	1.20996e-010	1.25575e-010	1.2158e-010	1.24365e-010	1.07579e-010	1.06571e-010	1.22128e-010	1.21827e-010	1.01454e-010	1.02216e-010	1.01259e-010	1.05441e-010	1.26187e-010	1.22791e-010	1.19034e-010	1.15844e-010	1.31789e-010	1.1088e-010	1.04964e-010	1.07542e-010	1.15616e-010	1.31327e-010	1.15325e-010	9.34637e-011	6.17428e-011	7.45811e-011	7.36322e-011	7.49646e-011	7.49362e-011	7.64034e-011	7.62955e-011	7.85402e-011	7.73531e-011	7.98755e-011	8.44649e-011	8.03377e-011	7.49924e-011	7.84986e-011	7.82872e-011	7.85717e-011	8.00662e-011	7.92001e-011	8.00439e-011	8.16692e-011	9.01464e-011	1.05333e-010	1.03804e-010	1.02914e-010	8.69506e-011	8.38385e-011	8.25078e-011	8.24585e-011	8.24052e-011	8.37048e-011	8.31436e-011	8.35068e-011	8.35089e-011	8.34356e-011	8.54293e-011	9.64173e-011	1.03331e-010	1.05384e-010	9.85774e-011	8.49111e-011	8.31672e-011	8.29189e-011	9.26649e-011	1.10477e-010	1.08074e-010	9.82401e-011	8.46171e-011	8.54875e-011	8.14976e-011	8.16458e-011	8.179e-011	8.23587e-011	8.26377e-011	8.19129e-011	8.41121e-011	8.39506e-011	8.36423e-011	8.76148e-011	8.50846e-011	8.76208e-011	8.70822e-011	8.33259e-011	8.40647e-011	8.71562e-011	8.39592e-011	8.42575e-011	8.71228e-011	8.60562e-011	8.64853e-011	8.69818e-011	8.69744e-011	8.39636e-011	8.6662e-011	8.6714e-011	7.34073e-011	8.045e-011	7.21343e-011	8.21685e-011	6.68461e-011	5.60189e-011	5.75426e-011	9.54841e-011	5.84354e-011	6.23038e-011	6.09548e-011	6.74575e-011	6.88143e-011	6.75247e-011	6.98018e-011	7.07181e-011	6.74168e-011	6.88964e-011	6.88008e-011	6.52019e-011	6.86691e-011	7.0204e-011	7.00924e-011	7.25478e-011	6.98572e-011	7.359e-011	7.15341e-011	7.3902e-011	7.4909e-011	7.43408e-011	7.79822e-011	7.99055e-011	1.08463e-010	1.6144e-010	1.95703e-010	2.0468e-010	2.27437e-010	2.39191e-010	2.53727e-010	2.59261e-010	2.64862e-010	2.71387e-010	2.73766e-010	2.67357e-010	2.66086e-010	2.65454e-010	2.65389e-010	2.61535e-010	2.68175e-010	2.70026e-010	2.67945e-010	2.69931e-010	2.68628e-010	2.64608e-010	2.65153e-010	2.63053e-010	2.63376e-010	2.58982e-010	2.55869e-010	2.49753e-010	2.44776e-010	2.37009e-010	2.2324e-010	2.09181e-010	1.73693e-010	1.19205e-010	8.48517e-011	7.31332e-011	6.94807e-011	6.83237e-011	6.71627e-011	6.59263e-011	6.4543e-011	6.43698e-011	6.1693e-011	6.40114e-011	6.604e-011	6.6922e-011	7.14421e-011	7.14591e-011	6.9044e-011	6.06973e-011	6.04166e-011	5.82037e-011	6.02003e-011	5.95505e-011	6.04678e-011	7.28076e-011	5.14353e-011	6.33386e-011	6.30972e-011	6.4423e-011	6.28881e-011	5.91354e-011	5.85923e-011	5.89023e-011	5.87083e-011	6.13669e-011	6.13791e-011
10.6513	1.06005e-010	1.34973e-010	1.20731e-010	1.0977e-010	1.09445e-010	1.09903e-010	1.10071e-010	1.11448e-010	1.11251e-010	1.13978e-010	1.19629e-010	1.18991e-010	1.16493e-010	1.14776e-010	1.19626e-010	1.18972e-010	1.13173e-010	1.14583e-010	1.19273e-010	1.02107e-010	1.38998e-010	1.51176e-010	1.24142e-010	1.226e-010	1.23268e-010	1.23218e-010	1.24734e-010	1.26818e-010	1.28256e-010	1.28618e-010	1.24263e-010	1.22546e-010	1.25325e-010	1.21315e-010	1.25585e-010	1.21353e-010	1.23759e-010	1.07521e-010	1.06205e-010	1.21525e-010	1.21843e-010	1.01305e-010	1.01687e-010	1.00922e-010	1.05367e-010	1.25162e-010	1.22315e-010	1.18464e-010	1.15608e-010	1.30174e-010	1.08172e-010	1.04376e-010	1.06504e-010	1.14627e-010	1.33029e-010	1.14577e-010	9.24797e-011	6.07368e-011	7.37674e-011	7.25109e-011	7.39643e-011	7.41283e-011	7.52167e-011	7.48728e-011	7.83099e-011	8.26715e-011	8.9243e-011	9.50964e-011	8.46631e-011	7.46543e-011	7.76392e-011	7.72636e-011	7.75981e-011	7.92856e-011	7.85411e-011	7.92922e-011	8.11821e-011	8.92811e-011	1.0566e-010	1.05967e-010	9.91999e-011	8.55727e-011	8.27968e-011	8.15166e-011	8.15179e-011	8.11582e-011	8.25799e-011	8.20694e-011	8.2412e-011	8.1965e-011	8.22282e-011	8.42014e-011	9.47404e-011	1.06133e-010	1.04809e-010	9.54824e-011	8.35812e-011	8.26026e-011	8.15486e-011	8.79178e-011	1.08423e-010	1.04572e-010	9.2433e-011	8.26464e-011	8.39968e-011	7.97013e-011	7.94011e-011	7.97398e-011	8.00744e-011	8.05479e-011	7.99462e-011	8.17687e-011	8.17304e-011	8.19738e-011	8.57126e-011	8.33057e-011	8.55369e-011	8.51931e-011	8.14174e-011	8.22083e-011	8.51378e-011	8.235e-011	8.22006e-011	8.55467e-011	8.39611e-011	8.45854e-011	8.52057e-011	8.46794e-011	8.21496e-011	8.46148e-011	8.45766e-011	6.94657e-011	7.87749e-011	6.94408e-011	7.90992e-011	6.44723e-011	5.36266e-011	5.55602e-011	9.25548e-011	5.65589e-011	5.92662e-011	5.79703e-011	6.49545e-011	6.65787e-011	6.50566e-011	6.69585e-011	6.82137e-011	6.45373e-011	6.57845e-011	6.58852e-011	6.22683e-011	6.55033e-011	6.71632e-011	6.77479e-011	7.10424e-011	6.77627e-011	7.14778e-011	6.94043e-011	7.20402e-011	7.3101e-011	7.27295e-011	7.72103e-011	8.51151e-011	1.31866e-010	1.88254e-010	2.08002e-010	2.24746e-010	2.34345e-010	2.47297e-010	2.54102e-010	2.59333e-010	2.63489e-010	2.70354e-010	2.72431e-010	2.64005e-010	2.60789e-010	2.62068e-010	2.63414e-010	2.60901e-010	2.66667e-010	2.68573e-010	2.65976e-010	2.67159e-010	2.65269e-010	2.62874e-010	2.63046e-010	2.61429e-010	2.61236e-010	2.57611e-010	2.55768e-010	2.50207e-010	2.45499e-010	2.41572e-010	2.36143e-010	2.2171e-010	1.93205e-010	1.38701e-010	9.32623e-011	7.19583e-011	6.65759e-011	6.52603e-011	6.40835e-011	6.26171e-011	6.15752e-011	6.11721e-011	5.83369e-011	6.14252e-011	6.84374e-011	6.71615e-011	7.05235e-011	7.26676e-011	7.1594e-011	5.92328e-011	5.76513e-011	5.51375e-011	5.67618e-011	5.63111e-011	5.73562e-011	6.93239e-011	4.76509e-011	5.95392e-011	5.88544e-011	6.05224e-011	5.94012e-011	5.56337e-011	5.47902e-011	5.5014e-011	5.44483e-011	5.77351e-011	5.76613e-011
11.0458	1.07289e-010	1.21108e-010	1.13142e-010	1.08528e-010	1.08981e-010	1.09501e-010	1.10017e-010	1.111e-010	1.11609e-010	1.18326e-010	1.39965e-010	1.34962e-010	1.18386e-010	1.1466e-010	1.1943e-010	1.17767e-010	1.1303e-010	1.14859e-010	1.19469e-010	1.10578e-010	1.26607e-010	1.39346e-010	1.22587e-010	1.22178e-010	1.22908e-010	1.22706e-010	1.23642e-010	1.24645e-010	1.25216e-010	1.2764e-010	1.24132e-010	1.22192e-010	1.25389e-010	1.21298e-010	1.24987e-010	1.21246e-010	1.2307e-010	1.07108e-010	1.05925e-010	1.20949e-010	1.21187e-010	1.00924e-010	1.01082e-010	1.00022e-010	1.05528e-010	1.23885e-010	1.21242e-010	1.17594e-010	1.15657e-010	1.28356e-010	1.05272e-010	1.04109e-010	1.05798e-010	1.14125e-010	1.33874e-010	1.14198e-010	9.19468e-011	5.98364e-011	7.30709e-011	7.1304e-011	7.35325e-011	7.34716e-011	7.46209e-011	7.46949e-011	7.94783e-011	9.06137e-011	1.00245e-010	1.01375e-010	8.86452e-011	7.46264e-011	7.71719e-011	7.64283e-011	7.70377e-011	7.84286e-011	7.78159e-011	7.94844e-011	8.21488e-011	8.86657e-011	9.87492e-011	1.00545e-010	9.16238e-011	8.30559e-011	8.15542e-011	8.09055e-011	8.06813e-011	8.0096e-011	8.17206e-011	8.11274e-011	8.15299e-011	8.14285e-011	8.13232e-011	8.24279e-011	8.89561e-011	1.00408e-010	9.87156e-011	8.95919e-011	8.29637e-011	8.39016e-011	8.14075e-011	8.33373e-011	9.9546e-011	9.78256e-011	8.59601e-011	7.98753e-011	8.2642e-011	7.84774e-011	7.80224e-011	7.82775e-011	7.83859e-011	7.87045e-011	7.83049e-011	8.01866e-011	8.01361e-011	8.07958e-011	8.40938e-011	8.19603e-011	8.41077e-011	8.35373e-011	8.04634e-011	8.11705e-011	8.40161e-011	8.15015e-011	8.14824e-011	8.38875e-011	8.27178e-011	8.29724e-011	8.43657e-011	8.38267e-011	8.13556e-011	8.33082e-011	8.35428e-011	6.59196e-011	7.7287e-011	6.80114e-011	7.72998e-011	6.2303e-011	5.31582e-011	5.57215e-011	9.19175e-011	5.4266e-011	5.91027e-011	5.68652e-011	6.35507e-011	6.51616e-011	6.33406e-011	6.55149e-011	6.65426e-011	6.24957e-011	6.35154e-011	6.38169e-011	6.01866e-011	6.40508e-011	6.52687e-011	6.60542e-011	6.9835e-011	6.68274e-011	6.98861e-011	6.82989e-011	7.09925e-011	7.26109e-011	7.25828e-011	7.91923e-011	1.04651e-010	1.56316e-010	2.00835e-010	2.18498e-010	2.33586e-010	2.39243e-010	2.51181e-010	2.55759e-010	2.60404e-010	2.6226e-010	2.66326e-010	2.68317e-010	2.60377e-010	2.57504e-010	2.59697e-010	2.62743e-010	2.61286e-010	2.65253e-010	2.67287e-010	2.64676e-010	2.65202e-010	2.63725e-010	2.62459e-010	2.61116e-010	2.60484e-010	2.60206e-010	2.56709e-010	2.55494e-010	2.50989e-010	2.47552e-010	2.43468e-010	2.40309e-010	2.31218e-010	2.03126e-010	1.60105e-010	1.03653e-010	7.23362e-011	6.45107e-011	6.32514e-011	6.2131e-011	6.03638e-011	5.90925e-011	5.90313e-011	5.6038e-011	5.90397e-011	6.18945e-011	6.16031e-011	6.80207e-011	7.55055e-011	6.7632e-011	5.64695e-011	5.55153e-011	5.24861e-011	5.44519e-011	5.39857e-011	5.50151e-011	6.69671e-011	4.47072e-011	5.80795e-011	5.6522e-011	5.78886e-011	5.5966e-011	5.29683e-011	5.23232e-011	5.20312e-011	5.13067e-011	5.45061e-011	5.49876e-011
11.4403	1.07613e-010	1.11717e-010	1.08604e-010	1.07773e-010	1.08866e-010	1.09026e-010	1.09182e-010	1.10548e-010	1.12482e-010	1.23981e-010	1.599e-010	1.50538e-010	1.20318e-010	1.13661e-010	1.18713e-010	1.16619e-010	1.12164e-010	1.14347e-010	1.18668e-010	1.16272e-010	1.22085e-010	1.29965e-010	1.21344e-010	1.21289e-010	1.22444e-010	1.22023e-010	1.22884e-010	1.23313e-010	1.23308e-010	1.26657e-010	1.23288e-010	1.2163e-010	1.24894e-010	1.20799e-010	1.23913e-010	1.20239e-010	1.21917e-010	1.05522e-010	1.05121e-010	1.20712e-010	1.20874e-010	9.93212e-011	1.00118e-010	9.89103e-011	1.04055e-010	1.22907e-010	1.20402e-010	1.1668e-010	1.13595e-010	1.27147e-010	1.02915e-010	1.02819e-010	1.04931e-010	1.13182e-010	1.34712e-010	1.13031e-010	9.07041e-011	5.90173e-011	7.20325e-011	7.01894e-011	7.21271e-011	7.25612e-011	7.36339e-011	7.37742e-011	7.87667e-011	8.72545e-011	1.01951e-010	9.65766e-011	8.44132e-011	7.37455e-011	7.65714e-011	7.58938e-011	7.64262e-011	7.77402e-011	7.76932e-011	8.51409e-011	8.90137e-011	9.57391e-011	9.27479e-011	9.12525e-011	8.52538e-011	8.08223e-011	8.0743e-011	7.98742e-011	7.97154e-011	7.89813e-011	8.05285e-011	8.01433e-011	8.03969e-011	8.0218e-011	8.02493e-011	8.09193e-011	8.47989e-011	9.18882e-011	9.09749e-011	8.62726e-011	8.47085e-011	8.63541e-011	8.19967e-011	8.00634e-011	9.38375e-011	9.00393e-011	8.09524e-011	7.77175e-011	8.1263e-011	7.75201e-011	7.68441e-011	7.7378e-011	7.7051e-011	7.7077e-011	7.67418e-011	7.88308e-011	7.90589e-011	7.97115e-011	8.3288e-011	8.06474e-011	8.22877e-011	8.24242e-011	7.95572e-011	7.99713e-011	8.28095e-011	8.03589e-011	8.09037e-011	8.28728e-011	8.19098e-011	8.16569e-011	8.29712e-011	8.29959e-011	8.05884e-011	8.24619e-011	8.25459e-011	6.39865e-011	7.61316e-011	6.72766e-011	7.73426e-011	6.29806e-011	5.93268e-011	5.86684e-011	9.19997e-011	5.32688e-011	5.84543e-011	5.57802e-011	6.23145e-011	6.39172e-011	6.20165e-011	6.44681e-011	6.58444e-011	6.12892e-011	6.22289e-011	6.19506e-011	5.86688e-011	6.28101e-011	6.37337e-011	6.46532e-011	6.8711e-011	6.58375e-011	6.90303e-011	6.72199e-011	7.02617e-011	7.20855e-011	7.3191e-011	8.42193e-011	1.3188e-010	1.81321e-010	2.06478e-010	2.29559e-010	2.35497e-010	2.4343e-010	2.5293e-010	2.56784e-010	2.60492e-010	2.60696e-010	2.61539e-010	2.6352e-010	2.56785e-010	2.55331e-010	2.57871e-010	2.61693e-010	2.62012e-010	2.63684e-010	2.66065e-010	2.63301e-010	2.63746e-010	2.63545e-010	2.61126e-010	2.59774e-010	2.59703e-010	2.59057e-010	2.5555e-010	2.55182e-010	2.52096e-010	2.48577e-010	2.44911e-010	2.42027e-010	2.3514e-010	2.1218e-010	1.76218e-010	1.14829e-010	7.71449e-011	6.45241e-011	6.26115e-011	6.09092e-011	5.86314e-011	5.71352e-011	5.75632e-011	5.44164e-011	5.67645e-011	5.63234e-011	5.75923e-011	6.20707e-011	6.82591e-011	6.15173e-011	5.34146e-011	5.35206e-011	5.09087e-011	5.25778e-011	5.19575e-011	5.29043e-011	6.43452e-011	4.27167e-011	5.6649e-011	5.4723e-011	5.62924e-011	5.17874e-011	5.04921e-011	4.96927e-011	4.96747e-011	4.87958e-011	5.23406e-011	5.24534e-011
11.8348	1.06313e-010	1.06841e-010	1.06365e-010	1.06813e-010	1.07757e-010	1.08197e-010	1.08133e-010	1.09993e-010	1.12206e-010	1.19843e-010	1.49043e-010	1.4046e-010	1.17805e-010	1.12642e-010	1.18044e-010	1.16015e-010	1.11269e-010	1.13374e-010	1.17689e-010	1.22785e-010	1.19379e-010	1.24324e-010	1.19768e-010	1.20634e-010	1.21711e-010	1.21427e-010	1.22067e-010	1.22417e-010	1.22264e-010	1.26034e-010	1.22516e-010	1.20422e-010	1.24608e-010	1.21149e-010	1.23542e-010	1.19432e-010	1.21317e-010	1.04415e-010	1.04221e-010	1.19877e-010	1.20103e-010	9.80433e-011	9.89754e-011	1.00189e-010	1.0397e-010	1.20958e-010	1.18946e-010	1.15358e-010	1.11409e-010	1.25096e-010	1.01357e-010	1.01324e-010	1.03715e-010	1.12101e-010	1.33909e-010	1.11721e-010	8.91003e-011	5.81913e-011	7.06989e-011	6.9205e-011	7.12777e-011	7.14896e-011	7.26973e-011	7.26154e-011	7.6243e-011	8.12234e-011	9.41269e-011	8.91724e-011	7.87149e-011	7.26096e-011	7.57843e-011	7.49557e-011	7.57655e-011	7.70711e-011	8.03723e-011	9.60243e-011	1.00674e-010	1.02249e-010	9.08941e-011	8.43196e-011	8.08833e-011	7.8657e-011	7.97832e-011	7.89056e-011	7.84525e-011	7.82095e-011	7.9248e-011	7.8497e-011	7.90274e-011	7.87681e-011	7.90761e-011	7.938e-011	8.18224e-011	8.50462e-011	8.49808e-011	8.38401e-011	8.59091e-011	8.626e-011	8.06793e-011	7.75941e-011	8.75025e-011	8.3695e-011	7.73838e-011	7.6282e-011	7.96038e-011	7.62085e-011	7.57372e-011	7.61188e-011	7.57107e-011	7.5727e-011	7.56679e-011	7.75329e-011	7.78227e-011	7.82512e-011	8.1818e-011	7.89533e-011	8.08693e-011	8.19957e-011	7.8119e-011	8.11655e-011	8.52791e-011	7.91762e-011	8.04965e-011	8.18127e-011	8.09824e-011	8.03622e-011	8.17376e-011	8.21806e-011	7.96914e-011	8.13402e-011	8.21994e-011	6.30582e-011	7.49073e-011	6.64702e-011	7.77398e-011	6.45812e-011	6.663e-011	6.28187e-011	9.68535e-011	6.70388e-011	5.91446e-011	5.40315e-011	6.0555e-011	6.23611e-011	6.05923e-011	6.29615e-011	6.44697e-011	6.01177e-011	6.0975e-011	6.10426e-011	5.72498e-011	6.11657e-011	6.22209e-011	6.27722e-011	6.7033e-011	6.39339e-011	6.76866e-011	6.60791e-011	6.91095e-011	7.12789e-011	7.30871e-011	9.33878e-011	1.55177e-010	1.97465e-010	2.15683e-010	2.35967e-010	2.37894e-010	2.46315e-010	2.54233e-010	2.5629e-010	2.59557e-010	2.58464e-010	2.58152e-010	2.5955e-010	2.54017e-010	2.53479e-010	2.57507e-010	2.60032e-010	2.61195e-010	2.61783e-010	2.63867e-010	2.60734e-010	2.61238e-010	2.61524e-010	2.58807e-010	2.56871e-010	2.57574e-010	2.56987e-010	2.55253e-010	2.54943e-010	2.52987e-010	2.49242e-010	2.45706e-010	2.42666e-010	2.36909e-010	2.19007e-010	1.92459e-010	1.39198e-010	9.20748e-011	6.74433e-011	6.21612e-011	5.97317e-011	5.70125e-011	5.54319e-011	5.56325e-011	5.21869e-011	5.41648e-011	5.19965e-011	5.3752e-011	5.5432e-011	5.96075e-011	5.44949e-011	5.0021e-011	5.07563e-011	4.77739e-011	4.9858e-011	4.92242e-011	5.03003e-011	6.14419e-011	3.98711e-011	5.39326e-011	5.21358e-011	5.29059e-011	4.87442e-011	4.75779e-011	4.66932e-011	4.71613e-011	4.59828e-011	4.97993e-011	4.96124e-011
12.2293	1.0633e-010	1.05474e-010	1.0597e-010	1.07248e-010	1.07093e-010	1.08363e-010	1.08344e-010	1.10534e-010	1.11435e-010	1.1626e-010	1.32221e-010	1.26254e-010	1.14213e-010	1.12952e-010	1.18328e-010	1.15916e-010	1.11357e-010	1.13436e-010	1.18011e-010	1.25224e-010	1.18293e-010	1.22213e-010	1.19273e-010	1.20471e-010	1.21594e-010	1.21142e-010	1.21757e-010	1.22653e-010	1.21832e-010	1.2572e-010	1.2232e-010	1.20201e-010	1.24934e-010	1.21736e-010	1.24034e-010	1.19399e-010	1.21046e-010	1.03763e-010	1.03545e-010	1.19462e-010	1.20236e-010	9.72953e-011	9.94177e-011	1.01036e-010	1.04222e-010	1.20758e-010	1.17366e-010	1.14469e-010	1.11283e-010	1.24304e-010	1.0297e-010	1.00344e-010	1.02712e-010	1.10932e-010	1.34003e-010	1.10864e-010	8.80066e-011	5.75753e-011	6.94893e-011	6.84018e-011	7.04525e-011	7.08567e-011	7.1614e-011	7.1796e-011	7.44022e-011	7.65758e-011	8.58157e-011	8.13397e-011	7.48602e-011	7.10905e-011	7.4744e-011	7.36801e-011	7.43975e-011	7.60395e-011	7.85344e-011	9.51656e-011	1.03866e-010	9.77074e-011	8.59747e-011	7.89515e-011	7.79946e-011	7.68194e-011	7.80684e-011	7.73852e-011	7.68409e-011	7.67211e-011	7.78113e-011	7.71122e-011	7.76232e-011	7.72018e-011	7.74191e-011	7.79181e-011	7.95558e-011	7.88328e-011	8.0534e-011	8.00886e-011	8.30673e-011	8.25426e-011	7.7372e-011	7.53396e-011	8.10875e-011	7.81902e-011	7.45748e-011	7.44547e-011	7.77586e-011	7.45597e-011	7.37135e-011	7.33633e-011	7.3866e-011	7.3722e-011	7.4074e-011	7.6136e-011	7.59086e-011	7.61772e-011	7.95842e-011	7.69882e-011	7.87446e-011	8.37821e-011	7.69606e-011	8.04191e-011	8.91582e-011	7.74686e-011	7.95582e-011	7.95727e-011	7.9869e-011	7.90186e-011	7.96639e-011	8.01624e-011	7.79432e-011	7.96478e-011	8.03487e-011	6.10492e-011	7.32399e-011	6.50019e-011	7.61849e-011	6.42253e-011	6.6759e-011	6.62179e-011	1.03809e-010	1.49108e-010	6.40708e-011	5.30872e-011	5.85965e-011	6.01025e-011	5.83909e-011	6.08888e-011	6.30257e-011	5.93739e-011	6.05744e-011	6.02712e-011	5.56077e-011	5.87244e-011	5.95519e-011	6.02326e-011	6.53371e-011	6.19391e-011	6.56787e-011	6.43438e-011	6.68614e-011	6.95178e-011	7.30273e-011	1.0817e-010	1.75302e-010	2.0351e-010	2.26142e-010	2.37702e-010	2.40188e-010	2.47454e-010	2.53931e-010	2.54691e-010	2.57375e-010	2.54556e-010	2.54804e-010	2.56191e-010	2.50432e-010	2.52025e-010	2.55613e-010	2.57912e-010	2.58779e-010	2.58499e-010	2.59715e-010	2.57785e-010	2.57922e-010	2.57769e-010	2.5347e-010	2.52666e-010	2.5393e-010	2.55118e-010	2.55731e-010	2.56482e-010	2.5523e-010	2.50118e-010	2.45644e-010	2.4238e-010	2.37685e-010	2.23844e-010	2.04428e-010	1.75511e-010	1.14238e-010	7.6528e-011	6.17386e-011	5.83718e-011	5.5001e-011	5.33401e-011	5.32464e-011	4.94352e-011	5.11189e-011	4.82995e-011	4.98324e-011	4.94332e-011	5.13867e-011	4.82657e-011	4.62833e-011	4.71536e-011	4.41635e-011	4.64542e-011	4.57414e-011	4.73813e-011	5.84441e-011	3.72232e-011	5.06347e-011	4.88308e-011	4.96653e-011	4.72821e-011	4.43236e-011	4.32893e-011	4.31794e-011	4.22086e-011	4.66614e-011	4.6611e-011
12.6238	1.06855e-010	1.04553e-010	1.0696e-010	1.08006e-010	1.07906e-010	1.08587e-010	1.0905e-010	1.11295e-010	1.10965e-010	1.13487e-010	1.21647e-010	1.18448e-010	1.12174e-010	1.12752e-010	1.18397e-010	1.16753e-010	1.12105e-010	1.14453e-010	1.18582e-010	1.27349e-010	1.18758e-010	1.22017e-010	1.19846e-010	1.21027e-010	1.21775e-010	1.21448e-010	1.22332e-010	1.23211e-010	1.22586e-010	1.25957e-010	1.22754e-010	1.21189e-010	1.25976e-010	1.22689e-010	1.24683e-010	1.20175e-010	1.21946e-010	1.04075e-010	1.03839e-010	1.19739e-010	1.21066e-010	9.74658e-011	1.01642e-010	1.016e-010	1.04268e-010	1.19716e-010	1.14449e-010	1.14249e-010	1.12402e-010	1.23835e-010	1.04483e-010	1.00767e-010	1.02404e-010	1.10535e-010	1.33088e-010	1.10432e-010	8.79853e-011	5.71079e-011	6.929e-011	6.81848e-011	7.02179e-011	7.06045e-011	7.15584e-011	7.17227e-011	7.40256e-011	7.44676e-011	7.96905e-011	7.66966e-011	7.31274e-011	7.04826e-011	7.44041e-011	7.31796e-011	7.39508e-011	7.52893e-011	7.59097e-011	8.84525e-011	9.82775e-011	8.97447e-011	8.1208e-011	7.65237e-011	7.69059e-011	7.59986e-011	7.73012e-011	7.63146e-011	7.61095e-011	7.62575e-011	7.72585e-011	7.61845e-011	7.69633e-011	7.66668e-011	7.70091e-011	7.77045e-011	7.86102e-011	7.57983e-011	7.81957e-011	7.72326e-011	7.8765e-011	7.92937e-011	7.50335e-011	7.37688e-011	7.81419e-011	7.62978e-011	7.345e-011	7.3312e-011	7.70264e-011	7.34524e-011	7.26597e-011	7.26486e-011	7.26334e-011	7.24e-011	7.28054e-011	7.55635e-011	7.51039e-011	7.51402e-011	7.83863e-011	7.56294e-011	7.85818e-011	8.83147e-011	7.76902e-011	7.74169e-011	8.86375e-011	7.67156e-011	7.97869e-011	8.0926e-011	8.24895e-011	7.96928e-011	7.91774e-011	7.95149e-011	7.69919e-011	7.86784e-011	7.91468e-011	6.0829e-011	7.21446e-011	6.38884e-011	7.34106e-011	6.37181e-011	6.18059e-011	6.61028e-011	1.00533e-010	1.34888e-010	7.91839e-011	5.6827e-011	5.79617e-011	5.85925e-011	5.6934e-011	5.94851e-011	6.26749e-011	5.96476e-011	6.11869e-011	6.09368e-011	5.46124e-011	5.69252e-011	5.78772e-011	5.91823e-011	6.36971e-011	6.07807e-011	6.4502e-011	6.32916e-011	6.52909e-011	6.86431e-011	7.30625e-011	1.24255e-010	1.78086e-010	2.06346e-010	2.31746e-010	2.39859e-010	2.4354e-010	2.4886e-010	2.53391e-010	2.53775e-010	2.55226e-010	2.51961e-010	2.52904e-010	2.5363e-010	2.48281e-010	2.51998e-010	2.53497e-010	2.55349e-010	2.5634e-010	2.5497e-010	2.55739e-010	2.55147e-010	2.55979e-010	2.54665e-010	2.49419e-010	2.50383e-010	2.5177e-010	2.54582e-010	2.5689e-010	2.58623e-010	2.5771e-010	2.51293e-010	2.4523e-010	2.42019e-010	2.37447e-010	2.29158e-010	2.14009e-010	1.96928e-010	1.45777e-010	9.64079e-011	6.61027e-011	5.75753e-011	5.36144e-011	5.16492e-011	5.12512e-011	4.74926e-011	4.85863e-011	4.5391e-011	4.64767e-011	4.4559e-011	4.62081e-011	4.39967e-011	4.33525e-011	4.37755e-011	4.11237e-011	4.26099e-011	4.27353e-011	4.44279e-011	5.56147e-011	3.42321e-011	4.76248e-011	4.56592e-011	4.66177e-011	4.45727e-011	4.10954e-011	3.98994e-011	4.04134e-011	4.06378e-011	4.35005e-011	4.3217e-011
13.0183	1.07293e-010	1.06133e-010	1.07111e-010	1.08157e-010	1.07841e-010	1.09021e-010	1.0934e-010	1.11797e-010	1.10894e-010	1.12343e-010	1.15288e-010	1.15086e-010	1.11524e-010	1.13528e-010	1.18314e-010	1.1681e-010	1.12303e-010	1.14362e-010	1.18131e-010	1.27538e-010	1.19158e-010	1.22058e-010	1.20026e-010	1.21417e-010	1.22233e-010	1.2126e-010	1.22997e-010	1.24229e-010	1.23172e-010	1.26253e-010	1.22903e-010	1.21548e-010	1.25474e-010	1.21968e-010	1.24886e-010	1.20229e-010	1.2221e-010	1.04548e-010	1.04092e-010	1.19916e-010	1.21023e-010	9.74171e-011	1.02801e-010	1.01683e-010	1.04131e-010	1.18216e-010	1.12943e-010	1.14664e-010	1.13525e-010	1.24023e-010	1.05307e-010	1.0237e-010	1.02e-010	1.1041e-010	1.31028e-010	1.09364e-010	8.79813e-011	5.66678e-011	6.90565e-011	6.78722e-011	7.00403e-011	7.00618e-011	7.17931e-011	7.15208e-011	7.40295e-011	7.30347e-011	7.50353e-011	7.42466e-011	7.23825e-011	6.96574e-011	7.39982e-011	7.27646e-011	7.33122e-011	7.46413e-011	7.43237e-011	8.22148e-011	8.93876e-011	8.28446e-011	7.78685e-011	7.52451e-011	7.57599e-011	7.54135e-011	7.66342e-011	7.54227e-011	7.54925e-011	7.57725e-011	7.64768e-011	7.58916e-011	7.65163e-011	7.64941e-011	7.7182e-011	7.74373e-011	7.76885e-011	7.42934e-011	7.81072e-011	7.59179e-011	7.57242e-011	7.64547e-011	7.33962e-011	7.29044e-011	7.74077e-011	7.55509e-011	7.26901e-011	7.29675e-011	7.58832e-011	7.2653e-011	7.22039e-011	7.22507e-011	7.20076e-011	7.19033e-011	7.19377e-011	7.48246e-011	7.47794e-011	7.45872e-011	7.78903e-011	7.53332e-011	7.84852e-011	8.62037e-011	7.7064e-011	7.69186e-011	8.51247e-011	7.73296e-011	8.51704e-011	8.81508e-011	8.99131e-011	8.31014e-011	7.9285e-011	7.83211e-011	7.62819e-011	7.79522e-011	7.869e-011	6.08557e-011	7.21547e-011	6.30249e-011	7.11734e-011	6.22496e-011	5.53213e-011	5.96725e-011	9.50853e-011	1.19353e-010	7.92716e-011	5.61829e-011	5.7157e-011	5.79128e-011	5.57364e-011	5.80552e-011	6.01555e-011	5.72527e-011	6.02018e-011	5.97902e-011	5.32329e-011	5.55983e-011	5.72455e-011	5.89601e-011	6.27415e-011	6.05913e-011	6.3579e-011	6.21348e-011	6.44715e-011	6.75896e-011	7.44887e-011	1.3416e-010	1.83543e-010	2.1064e-010	2.33234e-010	2.40612e-010	2.45559e-010	2.49858e-010	2.52796e-010	2.52803e-010	2.52519e-010	2.5016e-010	2.4994e-010	2.50001e-010	2.47844e-010	2.50611e-010	2.50946e-010	2.52561e-010	2.53602e-010	2.5071e-010	2.51671e-010	2.52271e-010	2.54366e-010	2.51744e-010	2.47618e-010	2.47915e-010	2.49851e-010	2.5314e-010	2.55211e-010	2.59919e-010	2.57268e-010	2.49828e-010	2.44812e-010	2.42292e-010	2.37482e-010	2.31668e-010	2.22494e-010	2.07744e-010	1.80208e-010	1.22102e-010	7.79885e-011	5.82954e-011	5.24528e-011	4.99625e-011	4.91108e-011	4.53983e-011	4.63951e-011	4.31029e-011	4.402e-011	4.14337e-011	4.2914e-011	4.08908e-011	4.07918e-011	4.10456e-011	3.97957e-011	3.98271e-011	3.94974e-011	4.0449e-011	5.28944e-011	3.13419e-011	4.50645e-011	4.26432e-011	4.38599e-011	4.15018e-011	3.96394e-011	3.68445e-011	3.76877e-011	4.03122e-011	4.06473e-011	4.00499e-011
13.4128	1.07677e-010	1.0618e-010	1.06106e-010	1.06957e-010	1.06875e-010	1.0786e-010	1.08126e-010	1.10744e-010	1.1043e-010	1.11183e-010	1.12218e-010	1.12391e-010	1.10631e-010	1.11723e-010	1.17311e-010	1.16181e-010	1.11404e-010	1.1305e-010	1.17263e-010	1.26543e-010	1.18535e-010	1.21021e-010	1.19217e-010	1.20694e-010	1.21382e-010	1.20708e-010	1.26457e-010	1.35058e-010	1.26658e-010	1.26538e-010	1.22486e-010	1.205e-010	1.23223e-010	1.20515e-010	1.23158e-010	1.18584e-010	1.22718e-010	1.04066e-010	1.03478e-010	1.1974e-010	1.20215e-010	9.6332e-011	1.03082e-010	1.01972e-010	1.03215e-010	1.17522e-010	1.11329e-010	1.13986e-010	1.13212e-010	1.23502e-010	1.05579e-010	1.01506e-010	1.02214e-010	1.10344e-010	1.24827e-010	1.09167e-010	8.72183e-011	5.6267e-011	6.88747e-011	6.73378e-011	6.94388e-011	6.925e-011	7.08422e-011	7.09304e-011	7.2871e-011	7.19506e-011	7.30968e-011	7.28104e-011	7.19482e-011	6.85108e-011	7.2639e-011	7.20494e-011	7.2598e-011	7.41421e-011	7.29681e-011	7.80742e-011	8.23904e-011	7.79181e-011	7.57981e-011	7.43165e-011	7.46159e-011	7.47681e-011	7.58444e-011	7.47738e-011	7.44843e-011	7.52618e-011	7.58206e-011	7.57323e-011	7.62109e-011	7.65423e-011	7.71551e-011	7.74777e-011	7.70105e-011	7.33251e-011	7.72055e-011	7.52253e-011	7.40978e-011	7.51084e-011	7.29723e-011	7.21888e-011	7.68284e-011	7.54647e-011	7.24542e-011	7.25101e-011	7.56325e-011	7.2466e-011	7.16517e-011	7.19044e-011	7.17956e-011	7.16824e-011	7.14935e-011	7.4371e-011	7.40304e-011	7.40426e-011	7.74069e-011	7.49821e-011	7.8052e-011	8.21173e-011	7.46804e-011	8.00224e-011	8.40032e-011	7.81243e-011	8.98091e-011	9.58478e-011	9.37408e-011	8.49877e-011	7.87298e-011	7.77523e-011	7.59134e-011	7.74267e-011	7.82214e-011	6.08722e-011	7.20849e-011	6.2297e-011	7.02872e-011	5.95621e-011	5.10466e-011	5.28819e-011	9.09205e-011	1.04316e-010	7.05022e-011	5.21809e-011	5.65653e-011	5.70174e-011	5.48229e-011	5.6766e-011	5.77049e-011	5.34262e-011	5.69987e-011	5.57821e-011	5.26329e-011	5.45497e-011	5.68907e-011	5.85846e-011	6.21309e-011	5.91026e-011	6.27116e-011	6.15313e-011	6.30605e-011	6.7799e-011	8.51022e-011	1.48464e-010	1.95824e-010	2.13543e-010	2.34542e-010	2.41254e-010	2.46105e-010	2.4988e-010	2.51794e-010	2.51489e-010	2.51395e-010	2.48868e-010	2.46551e-010	2.47514e-010	2.48474e-010	2.47714e-010	2.49165e-010	2.50468e-010	2.5091e-010	2.4642e-010	2.48495e-010	2.49352e-010	2.52276e-010	2.4984e-010	2.46113e-010	2.45667e-010	2.47788e-010	2.50833e-010	2.52873e-010	2.57338e-010	2.53299e-010	2.47828e-010	2.44495e-010	2.42657e-010	2.38101e-010	2.31756e-010	2.26977e-010	2.1698e-010	1.9491e-010	1.54768e-010	9.44099e-011	6.08288e-011	5.10959e-011	4.80004e-011	4.68287e-011	4.30102e-011	4.42579e-011	4.02165e-011	4.15268e-011	3.9262e-011	3.99922e-011	3.84328e-011	4.00827e-011	4.37993e-011	4.11555e-011	3.88644e-011	3.61404e-011	3.69829e-011	4.94617e-011	2.84422e-011	4.14836e-011	3.95233e-011	4.04153e-011	3.84463e-011	3.5973e-011	3.33525e-011	3.44412e-011	3.95962e-011	4.17474e-011	3.78953e-011
13.8073	1.07084e-010	1.04819e-010	1.05406e-010	1.05846e-010	1.05923e-010	1.06711e-010	1.07779e-010	1.09771e-010	1.09045e-010	1.10456e-010	1.10578e-010	1.11908e-010	1.10092e-010	1.102e-010	1.16373e-010	1.16757e-010	1.10852e-010	1.12369e-010	1.16453e-010	1.22746e-010	1.18036e-010	1.20321e-010	1.18316e-010	1.20163e-010	1.20434e-010	1.22057e-010	1.39244e-010	1.62068e-010	1.38468e-010	1.27504e-010	1.21748e-010	1.19344e-010	1.21792e-010	1.19236e-010	1.22389e-010	1.17468e-010	1.21682e-010	1.03611e-010	1.02889e-010	1.19373e-010	1.1957e-010	9.56956e-011	1.02668e-010	1.01208e-010	1.03958e-010	1.17272e-010	1.11229e-010	1.14393e-010	1.1391e-010	1.23278e-010	1.06075e-010	9.98652e-011	1.01578e-010	1.06785e-010	1.20487e-010	1.03903e-010	8.55297e-011	5.55108e-011	6.83366e-011	6.68747e-011	6.8979e-011	6.87219e-011	7.03884e-011	7.03364e-011	7.20651e-011	7.10039e-011	7.15093e-011	7.20815e-011	7.15778e-011	6.7713e-011	7.19849e-011	7.1396e-011	7.19451e-011	7.35608e-011	7.21724e-011	7.45644e-011	7.64519e-011	7.49068e-011	7.49283e-011	7.35882e-011	7.37432e-011	7.38222e-011	7.53249e-011	7.43948e-011	7.42457e-011	7.48776e-011	7.55048e-011	7.52704e-011	7.63883e-011	7.64303e-011	7.7039e-011	7.78574e-011	7.71e-011	7.29814e-011	7.67139e-011	7.51571e-011	7.30957e-011	7.4172e-011	7.18872e-011	7.13117e-011	7.6302e-011	7.47888e-011	7.2057e-011	7.16772e-011	7.48636e-011	7.21179e-011	7.12244e-011	7.13975e-011	7.14232e-011	7.17299e-011	7.13178e-011	7.40433e-011	7.34078e-011	7.36245e-011	7.68362e-011	7.4687e-011	7.75323e-011	7.91589e-011	7.7353e-011	8.08271e-011	8.00117e-011	7.65494e-011	8.61514e-011	9.46062e-011	8.87732e-011	8.06504e-011	7.69507e-011	7.68171e-011	7.46079e-011	7.67503e-011	7.73171e-011	6.0311e-011	7.17236e-011	6.11356e-011	6.95396e-011	5.66571e-011	5.0126e-011	4.8018e-011	8.73263e-011	8.99225e-011	6.30909e-011	5.06092e-011	5.58339e-011	5.60548e-011	5.46287e-011	5.62687e-011	5.64758e-011	4.98225e-011	5.24485e-011	5.34987e-011	5.26161e-011	5.36571e-011	5.66931e-011	5.75821e-011	6.15372e-011	5.83463e-011	6.22922e-011	6.13773e-011	6.34571e-011	7.13171e-011	1.06453e-010	1.69151e-010	2.01207e-010	2.20832e-010	2.34953e-010	2.41e-010	2.45828e-010	2.49366e-010	2.50828e-010	2.50144e-010	2.5024e-010	2.46047e-010	2.43491e-010	2.46073e-010	2.48008e-010	2.47438e-010	2.48649e-010	2.49141e-010	2.48558e-010	2.44256e-010	2.44735e-010	2.45851e-010	2.49891e-010	2.48285e-010	2.41318e-010	2.42916e-010	2.45723e-010	2.48669e-010	2.49753e-010	2.52404e-010	2.48766e-010	2.46051e-010	2.44046e-010	2.42536e-010	2.39022e-010	2.32147e-010	2.2791e-010	2.22453e-010	2.02567e-010	1.77034e-010	1.0829e-010	6.17512e-011	4.99874e-011	4.62889e-011	4.52997e-011	4.08064e-011	4.17361e-011	3.80191e-011	3.91538e-011	3.67131e-011	3.78385e-011	3.64598e-011	4.06469e-011	4.52578e-011	4.20799e-011	4.11826e-011	3.47103e-011	3.36609e-011	4.64615e-011	2.57636e-011	3.86978e-011	3.74872e-011	3.62719e-011	3.53376e-011	3.19706e-011	3.08128e-011	3.41496e-011	4.0267e-011	4.73796e-011	3.7205e-011
14.2018	1.06116e-010	1.03923e-010	1.05154e-010	1.06237e-010	1.06173e-010	1.07176e-010	1.08031e-010	1.09952e-010	1.09583e-010	1.0971e-010	1.10617e-010	1.11519e-010	1.1006e-010	1.10525e-010	1.16269e-010	1.17224e-010	1.10819e-010	1.12407e-010	1.16418e-010	1.19354e-010	1.185e-010	1.2064e-010	1.18491e-010	1.20908e-010	1.2032e-010	1.2237e-010	1.4227e-010	1.64092e-010	1.39776e-010	1.27167e-010	1.21266e-010	1.19217e-010	1.21591e-010	1.18461e-010	1.21826e-010	1.17187e-010	1.21541e-010	1.03181e-010	1.0317e-010	1.20079e-010	1.20201e-010	9.79658e-011	1.01935e-010	1.00686e-010	1.0436e-010	1.17813e-010	1.10979e-010	1.14639e-010	1.13723e-010	1.23944e-010	1.06379e-010	9.9307e-011	1.01586e-010	1.06288e-010	1.21841e-010	1.01325e-010	8.44453e-011	5.5492e-011	6.80264e-011	6.663e-011	6.87283e-011	6.84651e-011	7.02681e-011	7.04239e-011	7.13605e-011	7.02213e-011	7.04343e-011	7.14995e-011	7.14173e-011	6.74025e-011	7.17386e-011	7.06423e-011	7.13267e-011	7.30776e-011	7.18243e-011	7.27086e-011	7.36597e-011	7.38205e-011	7.40479e-011	7.30565e-011	7.34172e-011	7.34876e-011	7.48387e-011	7.41854e-011	7.39558e-011	7.46499e-011	7.54107e-011	7.48812e-011	7.62752e-011	7.63076e-011	7.69066e-011	7.77864e-011	7.73047e-011	7.27475e-011	7.6184e-011	7.39026e-011	7.24021e-011	7.35391e-011	7.17434e-011	7.10141e-011	7.60648e-011	7.45405e-011	7.15831e-011	7.11206e-011	7.43669e-011	7.13238e-011	7.06328e-011	7.14367e-011	7.26644e-011	7.21019e-011	7.10348e-011	7.36051e-011	7.2957e-011	7.31611e-011	7.62171e-011	7.42693e-011	7.65302e-011	7.7001e-011	7.60388e-011	7.70714e-011	7.73851e-011	7.39805e-011	7.9998e-011	8.67963e-011	8.22348e-011	7.55975e-011	7.524e-011	7.5949e-011	7.37252e-011	7.59244e-011	7.60478e-011	5.94553e-011	7.0353e-011	5.99641e-011	7.00667e-011	5.4455e-011	4.89796e-011	4.50705e-011	8.45059e-011	7.35886e-011	5.70248e-011	4.88118e-011	5.52343e-011	5.53674e-011	5.40675e-011	5.59766e-011	5.53813e-011	4.89967e-011	5.06058e-011	5.35671e-011	5.26672e-011	5.36194e-011	5.57094e-011	5.67949e-011	6.09465e-011	5.75234e-011	6.18083e-011	6.1018e-011	6.4865e-011	8.12049e-011	1.29891e-010	1.86357e-010	2.05254e-010	2.28645e-010	2.34392e-010	2.40848e-010	2.46371e-010	2.48247e-010	2.49475e-010	2.48842e-010	2.48776e-010	2.44205e-010	2.42344e-010	2.44763e-010	2.47391e-010	2.48301e-010	2.4892e-010	2.48035e-010	2.46574e-010	2.43537e-010	2.42209e-010	2.4259e-010	2.46966e-010	2.46909e-010	2.40563e-010	2.41354e-010	2.43711e-010	2.46492e-010	2.46483e-010	2.4854e-010	2.45237e-010	2.44928e-010	2.43543e-010	2.41867e-010	2.38902e-010	2.33004e-010	2.27957e-010	2.23549e-010	2.0821e-010	1.81225e-010	1.17528e-010	6.67523e-011	4.93228e-011	4.48863e-011	4.38729e-011	3.89983e-011	3.99751e-011	3.58766e-011	3.69867e-011	3.46642e-011	3.56219e-011	3.42183e-011	3.70948e-011	4.13948e-011	4.4976e-011	3.99826e-011	3.18421e-011	3.11241e-011	4.36847e-011	2.31037e-011	3.76543e-011	3.71316e-011	3.29619e-011	3.27868e-011	2.91075e-011	2.95656e-011	3.57322e-011	4.6536e-011	5.24789e-011	3.65638e-011
14.5962	1.05588e-010	1.03669e-010	1.05744e-010	1.06814e-010	1.06809e-010	1.07584e-010	1.14068e-010	1.12263e-010	1.10667e-010	1.09495e-010	1.10889e-010	1.11636e-010	1.0995e-010	1.10473e-010	1.14848e-010	1.17362e-010	1.10301e-010	1.11876e-010	1.16589e-010	1.12799e-010	1.18931e-010	1.2113e-010	1.18611e-010	1.24514e-010	1.20272e-010	1.21452e-010	1.33412e-010	1.49437e-010	1.32178e-010	1.26055e-010	1.2057e-010	1.19223e-010	1.21513e-010	1.17942e-010	1.21151e-010	1.16499e-010	1.20484e-010	1.02754e-010	1.03016e-010	1.20199e-010	1.20023e-010	1.00417e-010	1.01231e-010	1.00398e-010	1.04202e-010	1.17786e-010	1.11154e-010	1.1523e-010	1.12516e-010	1.2351e-010	1.05361e-010	9.91338e-011	1.02257e-010	1.0759e-010	1.27344e-010	1.02744e-010	8.48527e-011	5.5173e-011	6.76236e-011	6.55721e-011	6.83007e-011	6.79538e-011	6.96017e-011	6.96737e-011	7.08123e-011	6.93037e-011	6.97186e-011	7.04859e-011	7.06057e-011	6.65786e-011	7.09738e-011	7.02224e-011	7.03233e-011	7.23476e-011	7.06535e-011	7.13829e-011	7.20361e-011	7.29702e-011	7.33997e-011	7.21819e-011	7.23877e-011	7.28743e-011	7.41419e-011	7.35478e-011	7.33062e-011	7.38453e-011	7.48082e-011	7.40524e-011	7.54344e-011	7.56689e-011	7.68271e-011	7.72664e-011	7.67726e-011	7.2489e-011	7.59136e-011	7.31203e-011	7.13934e-011	7.27327e-011	7.13535e-011	7.06837e-011	7.52939e-011	7.42575e-011	7.07883e-011	7.04566e-011	7.37624e-011	7.00647e-011	7.08614e-011	7.49386e-011	7.83682e-011	7.49372e-011	7.05731e-011	7.27745e-011	7.19003e-011	7.26639e-011	7.55652e-011	7.36769e-011	7.54261e-011	7.49567e-011	7.38398e-011	7.40751e-011	7.57339e-011	7.21033e-011	7.56094e-011	8.10391e-011	7.61802e-011	7.26734e-011	7.39467e-011	7.42155e-011	7.21229e-011	7.44532e-011	7.41365e-011	5.78179e-011	6.84897e-011	5.65894e-011	6.83229e-011	5.26995e-011	4.7641e-011	4.29347e-011	8.2287e-011	6.02173e-011	5.17119e-011	4.76294e-011	5.38974e-011	5.45189e-011	5.32789e-011	5.5462e-011	5.47124e-011	5.02444e-011	5.08422e-011	5.32921e-011	5.23092e-011	5.3607e-011	5.50428e-011	5.54741e-011	5.89001e-011	5.66795e-011	6.11673e-011	6.08654e-011	6.6772e-011	9.90261e-011	1.55057e-010	1.96228e-010	2.14257e-010	2.31138e-010	2.33302e-010	2.41389e-010	2.46258e-010	2.46909e-010	2.4784e-010	2.46839e-010	2.4719e-010	2.43037e-010	2.42164e-010	2.44143e-010	2.45974e-010	2.47516e-010	2.48695e-010	2.47084e-010	2.45112e-010	2.41206e-010	2.4001e-010	2.40452e-010	2.44602e-010	2.44605e-010	2.40319e-010	2.40385e-010	2.41445e-010	2.44286e-010	2.44338e-010	2.45955e-010	2.43069e-010	2.43534e-010	2.42281e-010	2.40309e-010	2.37618e-010	2.33066e-010	2.28151e-010	2.23875e-010	2.09453e-010	1.85314e-010	1.35889e-010	8.41021e-011	5.23785e-011	4.34318e-011	4.26217e-011	3.7379e-011	3.8202e-011	3.41639e-011	3.50488e-011	3.27153e-011	3.30194e-011	3.20333e-011	3.32563e-011	3.60457e-011	4.14013e-011	3.77539e-011	2.92455e-011	2.93022e-011	4.12805e-011	2.04744e-011	3.40858e-011	3.49805e-011	3.04429e-011	3.08283e-011	2.77809e-011	2.77997e-011	3.88118e-011	5.20329e-011	4.91095e-011	3.30409e-011
14.9907	1.04824e-010	1.03462e-010	1.04952e-010	1.06295e-010	1.06847e-010	1.06324e-010	1.39432e-010	1.22259e-010	1.10938e-010	1.1011e-010	1.09563e-010	1.10654e-010	1.09741e-010	1.10323e-010	1.14185e-010	1.16543e-010	1.09112e-010	1.11032e-010	1.15661e-010	1.25499e-010	1.18692e-010	1.20451e-010	1.18205e-010	1.20669e-010	1.19557e-010	1.20225e-010	1.26031e-010	1.35331e-010	1.25345e-010	1.24352e-010	1.19141e-010	1.18211e-010	1.20489e-010	1.16621e-010	1.20104e-010	1.1587e-010	1.19415e-010	1.01817e-010	1.01996e-010	1.19953e-010	1.19623e-010	9.75071e-011	1.00024e-010	1.0068e-010	1.02117e-010	1.16761e-010	1.10833e-010	1.14327e-010	1.09603e-010	1.23228e-010	1.0407e-010	9.78323e-011	1.02017e-010	1.07268e-010	1.37439e-010	1.04473e-010	8.50721e-011	5.34542e-011	6.66806e-011	6.4548e-011	6.72669e-011	6.66961e-011	6.80488e-011	6.78257e-011	6.94548e-011	6.77226e-011	6.84853e-011	6.92434e-011	6.92112e-011	6.51036e-011	6.95613e-011	6.87295e-011	6.89643e-011	7.06941e-011	6.89913e-011	6.94264e-011	7.03566e-011	7.17107e-011	7.22031e-011	7.0477e-011	7.08886e-011	7.13671e-011	7.26264e-011	7.23099e-011	7.22029e-011	7.24484e-011	7.34748e-011	7.29253e-011	7.43709e-011	7.41692e-011	7.55339e-011	7.57514e-011	7.50358e-011	7.10304e-011	7.4876e-011	7.15754e-011	7.03412e-011	7.15305e-011	7.00727e-011	6.93958e-011	7.38561e-011	7.30985e-011	6.94795e-011	6.92124e-011	7.25114e-011	6.9664e-011	7.78814e-011	8.54513e-011	8.7589e-011	8.10093e-011	6.9783e-011	7.13353e-011	7.04549e-011	7.09266e-011	7.44646e-011	7.22847e-011	7.44564e-011	7.60521e-011	7.59292e-011	7.50161e-011	7.43839e-011	7.05334e-011	7.32484e-011	7.61016e-011	7.26656e-011	7.05818e-011	7.19926e-011	7.22562e-011	7.01584e-011	7.26264e-011	7.2019e-011	5.63382e-011	6.58624e-011	5.33146e-011	6.71144e-011	5.08436e-011	4.59232e-011	4.10695e-011	8.06316e-011	5.04161e-011	4.14778e-011	4.59609e-011	5.22961e-011	5.29848e-011	5.22406e-011	5.37769e-011	5.33804e-011	5.00512e-011	5.05737e-011	5.19486e-011	5.1462e-011	5.28275e-011	5.39027e-011	5.45447e-011	5.69674e-011	5.56005e-011	6.05848e-011	6.07082e-011	7.2682e-011	1.1943e-010	1.786e-010	2.02129e-010	2.23797e-010	2.31105e-010	2.34481e-010	2.4178e-010	2.45289e-010	2.45723e-010	2.46081e-010	2.4422e-010	2.45568e-010	2.43341e-010	2.41823e-010	2.428e-010	2.42559e-010	2.44169e-010	2.46775e-010	2.45091e-010	2.42831e-010	2.35853e-010	2.37654e-010	2.37808e-010	2.42386e-010	2.43173e-010	2.406e-010	2.39949e-010	2.39295e-010	2.41992e-010	2.42327e-010	2.4423e-010	2.41557e-010	2.42164e-010	2.4091e-010	2.3908e-010	2.36602e-010	2.32192e-010	2.27634e-010	2.23071e-010	2.11005e-010	1.91365e-010	1.64364e-010	1.08578e-010	6.14995e-011	4.34828e-011	4.11014e-011	3.56445e-011	3.6396e-011	3.2858e-011	3.34574e-011	3.16239e-011	3.12141e-011	2.98713e-011	3.03806e-011	3.13851e-011	3.57414e-011	3.41656e-011	2.78718e-011	2.79292e-011	3.9337e-011	1.79604e-011	3.1787e-011	3.13973e-011	2.83605e-011	2.93183e-011	2.78433e-011	2.59351e-011	3.84482e-011	4.6029e-011	4.08217e-011	2.90395e-011
15.3852	1.0435e-010	1.02752e-010	1.04363e-010	1.05756e-010	1.05859e-010	1.05742e-010	1.47328e-010	1.2585e-010	1.11152e-010	1.10232e-010	1.08451e-010	1.10736e-010	1.09374e-010	1.10436e-010	1.14421e-010	1.1576e-010	1.0831e-010	1.10639e-010	1.15463e-010	1.41351e-010	1.1003e-010	1.20554e-010	1.17647e-010	1.18664e-010	1.18891e-010	1.19256e-010	1.21901e-010	1.26042e-010	1.20895e-010	1.22742e-010	1.18228e-010	1.17209e-010	1.1947e-010	1.15657e-010	1.19409e-010	1.15302e-010	1.17831e-010	1.0093e-010	1.00737e-010	1.17964e-010	1.17976e-010	9.54156e-011	9.98459e-011	9.9844e-011	1.00909e-010	1.13967e-010	1.09595e-010	1.16003e-010	1.07551e-010	1.21591e-010	1.02989e-010	9.69525e-011	1.01409e-010	1.06504e-010	1.51373e-010	1.09324e-010	8.44113e-011	5.22806e-011	6.55657e-011	6.32777e-011	6.62699e-011	6.54012e-011	6.64562e-011	6.60784e-011	6.72672e-011	6.60233e-011	6.74173e-011	6.82355e-011	6.79779e-011	6.35738e-011	6.82348e-011	6.70353e-011	6.78309e-011	6.9122e-011	6.73376e-011	6.76912e-011	6.88972e-011	7.00988e-011	7.04388e-011	6.92746e-011	6.932e-011	6.96465e-011	7.08969e-011	7.08573e-011	7.10274e-011	7.14073e-011	7.21397e-011	7.17964e-011	7.32339e-011	7.23817e-011	7.32389e-011	7.30918e-011	7.31544e-011	6.9356e-011	7.30518e-011	7.01729e-011	6.97889e-011	7.01861e-011	6.85076e-011	6.76817e-011	7.23502e-011	7.14438e-011	6.78191e-011	6.79035e-011	7.11256e-011	6.90585e-011	8.01987e-011	9.14059e-011	9.02536e-011	8.20268e-011	6.92962e-011	6.97016e-011	6.87455e-011	6.92133e-011	7.33187e-011	7.1135e-011	7.80881e-011	8.6322e-011	8.41963e-011	8.14947e-011	7.36466e-011	6.91506e-011	7.17202e-011	7.27856e-011	7.04185e-011	6.74755e-011	7.07412e-011	6.97889e-011	6.78322e-011	7.02274e-011	7.00471e-011	5.44366e-011	6.38884e-011	5.09112e-011	6.39247e-011	4.87246e-011	4.38038e-011	3.94498e-011	7.82262e-011	4.50828e-011	3.55734e-011	4.49131e-011	5.09632e-011	5.17241e-011	5.0695e-011	5.2161e-011	5.19799e-011	4.88663e-011	4.9676e-011	5.06954e-011	5.01392e-011	5.15067e-011	5.26554e-011	5.32283e-011	5.54392e-011	5.41463e-011	5.9919e-011	6.19735e-011	8.80906e-011	1.43055e-010	1.88374e-010	2.09478e-010	2.27507e-010	2.30392e-010	2.36485e-010	2.41789e-010	2.44231e-010	2.43884e-010	2.43247e-010	2.40676e-010	2.43244e-010	2.42378e-010	2.41294e-010	2.41277e-010	2.3897e-010	2.41015e-010	2.44412e-010	2.42877e-010	2.38909e-010	2.31938e-010	2.34603e-010	2.3512e-010	2.40347e-010	2.41499e-010	2.39932e-010	2.38718e-010	2.38071e-010	2.3999e-010	2.39762e-010	2.42387e-010	2.40079e-010	2.4098e-010	2.3952e-010	2.38056e-010	2.35944e-010	2.31543e-010	2.27065e-010	2.21798e-010	2.13312e-010	1.97752e-010	1.78759e-010	1.36337e-010	6.84159e-011	4.48389e-011	4.03968e-011	3.45933e-011	3.51413e-011	3.14712e-011	3.251e-011	2.99022e-011	3.01464e-011	2.85293e-011	2.8336e-011	2.83525e-011	3.02212e-011	3.07286e-011	2.68036e-011	2.73019e-011	3.82224e-011	1.6073e-011	3.01981e-011	2.96071e-011	2.68692e-011	2.84116e-011	2.73072e-011	2.45557e-011	3.60114e-011	3.83214e-011	3.2914e-011	2.60738e-011
15.7797	1.04473e-010	1.03208e-010	1.04439e-010	1.06022e-010	1.05458e-010	1.06532e-010	1.3474e-010	1.22023e-010	1.10943e-010	1.09572e-010	1.09339e-010	1.10531e-010	1.09361e-010	1.09543e-010	1.14649e-010	1.15823e-010	1.08494e-010	1.1073e-010	1.05391e-010	1.37542e-010	1.01272e-010	1.21273e-010	1.17632e-010	1.18128e-010	1.18834e-010	1.18964e-010	1.19518e-010	1.21568e-010	1.19114e-010	1.21941e-010	1.1805e-010	1.17154e-010	1.19111e-010	1.15278e-010	1.19083e-010	1.1517e-010	1.17824e-010	1.00548e-010	1.00335e-010	1.17973e-010	1.18109e-010	9.62451e-011	1.00015e-010	9.88526e-011	1.00328e-010	1.11655e-010	1.0948e-010	1.27725e-010	1.07973e-010	1.21996e-010	1.03235e-010	9.65389e-011	1.01122e-010	1.05629e-010	1.44055e-010	1.10489e-010	8.39175e-011	5.16285e-011	6.46125e-011	6.2452e-011	6.54292e-011	6.45455e-011	6.53714e-011	6.51218e-011	6.65817e-011	6.52521e-011	6.62749e-011	6.70076e-011	6.67362e-011	6.26039e-011	6.73942e-011	6.61099e-011	6.66066e-011	6.82416e-011	6.63014e-011	6.72135e-011	6.79784e-011	6.88818e-011	6.90667e-011	6.79617e-011	6.84235e-011	6.86667e-011	6.97625e-011	6.9997e-011	7.01557e-011	7.00244e-011	7.096e-011	7.08199e-011	7.26752e-011	7.10981e-011	7.08736e-011	7.12875e-011	7.18398e-011	6.83171e-011	7.21458e-011	6.89714e-011	6.82209e-011	6.88228e-011	6.74922e-011	6.64428e-011	7.11738e-011	7.00444e-011	6.62682e-011	6.6344e-011	6.99863e-011	6.73397e-011	7.46869e-011	8.93855e-011	8.4869e-011	7.59204e-011	6.75387e-011	6.85796e-011	6.7545e-011	6.80772e-011	7.19615e-011	7.09139e-011	8.29309e-011	9.51578e-011	9.05977e-011	8.47478e-011	7.31802e-011	6.86071e-011	7.0814e-011	7.10169e-011	6.89302e-011	6.49109e-011	6.91715e-011	6.85714e-011	6.61816e-011	6.84295e-011	6.80306e-011	5.25587e-011	6.20778e-011	4.89539e-011	6.12495e-011	4.74027e-011	4.21214e-011	3.77641e-011	7.66088e-011	4.32482e-011	3.55213e-011	4.57154e-011	5.32627e-011	5.17359e-011	4.97763e-011	5.08831e-011	4.9986e-011	4.76562e-011	4.89642e-011	4.94823e-011	4.90676e-011	5.01483e-011	5.12247e-011	5.17968e-011	5.42927e-011	5.35706e-011	5.94857e-011	6.39682e-011	1.07725e-010	1.64546e-010	1.91726e-010	2.17472e-010	2.27432e-010	2.30032e-010	2.38269e-010	2.43073e-010	2.45374e-010	2.44814e-010	2.41536e-010	2.38539e-010	2.41393e-010	2.41101e-010	2.41305e-010	2.41004e-010	2.39342e-010	2.3889e-010	2.42076e-010	2.41043e-010	2.35365e-010	2.29467e-010	2.30136e-010	2.32729e-010	2.38245e-010	2.39829e-010	2.38266e-010	2.37556e-010	2.37841e-010	2.39051e-010	2.3847e-010	2.40814e-010	2.38939e-010	2.39274e-010	2.38319e-010	2.37075e-010	2.35254e-010	2.31358e-010	2.26958e-010	2.20268e-010	2.13645e-010	2.02376e-010	1.81961e-010	1.50187e-010	8.24153e-011	4.61333e-011	3.99128e-011	3.41165e-011	3.38862e-011	3.03664e-011	3.11986e-011	2.85271e-011	2.91364e-011	2.7456e-011	2.66282e-011	2.63674e-011	2.66736e-011	2.79752e-011	2.5416e-011	2.64232e-011	3.70672e-011	1.42844e-011	2.89189e-011	2.83375e-011	2.56808e-011	2.73046e-011	2.60674e-011	2.31119e-011	3.07216e-011	3.16852e-011	2.7574e-011	2.43868e-011
16.1742	1.0442e-010	1.02997e-010	1.04927e-010	1.05282e-010	1.05775e-010	1.06978e-010	1.21032e-010	1.27439e-010	1.08633e-010	1.09248e-010	1.10286e-010	1.1025e-010	1.09066e-010	1.09306e-010	1.14827e-010	1.15701e-010	1.08359e-010	1.10653e-010	9.45178e-011	1.23513e-010	1.01084e-010	1.20573e-010	1.17275e-010	1.17901e-010	1.18594e-010	1.18569e-010	1.18396e-010	1.19362e-010	1.17895e-010	1.21281e-010	1.17663e-010	1.16898e-010	1.18556e-010	1.14926e-010	1.18647e-010	1.14865e-010	1.17006e-010	1.00147e-010	9.98517e-011	1.16763e-010	1.17031e-010	9.76544e-011	9.95557e-011	9.86676e-011	1.00132e-010	1.09662e-010	1.14474e-010	1.58918e-010	1.0816e-010	1.21958e-010	1.02972e-010	9.60502e-011	1.00908e-010	1.04976e-010	1.28536e-010	1.08458e-010	8.33038e-011	5.13614e-011	6.3835e-011	6.17356e-011	6.44168e-011	6.36658e-011	6.47672e-011	6.45789e-011	6.5886e-011	6.44751e-011	6.53452e-011	6.58539e-011	6.53585e-011	6.19307e-011	6.67829e-011	6.54176e-011	6.56907e-011	6.74591e-011	6.53668e-011	6.66268e-011	6.71683e-011	6.79912e-011	6.781e-011	6.6839e-011	6.78633e-011	6.77406e-011	6.91134e-011	6.88394e-011	6.92752e-011	6.89211e-011	6.99197e-011	6.99141e-011	7.1404e-011	6.98902e-011	6.99432e-011	6.99919e-011	7.05363e-011	6.73627e-011	7.13265e-011	6.76444e-011	6.68147e-011	6.78375e-011	6.62851e-011	6.5871e-011	7.04518e-011	6.89579e-011	6.5103e-011	6.54574e-011	6.89497e-011	6.58676e-011	6.94228e-011	8.03294e-011	7.75201e-011	7.02073e-011	6.57468e-011	6.77094e-011	6.70967e-011	6.73368e-011	7.12148e-011	6.94466e-011	7.82437e-011	9.37495e-011	8.81121e-011	7.93281e-011	7.18252e-011	6.7389e-011	6.98044e-011	7.0073e-011	6.83377e-011	6.35272e-011	6.78536e-011	6.7748e-011	6.48529e-011	6.7024e-011	6.66198e-011	5.09285e-011	6.02283e-011	4.72422e-011	6.12468e-011	4.62525e-011	4.07521e-011	3.65329e-011	7.56586e-011	4.45073e-011	3.35622e-011	4.89651e-011	5.6151e-011	5.43342e-011	5.01564e-011	5.0545e-011	4.94295e-011	4.66672e-011	4.83283e-011	4.85569e-011	4.79955e-011	4.91439e-011	4.99309e-011	5.07137e-011	5.29918e-011	5.31232e-011	5.96777e-011	6.67993e-011	1.26335e-010	1.77869e-010	1.98475e-010	2.21719e-010	2.25392e-010	2.31273e-010	2.3915e-010	2.44309e-010	2.4725e-010	2.47402e-010	2.44406e-010	2.40264e-010	2.4226e-010	2.40394e-010	2.41595e-010	2.44006e-010	2.43485e-010	2.39317e-010	2.40858e-010	2.39253e-010	2.35001e-010	2.28816e-010	2.28697e-010	2.32074e-010	2.37374e-010	2.38671e-010	2.36964e-010	2.36896e-010	2.36966e-010	2.38174e-010	2.39092e-010	2.39363e-010	2.37702e-010	2.37679e-010	2.36724e-010	2.36121e-010	2.35014e-010	2.31046e-010	2.26788e-010	2.19455e-010	2.1476e-010	2.03705e-010	1.83147e-010	1.5173e-010	9.01712e-011	4.46052e-011	3.86704e-011	3.3517e-011	3.2787e-011	2.94818e-011	3.01715e-011	2.7429e-011	2.78246e-011	2.60733e-011	2.5032e-011	2.44148e-011	2.43647e-011	2.55957e-011	2.38231e-011	2.52598e-011	3.54049e-011	1.29803e-011	2.77589e-011	2.71074e-011	2.45235e-011	2.57916e-011	2.46274e-011	2.11736e-011	2.64282e-011	2.62509e-011	2.38555e-011	2.20271e-011
16.5687	1.03776e-010	1.03207e-010	1.04419e-010	1.02484e-010	1.05473e-010	1.06815e-010	1.11867e-010	1.29483e-010	1.07602e-010	1.08142e-010	1.09677e-010	1.09708e-010	1.08449e-010	1.089e-010	1.14203e-010	1.14788e-010	1.07799e-010	1.09947e-010	1.02449e-010	1.18086e-010	1.1158e-010	1.19209e-010	1.16265e-010	1.17388e-010	1.17649e-010	1.17834e-010	1.1773e-010	1.18478e-010	1.16937e-010	1.20461e-010	1.16912e-010	1.15643e-010	1.17727e-010	1.14593e-010	1.18097e-010	1.1424e-010	1.16164e-010	9.89446e-011	9.90745e-011	1.16626e-010	1.16604e-010	9.89389e-011	9.72663e-011	9.73749e-011	9.94789e-011	1.11005e-010	1.33026e-010	1.59969e-010	1.07709e-010	1.22004e-010	1.02301e-010	9.90899e-011	1.00017e-010	1.04154e-010	1.15785e-010	1.05558e-010	8.22583e-011	5.04559e-011	6.26411e-011	6.09674e-011	6.34315e-011	6.31062e-011	6.39907e-011	6.37283e-011	6.51755e-011	6.39761e-011	6.43436e-011	6.50639e-011	6.4423e-011	6.11355e-011	6.59851e-011	6.49744e-011	6.49591e-011	6.68679e-011	6.44874e-011	6.56735e-011	6.64268e-011	6.68901e-011	6.68493e-011	6.59472e-011	6.68977e-011	6.70583e-011	6.84287e-011	6.80095e-011	6.86572e-011	6.8158e-011	6.87972e-011	6.87893e-011	6.99913e-011	6.86895e-011	6.89545e-011	6.90724e-011	6.94003e-011	6.64388e-011	7.04718e-011	6.6502e-011	6.60986e-011	6.66194e-011	6.52078e-011	6.50773e-011	6.95845e-011	6.85171e-011	6.40889e-011	6.47984e-011	6.79316e-011	6.47047e-011	6.6544e-011	7.32352e-011	7.06382e-011	6.63944e-011	6.42887e-011	6.64637e-011	6.66348e-011	6.62303e-011	7.03207e-011	6.82652e-011	7.35611e-011	8.5423e-011	8.1712e-011	7.33548e-011	7.00638e-011	6.66257e-011	6.90395e-011	6.89493e-011	6.78552e-011	6.31859e-011	6.72965e-011	6.65466e-011	6.37928e-011	6.63194e-011	6.60566e-011	4.95782e-011	5.98764e-011	4.56747e-011	6.05349e-011	4.51821e-011	4.03231e-011	3.58169e-011	7.46555e-011	4.32886e-011	3.66985e-011	5.06718e-011	5.88562e-011	6.00376e-011	4.91456e-011	5.16039e-011	4.92017e-011	4.65096e-011	4.78125e-011	4.78257e-011	4.7049e-011	4.74106e-011	4.89821e-011	5.00494e-011	5.20409e-011	5.32424e-011	6.00816e-011	7.17727e-011	1.44234e-010	1.83483e-010	2.06017e-010	2.22975e-010	2.26075e-010	2.33099e-010	2.39547e-010	2.43134e-010	2.4793e-010	2.48367e-010	2.45085e-010	2.42228e-010	2.43079e-010	2.38928e-010	2.39914e-010	2.46109e-010	2.44659e-010	2.39705e-010	2.39746e-010	2.38497e-010	2.366e-010	2.29201e-010	2.30796e-010	2.30744e-010	2.35615e-010	2.38197e-010	2.36704e-010	2.36563e-010	2.35347e-010	2.37698e-010	2.38544e-010	2.38529e-010	2.36511e-010	2.36345e-010	2.3596e-010	2.35571e-010	2.34321e-010	2.30567e-010	2.26451e-010	2.19618e-010	2.16208e-010	2.0201e-010	1.83452e-010	1.57677e-010	8.16917e-011	4.26243e-011	3.71893e-011	3.33212e-011	3.2234e-011	2.87144e-011	2.97612e-011	2.68044e-011	2.67713e-011	2.47344e-011	2.3693e-011	2.32187e-011	2.28115e-011	2.48282e-011	2.29127e-011	2.40639e-011	3.45662e-011	1.16418e-011	2.69204e-011	2.64119e-011	2.36139e-011	2.47394e-011	2.36468e-011	1.93362e-011	2.18773e-011	2.29857e-011	2.1876e-011	2.06907e-011
16.9632	1.02388e-010	1.03109e-010	1.0404e-010	1.02182e-010	1.04818e-010	1.07378e-010	1.0715e-010	1.29555e-010	1.07107e-010	1.0808e-010	1.08833e-010	1.08583e-010	1.07614e-010	1.08284e-010	1.13591e-010	1.14537e-010	1.07338e-010	1.09347e-010	1.14851e-010	1.14995e-010	1.13349e-010	1.17912e-010	1.15472e-010	1.16313e-010	1.16863e-010	1.1691e-010	1.17452e-010	1.18347e-010	1.17166e-010	1.20052e-010	1.16364e-010	1.14813e-010	1.1683e-010	1.14556e-010	1.17778e-010	1.14139e-010	1.15067e-010	9.82079e-011	9.84128e-011	1.16253e-010	1.15878e-010	9.88589e-011	9.52616e-011	9.7159e-011	9.88378e-011	1.10796e-010	1.37533e-010	1.47483e-010	1.06581e-010	1.20951e-010	1.01393e-010	1.06899e-010	9.91163e-011	1.03684e-010	1.06892e-010	1.03381e-010	8.15842e-011	4.97133e-011	6.25442e-011	6.03736e-011	6.29835e-011	6.27325e-011	6.33342e-011	6.30746e-011	6.48817e-011	6.32566e-011	6.3984e-011	6.44927e-011	6.39974e-011	6.04983e-011	6.54219e-011	6.43424e-011	6.44012e-011	6.65982e-011	6.41488e-011	6.54802e-011	6.58075e-011	6.66303e-011	6.63777e-011	6.58351e-011	6.66451e-011	6.68794e-011	6.82521e-011	6.77638e-011	6.83423e-011	6.77739e-011	6.84867e-011	6.85525e-011	6.93995e-011	6.80997e-011	6.80812e-011	6.84154e-011	6.88167e-011	6.60001e-011	6.9178e-011	6.61385e-011	6.55229e-011	6.64026e-011	6.46357e-011	6.47213e-011	6.9159e-011	6.77362e-011	6.38097e-011	6.42352e-011	6.7513e-011	6.41448e-011	6.47003e-011	6.75367e-011	6.62267e-011	6.47696e-011	6.38081e-011	6.64845e-011	6.63714e-011	6.56113e-011	6.94888e-011	6.70776e-011	7.11608e-011	7.94532e-011	7.44581e-011	6.90302e-011	6.93826e-011	6.61599e-011	6.86462e-011	6.84859e-011	6.74642e-011	6.34388e-011	6.76219e-011	6.60874e-011	6.34774e-011	6.57908e-011	6.56718e-011	4.948e-011	5.90648e-011	4.51497e-011	5.87253e-011	4.46587e-011	3.99433e-011	3.54379e-011	7.45629e-011	4.23397e-011	3.95353e-011	5.60802e-011	5.69808e-011	5.69488e-011	4.93423e-011	5.20869e-011	4.93995e-011	4.66365e-011	4.77256e-011	4.75249e-011	4.66772e-011	4.61108e-011	4.90395e-011	4.98928e-011	5.1956e-011	5.28721e-011	6.02828e-011	7.85443e-011	1.48649e-010	1.86827e-010	2.10789e-010	2.24605e-010	2.29848e-010	2.34729e-010	2.39534e-010	2.41264e-010	2.46418e-010	2.46569e-010	2.43216e-010	2.43286e-010	2.41352e-010	2.34701e-010	2.38115e-010	2.46667e-010	2.43859e-010	2.39976e-010	2.39874e-010	2.38981e-010	2.37156e-010	2.31542e-010	2.32494e-010	2.30798e-010	2.34312e-010	2.37751e-010	2.36185e-010	2.35187e-010	2.33685e-010	2.36677e-010	2.38095e-010	2.37936e-010	2.35845e-010	2.3575e-010	2.35293e-010	2.3576e-010	2.34081e-010	2.30611e-010	2.26781e-010	2.19518e-010	2.14822e-010	2.00337e-010	1.81278e-010	1.52359e-010	7.10884e-011	3.98756e-011	3.61535e-011	3.2427e-011	3.2267e-011	2.86034e-011	2.98631e-011	2.66194e-011	2.63708e-011	2.3904e-011	2.30041e-011	2.29569e-011	2.26197e-011	2.4135e-011	2.24323e-011	2.34391e-011	3.47255e-011	1.26565e-011	2.65766e-011	2.60665e-011	2.31954e-011	2.43907e-011	2.32963e-011	1.75557e-011	2.03807e-011	2.18444e-011	2.10185e-011	1.99742e-011
17.3577	1.01106e-010	1.02262e-010	1.03628e-010	1.03848e-010	1.03777e-010	1.07201e-010	1.04979e-010	1.28034e-010	1.06164e-010	1.07286e-010	1.08047e-010	1.0816e-010	1.06626e-010	1.07588e-010	1.12687e-010	1.13569e-010	1.06805e-010	1.08606e-010	1.1933e-010	1.13553e-010	1.13984e-010	1.16839e-010	1.1462e-010	1.15467e-010	1.15881e-010	1.15791e-010	1.18125e-010	1.21954e-010	1.19066e-010	1.2003e-010	1.15634e-010	1.14018e-010	1.1704e-010	1.14488e-010	1.18929e-010	1.14226e-010	1.14445e-010	9.77352e-011	9.75891e-011	1.16007e-010	1.15709e-010	9.75535e-011	9.36051e-011	9.70797e-011	9.82646e-011	1.10086e-010	1.31901e-010	1.39715e-010	1.06103e-010	1.20479e-010	1.00356e-010	1.09366e-010	9.83761e-011	1.02736e-010	1.01807e-010	1.02158e-010	8.11528e-011	4.90021e-011	6.16959e-011	5.98166e-011	6.23608e-011	6.24012e-011	6.3437e-011	6.25403e-011	6.44245e-011	6.25908e-011	6.33237e-011	6.40523e-011	6.38482e-011	6.03547e-011	6.46411e-011	6.36385e-011	6.38456e-011	6.59766e-011	6.41754e-011	6.52266e-011	6.54879e-011	6.5602e-011	6.59975e-011	6.57459e-011	6.66326e-011	6.73008e-011	6.91073e-011	6.74816e-011	6.77084e-011	6.75737e-011	6.8506e-011	6.77914e-011	6.8715e-011	6.80632e-011	6.80498e-011	6.80321e-011	6.851e-011	6.50558e-011	6.83102e-011	6.57043e-011	6.50937e-011	6.66212e-011	6.43595e-011	6.43786e-011	6.85356e-011	6.71179e-011	6.36248e-011	6.39123e-011	6.72665e-011	6.38318e-011	6.33923e-011	6.47339e-011	6.44286e-011	6.39761e-011	6.33765e-011	6.63434e-011	6.65922e-011	6.52655e-011	6.92192e-011	6.63841e-011	6.93294e-011	7.39843e-011	6.92081e-011	6.64272e-011	6.86411e-011	6.5923e-011	6.84139e-011	6.83295e-011	6.83122e-011	6.65052e-011	7.00501e-011	6.65205e-011	6.34151e-011	6.55187e-011	6.57612e-011	4.93596e-011	5.94488e-011	4.51096e-011	5.86181e-011	4.53415e-011	3.99877e-011	3.50581e-011	7.41161e-011	4.18971e-011	3.70974e-011	5.50035e-011	5.16234e-011	5.48092e-011	5.17062e-011	5.13127e-011	4.95579e-011	4.71561e-011	4.79636e-011	4.76242e-011	4.67806e-011	4.60041e-011	4.85084e-011	4.97228e-011	5.22185e-011	5.35672e-011	6.16246e-011	8.31038e-011	1.52498e-010	1.88895e-010	2.12432e-010	2.25181e-010	2.31642e-010	2.35527e-010	2.39408e-010	2.40499e-010	2.43728e-010	2.43311e-010	2.39605e-010	2.40893e-010	2.37321e-010	2.32459e-010	2.34805e-010	2.4129e-010	2.42485e-010	2.40176e-010	2.40506e-010	2.39617e-010	2.35939e-010	2.33399e-010	2.32069e-010	2.29163e-010	2.33824e-010	2.3698e-010	2.36132e-010	2.33709e-010	2.33567e-010	2.36706e-010	2.37698e-010	2.37757e-010	2.36098e-010	2.35292e-010	2.34267e-010	2.34881e-010	2.33847e-010	2.3031e-010	2.26554e-010	2.19437e-010	2.13601e-010	1.99977e-010	1.76351e-010	1.40293e-010	6.28108e-011	3.85999e-011	3.58093e-011	3.26573e-011	3.25004e-011	2.88398e-011	3.02455e-011	2.67905e-011	2.70449e-011	2.37956e-011	2.35414e-011	2.35686e-011	2.20203e-011	2.40384e-011	2.26958e-011	2.34198e-011	3.49233e-011	1.31429e-011	2.6923e-011	2.62729e-011	2.3476e-011	2.38171e-011	2.35826e-011	1.7202e-011	2.16722e-011	2.12105e-011	1.93875e-011	2.03454e-011
17.7522	1.00303e-010	1.01104e-010	1.02258e-010	1.03193e-010	1.0241e-010	1.05265e-010	1.02902e-010	1.27315e-010	1.04591e-010	1.05929e-010	1.06762e-010	1.06806e-010	1.05275e-010	1.05882e-010	1.11269e-010	1.12224e-010	1.05534e-010	1.0748e-010	1.17921e-010	1.1186e-010	1.12509e-010	1.15581e-010	1.13364e-010	1.14356e-010	1.14773e-010	1.15257e-010	1.24878e-010	1.4485e-010	1.30182e-010	1.19936e-010	1.14971e-010	1.12145e-010	1.17312e-010	1.19691e-010	1.29206e-010	1.16293e-010	1.1373e-010	9.62379e-011	9.68093e-011	1.15159e-010	1.14722e-010	9.62127e-011	9.23393e-011	9.58888e-011	9.72202e-011	1.07831e-010	1.25151e-010	1.31469e-010	1.04431e-010	1.1881e-010	9.93341e-011	1.09634e-010	9.70766e-011	1.02083e-010	9.83727e-011	1.003e-010	8.00126e-011	4.77946e-011	6.05641e-011	5.86177e-011	6.13805e-011	6.11396e-011	6.23941e-011	6.15734e-011	6.32478e-011	6.14187e-011	6.18706e-011	6.28181e-011	6.29758e-011	5.9487e-011	6.3564e-011	6.2352e-011	6.31354e-011	6.48429e-011	6.33324e-011	6.47457e-011	6.5012e-011	6.49885e-011	6.53177e-011	6.51428e-011	6.6749e-011	6.92793e-011	7.33765e-011	6.80425e-011	6.66322e-011	6.66459e-011	6.75837e-011	6.66605e-011	6.7804e-011	6.74436e-011	6.75788e-011	6.7424e-011	6.73364e-011	6.38166e-011	6.74341e-011	6.45485e-011	6.41581e-011	6.57631e-011	6.37931e-011	6.32472e-011	6.77674e-011	6.63559e-011	6.28691e-011	6.27345e-011	6.63093e-011	6.30954e-011	6.23767e-011	6.30106e-011	6.30689e-011	6.3123e-011	6.26729e-011	6.55037e-011	6.54735e-011	6.42964e-011	6.83284e-011	6.52146e-011	6.78098e-011	6.95437e-011	6.53458e-011	6.45716e-011	6.75782e-011	6.48672e-011	6.78653e-011	7.10733e-011	7.62052e-011	7.46913e-011	7.64582e-011	6.72942e-011	6.33393e-011	6.50934e-011	6.51293e-011	4.8164e-011	5.92607e-011	4.50006e-011	5.80884e-011	4.59623e-011	3.97594e-011	3.46948e-011	7.41178e-011	3.84075e-011	3.41158e-011	5.153e-011	5.06576e-011	5.25662e-011	5.05426e-011	5.0086e-011	4.92679e-011	4.68031e-011	4.74048e-011	4.71453e-011	4.66673e-011	4.60421e-011	4.81979e-011	4.92068e-011	5.19254e-011	5.32114e-011	6.16347e-011	8.83361e-011	1.53098e-010	1.8936e-010	2.14335e-010	2.27664e-010	2.3242e-010	2.361e-010	2.38918e-010	2.39948e-010	2.42186e-010	2.4135e-010	2.37153e-010	2.37094e-010	2.34888e-010	2.32821e-010	2.31392e-010	2.361e-010	2.41376e-010	2.41719e-010	2.41773e-010	2.39966e-010	2.35226e-010	2.33196e-010	2.30019e-010	2.25909e-010	2.33436e-010	2.36031e-010	2.35407e-010	2.33352e-010	2.33863e-010	2.36512e-010	2.37371e-010	2.36655e-010	2.35649e-010	2.34282e-010	2.31911e-010	2.32106e-010	2.32583e-010	2.29842e-010	2.26382e-010	2.18776e-010	2.13166e-010	1.97053e-010	1.71509e-010	1.26607e-010	5.70623e-011	3.75044e-011	3.55818e-011	3.24408e-011	3.32234e-011	2.87885e-011	3.01339e-011	2.69759e-011	2.70273e-011	2.55033e-011	2.47606e-011	2.44421e-011	2.27624e-011	2.42208e-011	2.32468e-011	2.36254e-011	3.51405e-011	1.33004e-011	2.76636e-011	2.6454e-011	2.37403e-011	2.36648e-011	2.35136e-011	1.75021e-011	2.26271e-011	2.18204e-011	1.81527e-011	2.0694e-011
18.1467	9.99735e-011	9.99089e-011	1.01554e-010	1.01981e-010	1.0069e-010	1.03037e-010	1.01524e-010	1.24788e-010	1.02413e-010	1.03958e-010	1.05213e-010	1.0525e-010	1.0414e-010	1.04169e-010	1.0955e-010	1.10784e-010	1.03874e-010	1.05743e-010	1.12321e-010	1.10254e-010	1.1104e-010	1.13821e-010	1.11955e-010	1.12871e-010	1.13355e-010	1.15334e-010	1.31877e-010	1.58629e-010	1.38528e-010	1.19852e-010	1.13669e-010	1.10767e-010	1.18573e-010	1.3673e-010	1.53455e-010	1.21899e-010	1.12977e-010	9.51247e-011	9.54075e-011	1.13826e-010	1.13243e-010	9.48743e-011	9.09985e-011	9.40458e-011	9.55894e-011	1.05127e-010	1.18803e-010	1.24262e-010	1.04079e-010	1.17171e-010	9.74796e-011	1.08921e-010	9.41488e-011	1.00511e-010	9.53722e-011	9.81558e-011	7.83681e-011	4.65784e-011	5.91336e-011	5.67588e-011	5.95933e-011	5.94956e-011	6.03221e-011	6.00019e-011	6.1463e-011	5.97777e-011	6.02307e-011	6.1108e-011	6.13385e-011	5.77799e-011	6.14301e-011	6.0577e-011	6.15766e-011	6.33576e-011	6.29206e-011	6.58361e-011	6.53908e-011	6.42988e-011	6.42738e-011	6.52445e-011	7.41382e-011	7.83858e-011	8.32006e-011	7.0443e-011	6.518e-011	6.49119e-011	6.59252e-011	6.47918e-011	6.57969e-011	6.57265e-011	6.58663e-011	6.6002e-011	6.55622e-011	6.20474e-011	6.60272e-011	6.3504e-011	6.26192e-011	6.41584e-011	6.16943e-011	6.17255e-011	6.6109e-011	6.4918e-011	6.1009e-011	6.11666e-011	6.48908e-011	6.09695e-011	6.10433e-011	6.12559e-011	6.17499e-011	6.18828e-011	6.10117e-011	6.37073e-011	6.33992e-011	6.28015e-011	6.64845e-011	6.38074e-011	6.59824e-011	6.62965e-011	6.25359e-011	6.26275e-011	6.63572e-011	6.35839e-011	6.7591e-011	7.70216e-011	8.69479e-011	8.23014e-011	8.10787e-011	6.65685e-011	6.21239e-011	6.39597e-011	6.40773e-011	4.7194e-011	5.87299e-011	4.39808e-011	5.74367e-011	4.52503e-011	3.89159e-011	3.40056e-011	7.26546e-011	3.60991e-011	3.01052e-011	4.47463e-011	4.88852e-011	5.02347e-011	4.7438e-011	4.82794e-011	4.79027e-011	4.58078e-011	4.62083e-011	4.61048e-011	4.54973e-011	4.52427e-011	4.74836e-011	4.83634e-011	5.13101e-011	5.26816e-011	6.17619e-011	9.64761e-011	1.60181e-010	1.9253e-010	2.14877e-010	2.2815e-010	2.3235e-010	2.35973e-010	2.3795e-010	2.38424e-010	2.40321e-010	2.40286e-010	2.37319e-010	2.37348e-010	2.34872e-010	2.33035e-010	2.29909e-010	2.3392e-010	2.41498e-010	2.44358e-010	2.44072e-010	2.40782e-010	2.35131e-010	2.31262e-010	2.27745e-010	2.24582e-010	2.32484e-010	2.35097e-010	2.35206e-010	2.34811e-010	2.35126e-010	2.3608e-010	2.36316e-010	2.34262e-010	2.33204e-010	2.32284e-010	2.2829e-010	2.29433e-010	2.30501e-010	2.28708e-010	2.25412e-010	2.16612e-010	2.10379e-010	1.92787e-010	1.66692e-010	1.1724e-010	5.34297e-011	3.6178e-011	3.48479e-011	3.13713e-011	3.25324e-011	2.86904e-011	2.99148e-011	2.81356e-011	2.54953e-011	2.66358e-011	2.60583e-011	2.5191e-011	2.36054e-011	2.48723e-011	2.62065e-011	2.38944e-011	3.55756e-011	1.31161e-011	2.78599e-011	2.68882e-011	2.38413e-011	2.40754e-011	2.15916e-011	1.78182e-011	2.31819e-011	2.25425e-011	1.76855e-011	2.09657e-011
18.5412	9.97457e-011	9.96776e-011	1.00534e-010	1.00172e-010	1.00091e-010	1.01507e-010	1.00561e-010	1.2575e-010	1.02015e-010	1.02842e-010	1.03809e-010	1.04342e-010	1.03658e-010	1.03684e-010	1.08633e-010	1.1015e-010	1.03022e-010	1.05317e-010	1.09964e-010	1.09323e-010	1.15462e-010	1.12813e-010	1.10516e-010	1.11644e-010	1.12339e-010	1.13744e-010	1.26e-010	1.46965e-010	1.3079e-010	1.18324e-010	1.12852e-010	1.09734e-010	1.17823e-010	1.39406e-010	1.54487e-010	1.21429e-010	1.12648e-010	9.47932e-011	9.39313e-011	1.12776e-010	1.12192e-010	9.3678e-011	8.99432e-011	9.37743e-011	9.47448e-011	1.02424e-010	1.14027e-010	1.18556e-010	1.03228e-010	1.15033e-010	9.61255e-011	1.0778e-010	9.24348e-011	9.95817e-011	9.38697e-011	9.67949e-011	7.70774e-011	4.54293e-011	5.79119e-011	5.6036e-011	5.85837e-011	5.84136e-011	5.90963e-011	5.86323e-011	6.03782e-011	5.84777e-011	5.93584e-011	6.07349e-011	6.02505e-011	5.6834e-011	6.00551e-011	5.97727e-011	6.08432e-011	6.47661e-011	6.96134e-011	7.31712e-011	7.17971e-011	6.47772e-011	6.45377e-011	6.75078e-011	8.21145e-011	8.90043e-011	8.85342e-011	7.33484e-011	6.47288e-011	6.38894e-011	6.50455e-011	6.36266e-011	6.49888e-011	6.45616e-011	6.44159e-011	6.46232e-011	6.4398e-011	6.06693e-011	6.4935e-011	6.22694e-011	6.12423e-011	6.2782e-011	6.04612e-011	6.05645e-011	6.46629e-011	6.42581e-011	6.06355e-011	6.02226e-011	6.4019e-011	5.99557e-011	5.96019e-011	5.98868e-011	6.13816e-011	6.05157e-011	5.95742e-011	6.23423e-011	6.18212e-011	6.13674e-011	6.5123e-011	6.259e-011	6.28382e-011	6.46533e-011	6.0894e-011	6.13442e-011	6.54324e-011	6.27321e-011	6.6098e-011	7.46018e-011	8.77434e-011	8.10275e-011	7.71642e-011	6.52982e-011	6.09268e-011	6.29072e-011	6.32411e-011	4.6074e-011	5.78976e-011	4.25792e-011	5.77511e-011	4.41385e-011	3.80204e-011	3.31838e-011	7.26206e-011	3.35678e-011	2.59337e-011	3.9863e-011	4.5504e-011	4.72845e-011	4.54187e-011	4.64769e-011	4.6674e-011	4.47245e-011	4.51992e-011	4.48841e-011	4.44936e-011	4.48131e-011	4.69139e-011	4.76538e-011	5.1032e-011	5.30491e-011	6.27037e-011	1.0999e-010	1.74341e-010	1.96338e-010	2.17688e-010	2.3175e-010	2.35096e-010	2.37937e-010	2.38275e-010	2.37038e-010	2.3851e-010	2.39264e-010	2.40086e-010	2.38261e-010	2.35503e-010	2.32242e-010	2.29905e-010	2.32348e-010	2.42287e-010	2.46507e-010	2.46796e-010	2.42082e-010	2.34721e-010	2.30713e-010	2.28915e-010	2.27184e-010	2.31662e-010	2.34136e-010	2.34749e-010	2.3543e-010	2.34821e-010	2.35351e-010	2.33591e-010	2.30542e-010	2.31059e-010	2.29859e-010	2.26726e-010	2.28016e-010	2.29017e-010	2.27229e-010	2.23651e-010	2.14499e-010	2.05914e-010	1.89112e-010	1.58023e-010	1.03935e-010	4.60567e-011	3.45947e-011	3.35553e-011	2.9798e-011	3.09643e-011	2.76274e-011	2.85713e-011	2.66545e-011	2.44479e-011	2.59509e-011	2.62357e-011	2.59452e-011	2.63647e-011	3.25647e-011	3.16906e-011	2.54562e-011	3.44293e-011	1.41179e-011	2.77247e-011	2.6116e-011	2.32178e-011	2.23151e-011	1.998e-011	1.71409e-011	2.23677e-011	2.18771e-011	1.73833e-011	2.0741e-011
18.9357	9.90499e-011	9.85687e-011	9.9226e-011	9.90934e-011	9.93137e-011	1.00315e-010	9.93131e-011	1.23445e-010	1.00581e-010	1.0178e-010	1.02761e-010	1.03451e-010	1.02352e-010	1.02892e-010	1.07569e-010	1.09028e-010	1.01842e-010	1.03936e-010	1.08525e-010	1.08396e-010	1.16762e-010	1.11911e-010	1.09627e-010	1.10053e-010	1.11332e-010	1.12106e-010	1.18875e-010	1.31424e-010	1.21331e-010	1.16304e-010	1.11987e-010	1.08808e-010	1.14837e-010	1.28147e-010	1.39739e-010	1.16547e-010	1.11347e-010	9.45027e-011	9.30797e-011	1.1172e-010	1.1136e-010	9.24277e-011	8.92025e-011	9.29717e-011	9.38087e-011	1.00783e-010	1.11467e-010	1.15291e-010	1.02614e-010	1.13499e-010	9.52428e-011	1.07191e-010	9.17115e-011	9.90808e-011	9.32339e-011	9.62384e-011	7.64571e-011	4.51737e-011	5.73066e-011	5.52237e-011	5.80642e-011	5.78296e-011	5.85907e-011	5.82048e-011	5.98858e-011	5.82774e-011	5.88787e-011	6.03328e-011	5.98544e-011	5.65152e-011	5.98134e-011	5.91796e-011	6.16838e-011	7.24679e-011	8.38192e-011	8.42397e-011	7.94426e-011	6.64999e-011	6.44082e-011	6.61687e-011	7.89229e-011	8.9959e-011	8.30655e-011	7.08831e-011	6.4624e-011	6.37168e-011	6.46621e-011	6.3318e-011	6.47548e-011	6.44735e-011	6.37594e-011	6.40409e-011	6.42468e-011	6.03064e-011	6.47887e-011	6.1554e-011	6.06718e-011	6.23563e-011	6.02515e-011	6.00708e-011	6.38137e-011	6.43386e-011	6.07887e-011	6.00912e-011	6.396e-011	5.93262e-011	5.88302e-011	5.92584e-011	6.12536e-011	5.98166e-011	5.93037e-011	6.15719e-011	6.1122e-011	6.1025e-011	6.46373e-011	6.22466e-011	6.13513e-011	6.40226e-011	6.03338e-011	6.08541e-011	6.46554e-011	6.23822e-011	6.57465e-011	7.03207e-011	8.08896e-011	7.58143e-011	7.20916e-011	6.42226e-011	6.08486e-011	6.24694e-011	6.2872e-011	4.57735e-011	5.71656e-011	4.25582e-011	5.85124e-011	4.41823e-011	3.79179e-011	3.30776e-011	7.23677e-011	3.30967e-011	2.3816e-011	3.6884e-011	4.33776e-011	4.49394e-011	4.36403e-011	4.54792e-011	4.60999e-011	4.40025e-011	4.45433e-011	4.49371e-011	4.4184e-011	4.54977e-011	4.67358e-011	4.78268e-011	5.08418e-011	5.38526e-011	6.44292e-011	1.22279e-010	1.76553e-010	2.01186e-010	2.20601e-010	2.33156e-010	2.37851e-010	2.40186e-010	2.38874e-010	2.36557e-010	2.36808e-010	2.38554e-010	2.39796e-010	2.38177e-010	2.3534e-010	2.33141e-010	2.30438e-010	2.30874e-010	2.40232e-010	2.46943e-010	2.47437e-010	2.40928e-010	2.33487e-010	2.32325e-010	2.32303e-010	2.29348e-010	2.31173e-010	2.3228e-010	2.33241e-010	2.35125e-010	2.34434e-010	2.3531e-010	2.31254e-010	2.28908e-010	2.29629e-010	2.28774e-010	2.27344e-010	2.28123e-010	2.28541e-010	2.26313e-010	2.22294e-010	2.12273e-010	2.01891e-010	1.83148e-010	1.46048e-010	8.60902e-011	4.02687e-011	3.32215e-011	3.25261e-011	2.847e-011	2.95515e-011	2.59868e-011	2.7417e-011	2.39153e-011	2.31231e-011	2.49691e-011	2.57396e-011	2.73629e-011	3.31955e-011	3.88811e-011	3.8135e-011	3.28855e-011	3.58446e-011	1.28757e-011	2.76099e-011	2.54144e-011	2.21435e-011	2.22248e-011	1.8517e-011	1.78757e-011	2.12295e-011	2.05085e-011	1.57125e-011	1.94107e-011
19.3302	9.80597e-011	9.81686e-011	9.86302e-011	9.86589e-011	9.86118e-011	9.9703e-011	9.87187e-011	1.23582e-010	1.00308e-010	1.01381e-010	1.02451e-010	1.03087e-010	1.02005e-010	1.02133e-010	1.07112e-010	1.08231e-010	1.01061e-010	1.03242e-010	1.08133e-010	1.0802e-010	1.16115e-010	1.11637e-010	1.09155e-010	1.09524e-010	1.10818e-010	1.11178e-010	1.14248e-010	1.20813e-010	1.15733e-010	1.14791e-010	1.11416e-010	1.0818e-010	1.13009e-010	1.18691e-010	1.26939e-010	1.1233e-010	1.115e-010	9.43825e-011	9.33292e-011	1.11911e-010	1.11349e-010	9.19286e-011	8.90724e-011	9.08539e-011	9.31308e-011	1.02259e-010	1.09169e-010	1.12933e-010	1.02695e-010	1.12377e-010	9.47027e-011	1.05233e-010	9.17636e-011	9.9143e-011	9.33061e-011	9.46065e-011	7.65488e-011	4.48464e-011	5.6703e-011	5.52006e-011	5.77644e-011	5.81814e-011	5.8594e-011	5.83595e-011	6.01202e-011	5.85915e-011	5.92008e-011	6.02342e-011	5.97635e-011	5.70031e-011	6.06657e-011	6.0039e-011	6.24074e-011	7.26271e-011	8.72701e-011	8.64116e-011	7.8193e-011	6.72561e-011	6.45991e-011	6.45086e-011	7.27694e-011	8.25969e-011	7.67086e-011	6.78165e-011	6.46332e-011	6.3588e-011	6.47524e-011	6.34127e-011	6.49253e-011	6.44339e-011	6.37239e-011	6.40807e-011	6.4076e-011	6.07104e-011	6.50533e-011	6.16075e-011	6.03713e-011	6.24871e-011	6.10992e-011	6.04925e-011	6.28809e-011	6.46221e-011	6.12885e-011	6.06642e-011	6.43205e-011	5.96882e-011	5.89794e-011	5.97659e-011	6.1405e-011	6.00403e-011	5.94567e-011	6.15112e-011	6.15616e-011	6.13934e-011	6.50058e-011	6.24721e-011	6.10766e-011	6.41046e-011	6.07721e-011	6.10061e-011	6.49493e-011	6.26749e-011	6.56809e-011	6.83254e-011	7.48934e-011	6.94592e-011	6.78057e-011	6.3791e-011	6.12003e-011	6.28901e-011	6.30758e-011	4.59031e-011	5.72209e-011	4.3396e-011	5.94183e-011	4.55847e-011	3.86739e-011	3.38298e-011	7.28304e-011	3.36267e-011	2.39132e-011	3.60484e-011	4.28945e-011	4.43801e-011	4.30761e-011	4.51956e-011	4.5811e-011	4.3494e-011	4.45291e-011	4.47028e-011	4.43723e-011	4.58942e-011	4.72688e-011	4.7425e-011	5.0862e-011	5.32947e-011	6.47928e-011	1.22064e-010	1.70618e-010	2.03099e-010	2.20221e-010	2.32197e-010	2.40455e-010	2.40639e-010	2.38319e-010	2.36637e-010	2.36522e-010	2.38616e-010	2.39278e-010	2.38079e-010	2.36446e-010	2.34524e-010	2.30669e-010	2.31594e-010	2.39014e-010	2.46144e-010	2.45914e-010	2.38537e-010	2.32656e-010	2.3427e-010	2.34807e-010	2.30484e-010	2.30442e-010	2.29395e-010	2.31272e-010	2.34573e-010	2.34656e-010	2.34877e-010	2.30881e-010	2.29808e-010	2.3023e-010	2.29006e-010	2.28919e-010	2.29043e-010	2.28162e-010	2.25277e-010	2.21103e-010	2.09782e-010	1.98386e-010	1.73131e-010	1.29946e-010	6.89028e-011	3.73498e-011	3.30732e-011	3.27914e-011	2.83631e-011	2.92152e-011	2.57779e-011	2.70497e-011	2.22468e-011	2.08675e-011	2.49113e-011	2.55943e-011	2.67727e-011	3.25174e-011	4.09714e-011	4.34222e-011	3.33709e-011	3.85981e-011	1.48976e-011	3.06141e-011	2.583e-011	2.19698e-011	2.24617e-011	1.78786e-011	1.91473e-011	2.06972e-011	1.98146e-011	1.47855e-011	1.82505e-011
19.7247	9.84229e-011	9.77597e-011	9.83774e-011	9.87049e-011	9.8528e-011	9.94178e-011	9.88034e-011	1.2318e-010	1.0056e-010	1.01718e-010	1.02728e-010	1.03162e-010	1.01592e-010	1.02446e-010	1.07152e-010	1.07996e-010	1.01124e-010	1.02674e-010	1.07575e-010	1.08331e-010	1.10795e-010	1.14541e-010	1.09427e-010	1.10449e-010	1.10968e-010	1.11268e-010	1.12491e-010	1.1521e-010	1.12782e-010	1.13992e-010	1.10913e-010	1.079e-010	1.12096e-010	1.13288e-010	1.18832e-010	1.09588e-010	1.10552e-010	9.45865e-011	9.35421e-011	1.11632e-010	1.11293e-010	9.21669e-011	8.92476e-011	8.84662e-011	9.33935e-011	1.05101e-010	1.08591e-010	1.12219e-010	1.02845e-010	1.12249e-010	9.46537e-011	1.05191e-010	9.22286e-011	9.95435e-011	9.38562e-011	9.49489e-011	7.69691e-011	4.51302e-011	5.74216e-011	5.56396e-011	5.80666e-011	5.87037e-011	5.89078e-011	5.88932e-011	6.0588e-011	5.89931e-011	5.96791e-011	6.05748e-011	6.00377e-011	5.74964e-011	6.15208e-011	6.08273e-011	6.27003e-011	6.87822e-011	8.2144e-011	8.15753e-011	7.24322e-011	6.67126e-011	6.47734e-011	6.37582e-011	6.90229e-011	7.54259e-011	7.13262e-011	6.62222e-011	6.46131e-011	6.4142e-011	6.4952e-011	6.3972e-011	6.53443e-011	6.42839e-011	6.39332e-011	6.4292e-011	6.44322e-011	6.09256e-011	6.53417e-011	6.19689e-011	6.07341e-011	6.28513e-011	6.1536e-011	6.10733e-011	6.36054e-011	6.47047e-011	6.15146e-011	6.13195e-011	6.46192e-011	6.02729e-011	5.95643e-011	6.02794e-011	6.24184e-011	6.03394e-011	5.99698e-011	6.19524e-011	6.20023e-011	6.19048e-011	6.6302e-011	6.31961e-011	6.12997e-011	6.43978e-011	6.10641e-011	6.15823e-011	6.55239e-011	6.29623e-011	6.53951e-011	6.72522e-011	7.02473e-011	6.50252e-011	6.57261e-011	6.35658e-011	6.1401e-011	6.3231e-011	6.38424e-011	4.64526e-011	5.74816e-011	4.44391e-011	6.01725e-011	4.66211e-011	3.97068e-011	3.45019e-011	7.35701e-011	3.33627e-011	2.45735e-011	3.61332e-011	4.31179e-011	4.43847e-011	4.28619e-011	4.51196e-011	4.62301e-011	4.34082e-011	4.45097e-011	4.46068e-011	4.39853e-011	4.61445e-011	4.7585e-011	4.78784e-011	5.0881e-011	5.2308e-011	6.28002e-011	1.13923e-010	1.62042e-010	1.99873e-010	2.15775e-010	2.3003e-010	2.39138e-010	2.39029e-010	2.3663e-010	2.36655e-010	2.37318e-010	2.38477e-010	2.3956e-010	2.37924e-010	2.37712e-010	2.35282e-010	2.32419e-010	2.33693e-010	2.38462e-010	2.42298e-010	2.42131e-010	2.35389e-010	2.31784e-010	2.34602e-010	2.37059e-010	2.3287e-010	2.31533e-010	2.28763e-010	2.30344e-010	2.33993e-010	2.34423e-010	2.34563e-010	2.3277e-010	2.31401e-010	2.31385e-010	2.29721e-010	2.29696e-010	2.29308e-010	2.27774e-010	2.23665e-010	2.19265e-010	2.05791e-010	1.92955e-010	1.59904e-010	1.12636e-010	5.52238e-011	3.57281e-011	3.30821e-011	3.28596e-011	2.84191e-011	2.9116e-011	2.60234e-011	2.77111e-011	2.26098e-011	2.0075e-011	2.45344e-011	2.50614e-011	2.46554e-011	2.88156e-011	3.93987e-011	4.41211e-011	3.79125e-011	4.26259e-011	2.44819e-011	3.5828e-011	2.63876e-011	2.2656e-011	2.26334e-011	1.86071e-011	1.71472e-011	2.04677e-011	1.92844e-011	1.68112e-011	1.70472e-011
20.1191	9.7983e-011	9.68322e-011	9.78906e-011	9.82303e-011	9.77798e-011	9.89673e-011	9.9079e-011	1.21611e-010	1.00503e-010	1.01529e-010	1.01765e-010	1.02854e-010	1.01438e-010	1.0216e-010	1.07092e-010	1.07376e-010	1.00515e-010	1.02647e-010	1.07346e-010	1.07898e-010	1.28584e-010	1.34483e-010	1.12311e-010	1.12131e-010	1.11303e-010	1.11327e-010	1.11347e-010	1.12362e-010	1.11088e-010	1.13165e-010	1.09881e-010	1.07022e-010	1.11014e-010	1.09859e-010	1.14127e-010	1.07821e-010	1.10723e-010	9.44813e-011	9.3375e-011	1.11546e-010	1.11216e-010	9.29565e-011	8.9118e-011	8.72032e-011	9.33537e-011	1.06498e-010	1.07426e-010	1.10707e-010	1.02056e-010	1.12111e-010	9.40244e-011	1.04071e-010	9.23306e-011	9.94397e-011	9.39036e-011	9.57902e-011	7.66046e-011	4.46311e-011	5.74305e-011	5.58708e-011	5.852e-011	5.88079e-011	5.88055e-011	5.87986e-011	6.03582e-011	5.95565e-011	5.97501e-011	6.10103e-011	6.03377e-011	5.77323e-011	6.19068e-011	6.09347e-011	6.31004e-011	6.63327e-011	7.42025e-011	7.3712e-011	6.76466e-011	6.58614e-011	6.43574e-011	6.32773e-011	6.64061e-011	6.96017e-011	6.77222e-011	6.52669e-011	6.42352e-011	6.43416e-011	6.46577e-011	6.40408e-011	6.53475e-011	6.40787e-011	6.41622e-011	6.44553e-011	6.46724e-011	6.10285e-011	6.55214e-011	6.2154e-011	6.11388e-011	6.29755e-011	6.14512e-011	6.09935e-011	6.38877e-011	6.52062e-011	6.19495e-011	6.17591e-011	6.4635e-011	6.04362e-011	6.00892e-011	5.98805e-011	6.30951e-011	6.04491e-011	6.02266e-011	6.2499e-011	6.24102e-011	6.18883e-011	6.62894e-011	6.35444e-011	6.12234e-011	6.47538e-011	6.1638e-011	6.21598e-011	6.54622e-011	6.26183e-011	6.4626e-011	6.58436e-011	6.69138e-011	6.26233e-011	6.52554e-011	6.3241e-011	6.12934e-011	6.34118e-011	6.40974e-011	4.73531e-011	5.78848e-011	4.57733e-011	6.0795e-011	4.78887e-011	4.07625e-011	3.55599e-011	7.46303e-011	3.34966e-011	2.38525e-011	3.61998e-011	4.31863e-011	4.43836e-011	4.27911e-011	4.50504e-011	4.63053e-011	4.34136e-011	4.4588e-011	4.47579e-011	4.39235e-011	4.62267e-011	4.73827e-011	4.76771e-011	5.11807e-011	5.16088e-011	5.93881e-011	1.00728e-010	1.50348e-010	1.92535e-010	2.1008e-010	2.27549e-010	2.3423e-010	2.35478e-010	2.35579e-010	2.36818e-010	2.37482e-010	2.38426e-010	2.39651e-010	2.38159e-010	2.38661e-010	2.3623e-010	2.35938e-010	2.36854e-010	2.39124e-010	2.3946e-010	2.38292e-010	2.32477e-010	2.31443e-010	2.35046e-010	2.39787e-010	2.37025e-010	2.35973e-010	2.31773e-010	2.30926e-010	2.33859e-010	2.34787e-010	2.3464e-010	2.34345e-010	2.32618e-010	2.32386e-010	2.30292e-010	2.30479e-010	2.28947e-010	2.26411e-010	2.22442e-010	2.15969e-010	1.99922e-010	1.8337e-010	1.43747e-010	9.62631e-011	4.69893e-011	3.5204e-011	3.30552e-011	3.26158e-011	2.84583e-011	2.91523e-011	2.62711e-011	2.85985e-011	2.39227e-011	2.18132e-011	2.49839e-011	2.45793e-011	2.35273e-011	2.45417e-011	3.55498e-011	4.09828e-011	4.01982e-011	4.99784e-011	3.40445e-011	3.86022e-011	2.61584e-011	2.27799e-011	2.31817e-011	2.12223e-011	1.71872e-011	2.06462e-011	1.93872e-011	1.8552e-011	1.85693e-011
20.5136	9.78098e-011	9.63063e-011	9.76549e-011	9.7285e-011	9.71963e-011	9.82456e-011	9.95046e-011	1.22255e-010	1.00224e-010	1.01184e-010	1.0171e-010	1.01804e-010	1.00751e-010	1.01764e-010	1.06414e-010	1.06919e-010	9.97767e-011	1.01772e-010	1.07047e-010	1.05962e-010	1.30439e-010	1.48127e-010	1.13891e-010	1.12645e-010	1.11466e-010	1.10639e-010	1.10379e-010	1.10829e-010	1.09775e-010	1.12143e-010	1.09366e-010	1.06512e-010	1.09796e-010	1.07648e-010	1.11565e-010	1.06694e-010	1.10174e-010	9.41525e-011	9.26956e-011	1.10588e-010	1.10836e-010	9.25826e-011	8.83937e-011	8.65571e-011	9.18574e-011	1.07794e-010	1.07087e-010	1.10517e-010	1.02087e-010	1.12007e-010	9.357e-011	1.04123e-010	9.26048e-011	9.91499e-011	9.40497e-011	9.61579e-011	7.61942e-011	4.42997e-011	5.66781e-011	5.55545e-011	5.82114e-011	5.85785e-011	5.84411e-011	5.85849e-011	5.98668e-011	5.93587e-011	5.91318e-011	6.10428e-011	6.03784e-011	5.82811e-011	6.19639e-011	6.07859e-011	6.23172e-011	6.48437e-011	6.87227e-011	6.74552e-011	6.42549e-011	6.46923e-011	6.36968e-011	6.2554e-011	6.47632e-011	6.51111e-011	6.56686e-011	6.41506e-011	6.35565e-011	6.41719e-011	6.47113e-011	6.37465e-011	6.49196e-011	6.38743e-011	6.36101e-011	6.44125e-011	6.46391e-011	6.12189e-011	6.55786e-011	6.19351e-011	6.10724e-011	6.33473e-011	6.12614e-011	6.04565e-011	6.36463e-011	6.56889e-011	6.21565e-011	6.16905e-011	6.46479e-011	6.05307e-011	6.04082e-011	5.98526e-011	6.35061e-011	6.07276e-011	6.05869e-011	6.2727e-011	6.27202e-011	6.23517e-011	6.66207e-011	6.35293e-011	6.12904e-011	6.50459e-011	6.30122e-011	6.17596e-011	6.57157e-011	6.21687e-011	6.41875e-011	6.5202e-011	6.54978e-011	6.17185e-011	6.54331e-011	6.34301e-011	6.14225e-011	6.36953e-011	6.41781e-011	4.79453e-011	5.89886e-011	4.70316e-011	6.19936e-011	4.81708e-011	4.2699e-011	3.6937e-011	7.62336e-011	3.49691e-011	2.42658e-011	3.63396e-011	4.36239e-011	4.43336e-011	4.29676e-011	4.51679e-011	4.64352e-011	4.36274e-011	4.47428e-011	4.5211e-011	4.43178e-011	4.60624e-011	4.7374e-011	4.74669e-011	5.07691e-011	5.10673e-011	5.69313e-011	8.55723e-011	1.37205e-010	1.81905e-010	2.05248e-010	2.24729e-010	2.30209e-010	2.33756e-010	2.3587e-010	2.37194e-010	2.37157e-010	2.38544e-010	2.39854e-010	2.39089e-010	2.39605e-010	2.38259e-010	2.39123e-010	2.3984e-010	2.41123e-010	2.39188e-010	2.35606e-010	2.31234e-010	2.31071e-010	2.35617e-010	2.40872e-010	2.40195e-010	2.40442e-010	2.34686e-010	2.32711e-010	2.34087e-010	2.35244e-010	2.35826e-010	2.35546e-010	2.33833e-010	2.32973e-010	2.30751e-010	2.30311e-010	2.2858e-010	2.24845e-010	2.21319e-010	2.12505e-010	1.93473e-010	1.69224e-010	1.26259e-010	7.89337e-011	4.11732e-011	3.54737e-011	3.36976e-011	3.31309e-011	2.88462e-011	2.98416e-011	2.71904e-011	2.93908e-011	2.66591e-011	2.37799e-011	2.66095e-011	2.5721e-011	2.38281e-011	2.36446e-011	3.19551e-011	3.68331e-011	3.64932e-011	5.32885e-011	3.30861e-011	3.60891e-011	2.67328e-011	2.41563e-011	2.47891e-011	2.36319e-011	1.91137e-011	2.20895e-011	2.12044e-011	2.08861e-011	2.06347e-011
20.9081	9.70672e-011	9.6766e-011	9.76746e-011	9.75076e-011	9.72648e-011	9.88031e-011	9.86945e-011	1.20792e-010	1.0025e-010	1.00842e-010	1.02002e-010	1.01871e-010	1.0038e-010	1.01527e-010	1.06025e-010	1.06806e-010	9.97982e-011	1.0157e-010	1.07123e-010	9.22462e-011	1.18715e-010	1.3918e-010	1.15649e-010	1.1361e-010	1.12138e-010	1.10447e-010	1.09824e-010	1.0991e-010	1.09063e-010	1.11711e-010	1.08856e-010	1.05997e-010	1.09489e-010	1.06621e-010	1.10247e-010	1.06085e-010	1.1056e-010	9.382e-011	9.22872e-011	1.11032e-010	1.1099e-010	9.16619e-011	8.78979e-011	8.54864e-011	9.14261e-011	1.07074e-010	1.06578e-010	1.09148e-010	1.0143e-010	1.13776e-010	9.3337e-011	1.03531e-010	9.36537e-011	9.61979e-011	9.54527e-011	9.57743e-011	7.61668e-011	4.47713e-011	5.65778e-011	5.54539e-011	5.78249e-011	5.79063e-011	5.81976e-011	5.79133e-011	5.96956e-011	5.89027e-011	5.91053e-011	6.03747e-011	6.02829e-011	5.85443e-011	6.38e-011	6.20526e-011	6.18007e-011	6.3187e-011	6.38547e-011	6.35184e-011	6.27491e-011	6.3761e-011	6.28403e-011	6.18438e-011	6.34854e-011	6.31944e-011	6.46131e-011	6.31708e-011	6.3081e-011	6.36297e-011	6.38884e-011	6.30715e-011	6.43213e-011	6.36385e-011	6.38084e-011	6.50452e-011	6.52779e-011	6.13641e-011	6.53017e-011	6.16649e-011	6.07375e-011	6.28767e-011	6.0798e-011	6.06432e-011	6.41977e-011	6.75336e-011	6.49377e-011	6.18375e-011	6.43749e-011	6.05519e-011	6.01525e-011	6.01773e-011	6.35542e-011	6.05709e-011	6.03684e-011	6.2304e-011	6.28785e-011	6.23773e-011	6.67281e-011	6.35759e-011	6.19191e-011	6.53998e-011	6.48056e-011	6.2136e-011	6.59608e-011	6.25683e-011	6.4242e-011	6.54115e-011	6.4577e-011	6.12386e-011	6.52516e-011	6.37614e-011	6.17669e-011	6.37673e-011	6.46922e-011	4.78302e-011	5.86732e-011	4.70159e-011	6.28492e-011	4.90408e-011	4.5012e-011	3.85507e-011	7.72911e-011	3.63275e-011	2.46398e-011	3.67292e-011	4.41723e-011	4.37553e-011	4.30483e-011	4.54078e-011	4.66918e-011	4.35437e-011	4.4819e-011	4.54472e-011	4.43571e-011	4.63335e-011	4.7163e-011	4.68455e-011	4.99516e-011	5.03395e-011	5.50795e-011	7.22414e-011	1.23821e-010	1.69969e-010	2.00187e-010	2.20974e-010	2.27973e-010	2.33682e-010	2.3546e-010	2.36376e-010	2.3593e-010	2.37909e-010	2.40097e-010	2.3971e-010	2.40462e-010	2.40637e-010	2.42523e-010	2.43833e-010	2.45424e-010	2.42154e-010	2.36524e-010	2.31388e-010	2.3082e-010	2.35531e-010	2.41096e-010	2.42156e-010	2.42927e-010	2.35909e-010	2.34958e-010	2.35144e-010	2.35755e-010	2.36575e-010	2.36606e-010	2.34204e-010	2.33298e-010	2.30887e-010	2.29115e-010	2.26339e-010	2.22772e-010	2.18488e-010	2.06772e-010	1.85124e-010	1.53403e-010	1.09037e-010	6.48095e-011	3.82886e-011	3.64731e-011	3.42248e-011	3.23293e-011	3.03579e-011	3.08818e-011	2.84734e-011	2.94885e-011	2.8214e-011	2.5364e-011	2.75088e-011	2.72925e-011	2.60006e-011	2.52758e-011	2.96885e-011	3.40255e-011	3.31448e-011	4.87567e-011	2.89422e-011	3.43331e-011	2.83645e-011	2.71765e-011	2.66983e-011	2.62157e-011	2.16581e-011	2.45948e-011	2.28138e-011	2.33851e-011	2.20953e-011
21.3026	9.73822e-011	9.67036e-011	9.78063e-011	9.76194e-011	9.69287e-011	9.88762e-011	9.83916e-011	1.2197e-010	9.98384e-011	1.00556e-010	1.01983e-010	1.01835e-010	9.97554e-011	1.00742e-010	1.05581e-010	1.06346e-010	9.95363e-011	1.01221e-010	1.06401e-010	9.86511e-011	1.12464e-010	1.27988e-010	1.15369e-010	1.14816e-010	1.12045e-010	1.10055e-010	1.09132e-010	1.09348e-010	1.07775e-010	1.10911e-010	1.07973e-010	1.04745e-010	1.08154e-010	1.05489e-010	1.09034e-010	1.0479e-010	1.09826e-010	9.2933e-011	9.14621e-011	1.10126e-010	1.09576e-010	9.09528e-011	8.73233e-011	8.43324e-011	9.17641e-011	1.02977e-010	1.05044e-010	1.07679e-010	1.00597e-010	1.13008e-010	9.23492e-011	1.02752e-010	9.19405e-011	9.3337e-011	9.38724e-011	9.50465e-011	7.59346e-011	4.48923e-011	5.66952e-011	5.54965e-011	5.72217e-011	5.66576e-011	5.68751e-011	5.72313e-011	5.90832e-011	5.85029e-011	5.79186e-011	5.95442e-011	6.20941e-011	6.29259e-011	7.12524e-011	6.67915e-011	6.16123e-011	6.17853e-011	6.08116e-011	6.11193e-011	6.12801e-011	6.23653e-011	6.15897e-011	6.08814e-011	6.17403e-011	6.18809e-011	6.32316e-011	6.20787e-011	6.16358e-011	6.24745e-011	6.25235e-011	6.19971e-011	6.35378e-011	6.30033e-011	6.56071e-011	6.84926e-011	6.92315e-011	6.07538e-011	6.47697e-011	6.09259e-011	6.00061e-011	6.16532e-011	6.02254e-011	6.1793e-011	7.12837e-011	7.49857e-011	7.38274e-011	6.28097e-011	6.39286e-011	5.98301e-011	5.92984e-011	5.94053e-011	6.32933e-011	5.98928e-011	5.94877e-011	6.20067e-011	6.20934e-011	6.20333e-011	6.61112e-011	6.35435e-011	6.21143e-011	6.5466e-011	6.55999e-011	6.27303e-011	6.62841e-011	6.32636e-011	6.45954e-011	6.46377e-011	6.39618e-011	6.0211e-011	6.44547e-011	6.30525e-011	6.15748e-011	6.16643e-011	6.44635e-011	4.76194e-011	5.89804e-011	4.81985e-011	6.29793e-011	5.01183e-011	4.58946e-011	3.90244e-011	7.84274e-011	3.74839e-011	2.43171e-011	3.66415e-011	4.38199e-011	4.37814e-011	4.26676e-011	4.53347e-011	4.63553e-011	4.36582e-011	4.44564e-011	4.51792e-011	4.38269e-011	4.55414e-011	4.63234e-011	4.63159e-011	4.89466e-011	4.90738e-011	5.32677e-011	6.2885e-011	1.08849e-010	1.57165e-010	1.92909e-010	2.16721e-010	2.25604e-010	2.32698e-010	2.34074e-010	2.34161e-010	2.33887e-010	2.37036e-010	2.3961e-010	2.39967e-010	2.40819e-010	2.41953e-010	2.44868e-010	2.47065e-010	2.49757e-010	2.47733e-010	2.43276e-010	2.35887e-010	2.30779e-010	2.34594e-010	2.40905e-010	2.40856e-010	2.41017e-010	2.36746e-010	2.3647e-010	2.35405e-010	2.36335e-010	2.36619e-010	2.36827e-010	2.34245e-010	2.33017e-010	2.29857e-010	2.27406e-010	2.21952e-010	2.19136e-010	2.12032e-010	1.98781e-010	1.71815e-010	1.35989e-010	9.10899e-011	5.34707e-011	3.78434e-011	3.74236e-011	3.53571e-011	3.20725e-011	3.14263e-011	3.249e-011	2.95504e-011	3.13916e-011	2.99436e-011	2.67777e-011	2.8821e-011	2.86463e-011	2.82534e-011	2.75708e-011	3.13119e-011	3.31208e-011	3.09263e-011	4.52962e-011	2.52398e-011	3.51739e-011	3.11779e-011	2.93917e-011	2.95297e-011	2.90209e-011	2.42946e-011	2.72056e-011	2.53278e-011	2.60884e-011	2.50595e-011
21.6971	9.69116e-011	9.65646e-011	9.72852e-011	9.72165e-011	9.57158e-011	9.8425e-011	9.74168e-011	1.20686e-010	1.00746e-010	1.01298e-010	1.01346e-010	1.01462e-010	9.91464e-011	9.98265e-011	1.04859e-010	1.05746e-010	9.87737e-011	1.0051e-010	1.051e-010	1.0383e-010	1.08555e-010	1.2106e-010	1.15637e-010	1.15566e-010	1.10849e-010	1.087e-010	1.0769e-010	1.0839e-010	1.06801e-010	1.09921e-010	1.06397e-010	1.03226e-010	1.06335e-010	1.03942e-010	1.07616e-010	1.03573e-010	1.09168e-010	9.28339e-011	9.01368e-011	1.09575e-010	1.08942e-010	8.94508e-011	8.60249e-011	8.29524e-011	9.016e-011	9.96492e-011	1.02707e-010	1.05976e-010	9.9243e-011	1.12788e-010	9.09791e-011	1.01375e-010	9.0199e-011	9.08033e-011	9.1261e-011	9.31434e-011	7.52401e-011	4.43354e-011	5.88473e-011	5.86439e-011	5.69371e-011	5.52267e-011	5.57264e-011	5.58654e-011	5.78575e-011	5.69893e-011	5.6903e-011	5.89555e-011	6.97169e-011	7.29047e-011	7.93739e-011	7.23419e-011	6.11641e-011	6.04093e-011	5.85796e-011	5.91029e-011	5.96939e-011	6.06384e-011	6.02222e-011	5.93025e-011	5.98788e-011	6.00944e-011	6.14489e-011	6.06573e-011	6.01477e-011	6.10627e-011	6.09028e-011	6.06678e-011	6.22145e-011	6.56857e-011	7.70089e-011	7.82589e-011	7.76484e-011	6.12515e-011	6.32046e-011	5.99407e-011	5.90298e-011	6.04005e-011	5.88396e-011	6.5202e-011	8.18446e-011	8.55574e-011	8.01967e-011	6.44056e-011	6.31796e-011	5.89505e-011	5.82885e-011	5.85512e-011	6.18097e-011	5.89942e-011	5.84603e-011	6.1065e-011	6.0738e-011	6.11214e-011	6.5072e-011	6.26629e-011	6.25354e-011	6.55465e-011	6.62686e-011	6.37019e-011	6.69877e-011	6.31996e-011	6.3907e-011	6.36109e-011	6.31683e-011	5.93655e-011	6.39861e-011	6.23898e-011	6.0647e-011	6.02574e-011	6.38634e-011	4.71837e-011	5.95665e-011	5.08066e-011	6.2682e-011	4.97013e-011	4.57866e-011	3.92258e-011	7.80816e-011	3.75197e-011	2.4592e-011	3.60846e-011	4.31458e-011	4.28475e-011	4.22599e-011	4.48823e-011	4.57156e-011	4.31888e-011	4.39433e-011	4.44799e-011	4.30132e-011	4.38996e-011	4.57107e-011	4.53042e-011	4.81077e-011	4.80509e-011	5.16326e-011	5.67818e-011	9.19932e-011	1.41127e-010	1.80759e-010	2.11317e-010	2.21733e-010	2.30288e-010	2.3234e-010	2.31818e-010	2.32149e-010	2.36548e-010	2.39014e-010	2.39834e-010	2.40222e-010	2.41892e-010	2.44272e-010	2.49077e-010	2.51164e-010	2.48677e-010	2.46686e-010	2.40549e-010	2.29695e-010	2.33264e-010	2.40042e-010	2.39247e-010	2.39305e-010	2.38217e-010	2.37697e-010	2.36244e-010	2.36144e-010	2.35756e-010	2.36149e-010	2.33753e-010	2.32139e-010	2.28879e-010	2.25758e-010	2.20134e-010	2.13935e-010	2.04161e-010	1.89099e-010	1.55608e-010	1.18971e-010	7.53316e-011	4.6186e-011	3.83185e-011	3.88029e-011	3.65698e-011	3.3119e-011	3.28068e-011	3.3705e-011	3.09573e-011	3.32764e-011	3.14498e-011	2.86196e-011	3.0285e-011	3.00184e-011	2.95339e-011	2.95457e-011	3.27674e-011	3.36288e-011	3.0273e-011	4.49102e-011	2.49786e-011	3.76088e-011	3.43811e-011	3.25066e-011	3.24138e-011	3.20317e-011	2.92892e-011	3.00423e-011	2.69354e-011	2.9038e-011	2.83518e-011
22.0916	9.57631e-011	9.44835e-011	9.62712e-011	9.62701e-011	9.4623e-011	9.73287e-011	9.71742e-011	1.2144e-010	1.10138e-010	1.05474e-010	1.01521e-010	1.00635e-010	9.88166e-011	9.87091e-011	1.04026e-010	1.04982e-010	9.85085e-011	9.93154e-011	1.03547e-010	1.03775e-010	1.07214e-010	1.17005e-010	1.13796e-010	1.13367e-010	1.10508e-010	1.07216e-010	1.06563e-010	1.07264e-010	1.05604e-010	1.08726e-010	1.05202e-010	1.02104e-010	1.05143e-010	1.02609e-010	1.07213e-010	1.02958e-010	1.08912e-010	9.89366e-011	8.98861e-011	1.08256e-010	1.0734e-010	8.72093e-011	8.46437e-011	8.51454e-011	8.91431e-011	9.7065e-011	1.00984e-010	1.04828e-010	9.82426e-011	1.11221e-010	9.03451e-011	1.00174e-010	9.00751e-011	8.93993e-011	8.98625e-011	9.19649e-011	7.59242e-011	4.78822e-011	6.75423e-011	6.82023e-011	5.91463e-011	5.48003e-011	5.53784e-011	5.48818e-011	5.69527e-011	5.63063e-011	5.58706e-011	5.89308e-011	6.9129e-011	7.71813e-011	7.94454e-011	7.04224e-011	6.02533e-011	5.97217e-011	5.82582e-011	5.82196e-011	5.85345e-011	5.98457e-011	5.97966e-011	5.86013e-011	5.89737e-011	5.91997e-011	6.04934e-011	5.99269e-011	5.94283e-011	6.03545e-011	6.04202e-011	6.01253e-011	6.24693e-011	6.95947e-011	8.4358e-011	8.59773e-011	8.09516e-011	6.24248e-011	6.25339e-011	5.95687e-011	5.85996e-011	6.01266e-011	6.03646e-011	6.38128e-011	8.26118e-011	8.79812e-011	7.72072e-011	6.35731e-011	6.26475e-011	5.89331e-011	5.80719e-011	5.79928e-011	6.13381e-011	5.8681e-011	5.85199e-011	6.11406e-011	6.07583e-011	6.05867e-011	6.49109e-011	6.23756e-011	6.2265e-011	6.65072e-011	6.71037e-011	6.44117e-011	6.74293e-011	6.40875e-011	6.41702e-011	6.34638e-011	6.28967e-011	5.91838e-011	6.38945e-011	6.23885e-011	6.05219e-011	6.01516e-011	6.40627e-011	4.74741e-011	5.83769e-011	5.17794e-011	6.2461e-011	5.07146e-011	4.49637e-011	3.88521e-011	7.76574e-011	3.72594e-011	2.43529e-011	3.59384e-011	4.30213e-011	4.19592e-011	4.19649e-011	4.5038e-011	4.57509e-011	4.33894e-011	4.44523e-011	4.42977e-011	4.29255e-011	4.40494e-011	4.5384e-011	4.54297e-011	4.77571e-011	4.80814e-011	5.13303e-011	5.35758e-011	7.64569e-011	1.22187e-010	1.65629e-010	2.02783e-010	2.16652e-010	2.28803e-010	2.3131e-010	2.31171e-010	2.32885e-010	2.36666e-010	2.39302e-010	2.39434e-010	2.39135e-010	2.41332e-010	2.43453e-010	2.48214e-010	2.49257e-010	2.48655e-010	2.50262e-010	2.41511e-010	2.294e-010	2.33711e-010	2.39876e-010	2.3811e-010	2.39411e-010	2.37852e-010	2.38432e-010	2.36866e-010	2.36082e-010	2.3508e-010	2.34932e-010	2.32067e-010	2.30197e-010	2.27611e-010	2.23235e-010	2.16713e-010	2.06617e-010	1.9509e-010	1.74917e-010	1.38601e-010	1.01639e-010	6.26027e-011	4.31304e-011	3.90089e-011	4.03115e-011	3.81112e-011	3.4622e-011	3.44144e-011	3.52745e-011	3.25603e-011	3.46275e-011	3.34061e-011	3.19669e-011	3.21668e-011	3.18633e-011	3.17705e-011	3.09601e-011	3.39312e-011	3.43279e-011	3.10074e-011	4.5823e-011	2.64271e-011	3.95217e-011	3.683e-011	3.53488e-011	3.52925e-011	3.33045e-011	3.3384e-011	3.23888e-011	3.11758e-011	3.1959e-011	3.10247e-011
22.4861	9.31695e-011	9.20524e-011	9.43597e-011	9.47354e-011	9.30364e-011	9.61188e-011	9.61269e-011	1.19056e-010	1.38982e-010	1.22554e-010	1.02052e-010	9.91855e-011	9.77443e-011	9.75136e-011	1.02921e-010	1.03826e-010	9.67291e-011	9.80555e-011	1.02449e-010	1.03912e-010	1.06584e-010	1.12896e-010	1.10349e-010	1.0994e-010	1.07957e-010	1.06684e-010	1.05337e-010	1.05843e-010	1.03989e-010	1.07344e-010	1.04126e-010	1.00904e-010	1.04392e-010	1.01306e-010	1.06358e-010	1.04908e-010	1.13666e-010	1.22493e-010	9.33228e-011	1.08355e-010	1.07102e-010	8.61342e-011	8.38738e-011	8.51093e-011	8.82694e-011	9.5354e-011	1.00293e-010	1.04656e-010	9.79472e-011	1.10945e-010	8.98031e-011	9.96519e-011	9.02864e-011	8.89159e-011	8.88988e-011	9.20919e-011	7.6285e-011	5.39044e-011	7.78689e-011	7.38351e-011	6.15136e-011	5.46875e-011	5.51424e-011	5.48795e-011	5.65414e-011	5.55574e-011	5.56412e-011	5.86495e-011	6.4011e-011	7.35111e-011	7.47235e-011	6.50773e-011	5.97125e-011	6.04145e-011	5.83992e-011	5.81658e-011	5.83574e-011	5.94739e-011	5.95156e-011	5.82684e-011	5.89459e-011	5.912e-011	6.0219e-011	5.99576e-011	5.94785e-011	6.02813e-011	6.06522e-011	6.00197e-011	6.20975e-011	6.62429e-011	8.21683e-011	8.50926e-011	7.45873e-011	6.13648e-011	6.2636e-011	5.92618e-011	5.85264e-011	6.01442e-011	6.15443e-011	6.19411e-011	7.67603e-011	8.33632e-011	7.07519e-011	6.18506e-011	6.2587e-011	5.88207e-011	5.82646e-011	5.84905e-011	6.17124e-011	5.90747e-011	5.87189e-011	6.17874e-011	6.13532e-011	6.12725e-011	6.49733e-011	6.29573e-011	6.25091e-011	6.75563e-011	6.80294e-011	6.52853e-011	6.81796e-011	6.50714e-011	6.50306e-011	6.43436e-011	6.36531e-011	6.02453e-011	6.45468e-011	6.34887e-011	6.14987e-011	6.10764e-011	6.45784e-011	4.82948e-011	5.88599e-011	5.28531e-011	6.36969e-011	5.13986e-011	4.38102e-011	3.82894e-011	7.70426e-011	3.74496e-011	2.44196e-011	3.68815e-011	4.37694e-011	4.17983e-011	4.30375e-011	4.61299e-011	4.6505e-011	4.40201e-011	4.50309e-011	4.52528e-011	4.38285e-011	4.5186e-011	4.59686e-011	4.64621e-011	4.8309e-011	4.88668e-011	5.17065e-011	5.21146e-011	6.56596e-011	1.03625e-010	1.50443e-010	1.90687e-010	2.12073e-010	2.25958e-010	2.31055e-010	2.3322e-010	2.35382e-010	2.37255e-010	2.39624e-010	2.38205e-010	2.39282e-010	2.40498e-010	2.42639e-010	2.45348e-010	2.46267e-010	2.47041e-010	2.48668e-010	2.39936e-010	2.31344e-010	2.35246e-010	2.40358e-010	2.37469e-010	2.39646e-010	2.37464e-010	2.3892e-010	2.36873e-010	2.35894e-010	2.34055e-010	2.32498e-010	2.3008e-010	2.27587e-010	2.2502e-010	2.19164e-010	2.11519e-010	1.98228e-010	1.83078e-010	1.57568e-010	1.21272e-010	8.41862e-011	5.37386e-011	4.29268e-011	4.02529e-011	4.15747e-011	3.96794e-011	3.67093e-011	3.63066e-011	3.73288e-011	3.4491e-011	3.6506e-011	3.53038e-011	3.44552e-011	3.42458e-011	3.41043e-011	3.38879e-011	3.26682e-011	3.46587e-011	3.53603e-011	3.27017e-011	4.81793e-011	2.95881e-011	4.16307e-011	3.96009e-011	3.8139e-011	3.7959e-011	3.41334e-011	3.65888e-011	3.53985e-011	3.4776e-011	3.42929e-011	3.35206e-011
22.8806	9.18452e-011	9.09571e-011	9.32078e-011	9.38839e-011	9.26283e-011	9.54398e-011	9.47485e-011	1.17264e-010	1.43561e-010	1.24077e-010	1.0159e-010	9.83814e-011	9.72407e-011	9.71677e-011	1.02305e-010	1.0301e-010	9.56424e-011	9.74837e-011	1.02035e-010	1.03655e-010	1.04772e-010	1.09242e-010	1.07424e-010	1.06959e-010	1.05205e-010	1.05947e-010	1.04829e-010	1.05064e-010	1.03439e-010	1.06738e-010	1.03392e-010	1.00471e-010	1.04474e-010	1.01332e-010	1.07685e-010	1.15605e-010	1.26521e-010	1.25865e-010	9.45673e-011	1.08758e-010	1.06734e-010	8.5996e-011	8.37508e-011	8.52872e-011	8.9034e-011	9.37056e-011	1.00516e-010	1.03538e-010	9.74159e-011	1.10286e-010	8.95882e-011	9.90238e-011	9.15304e-011	8.91755e-011	8.84596e-011	9.29536e-011	7.58052e-011	5.71536e-011	7.92053e-011	6.9188e-011	5.97385e-011	5.47133e-011	5.50408e-011	5.49362e-011	5.60423e-011	5.55737e-011	5.60301e-011	5.81969e-011	6.26455e-011	6.93045e-011	6.96755e-011	6.31157e-011	6.23371e-011	6.59827e-011	6.08407e-011	5.89089e-011	5.8402e-011	5.97484e-011	6.00915e-011	5.84314e-011	5.88389e-011	5.93858e-011	6.06433e-011	6.01119e-011	5.99342e-011	6.05385e-011	6.11393e-011	6.01655e-011	6.21877e-011	6.3635e-011	7.45057e-011	7.83742e-011	6.8956e-011	6.01055e-011	6.29638e-011	6.01053e-011	5.90287e-011	6.05195e-011	6.22926e-011	6.13483e-011	7.16842e-011	7.55179e-011	6.59933e-011	6.13215e-011	6.32165e-011	5.94661e-011	5.94258e-011	5.93107e-011	6.28342e-011	6.0284e-011	5.98013e-011	6.2743e-011	6.21105e-011	6.23315e-011	6.44773e-011	6.34058e-011	6.33307e-011	6.82511e-011	6.89546e-011	6.56553e-011	6.89228e-011	6.6045e-011	6.6306e-011	6.52781e-011	6.46751e-011	6.15691e-011	6.55298e-011	6.44165e-011	6.27284e-011	6.26079e-011	6.56976e-011	4.93589e-011	5.97974e-011	5.34499e-011	6.39529e-011	5.1528e-011	4.3456e-011	3.81657e-011	7.71495e-011	3.76443e-011	2.61304e-011	3.76802e-011	4.5013e-011	4.39867e-011	4.42424e-011	4.74941e-011	4.76e-011	4.51314e-011	4.60159e-011	4.61827e-011	4.50606e-011	4.64346e-011	4.71623e-011	4.81007e-011	4.91785e-011	4.96101e-011	5.23235e-011	5.16055e-011	5.90253e-011	8.71521e-011	1.35557e-010	1.78246e-010	2.06934e-010	2.22263e-010	2.29734e-010	2.34701e-010	2.3638e-010	2.37769e-010	2.38441e-010	2.37467e-010	2.39846e-010	2.4015e-010	2.42308e-010	2.43534e-010	2.44113e-010	2.44975e-010	2.45476e-010	2.39761e-010	2.34684e-010	2.3746e-010	2.4059e-010	2.37146e-010	2.39197e-010	2.37174e-010	2.38219e-010	2.35761e-010	2.34299e-010	2.32405e-010	2.29222e-010	2.27321e-010	2.24774e-010	2.20867e-010	2.12528e-010	2.00043e-010	1.82557e-010	1.64923e-010	1.39288e-010	1.04723e-010	7.02248e-011	5.00067e-011	4.47823e-011	4.19826e-011	4.31072e-011	4.11575e-011	3.89901e-011	3.82475e-011	3.92153e-011	3.68946e-011	3.84268e-011	3.78844e-011	3.6553e-011	3.64322e-011	3.64508e-011	3.58945e-011	3.54061e-011	3.74138e-011	3.7347e-011	3.46343e-011	5.07004e-011	3.21979e-011	4.34721e-011	4.22452e-011	4.10862e-011	4.08521e-011	3.59725e-011	3.96593e-011	3.8415e-011	3.78813e-011	3.70584e-011	3.63749e-011
23.2751	9.07494e-011	9.02898e-011	9.27549e-011	9.32171e-011	9.26761e-011	9.45598e-011	9.37265e-011	1.13957e-010	1.26543e-010	1.13631e-010	1.00072e-010	9.7865e-011	9.71543e-011	9.76544e-011	1.02293e-010	1.03144e-010	9.46354e-011	9.72645e-011	1.01819e-010	1.02656e-010	1.02704e-010	1.06748e-010	1.05575e-010	1.04971e-010	1.03577e-010	1.04751e-010	1.04636e-010	1.04661e-010	1.02968e-010	1.06628e-010	1.03287e-010	1.00584e-010	1.04806e-010	1.01882e-010	1.08596e-010	1.21021e-010	1.24515e-010	1.23863e-010	9.19996e-011	1.08695e-010	1.07034e-010	8.76582e-011	8.3919e-011	8.48185e-011	8.82142e-011	9.32492e-011	1.0128e-010	1.03595e-010	9.74786e-011	1.10713e-010	8.91646e-011	9.98212e-011	9.09066e-011	8.91303e-011	8.80648e-011	9.24234e-011	7.44257e-011	5.46393e-011	7.27711e-011	6.27619e-011	5.71771e-011	5.43741e-011	5.50672e-011	5.45428e-011	5.58005e-011	5.58407e-011	5.69489e-011	6.39812e-011	6.99389e-011	7.3108e-011	7.01321e-011	6.82954e-011	7.33828e-011	7.71813e-011	6.61934e-011	5.89872e-011	5.86336e-011	5.99191e-011	6.01301e-011	5.80524e-011	5.87566e-011	5.91718e-011	6.08691e-011	6.04205e-011	6.01829e-011	6.09418e-011	6.16259e-011	6.03784e-011	6.24127e-011	6.25868e-011	6.94706e-011	7.12806e-011	6.49459e-011	5.94648e-011	6.34072e-011	6.03476e-011	5.96413e-011	6.08598e-011	6.28606e-011	6.07874e-011	6.82805e-011	6.89143e-011	6.33317e-011	6.14593e-011	6.41541e-011	6.03468e-011	6.0464e-011	6.00066e-011	6.33308e-011	6.09384e-011	6.12564e-011	6.34279e-011	6.29537e-011	6.36188e-011	6.53517e-011	6.45104e-011	6.38799e-011	6.83166e-011	6.8965e-011	6.6182e-011	6.96803e-011	6.73905e-011	6.71685e-011	6.61575e-011	6.55717e-011	6.40541e-011	6.68181e-011	6.52938e-011	6.36948e-011	6.33065e-011	6.66284e-011	5.0522e-011	6.06217e-011	5.27213e-011	6.34571e-011	5.10508e-011	4.32119e-011	3.81547e-011	7.65149e-011	3.78858e-011	2.77481e-011	3.82462e-011	4.59557e-011	4.57347e-011	4.5439e-011	4.81393e-011	4.86939e-011	4.63171e-011	4.7222e-011	4.75523e-011	4.5951e-011	4.74172e-011	4.86658e-011	4.96968e-011	5.00818e-011	5.03919e-011	5.34839e-011	5.17164e-011	5.51588e-011	7.35236e-011	1.20737e-010	1.65447e-010	1.98228e-010	2.18079e-010	2.2593e-010	2.33919e-010	2.35264e-010	2.36248e-010	2.358e-010	2.36992e-010	2.3918e-010	2.3908e-010	2.41689e-010	2.42082e-010	2.42186e-010	2.43e-010	2.43383e-010	2.40406e-010	2.36925e-010	2.38798e-010	2.40453e-010	2.36176e-010	2.37325e-010	2.34684e-010	2.35754e-010	2.33465e-010	2.31957e-010	2.29089e-010	2.24575e-010	2.22772e-010	2.20537e-010	2.16513e-010	2.04701e-010	1.83531e-010	1.63286e-010	1.46179e-010	1.21928e-010	8.76041e-011	6.04181e-011	4.97258e-011	4.70286e-011	4.41139e-011	4.51236e-011	4.36305e-011	4.1277e-011	4.05627e-011	4.1202e-011	3.91956e-011	4.10422e-011	4.03859e-011	3.9155e-011	3.86349e-011	3.91112e-011	3.88701e-011	3.80543e-011	4.05202e-011	4.00547e-011	3.78006e-011	5.43253e-011	3.36392e-011	4.6158e-011	4.44617e-011	4.45475e-011	4.47014e-011	3.93529e-011	4.2928e-011	4.20719e-011	4.14268e-011	4.08498e-011	3.98409e-011
23.6696	8.96136e-011	9.03006e-011	9.21984e-011	9.26647e-011	9.2485e-011	9.41589e-011	9.09733e-011	1.03067e-010	1.10802e-010	1.05036e-010	9.8052e-011	9.74212e-011	9.693e-011	9.7364e-011	1.02365e-010	1.02793e-010	9.42187e-011	9.70678e-011	1.01413e-010	1.01828e-010	1.01311e-010	1.05361e-010	1.05266e-010	1.03597e-010	1.02281e-010	1.0389e-010	1.03997e-010	1.04243e-010	1.027e-010	1.06367e-010	1.0339e-010	1.01266e-010	1.04995e-010	1.01936e-010	1.0773e-010	1.14306e-010	1.21807e-010	1.21807e-010	9.01656e-011	1.08369e-010	1.07359e-010	8.84919e-011	8.41901e-011	8.57412e-011	8.82888e-011	9.24044e-011	1.01087e-010	1.0284e-010	9.68759e-011	1.10263e-010	8.87952e-011	1.0039e-010	9.04855e-011	8.88619e-011	8.79493e-011	9.18897e-011	7.39023e-011	5.24124e-011	6.53414e-011	5.72711e-011	5.58392e-011	5.42612e-011	5.48939e-011	5.44521e-011	5.58638e-011	5.62011e-011	5.91062e-011	7.30059e-011	8.1832e-011	7.80143e-011	7.40505e-011	7.42256e-011	8.42528e-011	8.24932e-011	6.95895e-011	5.96821e-011	5.86984e-011	6.00681e-011	6.04348e-011	5.83702e-011	5.87304e-011	5.9016e-011	6.06553e-011	6.07916e-011	6.07818e-011	6.15544e-011	6.2038e-011	6.08759e-011	6.271e-011	6.2327e-011	6.54402e-011	6.63362e-011	6.30869e-011	5.9263e-011	6.37915e-011	6.05325e-011	6.00554e-011	6.12891e-011	6.35908e-011	6.07474e-011	6.56136e-011	6.49775e-011	6.25529e-011	6.19818e-011	6.51925e-011	6.17583e-011	6.10347e-011	6.08078e-011	6.4077e-011	6.1344e-011	6.23215e-011	6.42241e-011	6.41238e-011	6.53058e-011	6.71273e-011	6.63032e-011	6.49045e-011	6.82874e-011	6.93818e-011	6.67594e-011	7.12039e-011	6.84322e-011	6.82282e-011	6.59499e-011	6.69535e-011	6.6097e-011	6.84511e-011	6.64455e-011	6.48652e-011	6.44244e-011	6.74796e-011	5.16066e-011	6.14398e-011	5.3416e-011	6.30999e-011	5.11418e-011	4.32511e-011	3.87137e-011	7.67366e-011	3.82704e-011	2.88671e-011	3.90998e-011	4.70439e-011	4.70577e-011	4.64255e-011	4.92894e-011	4.95078e-011	4.76518e-011	4.85779e-011	4.95007e-011	4.79207e-011	4.84085e-011	4.9893e-011	5.08028e-011	5.12096e-011	5.15416e-011	5.47271e-011	5.26246e-011	5.40182e-011	6.49068e-011	1.0343e-010	1.49449e-010	1.8518e-010	2.09982e-010	2.19355e-010	2.29438e-010	2.31449e-010	2.33313e-010	2.33318e-010	2.36104e-010	2.37459e-010	2.37453e-010	2.39659e-010	2.40504e-010	2.40775e-010	2.41471e-010	2.41378e-010	2.39996e-010	2.37112e-010	2.38723e-010	2.39403e-010	2.34081e-010	2.34183e-010	2.30925e-010	2.3252e-010	2.29827e-010	2.27774e-010	2.2486e-010	2.19586e-010	2.16595e-010	2.15314e-010	2.09602e-010	1.91961e-010	1.65818e-010	1.44671e-010	1.29448e-010	1.05581e-010	7.41398e-011	5.56935e-011	5.04558e-011	4.92141e-011	4.63981e-011	4.70781e-011	4.61839e-011	4.40723e-011	4.31715e-011	4.36958e-011	4.19316e-011	4.33065e-011	4.29641e-011	4.219e-011	4.18412e-011	4.21319e-011	4.21337e-011	4.11324e-011	4.37701e-011	4.31909e-011	4.13944e-011	5.77342e-011	3.65776e-011	5.03399e-011	4.79592e-011	4.80747e-011	4.88297e-011	4.38683e-011	4.69736e-011	4.56479e-011	4.50331e-011	4.45579e-011	4.37224e-011
24.0641	8.87878e-011	9.50668e-011	9.35584e-011	9.24038e-011	1.02315e-010	9.57982e-011	8.81351e-011	9.42519e-011	9.94372e-011	9.86917e-011	9.73002e-011	9.76195e-011	9.65787e-011	9.66773e-011	1.01486e-010	1.02078e-010	9.35971e-011	9.6468e-011	1.00835e-010	1.012e-010	1.00134e-010	1.04563e-010	1.03418e-010	1.02627e-010	1.01405e-010	1.03464e-010	1.0345e-010	1.0386e-010	1.02482e-010	1.06314e-010	1.03358e-010	1.01256e-010	1.04935e-010	1.01899e-010	1.06857e-010	1.08027e-010	1.18692e-010	1.17928e-010	8.88796e-011	1.08319e-010	1.07759e-010	8.84853e-011	8.42767e-011	8.65636e-011	8.7062e-011	9.50558e-011	1.01475e-010	1.03535e-010	9.74502e-011	1.11073e-010	8.86275e-011	1.01387e-010	9.02899e-011	8.86882e-011	8.82972e-011	9.21166e-011	7.35083e-011	4.91835e-011	5.96348e-011	5.41572e-011	5.46753e-011	5.46903e-011	5.52734e-011	5.50676e-011	5.67155e-011	5.67175e-011	5.90016e-011	7.12092e-011	8.53418e-011	7.6404e-011	7.16765e-011	7.10164e-011	8.4779e-011	7.89706e-011	6.69458e-011	6.04167e-011	5.95262e-011	6.04893e-011	6.0378e-011	5.82638e-011	5.92886e-011	5.93818e-011	6.14714e-011	6.19866e-011	6.19273e-011	6.21504e-011	6.31558e-011	6.2087e-011	6.38716e-011	6.29391e-011	6.35745e-011	6.42782e-011	6.31932e-011	6.06767e-011	6.52271e-011	6.14186e-011	6.08206e-011	6.25047e-011	6.41855e-011	6.19353e-011	6.51094e-011	6.4281e-011	6.36636e-011	6.38286e-011	6.71326e-011	6.35061e-011	6.26615e-011	6.26708e-011	6.58904e-011	6.33937e-011	6.34646e-011	6.56034e-011	6.58821e-011	6.75145e-011	6.98578e-011	6.87699e-011	6.71789e-011	7.02981e-011	7.04861e-011	6.80284e-011	7.2352e-011	6.96736e-011	7.00628e-011	6.72352e-011	6.90463e-011	6.87831e-011	6.9945e-011	6.8747e-011	6.69744e-011	6.6127e-011	6.91328e-011	5.33531e-011	6.32083e-011	5.49922e-011	6.36983e-011	5.25477e-011	4.43933e-011	4.03063e-011	7.75657e-011	4.01927e-011	3.03828e-011	4.09945e-011	4.88892e-011	4.92821e-011	4.82434e-011	5.1415e-011	5.18695e-011	4.99642e-011	5.07693e-011	5.19284e-011	5.0299e-011	5.08802e-011	5.18867e-011	5.30329e-011	5.32473e-011	5.37443e-011	5.65232e-011	5.4657e-011	5.59298e-011	6.19128e-011	8.75318e-011	1.3093e-010	1.68183e-010	1.96792e-010	2.11329e-010	2.2172e-010	2.25681e-010	2.2821e-010	2.29522e-010	2.33759e-010	2.35207e-010	2.35938e-010	2.36951e-010	2.39175e-010	2.39325e-010	2.39972e-010	2.3933e-010	2.38827e-010	2.36464e-010	2.37812e-010	2.36586e-010	2.30929e-010	2.30481e-010	2.27246e-010	2.2872e-010	2.25549e-010	2.21447e-010	2.17127e-010	2.08448e-010	2.04193e-010	2.02363e-010	1.94816e-010	1.74912e-010	1.48576e-010	1.25737e-010	1.11036e-010	8.95477e-011	6.5842e-011	5.54877e-011	5.28431e-011	5.17663e-011	4.93295e-011	4.99602e-011	4.93023e-011	4.72128e-011	4.6477e-011	4.70948e-011	4.54242e-011	4.67497e-011	4.60724e-011	4.59632e-011	4.70648e-011	4.60921e-011	4.61874e-011	4.51369e-011	4.78681e-011	4.7311e-011	4.54652e-011	6.20414e-011	4.005e-011	5.32631e-011	5.23328e-011	5.13993e-011	5.33191e-011	4.87369e-011	5.20786e-011	4.89182e-011	4.90397e-011	4.87295e-011	4.78448e-011
24.4586	8.62905e-011	1.20186e-010	1.00017e-010	9.06283e-011	1.27656e-010	1.0412e-010	8.6437e-011	9.06749e-011	9.18386e-011	9.47128e-011	9.54411e-011	9.63803e-011	9.51736e-011	9.43205e-011	9.99629e-011	1.00317e-010	9.18124e-011	9.4945e-011	9.90025e-011	9.94145e-011	9.83948e-011	1.03013e-010	1.01416e-010	1.016e-010	1.00138e-010	1.01958e-010	1.01989e-010	1.02445e-010	1.01684e-010	1.05704e-010	1.02722e-010	1.0045e-010	1.04246e-010	1.00968e-010	1.054e-010	1.03972e-010	1.16252e-010	1.16103e-010	8.76696e-011	1.08724e-010	1.07922e-010	8.76196e-011	8.37397e-011	8.59267e-011	8.58964e-011	9.64321e-011	1.0068e-010	1.02496e-010	9.65962e-011	1.12475e-010	8.84282e-011	1.01229e-010	9.06017e-011	8.83269e-011	8.84053e-011	9.2551e-011	7.29834e-011	4.5271e-011	5.57625e-011	5.2753e-011	5.4525e-011	5.47938e-011	5.5702e-011	5.55355e-011	5.75795e-011	5.74062e-011	5.85864e-011	6.61191e-011	7.87904e-011	7.13191e-011	6.73437e-011	6.65787e-011	7.77366e-011	7.36081e-011	6.41916e-011	6.11276e-011	6.07026e-011	6.09883e-011	6.09849e-011	5.88357e-011	6.02538e-011	6.04545e-011	6.26513e-011	6.29166e-011	6.32499e-011	6.32227e-011	6.39776e-011	6.34436e-011	6.45488e-011	6.39367e-011	6.43209e-011	6.45589e-011	6.4365e-011	6.16681e-011	6.50382e-011	6.2763e-011	6.23412e-011	6.38442e-011	6.44868e-011	6.38406e-011	6.66188e-011	6.5323e-011	6.54521e-011	6.61491e-011	6.94851e-011	6.59617e-011	6.50059e-011	6.49752e-011	6.81547e-011	6.54033e-011	6.55765e-011	6.71746e-011	6.82694e-011	6.95037e-011	7.18771e-011	7.18191e-011	6.95437e-011	7.34781e-011	7.24814e-011	7.04815e-011	7.42629e-011	7.14706e-011	7.25313e-011	6.99464e-011	7.15717e-011	7.17652e-011	7.21695e-011	7.12136e-011	6.96829e-011	6.8863e-011	7.16104e-011	5.59292e-011	6.58114e-011	5.69079e-011	6.58548e-011	5.46592e-011	4.66739e-011	4.24701e-011	8.08266e-011	4.13368e-011	3.32664e-011	4.40463e-011	5.08235e-011	5.23126e-011	5.11559e-011	5.44235e-011	5.51882e-011	5.32357e-011	5.36364e-011	5.48908e-011	5.29281e-011	5.38899e-011	5.49198e-011	5.57321e-011	5.58267e-011	5.63465e-011	5.91481e-011	5.70901e-011	5.89565e-011	6.24621e-011	7.66766e-011	1.12098e-010	1.48802e-010	1.79503e-010	1.97274e-010	2.10186e-010	2.18096e-010	2.19932e-010	2.23978e-010	2.28306e-010	2.31346e-010	2.32811e-010	2.33558e-010	2.36945e-010	2.37828e-010	2.38423e-010	2.38157e-010	2.37673e-010	2.35258e-010	2.3591e-010	2.31917e-010	2.25992e-010	2.25277e-010	2.22702e-010	2.2348e-010	2.20612e-010	2.12671e-010	2.04797e-010	1.91636e-010	1.86826e-010	1.85084e-010	1.77197e-010	1.58308e-010	1.32846e-010	1.07952e-010	9.46237e-011	7.7007e-011	6.27434e-011	5.74034e-011	5.61306e-011	5.54257e-011	5.27893e-011	5.32916e-011	5.27908e-011	5.04298e-011	5.0422e-011	5.1125e-011	4.94679e-011	5.13067e-011	4.90715e-011	5.04036e-011	5.08039e-011	5.04866e-011	5.08086e-011	4.97704e-011	5.24424e-011	5.1683e-011	5.00632e-011	6.63653e-011	4.44567e-011	5.69669e-011	5.64047e-011	5.59105e-011	5.78411e-011	5.32694e-011	5.64786e-011	5.25428e-011	5.34599e-011	5.32309e-011	5.22844e-011
24.8531	8.37655e-011	1.26006e-010	1.01398e-010	8.87129e-011	1.26658e-010	1.0211e-010	8.39152e-011	8.79266e-011	8.83637e-011	9.21536e-011	9.40831e-011	9.57233e-011	9.44319e-011	9.35652e-011	9.84082e-011	9.88198e-011	8.99437e-011	9.29904e-011	9.71046e-011	9.893e-011	9.63953e-011	1.01213e-010	9.92422e-011	9.98389e-011	9.87894e-011	1.00379e-010	1.00679e-010	1.01546e-010	1.00911e-010	1.05271e-010	1.02414e-010	9.94823e-011	1.03046e-010	1.00249e-010	1.04305e-010	1.01573e-010	1.12049e-010	1.12452e-010	8.65707e-011	1.08105e-010	1.06712e-010	8.75323e-011	8.30607e-011	8.42274e-011	8.56046e-011	9.74048e-011	9.97032e-011	1.02212e-010	9.61476e-011	1.13789e-010	8.89352e-011	1.01285e-010	9.00639e-011	8.83375e-011	8.83928e-011	9.23724e-011	7.26383e-011	4.29025e-011	5.43697e-011	5.24787e-011	5.49403e-011	5.51129e-011	5.60676e-011	5.63044e-011	5.80373e-011	5.8481e-011	5.87783e-011	6.32855e-011	7.15741e-011	6.52188e-011	6.42875e-011	6.43524e-011	7.23407e-011	6.85418e-011	6.28825e-011	6.20044e-011	6.16226e-011	6.23797e-011	6.21334e-011	6.01695e-011	6.16299e-011	6.1944e-011	6.38971e-011	6.44895e-011	6.44357e-011	6.46638e-011	6.56024e-011	6.54662e-011	6.53977e-011	6.53971e-011	6.54642e-011	6.58133e-011	6.58731e-011	6.32155e-011	6.60532e-011	6.46024e-011	6.44334e-011	6.60461e-011	6.5727e-011	6.59042e-011	6.86486e-011	6.74616e-011	6.76278e-011	6.88617e-011	7.17344e-011	6.81761e-011	6.78993e-011	6.71189e-011	7.01199e-011	6.7904e-011	6.80411e-011	7.00313e-011	7.10182e-011	7.19299e-011	7.41235e-011	7.40282e-011	7.21438e-011	7.57548e-011	7.50058e-011	7.31105e-011	7.67819e-011	7.40938e-011	7.53299e-011	7.24202e-011	7.45774e-011	7.48027e-011	7.50244e-011	7.41712e-011	7.24574e-011	7.17397e-011	7.49463e-011	5.92241e-011	6.90651e-011	5.96202e-011	6.88111e-011	5.73593e-011	4.94746e-011	4.57284e-011	8.40422e-011	4.45096e-011	3.6039e-011	4.72755e-011	5.32236e-011	5.57401e-011	5.44679e-011	5.76913e-011	5.87686e-011	5.67713e-011	5.727e-011	5.79078e-011	5.61853e-011	5.72444e-011	5.82284e-011	5.91374e-011	5.92571e-011	5.92304e-011	6.21994e-011	6.038e-011	6.24134e-011	6.4586e-011	7.14684e-011	9.63438e-011	1.29143e-010	1.60295e-010	1.79875e-010	1.93238e-010	2.02812e-010	2.05313e-010	2.14237e-010	2.19873e-010	2.26576e-010	2.27991e-010	2.28402e-010	2.30952e-010	2.3357e-010	2.34756e-010	2.35438e-010	2.35046e-010	2.32936e-010	2.31536e-010	2.24134e-010	2.17799e-010	2.16817e-010	2.14689e-010	2.14271e-010	2.10636e-010	1.99927e-010	1.88785e-010	1.74498e-010	1.6992e-010	1.6798e-010	1.60824e-010	1.44023e-010	1.1722e-010	9.33409e-011	8.26705e-011	6.9854e-011	6.26756e-011	6.05641e-011	5.98773e-011	5.9401e-011	5.72786e-011	5.74378e-011	5.73077e-011	5.43174e-011	5.468e-011	5.55388e-011	5.45371e-011	5.596e-011	5.46654e-011	5.52954e-011	5.51362e-011	5.48305e-011	5.55925e-011	5.43511e-011	5.73196e-011	5.58567e-011	5.50329e-011	7.07739e-011	4.92323e-011	6.12524e-011	6.11282e-011	6.05005e-011	6.25829e-011	5.76629e-011	6.10235e-011	5.68104e-011	5.85212e-011	5.80144e-011	5.72898e-011
25.2476	8.20429e-011	1.11752e-010	9.39652e-011	8.68162e-011	1.11015e-010	9.39318e-011	8.47007e-011	8.68924e-011	8.80093e-011	8.93367e-011	9.43027e-011	9.9265e-011	9.58681e-011	9.31816e-011	9.7633e-011	9.80101e-011	8.90281e-011	9.18975e-011	9.60486e-011	9.71252e-011	9.54844e-011	1.0041e-010	9.81906e-011	9.8967e-011	9.78828e-011	9.95802e-011	1.00274e-010	1.01607e-010	1.04436e-010	1.13261e-010	1.04656e-010	9.96896e-011	1.02575e-010	9.98873e-011	1.04337e-010	1.01356e-010	1.11154e-010	1.11594e-010	8.59629e-011	1.08534e-010	1.07105e-010	8.66055e-011	8.28132e-011	8.48018e-011	8.53585e-011	9.82663e-011	9.98155e-011	1.01647e-010	9.57613e-011	1.14582e-010	9.08355e-011	1.01365e-010	9.02514e-011	8.88469e-011	8.90099e-011	9.1883e-011	7.26851e-011	4.21285e-011	5.42033e-011	5.28483e-011	5.59888e-011	5.56977e-011	5.64027e-011	5.6747e-011	5.88731e-011	5.89244e-011	5.93292e-011	6.19442e-011	6.6698e-011	6.15928e-011	6.28399e-011	6.32978e-011	6.76798e-011	6.60594e-011	6.27212e-011	6.29503e-011	6.31042e-011	6.38972e-011	6.32582e-011	6.19015e-011	6.33263e-011	6.37476e-011	6.53793e-011	6.61503e-011	6.64178e-011	6.64674e-011	6.72275e-011	6.68413e-011	6.65942e-011	6.69863e-011	6.67319e-011	6.7188e-011	6.73549e-011	6.47328e-011	6.67491e-011	6.63336e-011	6.6343e-011	6.82769e-011	6.73505e-011	6.78488e-011	7.07001e-011	6.94771e-011	6.9893e-011	7.10908e-011	7.44989e-011	7.06903e-011	7.05916e-011	6.96323e-011	7.22401e-011	7.03451e-011	7.05175e-011	7.29001e-011	7.39222e-011	7.42978e-011	7.61695e-011	7.54666e-011	7.41887e-011	7.7335e-011	7.72638e-011	7.55465e-011	7.91816e-011	7.66714e-011	7.82282e-011	7.47822e-011	7.64031e-011	7.80918e-011	7.80628e-011	7.72446e-011	7.54943e-011	7.47402e-011	7.80531e-011	6.22944e-011	7.1956e-011	6.24031e-011	7.16289e-011	6.00691e-011	5.20764e-011	5.05074e-011	8.67136e-011	4.743e-011	3.98512e-011	5.06224e-011	5.62482e-011	5.89422e-011	5.78475e-011	6.11056e-011	6.23603e-011	5.98978e-011	6.10024e-011	6.12463e-011	5.98441e-011	6.03664e-011	6.14563e-011	6.26854e-011	6.30539e-011	6.30617e-011	6.42798e-011	6.39946e-011	6.58482e-011	6.74125e-011	7.02585e-011	8.48845e-011	1.11148e-010	1.40835e-010	1.60735e-010	1.75132e-010	1.85454e-010	1.88775e-010	2.00376e-010	2.08973e-010	2.16925e-010	2.17374e-010	2.17462e-010	2.22332e-010	2.29769e-010	2.29346e-010	2.30491e-010	2.29562e-010	2.27771e-010	2.21264e-010	2.09611e-010	2.02882e-010	2.01362e-010	1.99197e-010	1.98384e-010	1.94854e-010	1.83536e-010	1.72072e-010	1.57462e-010	1.51632e-010	1.50083e-010	1.43103e-010	1.27336e-010	1.03209e-010	8.35777e-011	7.66547e-011	6.84425e-011	6.60827e-011	6.48619e-011	6.44944e-011	6.39091e-011	6.23202e-011	6.2656e-011	6.24167e-011	5.93172e-011	6.00704e-011	6.09628e-011	6.228e-011	6.16654e-011	6.09757e-011	6.13536e-011	6.10136e-011	6.03844e-011	6.15368e-011	6.01147e-011	6.26881e-011	6.2187e-011	6.05397e-011	7.65997e-011	5.53771e-011	6.75734e-011	6.7054e-011	6.64596e-011	6.79326e-011	6.31173e-011	6.67254e-011	6.27598e-011	6.45752e-011	6.44587e-011	6.38387e-011
25.642	7.99445e-011	9.59037e-011	8.70067e-011	8.23197e-011	9.64114e-011	8.77893e-011	8.44484e-011	8.54602e-011	8.74682e-011	8.94727e-011	1.00829e-010	1.21323e-010	1.10462e-010	9.43836e-011	9.65129e-011	9.64247e-011	8.79059e-011	9.081e-011	9.50674e-011	9.5679e-011	9.97149e-011	9.93909e-011	9.70636e-011	9.79465e-011	9.68261e-011	9.86302e-011	9.97165e-011	1.02799e-010	1.1759e-010	1.40161e-010	1.13524e-010	1.00024e-010	1.02445e-010	9.91501e-011	1.04564e-010	1.02976e-010	1.09096e-010	1.08858e-010	8.53339e-011	1.07013e-010	1.05763e-010	8.59422e-011	8.16863e-011	8.42112e-011	8.52327e-011	9.88198e-011	9.91915e-011	1.01202e-010	9.53534e-011	1.16353e-010	9.09296e-011	1.01924e-010	9.04907e-011	9.05515e-011	8.91804e-011	9.20192e-011	7.2787e-011	4.17677e-011	5.39512e-011	5.28477e-011	5.60971e-011	5.58434e-011	5.71573e-011	5.68251e-011	5.93459e-011	5.91493e-011	5.91633e-011	6.08163e-011	6.28228e-011	5.98266e-011	6.26115e-011	6.25361e-011	6.46711e-011	6.45885e-011	6.29312e-011	6.37699e-011	6.4105e-011	6.42224e-011	6.44075e-011	6.30893e-011	6.46955e-011	6.55126e-011	6.66118e-011	6.72074e-011	6.74424e-011	6.74595e-011	6.85443e-011	6.76258e-011	6.74893e-011	6.8349e-011	6.80625e-011	6.87008e-011	6.88355e-011	6.63958e-011	6.84516e-011	6.79328e-011	6.81246e-011	6.9884e-011	6.9283e-011	6.97497e-011	7.22124e-011	7.1315e-011	7.22708e-011	7.35801e-011	7.62426e-011	7.32598e-011	7.28443e-011	7.21396e-011	7.42164e-011	7.27189e-011	7.26461e-011	7.52835e-011	7.6489e-011	7.6334e-011	7.81036e-011	7.68702e-011	7.58474e-011	7.91774e-011	7.92187e-011	7.78994e-011	8.14329e-011	7.8821e-011	8.0419e-011	7.74428e-011	7.94621e-011	8.06923e-011	8.07762e-011	8.01423e-011	7.80766e-011	7.74355e-011	8.0933e-011	6.46448e-011	7.49195e-011	6.52657e-011	7.51048e-011	6.28729e-011	5.54936e-011	5.81089e-011	9.02866e-011	5.07596e-011	4.3723e-011	5.38939e-011	5.97049e-011	6.23701e-011	6.11752e-011	6.49043e-011	6.59875e-011	6.33535e-011	6.4501e-011	6.45736e-011	6.36427e-011	6.43509e-011	6.53411e-011	6.62563e-011	6.65251e-011	6.63619e-011	6.7552e-011	6.76672e-011	6.96356e-011	7.06007e-011	7.16335e-011	7.9233e-011	9.67556e-011	1.22773e-010	1.41574e-010	1.56086e-010	1.66739e-010	1.7096e-010	1.83105e-010	1.92747e-010	2.00671e-010	2.0095e-010	2.01511e-010	2.08353e-010	2.18049e-010	2.16171e-010	2.16789e-010	2.1519e-010	2.13587e-010	2.0541e-010	1.93445e-010	1.86404e-010	1.84572e-010	1.8288e-010	1.82184e-010	1.78699e-010	1.68498e-010	1.56579e-010	1.41157e-010	1.34015e-010	1.32512e-010	1.26078e-010	1.12141e-010	9.27017e-011	7.96148e-011	7.60226e-011	7.09985e-011	7.08985e-011	7.00093e-011	6.96878e-011	6.95769e-011	6.77485e-011	6.84875e-011	6.82944e-011	6.50983e-011	6.63264e-011	6.74081e-011	6.91288e-011	6.79894e-011	6.69178e-011	6.81279e-011	6.7549e-011	6.71093e-011	6.8023e-011	6.6862e-011	6.90539e-011	6.89569e-011	6.6571e-011	8.38208e-011	6.21456e-011	7.55318e-011	7.37743e-011	7.32986e-011	7.38906e-011	6.96228e-011	7.3707e-011	7.07888e-011	7.19378e-011	7.1512e-011	7.12968e-011
26.0365	7.82474e-011	8.52373e-011	8.21541e-011	8.09956e-011	8.68323e-011	8.47384e-011	8.29267e-011	8.46108e-011	8.5863e-011	8.98968e-011	1.06925e-010	1.36947e-010	1.19046e-010	9.42137e-011	9.51592e-011	9.49586e-011	8.65417e-011	8.94049e-011	9.36216e-011	9.4264e-011	1.01473e-010	9.8252e-011	9.56702e-011	9.70127e-011	9.63521e-011	9.78305e-011	9.91626e-011	1.03205e-010	1.25169e-010	1.46844e-010	1.16382e-010	9.95573e-011	1.02225e-010	9.92479e-011	1.10907e-010	1.20349e-010	1.13719e-010	1.08157e-010	8.48801e-011	1.0602e-010	1.05018e-010	8.52301e-011	8.07929e-011	8.27797e-011	8.29776e-011	9.7955e-011	9.83602e-011	1.00262e-010	9.49465e-011	1.16837e-010	8.9662e-011	1.0119e-010	9.09338e-011	1.0267e-010	8.8835e-011	9.18511e-011	7.28677e-011	4.18116e-011	5.41012e-011	5.28183e-011	5.59598e-011	5.56697e-011	5.70902e-011	5.71502e-011	5.94921e-011	5.94738e-011	5.92377e-011	6.04978e-011	6.10403e-011	5.91512e-011	6.25433e-011	6.24326e-011	6.38181e-011	6.44859e-011	6.31506e-011	6.40971e-011	6.41832e-011	6.50513e-011	6.5416e-011	6.42775e-011	6.54922e-011	6.65605e-011	6.76968e-011	6.76155e-011	6.7745e-011	6.81567e-011	6.93504e-011	6.84696e-011	6.80138e-011	6.94826e-011	6.94483e-011	7.01961e-011	7.00833e-011	6.7539e-011	6.96331e-011	6.95099e-011	6.95975e-011	7.12526e-011	7.04762e-011	7.14816e-011	7.40547e-011	7.33392e-011	7.49055e-011	7.58255e-011	7.88845e-011	7.5227e-011	7.51368e-011	7.44003e-011	7.64455e-011	7.50593e-011	7.45979e-011	7.70612e-011	7.79497e-011	7.81921e-011	7.97164e-011	7.85235e-011	7.78984e-011	8.14118e-011	8.14225e-011	7.9787e-011	8.30758e-011	8.10763e-011	8.28583e-011	8.01377e-011	8.26269e-011	8.25416e-011	8.33098e-011	8.26462e-011	8.09794e-011	8.00231e-011	8.38482e-011	6.66737e-011	7.82047e-011	6.71649e-011	7.77605e-011	6.53568e-011	6.30906e-011	6.68913e-011	1.00826e-010	5.40572e-011	4.62781e-011	5.70635e-011	6.2632e-011	6.58403e-011	6.44032e-011	6.83187e-011	6.95169e-011	6.67838e-011	6.81178e-011	6.80915e-011	6.72047e-011	6.79569e-011	6.89914e-011	6.9808e-011	6.99071e-011	6.92884e-011	7.08088e-011	7.08973e-011	7.26963e-011	7.37777e-011	7.39985e-011	7.80009e-011	8.7356e-011	1.07134e-010	1.23552e-010	1.37182e-010	1.47666e-010	1.51718e-010	1.63981e-010	1.74454e-010	1.8271e-010	1.83821e-010	1.84642e-010	1.91745e-010	2.01415e-010	1.99298e-010	2.00106e-010	1.98268e-010	1.96426e-010	1.89225e-010	1.76807e-010	1.68741e-010	1.676e-010	1.65312e-010	1.64735e-010	1.61083e-010	1.51501e-010	1.39987e-010	1.24755e-010	1.1859e-010	1.16992e-010	1.11249e-010	1.00217e-010	8.71821e-011	7.9357e-011	7.80986e-011	7.50513e-011	7.57856e-011	7.52309e-011	7.48155e-011	7.51108e-011	7.32602e-011	7.39055e-011	7.40475e-011	7.09723e-011	7.23213e-011	7.4024e-011	7.55089e-011	7.4205e-011	7.29691e-011	7.37294e-011	7.42719e-011	7.33826e-011	7.39895e-011	7.33789e-011	7.56214e-011	7.54322e-011	7.27401e-011	9.08263e-011	6.84879e-011	8.23536e-011	8.02902e-011	8.04371e-011	8.04378e-011	7.615e-011	8.07142e-011	8.00617e-011	7.99055e-011	7.89603e-011	7.86543e-011
26.431	7.91567e-011	7.89542e-011	7.96767e-011	8.03244e-011	8.21828e-011	8.3038e-011	8.24615e-011	8.37385e-011	8.47978e-011	8.82819e-011	9.9404e-011	1.2352e-010	1.08284e-010	9.17578e-011	9.39395e-011	9.41182e-011	8.60094e-011	8.87523e-011	9.29202e-011	9.31568e-011	1.0146e-010	9.78335e-011	9.5489e-011	9.66406e-011	1.01431e-010	9.78623e-011	9.90037e-011	1.01356e-010	1.16202e-010	1.32831e-010	1.10463e-010	9.90184e-011	1.02639e-010	1.00829e-010	1.23939e-010	1.42618e-010	1.21802e-010	1.08551e-010	8.45141e-011	1.05179e-010	1.04488e-010	8.494e-011	8.05998e-011	8.18267e-011	8.11934e-011	9.78393e-011	9.81276e-011	9.99838e-011	9.51235e-011	1.17969e-010	9.01776e-011	1.01947e-010	9.10742e-011	1.08407e-010	8.91008e-011	9.17869e-011	7.31878e-011	4.22305e-011	5.46904e-011	5.36494e-011	5.63901e-011	5.61279e-011	5.75049e-011	5.75217e-011	5.98203e-011	5.99017e-011	5.99083e-011	6.04829e-011	6.0697e-011	5.9051e-011	6.24006e-011	6.29617e-011	6.37336e-011	6.49307e-011	6.36248e-011	6.43152e-011	6.48594e-011	6.61858e-011	6.68661e-011	6.56148e-011	6.6574e-011	6.74584e-011	6.86251e-011	6.82886e-011	6.85202e-011	6.9034e-011	7.04014e-011	6.9623e-011	6.89127e-011	7.07699e-011	7.08384e-011	7.15462e-011	7.11794e-011	6.87382e-011	7.1007e-011	7.14157e-011	7.0964e-011	7.30799e-011	7.15502e-011	7.31594e-011	7.59079e-011	7.59393e-011	7.81097e-011	7.85628e-011	8.18691e-011	7.73164e-011	7.68309e-011	7.61279e-011	7.83495e-011	7.70683e-011	7.63551e-011	7.88523e-011	7.94892e-011	7.94087e-011	8.18243e-011	8.05229e-011	8.00037e-011	8.39089e-011	8.35258e-011	8.17824e-011	8.49633e-011	8.32132e-011	8.53875e-011	8.23452e-011	8.47985e-011	8.48202e-011	8.54099e-011	8.47108e-011	8.30799e-011	8.28025e-011	8.64496e-011	6.88829e-011	8.00218e-011	6.98756e-011	7.99366e-011	6.75697e-011	7.75525e-011	7.58198e-011	1.1579e-010	5.6133e-011	4.95339e-011	5.96427e-011	6.51775e-011	6.89235e-011	6.79528e-011	7.16921e-011	7.27856e-011	7.02336e-011	7.16775e-011	7.1404e-011	7.02702e-011	7.10612e-011	7.22773e-011	7.30616e-011	7.30569e-011	7.23347e-011	7.41086e-011	7.40224e-011	7.5861e-011	7.64108e-011	7.71e-011	7.90714e-011	8.31818e-011	9.60015e-011	1.08247e-010	1.19774e-010	1.29156e-010	1.33249e-010	1.44838e-010	1.55209e-010	1.63792e-010	1.65372e-010	1.6595e-010	1.72737e-010	1.82306e-010	1.81302e-010	1.82937e-010	1.80855e-010	1.79127e-010	1.72325e-010	1.58949e-010	1.50355e-010	1.49041e-010	1.46654e-010	1.46262e-010	1.42653e-010	1.33685e-010	1.23857e-010	1.10811e-010	1.06118e-010	1.05063e-010	9.97202e-011	9.34456e-011	8.61678e-011	8.11004e-011	8.13859e-011	7.93827e-011	8.03041e-011	8.00081e-011	7.97087e-011	8.00487e-011	7.86714e-011	7.95045e-011	7.93345e-011	7.6733e-011	7.77703e-011	7.95897e-011	8.04774e-011	7.97192e-011	7.87433e-011	7.86211e-011	7.97095e-011	7.90092e-011	7.96624e-011	7.95981e-011	8.16729e-011	8.20303e-011	7.85279e-011	9.68752e-011	7.46553e-011	8.85681e-011	8.59806e-011	8.71748e-011	8.6723e-011	8.27685e-011	8.75233e-011	8.73471e-011	8.68818e-011	8.58418e-011	8.53698e-011
26.8255	8.25226e-011	7.47168e-011	7.70486e-011	7.86627e-011	7.90594e-011	8.09524e-011	8.09137e-011	8.25141e-011	8.31827e-011	8.58474e-011	9.00085e-011	1.05235e-010	9.63206e-011	8.8902e-011	9.23352e-011	9.3551e-011	8.49794e-011	8.80452e-011	9.20359e-011	9.24523e-011	9.62219e-011	9.69171e-011	9.5038e-011	9.62263e-011	1.03196e-010	9.70214e-011	9.85564e-011	9.98024e-011	1.06901e-010	1.18495e-010	1.05376e-010	9.81101e-011	1.02695e-010	1.0085e-010	1.22568e-010	1.38783e-010	1.18288e-010	1.08287e-010	8.45715e-011	1.05058e-010	1.05045e-010	8.48186e-011	8.15852e-011	8.18477e-011	7.98214e-011	9.80023e-011	9.82544e-011	9.95744e-011	9.47492e-011	1.22843e-010	9.10873e-011	1.01749e-010	9.15537e-011	1.12492e-010	8.97926e-011	9.24419e-011	7.3806e-011	4.28117e-011	5.54489e-011	5.4228e-011	5.72886e-011	5.69892e-011	5.80433e-011	5.80941e-011	6.04982e-011	6.0685e-011	6.06541e-011	6.19052e-011	6.13675e-011	5.96837e-011	6.3067e-011	6.37331e-011	6.40386e-011	6.52691e-011	6.44965e-011	6.5363e-011	6.60118e-011	6.78713e-011	6.88703e-011	6.72235e-011	6.7573e-011	6.85617e-011	6.96898e-011	6.95289e-011	7.00074e-011	7.01968e-011	7.18825e-011	7.1208e-011	7.08157e-011	7.24196e-011	7.2449e-011	7.3189e-011	7.34257e-011	7.0231e-011	7.2889e-011	7.29725e-011	7.26242e-011	7.49147e-011	7.3274e-011	7.49149e-011	7.79807e-011	7.90434e-011	8.21023e-011	8.20869e-011	8.47819e-011	8.02604e-011	7.86636e-011	7.82059e-011	8.03872e-011	7.89229e-011	7.8812e-011	8.09829e-011	8.12222e-011	8.16723e-011	8.39044e-011	8.30621e-011	8.19308e-011	8.63664e-011	8.59423e-011	8.40865e-011	8.64407e-011	8.60063e-011	8.77109e-011	8.47701e-011	8.70392e-011	8.78765e-011	8.82819e-011	8.76126e-011	8.58686e-011	8.54781e-011	8.92976e-011	7.17605e-011	8.19292e-011	7.27408e-011	8.30454e-011	7.04936e-011	8.20054e-011	7.98019e-011	1.15802e-010	5.96734e-011	5.29604e-011	6.26696e-011	6.8019e-011	7.22223e-011	7.13517e-011	7.45483e-011	7.60989e-011	7.33612e-011	7.51192e-011	7.50883e-011	7.34115e-011	7.46593e-011	7.53322e-011	7.60732e-011	7.63822e-011	7.64022e-011	7.7847e-011	7.72173e-011	7.89408e-011	7.98754e-011	8.05209e-011	8.14485e-011	8.29441e-011	9.08636e-011	9.78513e-011	1.05978e-010	1.13602e-010	1.1758e-010	1.27339e-010	1.36737e-010	1.44704e-010	1.46454e-010	1.46701e-010	1.53087e-010	1.6254e-010	1.62062e-010	1.6351e-010	1.61526e-010	1.60038e-010	1.53691e-010	1.40627e-010	1.32916e-010	1.31344e-010	1.29053e-010	1.29045e-010	1.25962e-010	1.18234e-010	1.10502e-010	1.0091e-010	9.82424e-011	9.73563e-011	9.24675e-011	9.09318e-011	8.76073e-011	8.43507e-011	8.49472e-011	8.33977e-011	8.4273e-011	8.40735e-011	8.33707e-011	8.48784e-011	8.34545e-011	8.40983e-011	8.42387e-011	8.18047e-011	8.25096e-011	8.45679e-011	8.49088e-011	8.43179e-011	8.35093e-011	8.26972e-011	8.33814e-011	8.39194e-011	8.50252e-011	8.48421e-011	8.67981e-011	8.73937e-011	8.39866e-011	1.01644e-010	7.96616e-011	9.37409e-011	9.07486e-011	9.28232e-011	9.20379e-011	9.04635e-011	9.31706e-011	9.27319e-011	9.21471e-011	9.14159e-011	9.10384e-011
27.22	8.28565e-011	7.32234e-011	7.60845e-011	7.72996e-011	7.75828e-011	7.95765e-011	7.94957e-011	8.1054e-011	8.14661e-011	8.27317e-011	8.56364e-011	9.26083e-011	8.85787e-011	8.56169e-011	9.10073e-011	9.27519e-011	8.40664e-011	8.7161e-011	9.23232e-011	9.184e-011	9.32102e-011	9.65765e-011	9.45118e-011	9.63e-011	1.0337e-010	9.62953e-011	9.77874e-011	9.87047e-011	1.01475e-010	1.0917e-010	1.01579e-010	9.71259e-011	1.02311e-010	9.97792e-011	1.1367e-010	1.24272e-010	1.15017e-010	1.07187e-010	8.47128e-011	1.04942e-010	1.05243e-010	8.46867e-011	8.5409e-011	8.07002e-011	7.96302e-011	9.87672e-011	9.869e-011	1.00109e-010	9.54543e-011	1.28789e-010	9.29903e-011	1.02751e-010	9.20834e-011	1.14621e-010	9.07342e-011	9.3268e-011	7.42309e-011	4.31926e-011	5.59998e-011	5.45205e-011	5.79653e-011	5.78359e-011	5.88457e-011	5.91378e-011	6.09262e-011	6.12114e-011	6.14931e-011	6.24854e-011	6.23317e-011	6.06033e-011	6.42276e-011	6.49918e-011	6.5324e-011	6.59384e-011	6.56924e-011	6.66569e-011	6.71895e-011	6.94325e-011	6.98153e-011	6.83377e-011	6.86421e-011	6.92287e-011	7.05974e-011	7.05342e-011	7.11104e-011	7.13259e-011	7.33234e-011	7.23894e-011	7.29516e-011	7.40102e-011	7.37799e-011	7.44745e-011	7.48799e-011	7.16397e-011	7.46806e-011	7.45043e-011	7.37532e-011	7.64265e-011	7.524e-011	7.66923e-011	7.9998e-011	8.1729e-011	8.55276e-011	8.48949e-011	8.74011e-011	8.26194e-011	8.06908e-011	8.01157e-011	8.2108e-011	8.03833e-011	8.07261e-011	8.29222e-011	8.30438e-011	8.38047e-011	8.57762e-011	8.50303e-011	8.37097e-011	8.7956e-011	8.79139e-011	8.61544e-011	8.73908e-011	8.76953e-011	9.03531e-011	8.71513e-011	8.91594e-011	8.99499e-011	9.12369e-011	8.98065e-011	8.82299e-011	8.75068e-011	9.1565e-011	7.39809e-011	8.43882e-011	7.50813e-011	8.53387e-011	7.36682e-011	7.92766e-011	7.59547e-011	1.13122e-010	6.21589e-011	5.58271e-011	6.50604e-011	7.07194e-011	7.50181e-011	7.39571e-011	7.7606e-011	7.89662e-011	7.61094e-011	7.78197e-011	7.79554e-011	7.62308e-011	7.7645e-011	7.7913e-011	7.83205e-011	7.91529e-011	7.94105e-011	8.05217e-011	7.97011e-011	8.1448e-011	8.28344e-011	8.3146e-011	8.34542e-011	8.40445e-011	8.82736e-011	9.21421e-011	9.68641e-011	1.02225e-010	1.04726e-010	1.12438e-010	1.20074e-010	1.26492e-010	1.28265e-010	1.28678e-010	1.34372e-010	1.43062e-010	1.42821e-010	1.43934e-010	1.42187e-010	1.40937e-010	1.3554e-010	1.23999e-010	1.17524e-010	1.16188e-010	1.14206e-010	1.14434e-010	1.12302e-010	1.06167e-010	1.01814e-010	9.56011e-011	9.45263e-011	9.36623e-011	8.92241e-011	9.09955e-011	8.9764e-011	8.71721e-011	8.86474e-011	8.69056e-011	8.7517e-011	8.76249e-011	8.71581e-011	8.87589e-011	8.72853e-011	8.78793e-011	8.78984e-011	8.6343e-011	8.6498e-011	8.85778e-011	9.00114e-011	8.87991e-011	8.80832e-011	8.63641e-011	8.64982e-011	8.74145e-011	8.96841e-011	8.91651e-011	9.08565e-011	9.14732e-011	8.85156e-011	1.06122e-010	8.3804e-011	9.81186e-011	9.52899e-011	9.59571e-011	9.66208e-011	9.62098e-011	9.75807e-011	9.70914e-011	9.62415e-011	9.57451e-011	9.56738e-011
27.6145	7.93993e-011	7.44868e-011	7.62839e-011	7.7292e-011	7.65828e-011	7.93696e-011	7.95106e-011	7.9791e-011	8.02109e-011	8.10558e-011	8.35399e-011	8.58779e-011	8.43559e-011	8.47588e-011	9.05145e-011	9.22675e-011	8.36619e-011	8.66936e-011	9.20786e-011	9.1747e-011	9.2269e-011	9.64298e-011	9.50168e-011	9.57428e-011	1.03678e-010	9.62564e-011	9.79006e-011	9.83275e-011	9.91794e-011	1.04956e-010	9.98733e-011	9.65729e-011	1.02196e-010	9.93175e-011	1.08005e-010	1.12547e-010	1.12443e-010	1.06551e-010	8.47305e-011	1.05684e-010	1.05996e-010	8.46647e-011	8.86114e-011	8.26994e-011	8.01405e-011	9.85029e-011	9.83654e-011	1.00081e-010	9.55806e-011	1.3414e-010	1.00852e-010	1.0384e-010	9.26127e-011	1.16875e-010	9.14297e-011	9.52609e-011	7.53788e-011	4.34955e-011	5.63863e-011	5.5062e-011	5.76621e-011	5.83307e-011	5.94244e-011	5.98005e-011	6.15301e-011	6.16137e-011	6.19083e-011	6.2985e-011	6.28442e-011	6.13432e-011	6.54806e-011	6.64008e-011	6.71035e-011	6.75885e-011	6.71418e-011	6.79771e-011	6.95231e-011	7.06373e-011	7.06055e-011	6.84992e-011	6.93175e-011	6.9704e-011	7.1444e-011	7.11809e-011	7.17e-011	7.18587e-011	7.40136e-011	7.30228e-011	7.41711e-011	7.46018e-011	7.45293e-011	7.53817e-011	7.55166e-011	7.25773e-011	7.58476e-011	7.5401e-011	7.43797e-011	7.74257e-011	7.66119e-011	7.80085e-011	8.13299e-011	8.27912e-011	8.62487e-011	8.59178e-011	8.82259e-011	8.34604e-011	8.1691e-011	8.1418e-011	8.29983e-011	8.1433e-011	8.15782e-011	8.38626e-011	8.40725e-011	8.47789e-011	8.71958e-011	8.63243e-011	8.47352e-011	8.89274e-011	8.87599e-011	8.75891e-011	8.77719e-011	8.83797e-011	9.16979e-011	8.87282e-011	9.0897e-011	9.14913e-011	9.1868e-011	9.13128e-011	8.98973e-011	8.92639e-011	9.27693e-011	7.52751e-011	8.49868e-011	7.67698e-011	8.69032e-011	7.5323e-011	7.4523e-011	7.15058e-011	1.10977e-010	6.36758e-011	5.72919e-011	6.67589e-011	7.25088e-011	7.69698e-011	7.59999e-011	7.97401e-011	8.24056e-011	7.8426e-011	7.94422e-011	7.94551e-011	7.76793e-011	7.93994e-011	7.87595e-011	7.99015e-011	8.09687e-011	8.13898e-011	8.23074e-011	8.14362e-011	8.29898e-011	8.46114e-011	8.49441e-011	8.46307e-011	8.46709e-011	8.69931e-011	8.87405e-011	9.16272e-011	9.55818e-011	9.6962e-011	1.0141e-010	1.06711e-010	1.1108e-010	1.1259e-010	1.12882e-010	1.17598e-010	1.24882e-010	1.24735e-010	1.26085e-010	1.24146e-010	1.23061e-010	1.1883e-010	1.10454e-010	1.05502e-010	1.04974e-010	1.03301e-010	1.03981e-010	1.02872e-010	9.79028e-011	9.69298e-011	9.33111e-011	9.35454e-011	9.24909e-011	8.83621e-011	9.18714e-011	9.15208e-011	8.94529e-011	9.08095e-011	8.93775e-011	8.98704e-011	9.05027e-011	9.01317e-011	9.11857e-011	8.99511e-011	9.07126e-011	9.06138e-011	8.92261e-011	8.98346e-011	9.17967e-011	9.36839e-011	9.25683e-011	9.15207e-011	9.03269e-011	8.98439e-011	9.08572e-011	9.34382e-011	9.25165e-011	9.42337e-011	9.43765e-011	9.15164e-011	1.09435e-010	8.67858e-011	1.01269e-010	9.99669e-011	9.90181e-011	1.00208e-010	1.0011e-010	1.00793e-010	1.00259e-010	9.96505e-011	9.93954e-011	9.92084e-011
28.009	7.67389e-011	7.54706e-011	7.65558e-011	7.79233e-011	7.5931e-011	7.87202e-011	7.86495e-011	7.92183e-011	8.02122e-011	8.06315e-011	8.24044e-011	8.41026e-011	8.3655e-011	8.46324e-011	9.03913e-011	9.15763e-011	8.32598e-011	8.6295e-011	9.07553e-011	9.14272e-011	9.4024e-011	9.61176e-011	9.44943e-011	9.52244e-011	1.03521e-010	9.61748e-011	9.7752e-011	9.81118e-011	9.89682e-011	1.03963e-010	9.93143e-011	9.60901e-011	1.01718e-010	9.87016e-011	1.04466e-010	1.05013e-010	1.08986e-010	1.0517e-010	8.45691e-011	1.046e-010	1.05345e-010	8.56625e-011	9.04005e-011	8.37801e-011	8.04415e-011	9.7096e-011	9.81072e-011	1.00115e-010	9.50491e-011	1.33972e-010	1.0619e-010	1.05185e-010	9.27498e-011	1.17662e-010	9.17231e-011	9.44899e-011	7.51147e-011	4.38811e-011	5.64219e-011	5.53905e-011	5.7998e-011	5.83168e-011	5.95608e-011	5.96588e-011	6.20388e-011	6.17017e-011	6.20755e-011	6.30887e-011	6.25274e-011	6.14629e-011	6.61084e-011	6.70369e-011	6.86764e-011	6.92412e-011	6.94457e-011	7.16465e-011	7.48438e-011	7.26103e-011	7.08019e-011	6.84189e-011	6.96034e-011	6.98562e-011	7.17482e-011	7.17801e-011	7.19515e-011	7.24053e-011	7.41413e-011	7.34459e-011	7.46039e-011	7.44017e-011	7.49104e-011	7.563e-011	7.59179e-011	7.30601e-011	7.60551e-011	7.56903e-011	7.51079e-011	7.77359e-011	7.72184e-011	7.81972e-011	8.16723e-011	8.25731e-011	8.51132e-011	8.5079e-011	8.73983e-011	8.27155e-011	8.16715e-011	8.14099e-011	8.34302e-011	8.17337e-011	8.22477e-011	8.40439e-011	8.4337e-011	8.51268e-011	8.75558e-011	8.6982e-011	8.51909e-011	8.9324e-011	8.95259e-011	8.82962e-011	8.81344e-011	8.87549e-011	9.18716e-011	8.98431e-011	9.3096e-011	9.39175e-011	9.33789e-011	9.19085e-011	9.05776e-011	9.01004e-011	9.34764e-011	7.62099e-011	7.96507e-011	7.7732e-011	8.72364e-011	7.4813e-011	7.17418e-011	6.77388e-011	1.08081e-010	6.42935e-011	5.81381e-011	6.81194e-011	7.30982e-011	7.81452e-011	7.77612e-011	8.53725e-011	8.84813e-011	8.39454e-011	8.04774e-011	8.05769e-011	7.83877e-011	8.04088e-011	7.94985e-011	8.0656e-011	8.13817e-011	8.2104e-011	8.33944e-011	8.20391e-011	8.34657e-011	8.53889e-011	8.56663e-011	8.48691e-011	8.48542e-011	8.605e-011	8.75282e-011	8.85746e-011	9.14031e-011	9.23001e-011	9.51933e-011	9.79405e-011	9.98988e-011	1.01354e-010	1.01734e-010	1.04683e-010	1.0977e-010	1.09355e-010	1.10936e-010	1.09158e-010	1.08233e-010	1.06162e-010	1.01446e-010	9.7726e-011	9.8002e-011	9.62752e-011	9.81872e-011	9.74535e-011	9.32172e-011	9.39052e-011	9.24475e-011	9.32003e-011	9.22359e-011	8.94827e-011	9.25824e-011	9.26078e-011	9.11303e-011	9.19347e-011	9.04505e-011	9.10341e-011	9.21142e-011	9.17628e-011	9.29792e-011	9.16927e-011	9.21884e-011	9.23236e-011	9.08844e-011	9.1513e-011	9.34237e-011	9.56882e-011	9.45928e-011	9.37084e-011	9.36063e-011	9.27153e-011	9.41777e-011	9.55654e-011	9.42359e-011	9.62597e-011	9.6352e-011	9.35844e-011	1.1131e-010	8.83249e-011	1.02758e-010	1.02763e-010	1.01264e-010	1.02404e-010	1.00114e-010	1.02461e-010	1.02449e-010	1.02005e-010	1.02129e-010	1.01893e-010
28.4035	7.41302e-011	7.45101e-011	7.55295e-011	8.20446e-011	7.47733e-011	7.59257e-011	7.67178e-011	7.7221e-011	7.93635e-011	8.02887e-011	8.15677e-011	8.22722e-011	8.1545e-011	8.33142e-011	8.92936e-011	8.9985e-011	8.20319e-011	8.51449e-011	8.99687e-011	9.02186e-011	9.68926e-011	9.49221e-011	9.30198e-011	9.36137e-011	1.02703e-010	9.52918e-011	9.69472e-011	1.00385e-010	1.09532e-010	1.13106e-010	9.968e-011	9.58915e-011	1.00027e-010	9.77318e-011	1.01789e-010	1.00202e-010	1.05967e-010	1.03587e-010	8.34217e-011	1.03603e-010	1.04713e-010	8.72515e-011	9.1283e-011	8.30992e-011	7.97684e-011	9.65734e-011	9.69497e-011	9.93224e-011	9.36218e-011	1.19055e-010	9.99934e-011	1.05995e-010	9.19261e-011	1.17703e-010	9.11301e-011	9.4048e-011	7.45382e-011	4.2956e-011	5.59338e-011	5.51965e-011	5.75268e-011	5.76401e-011	5.87498e-011	5.89994e-011	6.13167e-011	6.14169e-011	6.15138e-011	6.24645e-011	6.21264e-011	6.09281e-011	6.59397e-011	6.67345e-011	6.85973e-011	7.1171e-011	7.71694e-011	8.13077e-011	8.41573e-011	7.54343e-011	7.04217e-011	6.7834e-011	6.90994e-011	6.94332e-011	7.14063e-011	7.14479e-011	7.14148e-011	7.19498e-011	7.30529e-011	7.31529e-011	7.42495e-011	7.36288e-011	7.40048e-011	7.50201e-011	7.56752e-011	7.28991e-011	7.59043e-011	7.5407e-011	7.49064e-011	7.78304e-011	7.68234e-011	7.73129e-011	8.05843e-011	8.10672e-011	8.28324e-011	8.2666e-011	8.53531e-011	8.16095e-011	8.10049e-011	8.04685e-011	8.28569e-011	8.10999e-011	8.1625e-011	8.40036e-011	8.40937e-011	8.47518e-011	8.6835e-011	8.72723e-011	8.53498e-011	8.93514e-011	8.97076e-011	8.79895e-011	8.77678e-011	8.88998e-011	9.27424e-011	9.38679e-011	9.88465e-011	9.97513e-011	9.42254e-011	9.19099e-011	9.04482e-011	8.97687e-011	9.3371e-011	7.62595e-011	7.37849e-011	7.79487e-011	8.7037e-011	7.48401e-011	6.92817e-011	6.52197e-011	1.05004e-010	6.40133e-011	5.70849e-011	6.82928e-011	7.34271e-011	7.87725e-011	8.42574e-011	9.43096e-011	9.74313e-011	9.21941e-011	8.29544e-011	8.10673e-011	7.87484e-011	8.07111e-011	7.96712e-011	8.05562e-011	8.15808e-011	8.21023e-011	8.3406e-011	8.22784e-011	8.329e-011	8.50839e-011	8.50177e-011	8.41627e-011	8.459e-011	8.50854e-011	8.67916e-011	8.67806e-011	8.86945e-011	8.93911e-011	9.15842e-011	9.26314e-011	9.29612e-011	9.41448e-011	9.47537e-011	9.64306e-011	9.93898e-011	9.79893e-011	1.00299e-010	9.8678e-011	9.79105e-011	9.80682e-011	9.6223e-011	9.31604e-011	9.38797e-011	9.19533e-011	9.48084e-011	9.44467e-011	9.10108e-011	9.1928e-011	9.15565e-011	9.261e-011	9.16606e-011	8.94225e-011	9.23945e-011	9.29351e-011	9.15442e-011	9.2364e-011	9.08238e-011	9.17084e-011	9.25898e-011	9.23253e-011	9.30574e-011	9.25007e-011	9.27264e-011	9.32344e-011	9.15967e-011	9.18126e-011	9.37392e-011	9.59482e-011	9.48689e-011	9.47147e-011	9.49143e-011	9.43251e-011	9.45182e-011	9.63506e-011	9.4966e-011	9.66491e-011	9.71148e-011	9.48635e-011	1.12605e-010	8.95656e-011	1.02373e-010	1.0418e-010	1.0334e-010	1.0364e-010	1.00081e-010	1.0366e-010	1.03379e-010	1.03166e-010	1.03593e-010	1.03659e-010
28.798	7.11101e-011	7.22846e-011	7.43128e-011	8.66216e-011	7.2075e-011	7.2808e-011	7.43233e-011	7.55497e-011	7.77013e-011	7.85641e-011	8.04949e-011	8.12799e-011	8.02047e-011	8.16259e-011	8.7543e-011	8.83863e-011	8.05137e-011	8.35644e-011	8.84687e-011	8.93704e-011	9.67677e-011	9.33066e-011	9.14134e-011	9.23022e-011	1.01686e-010	9.41413e-011	9.64486e-011	1.05894e-010	1.31762e-010	1.29846e-010	1.0136e-010	9.55815e-011	9.88692e-011	9.62261e-011	9.97214e-011	9.74289e-011	1.02989e-010	1.01261e-010	8.18905e-011	1.0101e-010	1.02343e-010	8.71048e-011	9.00029e-011	8.06142e-011	7.86495e-011	9.50353e-011	9.3564e-011	9.64458e-011	9.12544e-011	1.05342e-010	9.37166e-011	1.0537e-010	9.12382e-011	1.16739e-010	9.01751e-011	9.27452e-011	7.32447e-011	4.1886e-011	5.50159e-011	5.5002e-011	5.67704e-011	5.68929e-011	5.76549e-011	5.82708e-011	6.11687e-011	6.26351e-011	6.15987e-011	6.16303e-011	6.15158e-011	6.02555e-011	6.4348e-011	6.42951e-011	6.67386e-011	7.14641e-011	8.32565e-011	9.03322e-011	8.77636e-011	7.65505e-011	6.93334e-011	6.68978e-011	6.8744e-011	6.88015e-011	7.03554e-011	7.04065e-011	7.06685e-011	7.12129e-011	7.25396e-011	7.24348e-011	7.35408e-011	7.29295e-011	7.3172e-011	7.42683e-011	7.5147e-011	7.24517e-011	7.54664e-011	7.51928e-011	7.43445e-011	7.70638e-011	7.62091e-011	7.64938e-011	7.93461e-011	7.89101e-011	8.01849e-011	8.02423e-011	8.37244e-011	8.02046e-011	7.97523e-011	7.96539e-011	8.20518e-011	8.03043e-011	8.09103e-011	8.32984e-011	8.35409e-011	8.44942e-011	8.57299e-011	8.61768e-011	8.51208e-011	8.88463e-011	8.9212e-011	8.73606e-011	8.72914e-011	8.88614e-011	9.79983e-011	1.06632e-010	1.09621e-010	1.08892e-010	9.60202e-011	9.20004e-011	9.01912e-011	8.90929e-011	9.25619e-011	7.57457e-011	7.3495e-011	7.75256e-011	8.66234e-011	7.47219e-011	6.78162e-011	6.3621e-011	1.03057e-010	6.41478e-011	5.60864e-011	6.76611e-011	7.35192e-011	7.91599e-011	8.52258e-011	9.42879e-011	1.0249e-010	9.47627e-011	8.39615e-011	8.10128e-011	7.89893e-011	8.06761e-011	7.92888e-011	7.98978e-011	8.07893e-011	8.16776e-011	8.27768e-011	8.17303e-011	8.26802e-011	8.44124e-011	8.41417e-011	8.33679e-011	8.40906e-011	8.3953e-011	8.57404e-011	8.56677e-011	8.68773e-011	8.74408e-011	8.92866e-011	8.94152e-011	8.91835e-011	8.98769e-011	9.09241e-011	9.21109e-011	9.32944e-011	9.11896e-011	9.43663e-011	9.23265e-011	9.20687e-011	9.33788e-011	9.29003e-011	9.0419e-011	9.15051e-011	8.93743e-011	9.22393e-011	9.25302e-011	8.99611e-011	9.05311e-011	9.05265e-011	9.13042e-011	9.11503e-011	8.89935e-011	9.15469e-011	9.28115e-011	9.16448e-011	9.22602e-011	9.10155e-011	9.14102e-011	9.24443e-011	9.25468e-011	9.25746e-011	9.22421e-011	9.27634e-011	9.34956e-011	9.14394e-011	9.16652e-011	9.36017e-011	9.54636e-011	9.48227e-011	9.47498e-011	9.4888e-011	9.4523e-011	9.4369e-011	9.614e-011	9.51225e-011	9.70298e-011	9.72912e-011	9.5407e-011	1.1273e-010	8.96292e-011	1.01947e-010	1.05049e-010	1.06291e-010	1.0403e-010	9.9766e-011	1.03926e-010	1.04084e-010	1.03595e-010	1.04103e-010	1.04323e-010
29.1925	7.09259e-011	7.21604e-011	7.41775e-011	8.41899e-011	7.2346e-011	7.26397e-011	7.32159e-011	7.536e-011	7.7144e-011	7.83535e-011	8.04169e-011	8.09774e-011	8.01064e-011	8.11606e-011	8.73535e-011	8.80443e-011	8.05192e-011	8.37032e-011	8.80982e-011	8.89193e-011	9.73073e-011	9.30516e-011	9.12209e-011	9.2458e-011	1.01762e-010	9.44228e-011	9.6436e-011	1.0573e-010	1.30662e-010	1.26167e-010	1.01458e-010	9.57427e-011	9.90226e-011	9.55149e-011	9.89313e-011	9.63457e-011	1.01398e-010	1.00163e-010	8.12143e-011	9.99694e-011	1.00582e-010	8.93362e-011	9.01566e-011	8.04044e-011	7.80763e-011	9.49558e-011	9.32641e-011	9.54971e-011	9.1014e-011	9.92397e-011	9.10367e-011	1.05541e-010	9.14039e-011	1.17257e-010	8.97589e-011	9.17526e-011	7.28899e-011	4.22405e-011	5.48658e-011	5.47045e-011	5.64683e-011	5.61579e-011	5.72727e-011	6.14553e-011	6.65631e-011	7.15249e-011	6.44144e-011	6.15857e-011	6.12533e-011	5.98467e-011	6.28646e-011	6.25943e-011	6.55346e-011	6.89716e-011	7.98327e-011	9.05478e-011	8.24776e-011	7.37614e-011	6.8113e-011	6.62465e-011	6.83047e-011	6.85744e-011	6.99122e-011	6.97471e-011	7.02216e-011	7.09787e-011	7.1804e-011	7.19834e-011	7.29453e-011	7.24044e-011	7.31457e-011	7.37412e-011	7.47619e-011	7.23516e-011	7.54372e-011	7.51631e-011	7.41717e-011	7.61766e-011	7.5536e-011	7.57492e-011	7.83161e-011	7.68805e-011	7.8227e-011	7.87134e-011	8.1839e-011	7.86769e-011	7.88682e-011	7.8985e-011	8.1741e-011	7.95662e-011	8.01735e-011	8.2563e-011	8.30212e-011	8.40476e-011	8.50708e-011	8.58052e-011	8.45369e-011	8.85501e-011	8.84896e-011	8.72833e-011	8.70022e-011	8.87177e-011	1.00714e-010	1.12564e-010	1.15841e-010	1.10474e-010	9.61766e-011	9.14459e-011	8.98543e-011	8.86166e-011	9.20892e-011	7.52053e-011	7.38868e-011	7.67787e-011	8.65233e-011	7.41975e-011	6.70818e-011	6.24625e-011	1.01261e-010	6.35698e-011	5.74414e-011	6.7664e-011	7.33129e-011	7.85302e-011	8.16732e-011	9.18833e-011	1.05233e-010	9.23691e-011	8.25021e-011	8.07732e-011	7.87556e-011	8.03056e-011	7.8853e-011	7.9254e-011	7.99376e-011	8.12609e-011	8.19382e-011	8.08984e-011	8.22836e-011	8.35229e-011	8.33307e-011	8.29211e-011	8.30084e-011	8.41637e-011	8.48159e-011	8.46795e-011	8.54683e-011	8.61826e-011	8.80363e-011	8.71732e-011	8.72353e-011	8.75086e-011	8.86357e-011	8.91169e-011	9.01663e-011	8.75704e-011	9.14702e-011	8.91536e-011	8.90479e-011	9.05815e-011	9.14693e-011	8.87831e-011	9.01645e-011	8.80435e-011	9.05613e-011	9.0862e-011	8.93029e-011	8.95974e-011	8.96031e-011	9.06769e-011	9.03907e-011	8.79589e-011	9.10229e-011	9.23698e-011	9.09284e-011	9.18406e-011	9.08214e-011	9.19416e-011	9.21302e-011	9.22442e-011	9.22838e-011	9.21773e-011	9.27819e-011	9.32405e-011	9.09822e-011	9.17916e-011	9.33834e-011	9.47579e-011	9.46295e-011	9.41409e-011	9.47918e-011	9.44398e-011	9.42274e-011	9.57973e-011	9.5293e-011	9.73566e-011	9.59176e-011	9.56896e-011	1.12812e-010	9.02251e-011	1.032e-010	1.05387e-010	1.08571e-010	1.02111e-010	9.9719e-011	1.04179e-010	1.04352e-010	1.03664e-010	1.04544e-010	1.04492e-010
29.587	7.14685e-011	7.22637e-011	7.41271e-011	7.92011e-011	7.31313e-011	7.37e-011	7.35516e-011	7.53998e-011	7.71021e-011	7.81586e-011	7.92835e-011	8.14765e-011	8.05243e-011	8.15686e-011	8.74662e-011	8.8433e-011	8.08984e-011	8.38588e-011	8.82445e-011	8.89849e-011	9.7578e-011	9.32419e-011	9.14022e-011	9.27018e-011	1.02425e-010	9.49348e-011	9.66537e-011	1.01869e-010	1.16937e-010	1.14719e-010	1.00285e-010	9.63474e-011	9.93336e-011	9.61036e-011	9.87981e-011	9.60619e-011	1.00393e-010	9.98645e-011	8.06936e-011	9.90843e-011	9.91895e-011	9.1436e-011	9.06782e-011	8.05619e-011	7.81554e-011	9.44568e-011	9.32583e-011	9.4842e-011	9.04237e-011	1.005e-010	8.99337e-011	1.05574e-010	9.08598e-011	1.17706e-010	8.96313e-011	9.01194e-011	7.30362e-011	4.20241e-011	5.48579e-011	5.4834e-011	5.6521e-011	5.5991e-011	5.96715e-011	7.23474e-011	7.99496e-011	8.20499e-011	6.95784e-011	6.18172e-011	6.1266e-011	5.96405e-011	6.3011e-011	6.24506e-011	6.48153e-011	6.71769e-011	7.34632e-011	8.26746e-011	7.63144e-011	7.05225e-011	6.73699e-011	6.59996e-011	6.784e-011	6.85347e-011	6.94406e-011	6.95579e-011	6.98864e-011	7.10689e-011	7.23911e-011	7.27819e-011	7.26697e-011	7.20546e-011	7.29362e-011	7.38862e-011	7.4476e-011	7.27775e-011	7.70748e-011	7.67272e-011	7.4234e-011	7.58798e-011	7.48803e-011	7.55916e-011	7.75854e-011	7.62197e-011	7.69934e-011	7.79782e-011	8.13882e-011	7.79392e-011	7.81294e-011	7.84594e-011	8.15001e-011	7.91102e-011	7.96453e-011	8.23912e-011	8.24917e-011	8.36604e-011	8.48975e-011	8.56316e-011	8.50058e-011	8.85905e-011	8.83871e-011	8.73951e-011	8.70428e-011	8.81871e-011	9.70413e-011	1.09249e-010	1.13098e-010	1.03804e-010	9.47204e-011	9.09902e-011	8.91139e-011	8.84485e-011	9.19937e-011	7.48967e-011	7.34366e-011	7.63299e-011	8.52904e-011	7.35375e-011	6.66377e-011	6.2163e-011	1.00749e-010	6.2917e-011	5.51481e-011	6.75867e-011	7.27378e-011	7.76717e-011	7.90318e-011	8.7459e-011	9.73828e-011	8.78787e-011	8.06567e-011	8.02162e-011	7.83444e-011	7.93975e-011	7.82337e-011	7.87094e-011	7.97534e-011	8.03659e-011	8.14753e-011	8.06533e-011	8.14709e-011	8.25712e-011	8.29542e-011	8.24772e-011	8.28541e-011	8.41564e-011	8.40988e-011	8.36096e-011	8.46885e-011	8.55502e-011	8.73372e-011	8.61931e-011	8.61886e-011	8.68239e-011	8.74561e-011	8.7371e-011	8.814e-011	8.56922e-011	9.01686e-011	8.77148e-011	8.78288e-011	8.89396e-011	9.05473e-011	8.7867e-011	8.93972e-011	8.74963e-011	8.95918e-011	8.98988e-011	8.89172e-011	8.86468e-011	8.92303e-011	9.06678e-011	8.96027e-011	8.73205e-011	9.0677e-011	9.21738e-011	9.04537e-011	9.12302e-011	9.06468e-011	9.156e-011	9.21845e-011	9.20205e-011	9.22818e-011	9.23973e-011	9.27954e-011	9.2762e-011	9.05117e-011	9.1472e-011	9.31434e-011	9.43833e-011	9.41205e-011	9.40688e-011	9.45854e-011	9.41706e-011	9.41098e-011	9.55457e-011	9.51217e-011	9.74085e-011	9.49789e-011	9.54742e-011	1.12749e-010	9.06711e-011	1.04083e-010	1.05209e-010	1.07261e-010	1.0081e-010	1.01784e-010	1.04041e-010	1.04223e-010	1.04117e-010	1.04436e-010	1.04252e-010
29.9815	7.10477e-011	7.14067e-011	7.36195e-011	7.54009e-011	7.28229e-011	7.38128e-011	7.38714e-011	7.50696e-011	7.70505e-011	7.78858e-011	7.91466e-011	8.12615e-011	7.95884e-011	8.13403e-011	8.71599e-011	8.84774e-011	8.07222e-011	8.31765e-011	8.76988e-011	8.85761e-011	9.74489e-011	9.2607e-011	9.06901e-011	9.22697e-011	1.01773e-010	9.55629e-011	9.82049e-011	1.00273e-010	1.06265e-010	1.06756e-010	9.99592e-011	1.00087e-010	1.01711e-010	9.62628e-011	9.87384e-011	9.55692e-011	9.88958e-011	9.92201e-011	7.99736e-011	9.82886e-011	9.87469e-011	9.24892e-011	9.09419e-011	7.99648e-011	7.79117e-011	9.44952e-011	9.45072e-011	9.53019e-011	9.06661e-011	1.21449e-010	9.19551e-011	1.04093e-010	9.04471e-011	1.17434e-010	8.95701e-011	8.91271e-011	7.18272e-011	4.1741e-011	5.4144e-011	5.44034e-011	5.61596e-011	5.56989e-011	6.05201e-011	7.46223e-011	8.6722e-011	8.19647e-011	6.97772e-011	6.10861e-011	6.06048e-011	5.86209e-011	6.17045e-011	6.2e-011	6.34351e-011	6.52244e-011	6.88676e-011	7.49359e-011	7.00748e-011	6.74245e-011	6.69138e-011	6.55431e-011	6.72404e-011	6.7792e-011	6.89835e-011	6.89579e-011	6.99292e-011	7.28972e-011	7.62908e-011	7.56821e-011	7.2928e-011	7.14565e-011	7.24815e-011	7.36464e-011	7.5594e-011	7.81099e-011	8.33367e-011	8.30615e-011	7.4642e-011	7.55036e-011	7.38627e-011	7.5004e-011	7.68566e-011	7.52068e-011	7.61251e-011	7.70404e-011	8.06665e-011	7.77909e-011	7.69834e-011	7.76013e-011	8.07157e-011	7.85425e-011	7.87944e-011	8.21143e-011	8.22175e-011	8.33176e-011	8.42719e-011	8.50804e-011	8.49576e-011	8.81884e-011	8.82025e-011	8.72138e-011	8.67221e-011	8.77272e-011	9.3657e-011	1.01155e-010	1.05436e-010	9.79313e-011	9.26371e-011	9.01965e-011	8.84672e-011	8.80918e-011	9.17127e-011	7.4406e-011	7.40932e-011	7.53486e-011	8.47424e-011	7.28514e-011	6.62423e-011	6.19155e-011	9.97208e-011	6.22513e-011	5.37022e-011	6.69318e-011	7.23027e-011	7.62424e-011	7.70369e-011	8.30417e-011	8.96864e-011	8.2902e-011	7.99711e-011	7.93939e-011	7.75997e-011	7.90163e-011	7.73591e-011	7.80556e-011	7.95348e-011	8.00111e-011	8.08417e-011	8.04552e-011	8.09941e-011	7.91734e-011	8.21346e-011	8.27362e-011	8.21207e-011	8.39304e-011	8.33804e-011	8.28275e-011	8.37714e-011	8.48552e-011	8.66501e-011	8.54427e-011	8.52321e-011	8.60899e-011	8.5802e-011	8.57968e-011	8.67885e-011	8.42779e-011	8.89059e-011	8.72464e-011	8.71551e-011	8.78465e-011	8.96775e-011	8.75063e-011	8.86172e-011	8.70115e-011	8.90449e-011	8.95043e-011	8.87467e-011	8.82718e-011	8.80796e-011	8.98841e-011	8.91861e-011	8.71282e-011	9.05664e-011	9.22163e-011	9.04353e-011	9.09366e-011	9.04352e-011	9.12877e-011	9.16373e-011	9.18412e-011	9.23992e-011	9.23829e-011	9.33635e-011	9.26986e-011	9.05311e-011	9.136e-011	9.29715e-011	9.3866e-011	9.36863e-011	9.52176e-011	9.46034e-011	9.38435e-011	9.39377e-011	9.51715e-011	9.50455e-011	9.72733e-011	9.45704e-011	9.54354e-011	1.12794e-010	9.10148e-011	1.03583e-010	1.05293e-010	1.06358e-010	1.00635e-010	1.03479e-010	1.03963e-010	1.04444e-010	1.03138e-010	1.02256e-010	1.04086e-010
30.376	6.96087e-011	7.08194e-011	7.21701e-011	7.27324e-011	7.15065e-011	7.30629e-011	7.31882e-011	7.43818e-011	7.58583e-011	7.69749e-011	7.85885e-011	7.97708e-011	7.88078e-011	8.06986e-011	8.63715e-011	8.77567e-011	7.95694e-011	8.22343e-011	8.6539e-011	8.76986e-011	9.68539e-011	9.24373e-011	8.96605e-011	9.15943e-011	1.00524e-010	1.00095e-010	1.1459e-010	1.06871e-010	9.98636e-011	1.01995e-010	1.04908e-010	1.21174e-010	1.13512e-010	9.62069e-011	9.78238e-011	9.45101e-011	9.75496e-011	9.80867e-011	7.91959e-011	9.73669e-011	9.81097e-011	9.31365e-011	8.95887e-011	7.88251e-011	7.71998e-011	9.34256e-011	9.33658e-011	9.43029e-011	8.98097e-011	1.32448e-010	9.29553e-011	1.01237e-010	8.87337e-011	1.18149e-010	8.93571e-011	8.78434e-011	7.01869e-011	4.05299e-011	5.27194e-011	5.36225e-011	5.51654e-011	5.44917e-011	5.81e-011	6.85614e-011	8.18765e-011	7.39784e-011	6.42207e-011	5.94592e-011	5.91227e-011	5.69264e-011	5.99407e-011	6.03098e-011	6.13187e-011	6.29676e-011	6.50421e-011	6.82564e-011	6.56118e-011	6.51068e-011	6.53131e-011	6.48025e-011	6.60029e-011	6.68435e-011	6.77526e-011	6.83732e-011	7.39901e-011	8.34605e-011	8.60008e-011	8.29679e-011	7.2862e-011	7.07518e-011	7.15667e-011	7.33787e-011	8.19008e-011	9.02059e-011	9.3152e-011	9.00963e-011	7.52542e-011	7.45496e-011	7.28423e-011	7.37031e-011	7.54895e-011	7.39879e-011	7.50544e-011	7.54754e-011	7.93214e-011	7.66658e-011	7.59356e-011	7.64166e-011	7.96086e-011	7.74415e-011	7.76283e-011	8.13116e-011	8.15642e-011	8.20281e-011	8.33462e-011	8.45187e-011	8.39743e-011	8.76405e-011	8.76618e-011	8.63947e-011	8.56247e-011	8.68515e-011	9.12177e-011	9.57239e-011	9.77992e-011	9.2373e-011	9.08718e-011	8.93677e-011	8.79322e-011	8.6851e-011	9.06946e-011	7.34678e-011	7.20923e-011	7.4142e-011	8.39731e-011	7.23053e-011	6.64194e-011	6.1816e-011	9.89165e-011	6.12421e-011	5.37736e-011	6.59416e-011	7.1465e-011	7.48432e-011	7.51476e-011	7.9377e-011	8.31037e-011	7.90433e-011	7.84794e-011	7.81269e-011	7.67003e-011	7.74134e-011	7.65524e-011	7.71884e-011	7.88213e-011	7.89516e-011	8.00075e-011	7.94181e-011	8.03255e-011	7.73022e-011	8.12033e-011	8.25307e-011	8.06415e-011	8.36057e-011	8.23536e-011	8.19557e-011	8.3126e-011	8.37936e-011	8.57438e-011	8.49059e-011	8.42795e-011	8.515e-011	8.4375e-011	8.44542e-011	8.5459e-011	8.31044e-011	8.7817e-011	8.63137e-011	8.60931e-011	8.70122e-011	8.90711e-011	8.63424e-011	8.76815e-011	8.64468e-011	8.82087e-011	8.88966e-011	8.83675e-011	8.82641e-011	8.7158e-011	8.91914e-011	8.87224e-011	8.67508e-011	9.02753e-011	9.1726e-011	8.96745e-011	9.05481e-011	9.02763e-011	9.10729e-011	9.12953e-011	9.16577e-011	9.25172e-011	9.22311e-011	9.30135e-011	9.27218e-011	9.06418e-011	9.14157e-011	9.29722e-011	9.38832e-011	9.3363e-011	9.58395e-011	9.46709e-011	9.45707e-011	9.40391e-011	9.5433e-011	9.47529e-011	9.71409e-011	9.39556e-011	9.51953e-011	1.12929e-010	9.10244e-011	1.03039e-010	1.04696e-010	1.05993e-010	1.02931e-010	1.03936e-010	1.04153e-010	1.0451e-010	1.01794e-010	1.01074e-010	1.02422e-010
30.7705	6.87546e-011	7.47513e-011	7.21753e-011	7.16676e-011	6.95859e-011	7.17864e-011	7.16273e-011	7.32508e-011	7.48001e-011	7.58466e-011	7.76046e-011	7.81456e-011	7.8541e-011	8.32185e-011	8.88216e-011	8.77803e-011	7.84519e-011	8.10472e-011	8.5425e-011	8.65863e-011	9.58861e-011	9.14714e-011	8.87678e-011	9.07035e-011	9.59214e-011	1.08707e-010	1.34415e-010	1.16986e-010	9.74115e-011	9.99015e-011	1.10459e-010	1.33725e-010	1.20495e-010	9.58364e-011	9.67413e-011	9.31443e-011	9.63289e-011	9.64398e-011	7.84084e-011	9.68674e-011	9.7327e-011	9.44986e-011	8.93108e-011	7.76213e-011	7.66413e-011	9.39408e-011	9.31695e-011	9.46806e-011	8.99044e-011	1.1919e-010	9.02702e-011	9.95544e-011	8.76254e-011	1.20114e-010	9.38962e-011	8.74578e-011	6.93044e-011	3.95788e-011	5.19856e-011	5.18919e-011	5.38664e-011	5.33386e-011	5.63073e-011	6.20584e-011	7.23059e-011	6.59821e-011	5.96556e-011	5.78969e-011	5.7635e-011	5.52993e-011	5.86026e-011	5.91179e-011	5.97018e-011	6.14256e-011	6.19325e-011	6.39362e-011	6.3152e-011	6.37219e-011	6.45746e-011	6.38534e-011	6.49147e-011	6.59018e-011	6.68861e-011	6.82247e-011	7.94158e-011	9.33893e-011	9.32197e-011	8.70484e-011	7.26615e-011	7.03411e-011	7.11601e-011	7.30475e-011	8.13595e-011	9.40964e-011	9.57612e-011	8.92818e-011	7.47296e-011	7.35293e-011	7.19691e-011	7.31913e-011	7.45535e-011	7.32706e-011	7.41273e-011	7.44813e-011	7.83318e-011	7.53951e-011	7.47408e-011	7.5155e-011	7.91371e-011	7.68318e-011	7.66662e-011	8.04971e-011	8.08258e-011	8.1723e-011	8.27603e-011	8.40089e-011	8.32552e-011	8.71406e-011	8.71668e-011	8.55476e-011	8.47112e-011	8.56573e-011	8.93859e-011	9.01836e-011	9.19783e-011	8.94852e-011	8.99174e-011	8.84186e-011	8.7274e-011	8.65552e-011	8.99756e-011	7.30398e-011	7.1027e-011	7.40105e-011	8.34185e-011	7.49699e-011	6.94466e-011	6.40632e-011	9.96695e-011	6.08581e-011	5.31096e-011	6.52118e-011	7.08838e-011	7.40534e-011	7.38637e-011	7.78133e-011	7.94034e-011	7.64915e-011	7.71475e-011	7.70866e-011	7.58803e-011	7.64565e-011	7.603e-011	7.68863e-011	7.80968e-011	7.78762e-011	7.93668e-011	7.89977e-011	7.95543e-011	7.68943e-011	8.00876e-011	8.2064e-011	7.96813e-011	8.30804e-011	8.11205e-011	8.10861e-011	8.22629e-011	8.34369e-011	8.56079e-011	8.59907e-011	8.42282e-011	8.36056e-011	8.31944e-011	8.30661e-011	8.45775e-011	8.23725e-011	8.70206e-011	8.45957e-011	8.55245e-011	8.58792e-011	8.8445e-011	8.52233e-011	8.72122e-011	8.56274e-011	8.75392e-011	8.81628e-011	8.74266e-011	8.77588e-011	8.64457e-011	8.84863e-011	8.82388e-011	8.59888e-011	8.98778e-011	9.11215e-011	8.87203e-011	9.04584e-011	9.00512e-011	9.07838e-011	9.13708e-011	9.13123e-011	9.23936e-011	9.19723e-011	9.27623e-011	9.24069e-011	9.04775e-011	9.11876e-011	9.23235e-011	9.42421e-011	9.27299e-011	9.56427e-011	9.37679e-011	9.38899e-011	9.39376e-011	9.54109e-011	9.43104e-011	9.67778e-011	9.3315e-011	9.48484e-011	1.12805e-010	9.07653e-011	1.0286e-010	1.05382e-010	1.05473e-010	1.03419e-010	1.03504e-010	1.04087e-010	1.04238e-010	1.01101e-010	1.01104e-010	1.00747e-010
31.165	6.7596e-011	1.00246e-010	7.86884e-011	7.06969e-011	6.89156e-011	7.09878e-011	7.10575e-011	7.21954e-011	7.39732e-011	7.46054e-011	7.65915e-011	7.77177e-011	8.10548e-011	1.00672e-010	1.10073e-010	9.10486e-011	7.81627e-011	8.03425e-011	8.49474e-011	8.56931e-011	9.47913e-011	9.04606e-011	8.9412e-011	8.85747e-011	9.20194e-011	1.05816e-010	1.27895e-010	1.11763e-010	9.54136e-011	9.81295e-011	1.04984e-010	1.23263e-010	1.12615e-010	9.44662e-011	9.59533e-011	9.2367e-011	9.67762e-011	9.63263e-011	7.77339e-011	9.68459e-011	9.68157e-011	9.50685e-011	8.93192e-011	7.79251e-011	7.63119e-011	9.37638e-011	8.99309e-011	9.4165e-011	8.88265e-011	1.05695e-010	8.80674e-011	9.80744e-011	8.65824e-011	1.21222e-010	1.03511e-010	8.75823e-011	6.9437e-011	3.90766e-011	5.15626e-011	5.16194e-011	5.32443e-011	5.27239e-011	5.61283e-011	5.83872e-011	6.59279e-011	6.01109e-011	5.72191e-011	5.73952e-011	5.69256e-011	5.4382e-011	5.79058e-011	5.88557e-011	5.9017e-011	6.05324e-011	6.04737e-011	6.17689e-011	6.19899e-011	6.34221e-011	6.45657e-011	6.37067e-011	6.44159e-011	6.5265e-011	6.63968e-011	6.76685e-011	7.54361e-011	9.27704e-011	9.09624e-011	8.16529e-011	7.19119e-011	6.9738e-011	7.09178e-011	7.23088e-011	7.69106e-011	9.00793e-011	9.16043e-011	8.31283e-011	7.30068e-011	7.28804e-011	7.16799e-011	7.2619e-011	7.45549e-011	7.32742e-011	7.4133e-011	7.43461e-011	7.79842e-011	7.49064e-011	7.46108e-011	7.55977e-011	8.16522e-011	7.84912e-011	7.62556e-011	8.03731e-011	8.02027e-011	8.13863e-011	8.2924e-011	8.3816e-011	8.28483e-011	8.70909e-011	8.68315e-011	8.52836e-011	8.46612e-011	8.525e-011	8.8121e-011	8.70613e-011	8.92838e-011	8.85753e-011	8.97921e-011	8.83635e-011	8.70035e-011	8.65689e-011	8.94879e-011	7.26933e-011	7.11786e-011	7.44459e-011	9.04936e-011	8.24713e-011	7.51603e-011	6.82034e-011	1.01093e-010	6.07081e-011	5.24569e-011	6.4699e-011	7.05822e-011	7.37486e-011	7.34842e-011	7.6502e-011	7.766e-011	7.503e-011	7.6325e-011	7.61887e-011	7.51925e-011	7.59073e-011	7.5548e-011	7.73282e-011	7.76057e-011	7.75946e-011	7.92231e-011	7.84206e-011	7.87578e-011	7.66639e-011	7.94947e-011	8.16799e-011	7.92201e-011	8.26849e-011	8.05049e-011	8.03216e-011	8.13494e-011	8.25171e-011	9.12519e-011	9.11283e-011	8.76452e-011	8.31593e-011	8.22413e-011	8.23916e-011	8.40387e-011	8.1255e-011	8.63241e-011	8.33204e-011	8.467e-011	8.51597e-011	8.79318e-011	8.44164e-011	8.65398e-011	8.65179e-011	8.68501e-011	8.76078e-011	8.6363e-011	8.76148e-011	8.61499e-011	8.78243e-011	8.77103e-011	8.51653e-011	8.91162e-011	9.0279e-011	8.77966e-011	8.95247e-011	8.92504e-011	9.00443e-011	9.07638e-011	9.11948e-011	9.16942e-011	9.11909e-011	9.21129e-011	9.11752e-011	8.98775e-011	9.02908e-011	9.1701e-011	9.33225e-011	9.14417e-011	9.49142e-011	9.26704e-011	9.24234e-011	9.31018e-011	9.47771e-011	9.345e-011	9.5905e-011	9.22153e-011	9.3736e-011	1.11965e-010	8.96985e-011	1.01923e-010	1.04646e-010	1.04152e-010	1.0287e-010	1.02513e-010	1.02868e-010	1.03148e-010	9.97831e-011	1.01986e-010	9.87577e-011
31.5594	6.72287e-011	1.08739e-010	8.13306e-011	7.00589e-011	6.89966e-011	7.08593e-011	7.12193e-011	7.18619e-011	7.40012e-011	7.4495e-011	7.63426e-011	7.84728e-011	8.43851e-011	1.09862e-010	1.21624e-010	9.36767e-011	7.86521e-011	8.02643e-011	8.50158e-011	8.53364e-011	9.43668e-011	9.01108e-011	8.70659e-011	8.00901e-011	1.11176e-010	1.00623e-010	1.13777e-010	1.0279e-010	9.37284e-011	9.6804e-011	9.8734e-011	1.09231e-010	1.04585e-010	9.35793e-011	9.57828e-011	9.21273e-011	9.63245e-011	9.55195e-011	7.73576e-011	9.58287e-011	9.61574e-011	9.51975e-011	8.94497e-011	7.77001e-011	7.62312e-011	9.447e-011	8.82103e-011	9.38739e-011	8.86079e-011	9.61937e-011	8.6851e-011	9.93584e-011	8.53677e-011	1.1458e-010	1.00369e-010	8.72978e-011	6.97242e-011	3.87929e-011	5.13506e-011	5.12647e-011	5.31754e-011	5.24407e-011	5.55595e-011	5.55329e-011	5.98596e-011	5.64705e-011	5.58636e-011	5.67533e-011	5.64974e-011	5.38103e-011	5.72619e-011	5.79968e-011	5.85857e-011	5.98858e-011	5.96832e-011	6.05487e-011	6.16255e-011	6.31992e-011	6.46984e-011	6.44807e-011	6.43313e-011	6.47502e-011	6.58803e-011	6.67217e-011	7.14165e-011	8.47495e-011	8.45106e-011	7.58416e-011	7.10975e-011	6.9564e-011	7.05271e-011	7.16299e-011	7.42295e-011	8.2325e-011	8.43472e-011	7.76537e-011	7.20284e-011	7.2399e-011	7.1481e-011	7.21312e-011	7.44924e-011	7.34939e-011	7.42779e-011	7.44161e-011	7.79792e-011	7.53261e-011	7.73835e-011	8.24372e-011	8.97018e-011	8.468e-011	7.73698e-011	8.01976e-011	7.98801e-011	8.11307e-011	8.23068e-011	8.34086e-011	8.20077e-011	8.596e-011	8.59101e-011	8.45002e-011	8.43013e-011	8.46707e-011	8.74653e-011	8.56862e-011	8.7832e-011	8.80465e-011	9.04004e-011	8.86093e-011	8.68151e-011	8.59463e-011	8.91451e-011	7.22018e-011	7.11811e-011	7.60849e-011	9.43403e-011	8.80258e-011	8.07084e-011	7.24596e-011	1.00558e-010	6.00951e-011	5.16944e-011	6.40012e-011	7.01632e-011	7.31085e-011	7.26229e-011	7.52765e-011	7.65702e-011	7.40044e-011	7.53635e-011	7.58625e-011	7.45017e-011	7.50662e-011	7.4842e-011	7.67572e-011	7.69555e-011	7.69365e-011	7.84142e-011	7.76036e-011	7.79326e-011	7.58305e-011	7.87958e-011	8.12582e-011	7.9147e-011	8.21747e-011	7.97718e-011	7.99368e-011	8.10272e-011	8.46142e-011	1.00267e-010	1.00135e-010	9.74278e-011	8.36487e-011	8.20786e-011	8.20766e-011	8.32142e-011	8.00639e-011	8.51948e-011	8.21098e-011	8.35924e-011	8.45007e-011	8.71199e-011	8.37372e-011	8.53506e-011	8.71752e-011	8.59973e-011	8.66732e-011	8.52036e-011	8.65876e-011	8.53262e-011	8.69898e-011	8.67936e-011	8.51661e-011	8.80347e-011	8.91863e-011	8.69069e-011	8.88381e-011	8.84095e-011	8.89777e-011	8.98285e-011	9.01765e-011	9.08784e-011	9.01491e-011	9.12735e-011	9.04666e-011	8.94425e-011	8.9201e-011	9.07418e-011	9.22082e-011	9.10292e-011	9.36321e-011	9.16615e-011	9.13304e-011	9.20675e-011	9.38014e-011	9.18187e-011	9.4832e-011	9.09865e-011	9.28511e-011	1.10424e-010	8.84299e-011	1.00569e-010	1.02065e-010	1.02915e-010	1.01833e-010	1.0132e-010	1.01518e-010	1.01855e-010	9.81908e-011	1.01379e-010	9.70657e-011
31.9539	6.68687e-011	9.57986e-011	7.43777e-011	6.95221e-011	6.9377e-011	7.10143e-011	7.15775e-011	7.17091e-011	7.40517e-011	7.48916e-011	7.71568e-011	7.89191e-011	8.28209e-011	9.54325e-011	1.10326e-010	9.06522e-011	7.93306e-011	8.0361e-011	8.61018e-011	8.54122e-011	9.42894e-011	9.03802e-011	9.111e-011	1.03692e-010	1.15485e-010	1.11064e-010	1.04498e-010	9.75713e-011	9.28557e-011	9.60643e-011	9.54849e-011	9.99731e-011	9.94591e-011	9.26577e-011	9.58514e-011	9.20435e-011	9.72309e-011	9.61308e-011	7.72453e-011	9.61356e-011	9.63121e-011	9.58428e-011	8.98002e-011	7.83985e-011	7.57064e-011	9.50074e-011	8.70247e-011	9.35363e-011	8.88328e-011	8.89825e-011	8.58442e-011	1.02699e-010	8.52004e-011	1.03264e-010	9.3186e-011	8.63906e-011	6.90228e-011	3.87972e-011	5.07751e-011	5.1038e-011	5.23691e-011	5.21976e-011	5.5451e-011	5.39166e-011	5.62356e-011	5.49095e-011	5.49373e-011	5.62477e-011	5.59839e-011	5.31462e-011	5.68757e-011	5.73172e-011	5.77557e-011	5.95481e-011	5.91237e-011	5.99818e-011	6.09083e-011	6.32601e-011	6.59661e-011	6.76693e-011	6.55131e-011	6.42109e-011	6.53338e-011	6.61681e-011	6.89277e-011	7.78974e-011	7.67946e-011	7.13325e-011	7.00809e-011	6.91834e-011	6.97827e-011	7.04504e-011	7.23292e-011	7.72759e-011	7.76491e-011	7.35915e-011	7.03165e-011	7.18234e-011	7.13277e-011	7.15431e-011	7.36124e-011	7.31792e-011	7.38143e-011	7.34465e-011	7.7575e-011	7.62729e-011	8.43233e-011	9.30848e-011	9.8844e-011	9.17453e-011	7.82878e-011	8.01816e-011	7.97157e-011	7.9104e-011	8.14888e-011	8.22995e-011	8.08219e-011	8.46261e-011	8.5285e-011	8.35128e-011	8.34517e-011	8.36732e-011	8.6677e-011	8.45359e-011	8.73194e-011	8.91002e-011	9.38775e-011	9.00105e-011	8.67119e-011	8.51243e-011	8.80329e-011	7.16563e-011	7.01312e-011	7.57447e-011	9.1639e-011	8.88195e-011	8.42831e-011	7.02454e-011	9.85541e-011	5.92294e-011	5.25387e-011	6.33417e-011	6.95711e-011	7.21555e-011	7.13089e-011	7.41729e-011	7.48915e-011	7.27505e-011	7.45344e-011	7.55297e-011	7.50224e-011	7.56547e-011	7.42844e-011	7.55536e-011	7.60342e-011	7.47978e-011	7.71292e-011	7.67439e-011	7.69984e-011	7.48932e-011	7.77127e-011	8.06006e-011	7.8415e-011	8.15827e-011	7.93912e-011	8.01248e-011	8.43547e-011	9.10098e-011	1.01304e-010	1.04026e-010	9.97451e-011	8.37497e-011	8.11774e-011	8.13873e-011	8.23798e-011	7.89416e-011	8.34989e-011	8.11974e-011	8.26065e-011	8.36556e-011	8.613e-011	8.3031e-011	8.46425e-011	8.64652e-011	8.54998e-011	8.58883e-011	8.37743e-011	8.59423e-011	8.45365e-011	8.61986e-011	8.61438e-011	8.45148e-011	8.72392e-011	8.83895e-011	8.63946e-011	8.82531e-011	8.80376e-011	8.81763e-011	8.93117e-011	8.93016e-011	8.95741e-011	8.93438e-011	9.04673e-011	8.97312e-011	8.91348e-011	8.85355e-011	9.00043e-011	9.20414e-011	9.02192e-011	9.28217e-011	9.0922e-011	9.08048e-011	9.11131e-011	9.34181e-011	9.10067e-011	9.3877e-011	9.0317e-011	9.2253e-011	1.09969e-010	8.74749e-011	9.98286e-011	1.0111e-010	1.01817e-010	9.95932e-011	1.0058e-010	1.0085e-010	1.00902e-010	9.70239e-011	1.00498e-010	9.64712e-011
32.3484	6.87215e-011	8.21405e-011	6.9133e-011	6.94058e-011	6.99614e-011	7.12282e-011	7.11353e-011	7.18251e-011	7.37975e-011	7.47673e-011	7.72338e-011	7.79121e-011	7.96588e-011	7.94029e-011	9.73551e-011	8.75952e-011	7.89752e-011	8.02789e-011	8.5222e-011	8.5306e-011	9.41712e-011	9.13213e-011	1.10822e-010	1.12251e-010	1.13249e-010	1.236e-010	9.99535e-011	9.43726e-011	9.2074e-011	9.54857e-011	9.3467e-011	9.42306e-011	9.64196e-011	9.18213e-011	9.579e-011	9.21143e-011	9.65772e-011	9.51096e-011	7.68566e-011	9.53796e-011	9.57603e-011	9.60666e-011	8.95142e-011	7.68886e-011	7.51153e-011	9.53351e-011	8.59145e-011	9.34166e-011	8.88466e-011	8.44165e-011	8.5054e-011	1.03828e-010	8.45351e-011	9.50194e-011	8.82896e-011	8.54134e-011	6.81799e-011	4.01597e-011	5.02011e-011	5.05271e-011	5.14929e-011	5.17418e-011	5.48443e-011	5.2945e-011	5.43992e-011	5.37796e-011	5.41569e-011	5.53168e-011	5.49028e-011	5.26291e-011	5.64228e-011	5.67143e-011	5.72886e-011	5.89312e-011	5.84285e-011	5.92798e-011	6.13423e-011	6.82581e-011	7.50283e-011	7.69393e-011	7.03491e-011	6.40416e-011	6.48013e-011	6.49869e-011	6.71692e-011	7.19196e-011	7.10967e-011	6.8557e-011	6.90853e-011	6.85394e-011	6.93476e-011	6.94387e-011	7.05982e-011	7.20405e-011	7.28371e-011	7.12028e-011	6.90657e-011	7.06393e-011	7.07817e-011	7.09213e-011	7.3129e-011	7.39769e-011	7.29652e-011	7.2879e-011	7.68606e-011	7.55546e-011	8.37439e-011	9.80007e-011	9.96141e-011	9.02266e-011	7.81939e-011	8.02272e-011	7.99008e-011	7.77148e-011	8.07392e-011	8.11184e-011	7.97094e-011	8.32251e-011	8.38813e-011	8.27493e-011	8.23999e-011	8.25476e-011	8.59775e-011	8.46197e-011	9.34715e-011	9.90352e-011	1.03739e-010	9.47998e-011	8.66432e-011	8.47682e-011	8.73896e-011	7.08687e-011	6.9485e-011	7.48115e-011	8.86336e-011	8.30278e-011	7.86331e-011	6.45231e-011	9.67589e-011	5.82191e-011	5.13134e-011	6.24015e-011	6.84877e-011	7.12859e-011	6.97963e-011	7.31601e-011	7.40929e-011	7.18805e-011	7.35931e-011	7.57313e-011	7.85808e-011	7.8785e-011	7.5487e-011	7.46143e-011	7.49527e-011	7.29316e-011	7.58352e-011	7.55223e-011	7.57064e-011	7.40308e-011	7.71372e-011	7.96694e-011	7.75567e-011	8.07259e-011	7.86788e-011	8.00569e-011	8.50028e-011	8.68036e-011	1.01171e-010	1.05822e-010	9.46882e-011	8.17659e-011	8.01244e-011	8.10509e-011	8.14746e-011	7.81819e-011	8.28134e-011	8.04433e-011	8.1784e-011	8.29075e-011	8.64563e-011	8.38605e-011	8.44755e-011	8.56589e-011	8.41257e-011	8.51605e-011	8.2836e-011	8.51506e-011	8.432e-011	8.5629e-011	8.57211e-011	8.40963e-011	8.61108e-011	8.79082e-011	8.62034e-011	8.77094e-011	8.74272e-011	8.75705e-011	8.89965e-011	8.92055e-011	8.90546e-011	8.88294e-011	8.98867e-011	8.95129e-011	8.82793e-011	8.81854e-011	8.96597e-011	9.1774e-011	9.00289e-011	9.22802e-011	9.04579e-011	9.04182e-011	9.08041e-011	9.29725e-011	9.07816e-011	9.35156e-011	8.97479e-011	9.18333e-011	1.08913e-010	8.62117e-011	1.00858e-010	1.01146e-010	1.0186e-010	9.7787e-011	1.00138e-010	1.00344e-010	1.00903e-010	9.639e-011	9.81581e-011	9.55671e-011
32.7429	7.61465e-011	7.41229e-011	6.70974e-011	6.88533e-011	7.03207e-011	7.12855e-011	7.03907e-011	7.1707e-011	7.38061e-011	7.52597e-011	7.65677e-011	7.7873e-011	7.78899e-011	6.78346e-011	8.9842e-011	8.65656e-011	7.84301e-011	8.029e-011	8.4861e-011	8.50014e-011	8.97097e-011	9.29154e-011	1.01903e-010	1.0189e-010	1.01445e-010	1.16066e-010	9.64764e-011	9.30953e-011	9.16397e-011	9.5109e-011	9.25766e-011	9.11841e-011	9.54306e-011	9.24614e-011	9.72737e-011	9.40847e-011	9.69633e-011	9.54827e-011	7.67883e-011	9.56556e-011	9.54522e-011	9.68886e-011	9.01095e-011	7.60432e-011	7.66857e-011	9.52508e-011	8.55325e-011	9.30226e-011	8.8655e-011	8.19993e-011	8.44106e-011	1.02959e-010	8.40116e-011	8.95568e-011	8.63866e-011	8.42135e-011	6.7326e-011	3.98663e-011	4.96112e-011	4.97837e-011	5.10961e-011	5.06917e-011	5.42125e-011	5.20172e-011	5.33899e-011	5.30459e-011	5.35561e-011	5.4492e-011	5.40682e-011	5.18563e-011	5.59262e-011	5.62797e-011	5.69876e-011	5.86924e-011	5.76807e-011	5.88802e-011	6.29334e-011	7.71249e-011	8.74572e-011	8.41464e-011	7.47625e-011	6.40903e-011	6.41992e-011	6.4448e-011	6.59082e-011	6.79369e-011	6.80346e-011	6.71298e-011	6.82218e-011	6.74542e-011	6.82551e-011	6.84818e-011	6.92771e-011	6.85698e-011	7.05022e-011	6.9718e-011	6.81455e-011	6.98554e-011	6.99913e-011	7.01958e-011	7.23973e-011	7.45959e-011	7.18642e-011	7.24861e-011	7.61048e-011	7.53644e-011	8.18341e-011	9.36572e-011	9.48367e-011	8.48011e-011	7.9262e-011	8.25756e-011	8.33869e-011	7.69111e-011	8.00022e-011	8.03053e-011	7.8606e-011	8.1903e-011	8.25548e-011	8.20613e-011	8.11364e-011	8.12087e-011	8.50632e-011	8.53441e-011	1.00191e-010	1.09965e-010	1.09737e-010	9.90807e-011	8.65644e-011	8.41864e-011	8.68046e-011	7.00665e-011	6.90371e-011	7.38609e-011	8.57521e-011	8.07151e-011	7.0819e-011	5.99918e-011	9.43678e-011	5.69685e-011	4.97037e-011	6.15041e-011	6.716e-011	7.05279e-011	6.78226e-011	7.21133e-011	7.31875e-011	7.14024e-011	7.36852e-011	8.31781e-011	8.56696e-011	8.56587e-011	8.34312e-011	7.4845e-011	7.39689e-011	7.18045e-011	7.47792e-011	7.42519e-011	7.49358e-011	7.3046e-011	7.57955e-011	7.8685e-011	7.72153e-011	7.98851e-011	7.76243e-011	7.88602e-011	8.23072e-011	8.25377e-011	9.59059e-011	9.70593e-011	8.82117e-011	7.95756e-011	7.9221e-011	7.95063e-011	8.03602e-011	7.70692e-011	8.18453e-011	8.02628e-011	8.10342e-011	8.33739e-011	9.17812e-011	8.73309e-011	8.55203e-011	8.51352e-011	8.33904e-011	8.4071e-011	8.2035e-011	8.41383e-011	8.34537e-011	8.49088e-011	8.50756e-011	8.29544e-011	8.51153e-011	8.74877e-011	8.57866e-011	8.70823e-011	8.63041e-011	8.70942e-011	8.85958e-011	8.90234e-011	8.83055e-011	8.84419e-011	8.92182e-011	8.92062e-011	8.72632e-011	8.73885e-011	8.90108e-011	9.11301e-011	8.98902e-011	9.17898e-011	8.98302e-011	8.99389e-011	8.9902e-011	9.23618e-011	9.04625e-011	9.28454e-011	8.91552e-011	9.13183e-011	1.08547e-010	8.6138e-011	1.00933e-010	1.01014e-010	1.01378e-010	9.70973e-011	9.97409e-011	9.95252e-011	9.99494e-011	9.56574e-011	9.60761e-011	9.49208e-011
33.1374	7.94253e-011	6.9897e-011	6.77933e-011	6.87576e-011	7.00763e-011	7.03924e-011	7.09914e-011	6.95167e-011	7.36095e-011	7.52715e-011	7.51453e-011	7.80873e-011	7.70987e-011	6.08958e-011	8.61111e-011	8.60426e-011	7.77585e-011	8.04697e-011	8.46065e-011	8.50269e-011	8.66586e-011	9.23582e-011	9.22704e-011	9.27512e-011	9.35149e-011	1.04274e-010	9.37486e-011	9.22901e-011	9.11146e-011	9.45783e-011	9.22546e-011	8.96425e-011	9.4312e-011	9.37655e-011	1.09499e-010	1.11161e-010	9.95365e-011	9.53367e-011	7.64226e-011	9.51417e-011	9.51472e-011	9.65783e-011	9.03651e-011	7.63649e-011	8.01444e-011	9.57047e-011	8.49099e-011	9.32517e-011	8.84504e-011	8.03611e-011	8.34814e-011	1.03381e-010	8.31434e-011	8.63982e-011	8.54367e-011	8.34013e-011	6.66515e-011	3.92581e-011	4.92121e-011	4.91653e-011	5.06869e-011	5.02061e-011	5.32933e-011	5.13072e-011	5.23178e-011	5.24687e-011	5.31882e-011	5.36193e-011	5.35477e-011	5.10452e-011	5.54672e-011	5.58159e-011	5.65188e-011	5.81474e-011	5.70595e-011	5.81827e-011	6.16598e-011	7.40611e-011	8.95305e-011	8.1073e-011	7.17558e-011	6.3507e-011	6.36111e-011	6.39981e-011	6.48109e-011	6.69063e-011	6.88562e-011	6.83752e-011	6.76772e-011	6.64051e-011	6.70585e-011	6.77806e-011	6.84285e-011	6.66455e-011	6.84305e-011	6.8713e-011	6.77788e-011	6.93413e-011	6.96156e-011	6.953e-011	7.15842e-011	7.3707e-011	7.08994e-011	7.18027e-011	7.79165e-011	8.19565e-011	8.54939e-011	9.2385e-011	8.8204e-011	8.34489e-011	8.83322e-011	9.10702e-011	9.10917e-011	7.76844e-011	7.92715e-011	7.92847e-011	7.76526e-011	8.1374e-011	8.16646e-011	8.08812e-011	8.07379e-011	8.03775e-011	8.42279e-011	8.3862e-011	9.67052e-011	1.1126e-010	1.05886e-010	9.59399e-011	8.59192e-011	8.32515e-011	8.61515e-011	6.99807e-011	6.8019e-011	7.28389e-011	8.33693e-011	7.38292e-011	6.44292e-011	5.68832e-011	9.26837e-011	5.57804e-011	4.87261e-011	6.0737e-011	6.62463e-011	6.98246e-011	6.79012e-011	7.11883e-011	7.24017e-011	7.08271e-011	7.38203e-011	8.4238e-011	8.70829e-011	8.81396e-011	8.57657e-011	7.43192e-011	7.33681e-011	7.06288e-011	7.39571e-011	7.36404e-011	7.43923e-011	7.22847e-011	7.46022e-011	7.7631e-011	7.6515e-011	7.87528e-011	7.67029e-011	7.7364e-011	7.95935e-011	7.89637e-011	8.86149e-011	8.91222e-011	8.23423e-011	7.83449e-011	7.8344e-011	7.88403e-011	7.93338e-011	7.60396e-011	8.10982e-011	7.95124e-011	8.17089e-011	9.18297e-011	9.85198e-011	9.42807e-011	9.23954e-011	8.50799e-011	8.26893e-011	8.35096e-011	8.14705e-011	8.29995e-011	8.23118e-011	8.38352e-011	8.42847e-011	8.16605e-011	8.44612e-011	8.7402e-011	8.52694e-011	8.64907e-011	8.54239e-011	8.65683e-011	8.80669e-011	8.84916e-011	8.74852e-011	8.79758e-011	8.86065e-011	8.87345e-011	8.63602e-011	8.65541e-011	8.8245e-011	9.02188e-011	8.93332e-011	9.13729e-011	8.89821e-011	8.9231e-011	8.89771e-011	9.15057e-011	8.96752e-011	9.1984e-011	8.85055e-011	9.04517e-011	1.07821e-010	8.56947e-011	1.00488e-010	1.00352e-010	1.00784e-010	9.60726e-011	9.90708e-011	9.85669e-011	9.8703e-011	9.68367e-011	9.51105e-011	9.39529e-011
33.5319	7.39208e-011	6.73184e-011	6.71407e-011	6.83885e-011	6.9705e-011	6.99475e-011	7.06158e-011	7.07814e-011	7.30153e-011	7.46752e-011	7.41185e-011	7.7344e-011	7.61391e-011	5.73632e-011	8.40048e-011	8.53626e-011	7.72908e-011	8.01428e-011	8.42062e-011	8.45533e-011	8.48975e-011	9.07381e-011	8.84345e-011	8.89849e-011	9.00324e-011	9.5862e-011	9.13336e-011	9.12303e-011	9.01958e-011	9.39434e-011	9.15465e-011	8.87898e-011	9.44574e-011	9.60516e-011	1.28137e-010	1.31012e-010	1.04674e-010	9.61165e-011	7.61295e-011	9.52041e-011	9.54222e-011	9.67089e-011	8.99942e-011	7.66353e-011	8.23414e-011	9.61148e-011	8.4533e-011	9.26591e-011	8.69993e-011	7.95513e-011	8.25987e-011	1.02997e-010	8.22579e-011	8.42973e-011	8.73337e-011	8.24403e-011	6.59749e-011	3.81516e-011	4.81759e-011	4.84134e-011	5.02194e-011	4.94516e-011	5.19663e-011	5.05503e-011	5.19169e-011	5.15667e-011	5.25706e-011	5.25006e-011	5.29992e-011	5.07099e-011	5.50594e-011	5.53356e-011	5.57518e-011	5.70223e-011	5.64332e-011	5.75554e-011	5.99603e-011	6.74329e-011	8.17587e-011	7.42287e-011	6.67673e-011	6.23741e-011	6.28344e-011	6.32205e-011	6.62462e-011	7.17688e-011	7.54318e-011	7.34503e-011	6.76096e-011	6.56225e-011	6.61323e-011	6.69251e-011	6.75722e-011	6.55028e-011	6.75728e-011	6.80689e-011	6.75625e-011	6.90529e-011	6.88267e-011	6.85263e-011	7.06512e-011	7.22022e-011	7.01081e-011	7.15108e-011	8.28374e-011	9.13761e-011	9.16278e-011	9.39479e-011	8.40532e-011	8.3654e-011	9.47499e-011	9.82017e-011	9.49377e-011	7.82448e-011	7.83318e-011	7.80591e-011	7.70694e-011	8.09332e-011	8.09379e-011	7.97258e-011	7.97964e-011	7.97214e-011	8.33573e-011	8.22056e-011	9.04067e-011	1.03818e-010	9.93019e-011	9.20689e-011	8.44762e-011	8.24511e-011	8.56367e-011	6.90374e-011	6.73612e-011	7.20382e-011	8.16401e-011	6.90292e-011	6.04147e-011	5.50112e-011	9.08831e-011	5.46227e-011	4.84254e-011	5.92937e-011	6.49459e-011	6.80958e-011	6.75294e-011	7.05311e-011	7.17446e-011	6.98845e-011	7.27351e-011	7.94394e-011	8.70693e-011	9.14829e-011	8.18962e-011	7.30924e-011	7.26415e-011	7.01168e-011	7.32311e-011	7.28434e-011	7.40955e-011	7.1417e-011	7.37348e-011	7.67641e-011	7.56485e-011	7.78153e-011	7.59801e-011	7.67845e-011	7.76576e-011	7.66712e-011	8.27522e-011	8.23316e-011	7.82661e-011	7.76972e-011	7.75541e-011	7.81224e-011	7.86879e-011	7.51801e-011	8.03107e-011	7.8797e-011	8.20654e-011	9.22584e-011	1.0002e-010	9.8353e-011	9.49688e-011	8.50831e-011	8.19791e-011	8.24431e-011	8.11904e-011	8.24346e-011	8.16763e-011	8.34863e-011	8.37938e-011	8.05993e-011	8.44721e-011	8.72709e-011	8.48537e-011	8.60759e-011	8.52244e-011	8.6584e-011	8.7798e-011	8.80095e-011	8.7147e-011	8.72102e-011	8.86989e-011	8.84709e-011	8.58121e-011	8.67927e-011	8.81991e-011	8.97456e-011	8.89326e-011	9.08307e-011	8.86553e-011	8.87625e-011	8.87242e-011	9.11826e-011	8.94248e-011	9.13779e-011	8.85434e-011	8.99911e-011	1.07504e-010	8.49511e-011	1.00459e-010	9.99679e-011	1.00616e-010	9.58345e-011	9.85485e-011	9.81889e-011	9.83979e-011	9.6176e-011	9.65224e-011	9.3938e-011
33.9264	6.9244e-011	6.68632e-011	6.47654e-011	6.80923e-011	6.93453e-011	6.96671e-011	7.02003e-011	7.10878e-011	7.3115e-011	7.40683e-011	7.53758e-011	7.66091e-011	7.5697e-011	5.61428e-011	8.322e-011	8.54418e-011	7.84481e-011	7.98073e-011	8.39489e-011	8.43026e-011	8.46535e-011	8.99292e-011	8.62752e-011	8.70461e-011	8.78856e-011	9.14361e-011	8.97704e-011	9.05301e-011	8.92158e-011	9.3255e-011	9.12209e-011	8.84699e-011	9.43574e-011	9.50287e-011	1.2512e-010	1.265e-010	1.0431e-010	9.58288e-011	7.60612e-011	9.49265e-011	9.50781e-011	9.58697e-011	9.00168e-011	7.6591e-011	8.39444e-011	9.5794e-011	8.42166e-011	9.27041e-011	8.662e-011	7.96762e-011	8.12993e-011	1.02987e-010	8.23233e-011	8.34381e-011	8.86921e-011	8.23026e-011	6.56265e-011	3.78782e-011	4.79772e-011	4.81467e-011	4.99558e-011	4.92627e-011	5.19232e-011	5.04388e-011	5.20225e-011	5.16037e-011	5.19676e-011	5.21859e-011	5.28299e-011	5.06859e-011	5.4895e-011	5.53162e-011	5.55918e-011	5.65074e-011	5.6206e-011	5.7473e-011	5.91656e-011	6.36406e-011	7.36832e-011	6.78688e-011	6.36227e-011	6.22303e-011	6.27634e-011	6.37936e-011	7.32479e-011	8.54132e-011	8.65777e-011	8.15977e-011	6.84021e-011	6.57017e-011	6.62122e-011	6.65056e-011	6.75104e-011	6.53701e-011	6.75832e-011	6.84367e-011	6.92874e-011	6.97067e-011	6.86949e-011	6.84658e-011	7.04478e-011	7.19985e-011	6.98328e-011	7.11636e-011	8.13471e-011	9.24562e-011	9.33501e-011	8.89563e-011	8.16318e-011	7.98748e-011	9.27552e-011	9.80627e-011	9.00841e-011	7.68179e-011	7.79035e-011	7.75579e-011	7.65667e-011	8.10003e-011	8.07891e-011	7.92181e-011	7.93583e-011	7.97099e-011	8.27725e-011	8.1476e-011	8.68896e-011	9.77994e-011	9.29236e-011	8.8902e-011	8.40206e-011	8.20643e-011	8.54614e-011	6.8788e-011	6.68947e-011	7.09261e-011	8.12392e-011	6.69826e-011	5.90791e-011	5.41723e-011	9.01122e-011	5.50625e-011	4.88617e-011	5.95121e-011	6.46608e-011	6.78784e-011	6.75938e-011	7.04487e-011	7.15867e-011	6.92941e-011	7.13549e-011	7.57697e-011	8.26811e-011	8.58047e-011	7.77133e-011	7.18329e-011	7.23057e-011	6.94905e-011	7.29571e-011	7.2493e-011	7.41686e-011	7.08423e-011	7.33692e-011	7.66074e-011	7.52008e-011	7.74336e-011	7.57357e-011	7.68202e-011	7.70449e-011	7.59812e-011	7.96282e-011	7.84161e-011	7.62014e-011	7.73404e-011	7.72625e-011	7.77531e-011	7.80266e-011	7.49408e-011	7.99221e-011	7.83304e-011	8.08065e-011	8.79218e-011	1.0039e-010	9.99301e-011	9.25396e-011	8.45035e-011	8.1678e-011	8.19919e-011	8.13032e-011	8.21827e-011	8.15598e-011	8.34336e-011	8.35905e-011	8.06024e-011	8.48958e-011	8.7044e-011	8.51186e-011	8.61185e-011	8.53301e-011	8.70385e-011	8.78871e-011	8.76616e-011	8.71476e-011	8.69165e-011	8.86822e-011	8.85882e-011	8.55634e-011	8.68207e-011	8.83609e-011	8.93983e-011	8.87903e-011	8.9465e-011	8.84944e-011	8.84493e-011	8.91155e-011	9.12786e-011	8.92255e-011	9.03831e-011	8.76816e-011	8.93335e-011	1.07051e-010	8.43448e-011	9.99143e-011	9.96267e-011	1.00622e-010	9.49725e-011	9.76045e-011	9.75913e-011	9.7861e-011	9.44142e-011	9.66779e-011	9.56536e-011
34.3209	6.65864e-011	6.67965e-011	6.36471e-011	6.72791e-011	6.84086e-011	6.91066e-011	6.93731e-011	7.03508e-011	7.23253e-011	7.32255e-011	7.5194e-011	7.59454e-011	7.49799e-011	5.55147e-011	8.32521e-011	9.47039e-011	9.34407e-011	8.01052e-011	8.36208e-011	8.35627e-011	8.37872e-011	8.91506e-011	8.50127e-011	8.63709e-011	8.72261e-011	8.92924e-011	8.88562e-011	8.99881e-011	8.84746e-011	9.31713e-011	9.09377e-011	8.77012e-011	9.36029e-011	9.25744e-011	1.11896e-010	1.13076e-010	1.02968e-010	9.62858e-011	7.57458e-011	9.53383e-011	9.536e-011	9.58785e-011	9.06094e-011	7.67675e-011	8.54898e-011	9.62088e-011	8.37148e-011	9.24281e-011	8.62126e-011	8.00655e-011	8.04857e-011	1.03042e-010	8.35309e-011	8.8584e-011	8.9135e-011	8.21843e-011	6.58038e-011	3.81367e-011	4.83168e-011	4.87099e-011	4.98142e-011	4.9273e-011	5.1871e-011	5.08952e-011	5.19875e-011	5.14342e-011	5.20206e-011	5.25326e-011	5.28273e-011	5.07623e-011	5.46218e-011	5.5336e-011	5.55473e-011	5.64698e-011	5.61752e-011	5.75915e-011	5.87907e-011	6.18436e-011	6.825e-011	6.34412e-011	6.19146e-011	6.20989e-011	6.29229e-011	6.43867e-011	7.41316e-011	9.01582e-011	8.93276e-011	8.17811e-011	6.88039e-011	6.59648e-011	6.68362e-011	6.70619e-011	6.77131e-011	6.55047e-011	6.9435e-011	7.31481e-011	7.62868e-011	7.32808e-011	6.84864e-011	6.87596e-011	7.0458e-011	7.2082e-011	6.97752e-011	7.11075e-011	7.82215e-011	8.64037e-011	8.91554e-011	8.21915e-011	7.9224e-011	7.76817e-011	8.55632e-011	9.20135e-011	8.44633e-011	7.54818e-011	7.72811e-011	7.7649e-011	7.69427e-011	8.11611e-011	8.09487e-011	7.9305e-011	7.94437e-011	7.92938e-011	8.26401e-011	8.13415e-011	8.51104e-011	9.16615e-011	8.82828e-011	8.70436e-011	8.33733e-011	8.21281e-011	8.55933e-011	6.87021e-011	6.77335e-011	7.01185e-011	8.10703e-011	6.64524e-011	5.88303e-011	5.4633e-011	9.00683e-011	5.48708e-011	4.91648e-011	5.99528e-011	6.48103e-011	6.79509e-011	6.78033e-011	7.05808e-011	7.17127e-011	6.94136e-011	7.08966e-011	7.35907e-011	7.75672e-011	7.9184e-011	7.37991e-011	7.17677e-011	7.19472e-011	6.91957e-011	7.294e-011	7.23963e-011	7.39207e-011	7.09429e-011	7.35326e-011	7.69048e-011	7.50606e-011	7.72842e-011	7.58625e-011	7.66518e-011	7.66524e-011	7.57217e-011	7.84301e-011	7.68507e-011	7.56967e-011	7.7682e-011	7.68791e-011	7.73586e-011	7.75495e-011	7.50951e-011	7.97792e-011	7.80328e-011	7.96401e-011	8.40295e-011	9.57003e-011	9.33706e-011	8.88955e-011	8.40603e-011	8.12932e-011	8.17368e-011	8.11775e-011	8.23292e-011	8.16211e-011	8.35524e-011	8.3981e-011	8.07644e-011	8.5329e-011	8.7034e-011	8.47368e-011	8.65073e-011	8.55609e-011	8.73968e-011	8.83727e-011	8.74888e-011	8.69589e-011	8.68545e-011	8.90325e-011	8.85651e-011	8.60236e-011	8.68356e-011	8.83588e-011	8.92363e-011	8.8611e-011	8.94825e-011	8.82799e-011	8.85026e-011	8.97221e-011	9.14386e-011	8.94384e-011	9.07203e-011	8.73573e-011	8.86332e-011	1.06475e-010	8.33204e-011	9.77278e-011	9.9206e-011	1.01967e-010	9.41548e-011	9.71952e-011	9.68046e-011	9.68394e-011	9.31577e-011	9.58289e-011	9.56406e-011
34.7154	6.43868e-011	6.56173e-011	6.21311e-011	6.65688e-011	6.7504e-011	6.81504e-011	6.87222e-011	7.01478e-011	7.19272e-011	7.18467e-011	7.42625e-011	7.48898e-011	7.44427e-011	5.59957e-011	8.49653e-011	1.15289e-010	1.16186e-010	7.09452e-011	8.31195e-011	8.30785e-011	8.30344e-011	8.82005e-011	8.42936e-011	8.5811e-011	8.01124e-011	8.81937e-011	8.81305e-011	8.91354e-011	8.78517e-011	9.2421e-011	9.00598e-011	8.6767e-011	9.26836e-011	9.05985e-011	1.02293e-010	1.03058e-010	1.02321e-010	9.58665e-011	7.50547e-011	9.41608e-011	9.42673e-011	9.44421e-011	8.97574e-011	7.68567e-011	8.5806e-011	9.48949e-011	8.30559e-011	9.15671e-011	8.58635e-011	8.00139e-011	8.00171e-011	1.02584e-010	8.11567e-011	9.69333e-011	8.91395e-011	8.19853e-011	6.56867e-011	3.82442e-011	4.81487e-011	4.86946e-011	4.97373e-011	4.91342e-011	5.22416e-011	5.04181e-011	5.19479e-011	5.14035e-011	5.18557e-011	5.27333e-011	5.25364e-011	5.04082e-011	5.42042e-011	5.47834e-011	5.54307e-011	5.63606e-011	5.63589e-011	5.74252e-011	5.86312e-011	6.01911e-011	6.33189e-011	6.13017e-011	6.09952e-011	6.15426e-011	6.28723e-011	6.36275e-011	6.98071e-011	8.56246e-011	8.46563e-011	7.57577e-011	6.79986e-011	6.60209e-011	6.66824e-011	6.7198e-011	6.84244e-011	6.66483e-011	7.78666e-011	8.57966e-011	8.74388e-011	8.00795e-011	6.87178e-011	6.85651e-011	7.05517e-011	7.25351e-011	7.00162e-011	7.07077e-011	7.66094e-011	8.11511e-011	8.19045e-011	7.69415e-011	7.72601e-011	7.5933e-011	8.02444e-011	8.55525e-011	8.01452e-011	7.46632e-011	7.68909e-011	7.75443e-011	7.6909e-011	8.12696e-011	8.0985e-011	7.9269e-011	7.95494e-011	7.96123e-011	8.29572e-011	8.10142e-011	8.39242e-011	8.72595e-011	8.60211e-011	8.59221e-011	8.26777e-011	8.1644e-011	8.53205e-011	6.84262e-011	6.81685e-011	6.94787e-011	8.12124e-011	6.6305e-011	5.91787e-011	5.49058e-011	9.00511e-011	5.44205e-011	4.77813e-011	5.97784e-011	6.4488e-011	6.78374e-011	6.82557e-011	7.04562e-011	7.15108e-011	6.92771e-011	7.06825e-011	7.25131e-011	7.33408e-011	7.3951e-011	7.13444e-011	7.18054e-011	7.16205e-011	6.90757e-011	7.28123e-011	7.19037e-011	7.37057e-011	7.05055e-011	7.3301e-011	7.69502e-011	7.45974e-011	7.75262e-011	7.70952e-011	7.78751e-011	7.60809e-011	7.56404e-011	7.76963e-011	7.62496e-011	7.52282e-011	7.74173e-011	7.61039e-011	7.67155e-011	7.72526e-011	7.45727e-011	7.96026e-011	7.74163e-011	7.90118e-011	8.12469e-011	8.90492e-011	8.71358e-011	8.45766e-011	8.36566e-011	8.08767e-011	8.16644e-011	8.09492e-011	8.20162e-011	8.1366e-011	8.32836e-011	8.41982e-011	8.08247e-011	8.54466e-011	8.71372e-011	8.45397e-011	8.68667e-011	8.59054e-011	8.77262e-011	8.81868e-011	8.75016e-011	8.70989e-011	8.69073e-011	8.94263e-011	8.87998e-011	8.63133e-011	8.69659e-011	8.80439e-011	8.90472e-011	8.85476e-011	9.03302e-011	8.84674e-011	8.85296e-011	8.98741e-011	9.12868e-011	8.80543e-011	9.04605e-011	8.66504e-011	8.83361e-011	1.0573e-010	8.28423e-011	9.60163e-011	9.69751e-011	1.00002e-010	9.69549e-011	9.88326e-011	9.62078e-011	9.57938e-011	9.18773e-011	9.51705e-011	9.49611e-011
35.1099	6.38087e-011	6.49084e-011	6.19342e-011	6.55983e-011	6.69023e-011	6.79174e-011	6.85006e-011	6.95804e-011	7.16567e-011	7.173e-011	7.25142e-011	7.45091e-011	7.38583e-011	5.57074e-011	8.45445e-011	1.13021e-010	1.11357e-010	6.77691e-011	8.25241e-011	8.27784e-011	8.25295e-011	8.78476e-011	8.37356e-011	8.55477e-011	7.55015e-011	8.73052e-011	8.79647e-011	8.88351e-011	8.74883e-011	9.2137e-011	8.97838e-011	8.62131e-011	9.19231e-011	8.93457e-011	9.68344e-011	9.63213e-011	1.01447e-010	9.54279e-011	7.47657e-011	9.40928e-011	9.45628e-011	9.45297e-011	8.98512e-011	7.63853e-011	8.71258e-011	9.53636e-011	8.3316e-011	9.21183e-011	8.57773e-011	7.97901e-011	8.01554e-011	1.02085e-010	7.93765e-011	1.01942e-010	8.93679e-011	8.35749e-011	6.57808e-011	3.82709e-011	4.83221e-011	4.91575e-011	5.05608e-011	4.93184e-011	5.19292e-011	5.0323e-011	5.19273e-011	5.11715e-011	5.14837e-011	5.26494e-011	5.2455e-011	5.0329e-011	5.41272e-011	5.4994e-011	5.53576e-011	5.6432e-011	5.65032e-011	5.74996e-011	5.80641e-011	5.95536e-011	6.08971e-011	6.03804e-011	6.04316e-011	6.12652e-011	6.24525e-011	6.29222e-011	6.68881e-011	7.74208e-011	7.71664e-011	7.06956e-011	6.70067e-011	6.60282e-011	6.64747e-011	6.72035e-011	6.82861e-011	6.77228e-011	8.23677e-011	9.46525e-011	9.09369e-011	8.2576e-011	6.92127e-011	6.87723e-011	7.06852e-011	7.25949e-011	7.02162e-011	7.0191e-011	7.55899e-011	7.65578e-011	7.58084e-011	7.36274e-011	7.55137e-011	7.41116e-011	7.65626e-011	8.04386e-011	7.75267e-011	7.53972e-011	7.63351e-011	7.72697e-011	7.67013e-011	8.10572e-011	8.08392e-011	7.89039e-011	7.94648e-011	7.96653e-011	8.30047e-011	8.06276e-011	8.31034e-011	8.48617e-011	8.47599e-011	8.52976e-011	8.24039e-011	8.09352e-011	8.48194e-011	6.82039e-011	6.47971e-011	6.92426e-011	8.16118e-011	6.59115e-011	5.97061e-011	5.50685e-011	8.99918e-011	5.47817e-011	4.74918e-011	5.94807e-011	6.41105e-011	6.74514e-011	6.75754e-011	7.01956e-011	7.11698e-011	6.86414e-011	7.01804e-011	7.12161e-011	7.06773e-011	7.07066e-011	6.96613e-011	7.08265e-011	7.106e-011	6.87906e-011	7.26597e-011	7.11692e-011	7.32462e-011	7.03208e-011	7.31767e-011	7.6672e-011	7.48793e-011	8.35098e-011	8.29959e-011	8.14074e-011	7.71018e-011	7.47211e-011	7.66934e-011	7.59486e-011	7.47719e-011	7.652e-011	7.51939e-011	7.5507e-011	7.71022e-011	7.39807e-011	7.89973e-011	7.68689e-011	7.7951e-011	7.9601e-011	8.36044e-011	8.20341e-011	8.18887e-011	8.26684e-011	8.0374e-011	8.13613e-011	8.03457e-011	8.17548e-011	8.08039e-011	8.28492e-011	8.37484e-011	8.07165e-011	8.52513e-011	8.69262e-011	8.38128e-011	8.70522e-011	8.60033e-011	8.77362e-011	8.82518e-011	8.76928e-011	8.74875e-011	8.69933e-011	8.95666e-011	8.89228e-011	8.63476e-011	8.65542e-011	8.76144e-011	8.78858e-011	8.8011e-011	9.00611e-011	8.78944e-011	8.76525e-011	8.89784e-011	9.05867e-011	8.59071e-011	8.9437e-011	8.56077e-011	8.6917e-011	1.04577e-010	8.18842e-011	9.43958e-011	9.55489e-011	1.00341e-010	1.03201e-010	1.04845e-010	9.09872e-011	9.4409e-011	9.04717e-011	9.33155e-011	9.35137e-011
35.5044	6.28514e-011	6.39647e-011	6.42174e-011	6.50379e-011	6.64976e-011	6.78109e-011	6.81922e-011	6.87843e-011	7.06583e-011	7.13862e-011	7.33959e-011	7.41881e-011	7.35484e-011	5.46943e-011	8.26851e-011	1.00389e-010	9.70209e-011	7.38677e-011	8.20623e-011	8.2469e-011	8.23009e-011	8.75569e-011	8.4168e-011	8.54176e-011	7.25948e-011	8.71206e-011	8.82167e-011	8.90237e-011	8.70419e-011	9.19124e-011	8.92093e-011	8.586e-011	9.15055e-011	8.8649e-011	9.40018e-011	9.2138e-011	9.92691e-011	9.47559e-011	7.46705e-011	9.39316e-011	9.40498e-011	9.42358e-011	8.92764e-011	7.58864e-011	8.6917e-011	9.48018e-011	8.29009e-011	9.14213e-011	8.57979e-011	7.93855e-011	8.0111e-011	1.00258e-010	7.90518e-011	1.04548e-010	8.9405e-011	8.43282e-011	6.6393e-011	3.83847e-011	5.05084e-011	5.32731e-011	5.4106e-011	4.99363e-011	5.27618e-011	5.03704e-011	5.24033e-011	5.12903e-011	5.16021e-011	5.24817e-011	5.24293e-011	5.03023e-011	5.4385e-011	5.53932e-011	5.59694e-011	5.72563e-011	5.66827e-011	5.72483e-011	5.8096e-011	5.92973e-011	6.01379e-011	6.0118e-011	6.0166e-011	6.09246e-011	6.24652e-011	6.25026e-011	6.51074e-011	7.17793e-011	7.08062e-011	6.71872e-011	6.62785e-011	6.60089e-011	6.63786e-011	6.70303e-011	6.775e-011	6.69664e-011	7.8177e-011	9.3669e-011	8.60189e-011	7.85795e-011	6.88513e-011	6.89034e-011	7.08088e-011	7.25678e-011	7.02526e-011	7.00763e-011	7.44671e-011	7.2784e-011	7.1883e-011	7.16925e-011	7.43551e-011	7.28007e-011	7.37423e-011	7.72513e-011	7.62576e-011	7.5546e-011	7.59735e-011	7.69688e-011	7.6318e-011	8.03771e-011	8.07905e-011	7.84865e-011	7.91785e-011	7.92241e-011	8.13373e-011	8.0376e-011	8.25535e-011	8.35849e-011	8.39699e-011	8.4637e-011	8.19441e-011	8.06046e-011	8.41891e-011	6.69169e-011	6.47097e-011	6.94263e-011	8.18522e-011	6.78509e-011	6.22016e-011	5.56204e-011	8.95996e-011	5.48023e-011	4.7282e-011	5.83263e-011	6.33681e-011	6.6978e-011	6.66566e-011	6.95453e-011	7.05023e-011	6.75993e-011	6.90491e-011	6.98526e-011	6.88672e-011	6.89495e-011	6.84569e-011	7.02461e-011	7.02463e-011	6.77435e-011	7.13074e-011	7.02972e-011	7.22829e-011	6.96231e-011	7.2673e-011	7.60764e-011	7.76194e-011	9.07997e-011	8.92648e-011	8.95118e-011	8.1471e-011	7.42837e-011	7.5377e-011	7.51099e-011	7.38394e-011	7.49936e-011	7.36446e-011	7.42917e-011	7.62922e-011	7.30044e-011	7.70689e-011	7.59879e-011	7.62602e-011	7.7386e-011	8.00794e-011	7.86986e-011	7.91711e-011	8.07826e-011	7.91769e-011	8.03529e-011	7.88115e-011	8.13373e-011	8.00031e-011	8.17363e-011	8.26803e-011	7.89788e-011	8.3915e-011	8.58482e-011	8.22789e-011	8.62047e-011	8.66276e-011	9.1189e-011	9.32473e-011	9.40881e-011	9.24258e-011	9.10455e-011	9.14472e-011	8.82745e-011	8.56696e-011	8.54893e-011	8.65195e-011	8.63321e-011	8.62126e-011	8.8232e-011	8.63915e-011	8.45473e-011	8.74131e-011	8.81329e-011	8.65638e-011	8.89191e-011	8.42721e-011	8.48348e-011	1.01534e-010	7.88796e-011	9.18581e-011	9.39778e-011	1.02236e-010	1.08133e-010	1.10671e-010	9.09236e-011	9.17402e-011	8.78398e-011	9.03632e-011	9.05265e-011
35.8989	6.30812e-011	6.3715e-011	6.48448e-011	6.47566e-011	6.545e-011	6.78534e-011	6.71106e-011	6.8292e-011	7.04693e-011	7.12144e-011	7.18841e-011	7.37639e-011	7.33545e-011	5.35162e-011	8.13079e-011	9.05992e-011	8.58891e-011	7.55332e-011	8.1456e-011	8.20188e-011	8.20777e-011	8.67747e-011	8.37549e-011	8.50874e-011	7.57037e-011	8.68837e-011	8.83473e-011	8.86642e-011	8.65491e-011	9.15716e-011	8.84488e-011	8.5322e-011	9.10468e-011	8.81978e-011	9.24864e-011	8.98437e-011	9.68382e-011	9.43305e-011	7.42506e-011	9.39452e-011	9.3711e-011	9.44012e-011	8.92314e-011	7.56306e-011	8.72355e-011	9.53371e-011	8.36527e-011	9.16036e-011	8.58388e-011	7.92845e-011	7.96535e-011	9.66583e-011	7.88799e-011	1.06661e-010	8.92314e-011	8.45102e-011	6.64304e-011	4.01338e-011	6.14674e-011	6.37291e-011	6.30588e-011	5.14581e-011	5.23511e-011	5.03835e-011	5.21256e-011	5.10071e-011	5.13844e-011	5.26861e-011	5.21985e-011	5.03501e-011	5.43538e-011	5.67824e-011	5.9207e-011	6.14849e-011	5.70458e-011	5.66734e-011	5.77254e-011	5.89877e-011	5.96747e-011	5.8858e-011	5.95371e-011	6.02837e-011	6.22404e-011	6.19079e-011	6.34996e-011	6.64443e-011	6.63142e-011	6.48946e-011	6.57564e-011	6.50431e-011	6.58256e-011	6.65327e-011	6.72359e-011	6.60069e-011	7.33438e-011	8.51045e-011	7.90074e-011	7.3692e-011	6.80869e-011	6.79769e-011	7.02197e-011	7.21728e-011	7.0337e-011	6.94256e-011	7.31523e-011	7.02334e-011	6.96672e-011	7.02398e-011	7.30223e-011	7.15159e-011	7.16481e-011	7.49187e-011	7.49002e-011	7.45921e-011	7.48514e-011	7.61779e-011	7.52152e-011	7.9819e-011	7.94198e-011	7.76597e-011	7.80381e-011	7.79841e-011	7.92116e-011	7.95782e-011	8.12977e-011	8.17278e-011	8.19398e-011	8.31475e-011	8.07806e-011	7.93381e-011	8.3105e-011	6.56576e-011	6.4489e-011	7.15291e-011	8.7278e-011	7.14574e-011	6.58452e-011	5.70153e-011	8.80314e-011	5.28413e-011	4.60707e-011	5.63644e-011	6.3012e-011	6.53707e-011	6.4726e-011	6.75767e-011	6.86381e-011	6.55535e-011	6.64641e-011	6.74423e-011	6.66311e-011	6.63872e-011	6.62823e-011	6.82445e-011	6.80602e-011	6.53011e-011	6.89654e-011	6.76981e-011	6.99262e-011	6.75083e-011	7.07997e-011	7.35873e-011	7.38714e-011	8.62922e-011	9.04962e-011	8.99829e-011	7.97531e-011	7.18047e-011	7.2208e-011	7.25358e-011	7.136e-011	7.18943e-011	7.03535e-011	7.09513e-011	7.30448e-011	6.98497e-011	7.40778e-011	7.28029e-011	7.29525e-011	7.35265e-011	7.59535e-011	7.42344e-011	7.50823e-011	7.73545e-011	7.59806e-011	7.69595e-011	7.4935e-011	7.75486e-011	7.7373e-011	7.84789e-011	7.94381e-011	7.56085e-011	8.0559e-011	8.22919e-011	7.90932e-011	8.41033e-011	1.04678e-010	1.12394e-010	1.19963e-010	1.31813e-010	1.34947e-010	1.33292e-010	1.2142e-010	9.46903e-011	8.40963e-011	8.1854e-011	8.28215e-011	8.22138e-011	8.21021e-011	8.37004e-011	8.18669e-011	7.88867e-011	8.26157e-011	8.46981e-011	8.45628e-011	8.69944e-011	8.21377e-011	7.9848e-011	9.54083e-011	7.25431e-011	8.56673e-011	8.82181e-011	1.01549e-010	1.08162e-010	1.04774e-010	8.50985e-011	8.37017e-011	8.13012e-011	8.40386e-011	8.3844e-011
36.2934	6.26145e-011	6.2126e-011	6.42042e-011	6.3707e-011	6.4848e-011	6.66273e-011	6.58312e-011	6.79588e-011	7.05105e-011	7.10582e-011	7.21728e-011	7.34973e-011	7.25321e-011	5.19232e-011	8.00153e-011	8.48216e-011	7.86255e-011	7.54244e-011	8.09316e-011	8.1364e-011	8.13634e-011	8.61433e-011	8.29203e-011	8.4692e-011	8.5388e-011	8.64368e-011	8.78382e-011	8.85211e-011	8.61287e-011	9.10877e-011	8.75439e-011	8.47098e-011	9.05841e-011	8.76698e-011	9.16071e-011	8.84698e-011	9.4755e-011	9.35371e-011	7.3604e-011	9.30165e-011	9.29995e-011	9.42636e-011	8.85961e-011	7.53541e-011	8.69603e-011	9.29916e-011	8.28073e-011	8.99012e-011	8.45643e-011	7.7652e-011	7.86623e-011	9.33086e-011	7.82417e-011	1.08019e-010	8.89444e-011	8.37196e-011	6.64927e-011	4.34767e-011	7.19469e-011	7.20607e-011	6.80281e-011	5.2636e-011	5.23795e-011	4.99763e-011	5.15679e-011	5.0727e-011	5.10243e-011	5.23885e-011	5.18201e-011	5.0176e-011	5.68118e-011	6.61569e-011	6.83561e-011	7.0908e-011	5.85297e-011	5.60737e-011	5.647e-011	5.85044e-011	5.88204e-011	5.81323e-011	5.87252e-011	5.93852e-011	6.13976e-011	6.14775e-011	6.20528e-011	6.34808e-011	6.36189e-011	6.34669e-011	6.47389e-011	6.37211e-011	6.477e-011	6.54575e-011	6.64976e-011	6.45339e-011	7.02073e-011	7.87329e-011	7.21854e-011	6.97756e-011	6.66473e-011	6.67997e-011	6.88046e-011	7.10906e-011	6.96587e-011	6.85081e-011	7.14952e-011	6.7979e-011	6.81721e-011	6.78609e-011	7.11875e-011	7.00105e-011	6.97575e-011	7.26424e-011	7.30234e-011	7.29715e-011	7.28438e-011	7.52826e-011	7.37178e-011	7.82903e-011	7.80022e-011	7.66385e-011	7.67701e-011	7.65402e-011	7.73057e-011	7.78526e-011	7.95378e-011	8.07187e-011	8.04668e-011	8.12104e-011	7.88788e-011	7.73997e-011	8.10581e-011	6.35732e-011	6.25809e-011	7.55816e-011	9.50767e-011	7.83598e-011	6.99941e-011	5.76961e-011	8.63863e-011	5.03696e-011	4.30576e-011	5.41663e-011	6.07715e-011	6.32302e-011	6.20423e-011	6.47779e-011	6.57237e-011	6.28087e-011	6.32458e-011	6.46784e-011	6.32499e-011	6.40309e-011	6.3165e-011	6.53655e-011	6.54906e-011	6.2469e-011	6.60133e-011	6.42684e-011	6.67327e-011	6.47647e-011	6.7363e-011	6.99569e-011	6.869e-011	7.8988e-011	8.82103e-011	8.40736e-011	7.37194e-011	6.79313e-011	6.79949e-011	6.91968e-011	6.91088e-011	6.87307e-011	6.66343e-011	6.71044e-011	6.88557e-011	6.61033e-011	6.95598e-011	6.8584e-011	6.87465e-011	6.91189e-011	7.16294e-011	6.94934e-011	7.0424e-011	7.30641e-011	7.14863e-011	7.26179e-011	7.03171e-011	7.30111e-011	7.34867e-011	7.43151e-011	7.49248e-011	7.13167e-011	7.74166e-011	7.85845e-011	7.72484e-011	8.9834e-011	1.26125e-010	1.45486e-010	1.61844e-010	1.78125e-010	1.82548e-010	1.73325e-010	1.61884e-010	1.23944e-010	9.70687e-011	8.1187e-011	7.88699e-011	7.71196e-011	7.71504e-011	7.81052e-011	7.66274e-011	7.32171e-011	7.53728e-011	7.84524e-011	7.9171e-011	8.28132e-011	7.66671e-011	7.33732e-011	8.97856e-011	6.59153e-011	7.83197e-011	8.03644e-011	9.43311e-011	9.76525e-011	9.14713e-011	7.78585e-011	7.43822e-011	7.50437e-011	7.64149e-011	7.64249e-011
36.6879	6.07466e-011	5.97879e-011	6.33948e-011	6.30689e-011	6.43806e-011	6.54016e-011	6.48465e-011	7.75697e-011	7.4148e-011	7.12213e-011	7.19318e-011	7.30657e-011	7.22665e-011	5.0609e-011	7.90802e-011	8.1694e-011	7.47332e-011	7.49089e-011	8.0293e-011	8.103e-011	8.05481e-011	8.54173e-011	8.22116e-011	8.34287e-011	8.74974e-011	8.57765e-011	8.78356e-011	8.89614e-011	8.61543e-011	9.06981e-011	8.73097e-011	8.49162e-011	9.03734e-011	8.79699e-011	9.16318e-011	8.85042e-011	9.30845e-011	9.26608e-011	7.30213e-011	9.31552e-011	9.32165e-011	9.39869e-011	8.8682e-011	7.47309e-011	8.80554e-011	9.33051e-011	8.34097e-011	8.99349e-011	8.4743e-011	7.69751e-011	7.79864e-011	9.19903e-011	7.75658e-011	1.09771e-010	8.91946e-011	8.44677e-011	6.57385e-011	4.20766e-011	7.15428e-011	7.02953e-011	6.26156e-011	5.20028e-011	5.2383e-011	4.96873e-011	5.1343e-011	5.01372e-011	5.09974e-011	5.22811e-011	5.19173e-011	5.112e-011	6.14585e-011	7.56485e-011	7.81928e-011	7.659e-011	6.00565e-011	5.59442e-011	5.62547e-011	5.79171e-011	5.84319e-011	5.73706e-011	5.83754e-011	5.85896e-011	6.05128e-011	6.05028e-011	6.10591e-011	6.2039e-011	6.27282e-011	6.25555e-011	6.40203e-011	6.27664e-011	6.32928e-011	6.45999e-011	6.60448e-011	6.49138e-011	6.98482e-011	7.25636e-011	6.74898e-011	6.76244e-011	6.54687e-011	6.58075e-011	6.76411e-011	7.01839e-011	6.85082e-011	6.70417e-011	7.01409e-011	6.63078e-011	6.66118e-011	6.64109e-011	6.9633e-011	6.83509e-011	6.83493e-011	7.11994e-011	7.14735e-011	7.16713e-011	7.12213e-011	7.54083e-011	7.2306e-011	7.64117e-011	7.65846e-011	7.48956e-011	7.59155e-011	7.55735e-011	7.58693e-011	7.61601e-011	7.78028e-011	7.87264e-011	7.9145e-011	7.94873e-011	7.68966e-011	7.51579e-011	7.8699e-011	6.19531e-011	6.03423e-011	7.20097e-011	9.40989e-011	8.39033e-011	7.10603e-011	5.68555e-011	8.39953e-011	4.83559e-011	4.19204e-011	5.17627e-011	5.86005e-011	6.05771e-011	5.92637e-011	6.17302e-011	6.27635e-011	6.03639e-011	6.01017e-011	6.162e-011	6.05623e-011	6.08565e-011	5.99317e-011	6.18586e-011	6.24235e-011	5.92699e-011	6.26101e-011	6.18033e-011	6.32767e-011	6.12459e-011	6.32807e-011	6.54534e-011	6.35504e-011	7.0855e-011	7.80832e-011	7.41657e-011	6.66724e-011	6.35305e-011	6.37401e-011	6.83011e-011	6.98576e-011	6.72671e-011	6.22435e-011	6.31423e-011	6.43219e-011	6.13544e-011	6.45236e-011	6.3403e-011	6.39199e-011	6.41461e-011	6.63671e-011	6.42981e-011	6.47951e-011	6.78581e-011	6.5917e-011	6.76845e-011	6.49479e-011	6.77053e-011	6.80296e-011	6.92059e-011	6.98773e-011	6.66873e-011	7.96323e-011	7.82891e-011	9.35094e-011	1.17223e-010	1.55001e-010	1.89988e-010	2.02118e-010	2.13814e-010	2.16006e-010	2.05911e-010	1.95096e-010	1.66637e-010	1.34173e-010	1.02918e-010	7.85147e-011	7.16743e-011	6.97566e-011	7.14047e-011	7.02626e-011	6.68302e-011	6.72493e-011	6.84489e-011	7.15004e-011	7.61895e-011	6.68762e-011	6.50565e-011	8.2514e-011	5.88312e-011	6.94943e-011	7.16539e-011	8.40924e-011	8.21e-011	7.59606e-011	6.57454e-011	6.44523e-011	6.69391e-011	6.59931e-011	6.69703e-011
37.0823	5.91015e-011	5.7179e-011	6.18925e-011	6.21013e-011	6.38042e-011	6.48588e-011	6.41938e-011	1.03659e-010	8.52716e-011	7.13066e-011	7.15477e-011	7.17118e-011	7.10848e-011	4.93847e-011	7.7884e-011	7.98826e-011	7.25916e-011	7.42934e-011	7.93461e-011	7.99655e-011	7.99366e-011	8.46869e-011	8.17188e-011	8.32443e-011	8.75494e-011	8.56357e-011	8.77158e-011	8.87191e-011	8.60031e-011	9.02089e-011	8.70533e-011	8.46063e-011	9.05807e-011	8.79797e-011	9.1372e-011	8.79743e-011	9.28552e-011	9.22315e-011	7.23201e-011	9.44667e-011	9.38263e-011	9.38945e-011	8.82438e-011	7.40891e-011	9.0209e-011	9.21116e-011	8.2725e-011	8.883e-011	8.386e-011	7.64563e-011	7.76883e-011	9.06269e-011	7.69933e-011	1.18201e-010	9.08447e-011	8.68354e-011	6.52524e-011	3.93075e-011	6.34192e-011	6.38868e-011	5.64932e-011	5.02366e-011	5.22586e-011	4.98473e-011	5.15011e-011	5.05783e-011	5.10783e-011	5.19298e-011	5.18473e-011	5.11164e-011	5.9664e-011	7.41335e-011	7.90278e-011	7.10617e-011	5.86622e-011	5.57555e-011	5.5914e-011	5.74238e-011	5.76426e-011	5.67846e-011	5.83491e-011	5.82654e-011	6.01045e-011	5.9724e-011	6.04092e-011	6.13031e-011	6.19057e-011	6.186e-011	6.3737e-011	6.2109e-011	6.30464e-011	6.44781e-011	6.90465e-011	7.00386e-011	7.68097e-011	7.15774e-011	6.5197e-011	6.6381e-011	6.48456e-011	6.50186e-011	6.67572e-011	6.89901e-011	6.75752e-011	6.60834e-011	6.88708e-011	6.72964e-011	6.52879e-011	6.57019e-011	6.81814e-011	6.72274e-011	6.69106e-011	6.95876e-011	7.04736e-011	7.07114e-011	7.04436e-011	7.48837e-011	7.12482e-011	7.50344e-011	7.54585e-011	7.38774e-011	7.47902e-011	7.51975e-011	7.51708e-011	7.54956e-011	7.66003e-011	7.77709e-011	7.78647e-011	7.85956e-011	7.53217e-011	7.32563e-011	7.66843e-011	6.03246e-011	5.85281e-011	6.74383e-011	8.8555e-011	7.4744e-011	6.43553e-011	5.56036e-011	8.23398e-011	4.57249e-011	3.83134e-011	4.98928e-011	5.66103e-011	5.8109e-011	5.68882e-011	5.94469e-011	6.04289e-011	5.78346e-011	5.76628e-011	5.91994e-011	5.81594e-011	5.85422e-011	5.94193e-011	5.88625e-011	5.93714e-011	5.65181e-011	5.96582e-011	5.88649e-011	6.04226e-011	5.81184e-011	5.98793e-011	6.16346e-011	5.91708e-011	6.43428e-011	6.76525e-011	6.61718e-011	6.15432e-011	6.01227e-011	6.5624e-011	7.44762e-011	7.50386e-011	6.73827e-011	5.95069e-011	5.94813e-011	6.01642e-011	5.70565e-011	6.05135e-011	5.93229e-011	5.98407e-011	5.92103e-011	6.22878e-011	5.99323e-011	5.99992e-011	6.356e-011	6.13305e-011	6.25948e-011	6.04256e-011	6.29642e-011	6.39975e-011	6.50252e-011	6.54761e-011	6.55642e-011	8.99995e-011	9.21475e-011	1.30998e-010	1.53988e-010	1.83828e-010	2.02737e-010	2.20497e-010	2.27896e-010	2.26434e-010	2.21896e-010	2.12425e-010	1.95306e-010	1.72612e-010	1.34772e-010	9.98539e-011	7.6857e-011	6.51382e-011	6.56973e-011	6.45368e-011	6.00856e-011	6.06993e-011	6.01648e-011	6.21243e-011	6.57922e-011	5.74567e-011	5.78282e-011	7.40485e-011	5.11275e-011	6.28374e-011	6.34723e-011	7.06005e-011	6.79391e-011	6.37725e-011	5.61009e-011	5.59938e-011	5.85949e-011	5.66912e-011	5.79957e-011
37.4768	5.82327e-011	5.60563e-011	6.13009e-011	6.15402e-011	6.32017e-011	6.45712e-011	6.66487e-011	1.02857e-010	8.60681e-011	7.08445e-011	7.08975e-011	7.13729e-011	7.0271e-011	4.8738e-011	7.73324e-011	7.88543e-011	7.16572e-011	7.38807e-011	7.86691e-011	7.90948e-011	7.98001e-011	8.41413e-011	8.1192e-011	8.30213e-011	8.7701e-011	8.62327e-011	8.72579e-011	8.87767e-011	8.65757e-011	9.04388e-011	8.70114e-011	8.43633e-011	9.00647e-011	8.77613e-011	9.09507e-011	8.82064e-011	9.17405e-011	9.10548e-011	7.20092e-011	9.37356e-011	9.296e-011	9.38207e-011	8.78193e-011	7.43131e-011	9.22235e-011	9.16311e-011	8.25341e-011	8.87851e-011	8.37464e-011	7.62019e-011	7.74353e-011	8.97319e-011	7.6884e-011	1.29732e-010	9.20194e-011	8.85084e-011	6.52805e-011	3.76901e-011	5.75847e-011	5.64056e-011	5.20066e-011	4.88869e-011	5.21169e-011	4.99132e-011	5.22024e-011	5.14146e-011	5.16204e-011	5.17486e-011	5.15849e-011	5.0558e-011	5.78092e-011	6.70537e-011	7.24356e-011	6.43139e-011	5.65429e-011	5.5336e-011	5.56941e-011	5.69743e-011	5.71772e-011	5.63025e-011	5.78498e-011	5.81055e-011	5.94976e-011	5.92409e-011	5.95493e-011	6.05657e-011	6.08618e-011	6.15801e-011	6.30064e-011	6.11414e-011	6.27695e-011	6.62483e-011	7.92905e-011	8.26854e-011	8.60741e-011	7.48165e-011	6.42668e-011	6.49946e-011	6.4145e-011	6.4289e-011	6.58552e-011	6.7915e-011	6.61836e-011	6.51602e-011	6.77728e-011	6.72369e-011	6.3981e-011	6.45753e-011	6.73059e-011	6.58883e-011	6.57498e-011	6.81048e-011	6.88824e-011	6.95823e-011	6.9062e-011	7.35346e-011	6.97882e-011	7.38914e-011	7.40604e-011	7.25807e-011	7.3523e-011	7.3602e-011	7.38177e-011	7.45985e-011	7.60158e-011	7.66414e-011	7.64752e-011	7.66599e-011	7.36247e-011	7.1226e-011	7.46058e-011	5.81259e-011	5.53515e-011	6.34261e-011	8.19212e-011	7.09154e-011	5.61185e-011	5.44558e-011	7.98533e-011	4.35418e-011	3.55759e-011	4.73145e-011	5.40478e-011	5.5633e-011	5.43554e-011	5.68566e-011	5.79233e-011	5.53416e-011	5.47534e-011	5.60157e-011	5.51294e-011	5.52367e-011	5.73374e-011	5.55755e-011	5.6307e-011	5.29615e-011	5.62515e-011	5.54646e-011	5.70283e-011	5.44436e-011	5.59948e-011	5.80397e-011	5.52222e-011	5.82546e-011	5.87812e-011	5.85874e-011	5.66021e-011	5.61817e-011	6.40393e-011	7.08195e-011	7.56652e-011	7.08637e-011	5.65577e-011	5.51003e-011	5.52792e-011	5.23811e-011	5.59756e-011	5.45648e-011	5.49332e-011	5.42956e-011	5.74368e-011	5.493e-011	5.50593e-011	5.83962e-011	5.6085e-011	5.68385e-011	5.53005e-011	5.76841e-011	5.91331e-011	6.05046e-011	6.1727e-011	7.8726e-011	1.16858e-010	1.40486e-010	1.78248e-010	1.89009e-010	1.99978e-010	2.14226e-010	2.29611e-010	2.31635e-010	2.3101e-010	2.29093e-010	2.23885e-010	2.10101e-010	1.96668e-010	1.77087e-010	1.30861e-010	1.05269e-010	6.83868e-011	6.11358e-011	5.75208e-011	5.23284e-011	5.29145e-011	5.26374e-011	5.17114e-011	5.48498e-011	4.77697e-011	4.87533e-011	6.46565e-011	4.17749e-011	5.40949e-011	5.41253e-011	5.6649e-011	5.33819e-011	5.2751e-011	4.61149e-011	4.81139e-011	4.95354e-011	4.62373e-011	4.72179e-011
37.8713	5.72393e-011	5.55276e-011	6.13078e-011	6.09394e-011	6.24925e-011	6.43957e-011	7.57191e-011	8.79639e-011	7.79204e-011	6.787e-011	6.99535e-011	7.11731e-011	6.96007e-011	4.82394e-011	7.70764e-011	7.8483e-011	7.15271e-011	7.36343e-011	7.82341e-011	7.88993e-011	7.94148e-011	8.39942e-011	8.12824e-011	8.33486e-011	8.80503e-011	8.6675e-011	8.69353e-011	8.876e-011	8.67929e-011	9.08178e-011	8.76944e-011	8.45641e-011	8.95684e-011	8.74243e-011	9.16294e-011	8.96145e-011	9.2449e-011	9.17774e-011	7.15311e-011	9.36988e-011	9.30781e-011	9.39504e-011	8.81741e-011	7.35356e-011	9.35267e-011	9.1158e-011	8.21408e-011	8.86853e-011	8.35823e-011	7.64015e-011	7.72838e-011	8.91572e-011	7.67426e-011	1.20954e-010	8.84576e-011	8.88058e-011	6.50803e-011	3.61346e-011	5.30308e-011	5.13522e-011	4.99524e-011	4.85458e-011	5.14887e-011	5.12825e-011	5.5283e-011	5.37777e-011	5.19085e-011	5.2175e-011	5.17919e-011	5.04735e-011	5.6647e-011	6.17424e-011	6.49028e-011	5.97008e-011	5.54917e-011	5.5418e-011	5.56945e-011	5.69639e-011	5.70125e-011	5.62688e-011	5.79463e-011	5.80459e-011	5.95669e-011	5.951e-011	5.9732e-011	6.07327e-011	6.0441e-011	6.16423e-011	6.27654e-011	6.1025e-011	6.27772e-011	6.67364e-011	8.03299e-011	8.87033e-011	8.55005e-011	7.47209e-011	6.40773e-011	6.43534e-011	6.34086e-011	6.38854e-011	6.53551e-011	6.72465e-011	6.55603e-011	6.47957e-011	6.77379e-011	6.68882e-011	6.35322e-011	6.40258e-011	6.65122e-011	6.52068e-011	6.53943e-011	6.75032e-011	6.83197e-011	6.89867e-011	6.83613e-011	7.27996e-011	6.96611e-011	7.39429e-011	7.33617e-011	7.22023e-011	7.35357e-011	7.40766e-011	7.38252e-011	7.54952e-011	7.573e-011	7.56724e-011	7.58222e-011	7.56795e-011	7.21735e-011	7.01603e-011	7.34965e-011	5.67582e-011	5.27964e-011	6.02542e-011	7.57752e-011	6.30803e-011	4.97358e-011	5.21673e-011	7.77305e-011	4.18697e-011	3.28543e-011	4.56137e-011	5.20104e-011	5.31869e-011	5.21427e-011	5.49482e-011	5.62471e-011	5.34685e-011	5.33254e-011	5.37469e-011	5.28046e-011	5.26411e-011	5.5613e-011	5.32934e-011	5.48948e-011	5.19188e-011	5.41494e-011	5.30165e-011	5.39479e-011	5.13017e-011	5.27908e-011	5.49873e-011	5.16779e-011	5.42891e-011	5.33942e-011	5.34923e-011	5.22267e-011	5.28111e-011	5.76736e-011	6.51716e-011	7.7162e-011	6.56499e-011	5.3274e-011	5.14607e-011	5.07833e-011	4.87421e-011	5.21932e-011	5.05669e-011	5.12905e-011	5.02219e-011	5.34314e-011	5.12065e-011	5.14029e-011	5.43063e-011	5.2061e-011	5.23084e-011	5.10492e-011	5.30683e-011	5.53663e-011	5.75861e-011	6.3584e-011	9.68558e-011	1.52331e-010	1.76377e-010	2.10056e-010	2.12164e-010	2.10979e-010	2.23143e-010	2.30729e-010	2.3138e-010	2.31597e-010	2.29807e-010	2.2801e-010	2.19779e-010	2.08756e-010	1.95156e-010	1.6905e-010	1.37082e-010	9.0467e-011	6.39127e-011	5.22775e-011	4.62059e-011	4.6412e-011	4.60399e-011	4.39471e-011	4.62752e-011	4.05265e-011	4.08414e-011	5.68608e-011	3.33807e-011	4.64584e-011	4.61032e-011	4.63126e-011	4.17302e-011	4.34971e-011	3.72585e-011	4.02972e-011	4.10438e-011	3.59988e-011	3.61604e-011
38.2658	5.71149e-011	5.50726e-011	6.10216e-011	6.06787e-011	6.11855e-011	6.4256e-011	7.73173e-011	7.5374e-011	7.09239e-011	6.76806e-011	6.92863e-011	7.0099e-011	6.94047e-011	4.81355e-011	7.65641e-011	7.81333e-011	7.13395e-011	7.33225e-011	7.8012e-011	7.90519e-011	7.98704e-011	8.40381e-011	8.12711e-011	8.39245e-011	8.81416e-011	8.49957e-011	8.57704e-011	8.76803e-011	8.60122e-011	8.99072e-011	8.80103e-011	8.45349e-011	8.91935e-011	8.71319e-011	9.34899e-011	1.00198e-010	9.21152e-011	9.04528e-011	7.13577e-011	9.23194e-011	9.19205e-011	9.27999e-011	8.71017e-011	7.34691e-011	9.41086e-011	9.03167e-011	8.24468e-011	8.89242e-011	8.36821e-011	7.69329e-011	7.73895e-011	8.89081e-011	7.69237e-011	1.06067e-010	8.51415e-011	8.88466e-011	6.49067e-011	3.51033e-011	4.90704e-011	4.85328e-011	4.88449e-011	4.87926e-011	5.50175e-011	5.97355e-011	6.44461e-011	6.11509e-011	5.24208e-011	5.23962e-011	5.17214e-011	5.03966e-011	5.5849e-011	5.80804e-011	5.94475e-011	5.66652e-011	5.49469e-011	5.53637e-011	5.52018e-011	5.66038e-011	5.65702e-011	5.61722e-011	5.7838e-011	5.78539e-011	5.94336e-011	5.98634e-011	6.10715e-011	6.1201e-011	6.04662e-011	6.15095e-011	6.27598e-011	6.0789e-011	6.25246e-011	6.4967e-011	7.41152e-011	8.48986e-011	7.93206e-011	7.01645e-011	6.34292e-011	6.37567e-011	6.28629e-011	6.33901e-011	6.4767e-011	6.64936e-011	6.50707e-011	6.38547e-011	6.69877e-011	6.70426e-011	6.28052e-011	6.3274e-011	6.57351e-011	6.44039e-011	6.48507e-011	6.73613e-011	6.81507e-011	6.84328e-011	6.76364e-011	7.16175e-011	6.87354e-011	7.36303e-011	7.30189e-011	7.17575e-011	7.46309e-011	7.83539e-011	7.54995e-011	7.70655e-011	7.5339e-011	7.53193e-011	7.50065e-011	7.46151e-011	7.11455e-011	6.92397e-011	7.24685e-011	5.56938e-011	5.3409e-011	5.82585e-011	7.10278e-011	5.59377e-011	4.59823e-011	5.11597e-011	7.60404e-011	3.98536e-011	3.07259e-011	4.31584e-011	5.02275e-011	5.10047e-011	4.97035e-011	5.33941e-011	5.48636e-011	5.18979e-011	5.17102e-011	5.19437e-011	5.07415e-011	5.04605e-011	5.38143e-011	5.30187e-011	5.83576e-011	5.42623e-011	5.48017e-011	5.11204e-011	5.20022e-011	4.86633e-011	4.99591e-011	5.24616e-011	4.86009e-011	5.13031e-011	4.9713e-011	4.99011e-011	4.84393e-011	4.89698e-011	5.19211e-011	5.81502e-011	6.6943e-011	5.86602e-011	4.96559e-011	4.83572e-011	4.79796e-011	4.53809e-011	4.88451e-011	4.70887e-011	4.81816e-011	4.68391e-011	4.98456e-011	4.77744e-011	4.82667e-011	5.07514e-011	4.86583e-011	4.91287e-011	4.83064e-011	5.01906e-011	5.27102e-011	6.46494e-011	8.12232e-011	1.20571e-010	1.77837e-010	1.87176e-010	2.19861e-010	2.17759e-010	2.21648e-010	2.26387e-010	2.30048e-010	2.31202e-010	2.31063e-010	2.29703e-010	2.28621e-010	2.22604e-010	2.18508e-010	2.05906e-010	1.89297e-010	1.75324e-010	1.19208e-010	7.47262e-011	5.08042e-011	4.1658e-011	4.11457e-011	4.09832e-011	3.92423e-011	3.96365e-011	3.4453e-011	3.44041e-011	5.05593e-011	2.62145e-011	4.0284e-011	3.91347e-011	3.86922e-011	3.33862e-011	3.64285e-011	3.02509e-011	3.34928e-011	3.35137e-011	2.83854e-011	2.78918e-011
38.6603	5.79547e-011	5.67835e-011	6.04609e-011	5.97029e-011	6.01513e-011	6.35202e-011	7.02379e-011	6.71641e-011	6.67965e-011	6.72782e-011	6.85379e-011	6.90757e-011	6.80349e-011	4.75614e-011	7.5857e-011	7.76498e-011	7.08652e-011	7.32141e-011	7.75551e-011	7.89603e-011	7.96438e-011	8.40333e-011	8.09165e-011	8.33625e-011	8.74435e-011	8.38753e-011	8.45845e-011	8.64286e-011	8.48372e-011	8.888e-011	8.75591e-011	8.38023e-011	8.89649e-011	8.69783e-011	9.80531e-011	1.23332e-010	1.0104e-010	8.98107e-011	7.1289e-011	9.19668e-011	9.14979e-011	9.20927e-011	8.61096e-011	7.30488e-011	9.44025e-011	8.94678e-011	8.23116e-011	8.88595e-011	8.31877e-011	7.66513e-011	7.74631e-011	8.79083e-011	7.65642e-011	9.35644e-011	8.21337e-011	8.74779e-011	6.43912e-011	3.44409e-011	4.68324e-011	4.68614e-011	4.7954e-011	4.92532e-011	6.28283e-011	7.23964e-011	7.39584e-011	6.83712e-011	5.27069e-011	5.23892e-011	5.12069e-011	4.98741e-011	5.44612e-011	5.47558e-011	5.5257e-011	5.46079e-011	5.38083e-011	5.47151e-011	5.48287e-011	5.57916e-011	5.61042e-011	5.54808e-011	5.72064e-011	5.76389e-011	5.92779e-011	6.21947e-011	6.61037e-011	6.35777e-011	6.01157e-011	6.05739e-011	6.15958e-011	6.01819e-011	6.16885e-011	6.31874e-011	6.80352e-011	7.58748e-011	7.18519e-011	6.56074e-011	6.20691e-011	6.27367e-011	6.16827e-011	6.20494e-011	6.35511e-011	6.52594e-011	6.36036e-011	6.22258e-011	6.59822e-011	6.58747e-011	6.18316e-011	6.21373e-011	6.4792e-011	6.34399e-011	6.38655e-011	6.69973e-011	6.82646e-011	6.8096e-011	6.64201e-011	7.05926e-011	6.76159e-011	7.23445e-011	7.19235e-011	7.12093e-011	7.40582e-011	7.76136e-011	7.33771e-011	7.34179e-011	7.38796e-011	7.36909e-011	7.40659e-011	7.30764e-011	6.99368e-011	6.80751e-011	7.08477e-011	5.46876e-011	5.18032e-011	5.65526e-011	6.67933e-011	5.16025e-011	4.326e-011	4.87645e-011	7.39005e-011	3.74689e-011	2.90958e-011	4.12114e-011	4.81774e-011	4.89227e-011	4.69466e-011	5.18901e-011	5.33981e-011	5.05421e-011	4.98209e-011	4.99491e-011	4.87842e-011	4.92542e-011	5.32159e-011	5.95982e-011	6.36875e-011	5.92707e-011	6.1488e-011	5.00573e-011	4.99026e-011	4.66694e-011	4.74279e-011	5.00355e-011	4.59939e-011	4.81577e-011	4.67432e-011	4.68922e-011	4.56767e-011	4.54534e-011	4.71506e-011	5.1197e-011	5.61641e-011	5.08398e-011	4.60077e-011	4.51673e-011	4.48906e-011	4.23924e-011	4.57426e-011	4.36576e-011	4.47073e-011	4.36069e-011	4.67123e-011	4.4454e-011	4.55446e-011	4.76988e-011	4.56318e-011	4.61996e-011	4.53315e-011	4.7598e-011	5.27135e-011	8.43879e-011	1.07342e-010	1.45786e-010	1.84079e-010	2.03082e-010	2.20293e-010	2.26212e-010	2.25767e-010	2.27243e-010	2.30211e-010	2.31101e-010	2.30126e-010	2.28858e-010	2.27225e-010	2.22656e-010	2.19937e-010	2.12068e-010	2.02049e-010	1.85595e-010	1.53136e-010	9.48891e-011	5.64162e-011	3.86462e-011	3.72227e-011	3.64343e-011	3.5067e-011	3.4549e-011	2.89529e-011	2.92052e-011	4.43043e-011	2.04744e-011	3.50584e-011	3.38519e-011	3.27092e-011	2.74882e-011	3.01153e-011	2.43791e-011	2.72052e-011	2.75955e-011	2.20507e-011	2.14974e-011
39.0548	5.80382e-011	5.79526e-011	6.02157e-011	5.93286e-011	5.80765e-011	6.25297e-011	6.46896e-011	6.34137e-011	6.51292e-011	6.64798e-011	6.70368e-011	6.85142e-011	6.74842e-011	4.68784e-011	7.51842e-011	7.76297e-011	7.37827e-011	7.22131e-011	7.71343e-011	7.84768e-011	7.90257e-011	8.34946e-011	8.05997e-011	8.25532e-011	8.64983e-011	8.35796e-011	8.40809e-011	8.53598e-011	8.36313e-011	8.81081e-011	8.63637e-011	8.28974e-011	8.83501e-011	8.65105e-011	9.81604e-011	1.24443e-010	1.11724e-010	8.84279e-011	7.06229e-011	9.06602e-011	9.01932e-011	9.04325e-011	8.45935e-011	7.28905e-011	9.38164e-011	8.8025e-011	8.14401e-011	8.80591e-011	8.26009e-011	7.6135e-011	7.70883e-011	8.73891e-011	7.61145e-011	8.60423e-011	8.16077e-011	8.63063e-011	6.41448e-011	3.33341e-011	4.58645e-011	4.61036e-011	4.73346e-011	4.87718e-011	6.11277e-011	7.46182e-011	7.45319e-011	6.56535e-011	5.22681e-011	5.15866e-011	5.08257e-011	4.90571e-011	5.2851e-011	5.34232e-011	5.32019e-011	5.34726e-011	5.28069e-011	5.41329e-011	5.4094e-011	5.52613e-011	5.55637e-011	5.50011e-011	5.63588e-011	5.79942e-011	6.56205e-011	7.43102e-011	7.64216e-011	6.97411e-011	6.01245e-011	5.9784e-011	6.05782e-011	5.97933e-011	6.08573e-011	6.16991e-011	6.43898e-011	6.90007e-011	6.58908e-011	6.29872e-011	6.07184e-011	6.18696e-011	6.05133e-011	6.12915e-011	6.24188e-011	6.4181e-011	6.2293e-011	6.11826e-011	6.47777e-011	6.45799e-011	6.10889e-011	6.1018e-011	6.38672e-011	6.27806e-011	6.36856e-011	6.86534e-011	7.23278e-011	6.87813e-011	6.56553e-011	6.96629e-011	6.68067e-011	7.14411e-011	7.114e-011	7.11165e-011	7.37989e-011	7.49737e-011	7.17841e-011	6.97292e-011	7.18085e-011	7.66651e-011	7.2801e-011	7.15714e-011	6.86912e-011	6.70172e-011	6.94059e-011	5.28615e-011	5.04495e-011	5.46711e-011	6.30269e-011	4.88075e-011	4.12932e-011	4.77684e-011	7.1661e-011	3.5271e-011	2.86533e-011	3.9453e-011	4.62455e-011	4.7174e-011	4.53094e-011	5.0864e-011	5.22686e-011	4.94517e-011	4.84837e-011	4.83647e-011	4.68809e-011	4.7603e-011	5.19593e-011	5.80217e-011	6.40761e-011	6.11956e-011	6.12353e-011	4.86264e-011	4.73647e-011	4.44525e-011	4.50316e-011	4.76739e-011	4.35238e-011	4.59359e-011	4.39838e-011	4.38805e-011	4.33408e-011	4.26502e-011	4.40228e-011	4.51018e-011	4.71727e-011	4.50935e-011	4.12924e-011	4.19825e-011	4.14506e-011	3.91968e-011	4.30054e-011	4.05215e-011	4.16003e-011	4.02432e-011	4.36629e-011	4.10757e-011	4.29084e-011	4.53044e-011	4.28363e-011	4.37167e-011	4.2661e-011	4.5668e-011	6.33786e-011	1.08791e-010	1.4991e-010	1.71239e-010	1.90917e-010	2.11659e-010	2.16253e-010	2.23338e-010	2.25702e-010	2.27559e-010	2.29264e-010	2.29819e-010	2.28724e-010	2.27334e-010	2.25795e-010	2.21604e-010	2.18834e-010	2.11914e-010	2.08629e-010	1.92766e-010	1.73539e-010	1.23238e-010	7.33575e-011	4.14659e-011	3.29192e-011	3.14347e-011	3.0585e-011	2.95845e-011	2.37912e-011	2.39889e-011	3.88902e-011	1.51478e-011	2.96047e-011	2.74139e-011	2.69291e-011	2.39368e-011	2.42931e-011	1.84997e-011	1.99113e-011	2.21006e-011	1.62119e-011	1.4886e-011
39.4493	5.63178e-011	5.67032e-011	5.82228e-011	5.69488e-011	5.55235e-011	6.04456e-011	6.06459e-011	6.04093e-011	6.25208e-011	6.46239e-011	6.56474e-011	6.71622e-011	6.62405e-011	4.55996e-011	7.37984e-011	7.74219e-011	8.36792e-011	7.07174e-011	7.56009e-011	7.71194e-011	7.74869e-011	8.16308e-011	7.94104e-011	8.1395e-011	8.4728e-011	8.21964e-011	8.27987e-011	8.36782e-011	8.22639e-011	8.67687e-011	8.46947e-011	8.15411e-011	8.70202e-011	8.48495e-011	9.35968e-011	1.10334e-010	1.07138e-010	8.72226e-011	6.96552e-011	8.93582e-011	8.92706e-011	8.93174e-011	8.35711e-011	7.24602e-011	9.35491e-011	8.66348e-011	8.13545e-011	8.71352e-011	8.16237e-011	7.5104e-011	7.62172e-011	8.59633e-011	7.54189e-011	8.35769e-011	8.12283e-011	8.52273e-011	6.30797e-011	3.24253e-011	4.52544e-011	4.54344e-011	4.67487e-011	4.74832e-011	5.49936e-011	6.78518e-011	6.80609e-011	5.88348e-011	5.07428e-011	5.13551e-011	5.01735e-011	4.81979e-011	5.17842e-011	5.21483e-011	5.18613e-011	5.2637e-011	5.22616e-011	5.31632e-011	5.37706e-011	5.4941e-011	5.56029e-011	5.51138e-011	5.57588e-011	5.88235e-011	7.14494e-011	8.41382e-011	8.125e-011	7.28544e-011	6.0451e-011	5.91799e-011	6.00429e-011	5.89692e-011	6.03151e-011	6.07956e-011	6.20532e-011	6.29452e-011	6.23291e-011	6.14902e-011	6.02144e-011	6.10012e-011	5.94942e-011	6.01212e-011	6.19538e-011	6.34208e-011	6.19514e-011	6.06877e-011	6.42718e-011	6.38482e-011	6.07023e-011	6.0119e-011	6.35978e-011	6.34974e-011	7.03872e-011	7.82684e-011	8.20705e-011	7.28665e-011	6.5368e-011	6.9216e-011	6.65568e-011	7.16734e-011	7.10683e-011	7.08119e-011	7.26894e-011	7.39871e-011	7.14199e-011	7.17009e-011	7.49729e-011	7.80936e-011	7.20646e-011	7.09548e-011	6.78369e-011	6.59247e-011	6.85745e-011	5.17195e-011	4.94247e-011	5.31918e-011	6.00927e-011	4.72031e-011	4.02325e-011	4.70365e-011	6.94007e-011	3.46241e-011	2.66912e-011	3.79606e-011	4.49366e-011	4.61909e-011	4.40803e-011	4.98882e-011	5.17599e-011	4.86954e-011	4.79791e-011	4.76829e-011	4.56643e-011	4.64224e-011	5.00286e-011	5.28408e-011	6.22147e-011	6.19391e-011	5.68702e-011	4.61511e-011	4.52787e-011	4.22555e-011	4.35087e-011	4.58961e-011	4.19191e-011	4.3004e-011	4.17239e-011	4.15064e-011	4.0852e-011	4.04034e-011	4.15175e-011	4.09091e-011	4.20063e-011	4.11667e-011	3.76049e-011	3.89623e-011	3.90972e-011	3.6367e-011	4.0627e-011	3.78799e-011	3.89807e-011	3.82162e-011	4.10141e-011	3.85188e-011	3.98714e-011	4.26438e-011	4.07658e-011	4.18788e-011	4.09837e-011	4.75073e-011	8.25172e-011	1.37086e-010	1.68152e-010	1.8721e-010	2.00905e-010	2.13162e-010	2.15342e-010	2.20226e-010	2.25174e-010	2.26828e-010	2.27617e-010	2.27754e-010	2.26312e-010	2.25433e-010	2.23831e-010	2.20792e-010	2.16674e-010	2.10547e-010	2.08555e-010	1.99912e-010	1.8269e-010	1.55962e-010	9.51608e-011	5.09905e-011	3.13072e-011	2.67556e-011	2.52663e-011	2.4697e-011	1.86917e-011	1.87481e-011	3.37934e-011	9.98021e-012	2.42944e-011	2.21031e-011	2.12603e-011	1.90521e-011	1.8478e-011	1.30392e-011	1.35194e-011	1.61336e-011	1.02409e-011	8.55324e-012
39.8438	4.66424e-011	4.71494e-011	4.80034e-011	4.69904e-011	4.81097e-011	5.12899e-011	5.13177e-011	5.14783e-011	5.46281e-011	5.64823e-011	5.76837e-011	5.93034e-011	5.96275e-011	3.81597e-011	6.68869e-011	7.03228e-011	8.48181e-011	6.40953e-011	6.9072e-011	7.03964e-011	7.12108e-011	7.52287e-011	7.37374e-011	7.59497e-011	7.90088e-011	7.64873e-011	7.71694e-011	7.79842e-011	7.70749e-011	8.15831e-011	7.9368e-011	7.70714e-011	8.19062e-011	7.98036e-011	8.67606e-011	9.48501e-011	9.92873e-011	8.27897e-011	6.56391e-011	8.49003e-011	8.52977e-011	8.51851e-011	7.97776e-011	6.85038e-011	9.07852e-011	8.32048e-011	7.84709e-011	8.4582e-011	7.94707e-011	7.2564e-011	7.40027e-011	8.40725e-011	7.32789e-011	8.0686e-011	7.9299e-011	8.3258e-011	6.09259e-011	3.09423e-011	4.33693e-011	4.37884e-011	4.51971e-011	4.56673e-011	5.01981e-011	5.95036e-011	5.94435e-011	5.2803e-011	4.90091e-011	5.05611e-011	4.98178e-011	4.74217e-011	5.10144e-011	5.10976e-011	5.10278e-011	5.25191e-011	5.22148e-011	5.32573e-011	5.39326e-011	5.50976e-011	5.60383e-011	5.52549e-011	5.58182e-011	5.80139e-011	6.70554e-011	8.42995e-011	7.78236e-011	6.94093e-011	6.08421e-011	5.96205e-011	6.0674e-011	5.99321e-011	6.08939e-011	6.14172e-011	6.18589e-011	6.07193e-011	6.14978e-011	6.16949e-011	6.05963e-011	6.19872e-011	6.0297e-011	6.06678e-011	6.24567e-011	6.49496e-011	6.32189e-011	6.17638e-011	6.51547e-011	6.49647e-011	6.1908e-011	6.11265e-011	6.49054e-011	6.63174e-011	7.87173e-011	9.01787e-011	8.91322e-011	7.80774e-011	6.72268e-011	7.10061e-011	6.82766e-011	7.27498e-011	7.27852e-011	7.15964e-011	7.27541e-011	7.41874e-011	7.26825e-011	7.71663e-011	7.81407e-011	7.64625e-011	7.34174e-011	7.23617e-011	6.92963e-011	6.71491e-011	6.97766e-011	5.2969e-011	5.10057e-011	5.41027e-011	6.28315e-011	4.85543e-011	4.29082e-011	4.76073e-011	7.00786e-011	3.60502e-011	2.87925e-011	3.84501e-011	4.56694e-011	4.71654e-011	4.49376e-011	5.10553e-011	5.28779e-011	4.99056e-011	4.92084e-011	4.91438e-011	4.62839e-011	4.67704e-011	4.96035e-011	4.99982e-011	5.86671e-011	5.63278e-011	5.27644e-011	4.53343e-011	4.525e-011	4.20846e-011	4.36939e-011	4.53645e-011	4.13832e-011	4.2248e-011	4.09601e-011	4.07334e-011	3.99252e-011	3.93925e-011	4.04923e-011	3.95109e-011	3.97334e-011	3.88745e-011	3.55774e-011	3.69835e-011	3.75226e-011	3.48378e-011	3.89273e-011	3.63651e-011	3.72921e-011	3.67806e-011	3.93299e-011	3.70128e-011	3.78993e-011	4.07038e-011	4.00703e-011	4.22832e-011	4.48431e-011	6.62465e-011	1.0428e-010	1.60871e-010	1.78173e-010	1.9875e-010	2.06748e-010	2.14022e-010	2.15715e-010	2.19398e-010	2.23285e-010	2.24519e-010	2.24386e-010	2.24172e-010	2.22662e-010	2.21499e-010	2.19755e-010	2.17572e-010	2.13094e-010	2.08891e-010	2.05249e-010	2.00455e-010	1.88723e-010	1.70268e-010	1.25736e-010	7.34094e-011	3.82126e-011	2.20737e-011	1.88508e-011	1.84744e-011	1.19461e-011	1.20494e-011	2.59257e-011	2.65578e-012	1.65832e-011	1.46463e-011	1.17708e-011	1.10991e-011	9.98872e-012	7.15426e-012	4.4525e-012	7.23959e-012	1.08961e-012	0
