0.0723085	0.0707725	0.0706945	0.0713286	0.0730138	0.0750043	0.0768591	0.0775949	0.0773134	0.0761165	0.0748517	0.0752145	0.0782222	0.0834339	0.0898664	0.0971126	0.10402	0.109299	0.112578	0.114603	0.115576	0.114921	0.113148	0.112392	0.113297	0.115491	0.117787	0.119438	0.119496	0.116773	0.111914	0.106546	0.100568	0.0952003	0.0910534	0.0890426	0.0879135	0.0871234	0.0870115	0.0870353	0.0866521	0.0858281	0.0856824	0.0853331	0.0848143	0.0847702	0.0865911	0.0903787	0.0958617	0.101887	0.107743	0.111429	0.113046	0.113274	0.113704	0.114881	0.116905	0.120252	0.124989	0.129862	0.133717	0.136928	0.138953	0.140163	0.140017	0.138753	0.13603	0.13229	0.129262	0.127081	0.125647	0.124416	0.123592	0.122395	0.119876	0.116271	0.112667	0.110148	0.108951	0.109483	0.11188	0.115566	0.119862	0.124294	0.128997	0.132446	0.134741	0.135511	0.136315	0.136847	0.138024	0.139777	0.141903	0.144097	0.145579	0.147026	0.146609	0.145345	0.143537	0.141764	0.140736	0.138997	0.138546	0.138095	0.138594	0.138922	0.139489	0.139648	0.13879	0.137356	0.13521	0.133673	0.132036	0.131788	0.133338	0.136719	0.140845	0.144565	0.147471	0.149461	0.150977	0.152594	0.153737	0.15427	0.154124	0.155063	0.156138	0.15745	0.158322	0.158617	0.1582	0.156324	0.153907	0.151048	0.147885	0.14523	0.143049	0.141683	0.139774	0.137797	0.135549	0.133436	0.130612	0.12772	0.125268	0.123698	0.12301	0.12422	0.126278	0.128472	0.129615	0.130622	0.130748	0.130229	0.128727	0.127665	0.126638	0.126696	0.128076	0.131117	0.135312	0.138692	0.141124	0.141995	0.142494	0.142009	0.141117	0.139818	0.138655	0.137933	0.138567	0.139608	0.140683	0.141181	0.142087	0.14306	0.143389	0.144125	0.145234	0.147156	0.148638	0.150052	0.152212	0.154541	0.156362	0.157098	0.1578	0.157824	0.157203	0.156481	0.15681	0.158631	0.160282	0.162239	0.163212	0.163168	0.161835	0.159316	0.156017	0.151937	0.14779	0.14422	0.141022	0.138469	0.136797	0.135295	0.133047	0.129917	0.126754	0.124234	0.121613	0.119094	0.116914	0.115005	0.113536	0.112611	0.112668	0.112896	0.112343	0.111519	0.110559	0.109532	0.107419	0.105816	0.105534	0.106033	0.10687	0.107233	0.106782	0.10433	0.100421	0.0965111	0.093178	0.090862	0.0898346	0.0900618	0.0904586	0.0904145	0.0893193	0.0880206	0.0867897	0.085864	0.0848027	0.083131	0.0810864	0.0793469	0.0791672	0.0814289	0.0854877	0.0910385	0.0968945	0.101699	0.104605	0.106324	0.108077	0.110305	0.112906	0.116049	0.118718	0.120403	0.120156	0.117908	0.114201	0.108902	0.103432	0.0974541	0.0913744	0.0858032	0.0807407	0.0777806	0.0754985	0.0743355	0.0726977	0.0703479	0.0663026	0.0618844	0.0573644	0.0539634	0.0513084	0.051027	0.0525766	0.055313	0.058592	0.0617692	0.0645056	0.0658178	0.0655364	0.0644412	0.0638546	0.0642513	0.0660722	0.0691816	0.0740203	0.0793338	0.0835622	0.0862986	0.0877126	0.0881771	0.0882687	0.0878855	0.0870616	0.0852882	0.0831418	0.0820805	0.0813582	0.0812124	0.0802189	0.0778352	0.0730439	0.0668964	0.0607827	0.0554489	0.052014	0.0499355	0.0507391	0.0513054	0.0511596	0.0497253	0.0482231	0.0479417	0.0486097	0.0513122	0.055744	0.0614305	0.0674221	0.0742614	0.0825588	0.0914326	0.0992553	0.106061	0.110662	0.113025	0.11332	0.113751	0.115504	0.118241	0.12274	0.127749	0.132045	0.133764	0.133076	0.130794	0.128308	0.126501	0.126423	0.127599	0.128946	0.130631	0.132757	0.136036	0.139518	0.143577	0.147602	0.150813	0.152498	0.153743	0.155191	0.157351	0.16063	0.165638	0.170748	0.174603	0.175644	0.175397	0.174335	0.172935	0.171467	0.170711	0.170497	0.170283	0.169799	0.168907	0.167676	0.164716	0.160671	0.155744	0.150512	0.145246	0.139437	0.133459	0.127108	0.121469	0.117288	0.115311	0.114589	0.11424	0.114433	0.114355	0.114616	0.114979	0.116766	0.119469	0.122273	0.125789	0.128899	0.131974	0.133592	0.135446	0.137437	0.140105	0.143113	0.146019	0.148823	0.150407	0.151278	0.150624	0.149427
0.0654047	0.0657436	0.0658113	0.0651669	0.0641833	0.0637763	0.0646238	0.0660139	0.0675057	0.0683871	0.0694381	0.0708621	0.0742189	0.0790337	0.0853065	0.0915116	0.0965638	0.0992424	0.0992083	0.0978179	0.0971395	0.0975124	0.0990381	0.101852	0.10548	0.108498	0.110024	0.109718	0.108362	0.105513	0.101953	0.0986974	0.0955438	0.0929666	0.0907624	0.0897789	0.0895753	0.0897446	0.0895071	0.0881845	0.0860142	0.0837422	0.0834029	0.0840131	0.0859796	0.0882852	0.0917437	0.096389	0.101984	0.107917	0.112359	0.114801	0.115512	0.116224	0.117852	0.1207	0.124091	0.127481	0.130601	0.132703	0.133143	0.132669	0.130905	0.129684	0.128124	0.127344	0.12575	0.124529	0.123512	0.122732	0.121952	0.120968	0.120561	0.119239	0.116967	0.113033	0.109405	0.106658	0.106081	0.10798	0.111473	0.115541	0.118118	0.11978	0.121441	0.123543	0.126154	0.128493	0.131172	0.134325	0.137919	0.141683	0.145243	0.1486	0.151041	0.152703	0.152363	0.15138	0.149752	0.148056	0.146869	0.145615	0.145648	0.145207	0.145106	0.144088	0.142698	0.140663	0.138527	0.136662	0.134898	0.134254	0.133677	0.133846	0.134592	0.136932	0.140017	0.142899	0.144866	0.146188	0.147341	0.148697	0.150324	0.151748	0.152596	0.153477	0.153748	0.15402	0.153918	0.153646	0.152561	0.150662	0.148356	0.146559	0.145304	0.145304	0.146117	0.147304	0.147812	0.147371	0.145642	0.143811	0.14164	0.140284	0.139097	0.138724	0.138045	0.13869	0.139232	0.140046	0.139842	0.139808	0.139265	0.138214	0.136145	0.13445	0.132991	0.134042	0.13706	0.141502	0.145367	0.147673	0.148114	0.147198	0.146147	0.145841	0.145638	0.145027	0.144349	0.144009	0.144823	0.145738	0.146823	0.147434	0.148281	0.149027	0.148688	0.148789	0.148925	0.151061	0.153298	0.156384	0.160215	0.16364	0.16642	0.166929	0.167912	0.168217	0.168759	0.168318	0.167843	0.167877	0.167029	0.166385	0.165164	0.164147	0.162722	0.15984	0.157025	0.154109	0.152142	0.150209	0.147632	0.144478	0.140782	0.136883	0.132508	0.12888	0.126472	0.125353	0.124268	0.122538	0.120639	0.118333	0.116434	0.11501	0.113586	0.111992	0.109686	0.108024	0.107312	0.107719	0.108838	0.110533	0.112533	0.113347	0.11277	0.110634	0.107819	0.10436	0.101037	0.09846	0.0965949	0.0943907	0.0927968	0.0912369	0.0900838	0.0889647	0.0877777	0.0867603	0.0851664	0.0836404	0.08225	0.0813004	0.0815037	0.0828259	0.0849281	0.0873015	0.0900818	0.0932351	0.0968292	0.0999147	0.102932	0.106221	0.109612	0.112799	0.115207	0.117444	0.118394	0.117613	0.114935	0.110153	0.104694	0.0980816	0.0930291	0.0886208	0.0852977	0.0818727	0.0785156	0.0759045	0.0729882	0.0698685	0.0660706	0.0624762	0.0586443	0.0555924	0.0529474	0.051184	0.0501327	0.0513532	0.0540996	0.0574564	0.0602367	0.0624745	0.0639663	0.0649494	0.0658648	0.0674244	0.0698317	0.0724425	0.0753245	0.0779353	0.0811564	0.0843436	0.0871239	0.0892261	0.0904127	0.0908534	0.0907176	0.0902088	0.0894626	0.0885469	0.0872921	0.0861052	0.0833923	0.0800352	0.0754574	0.0704388	0.0651151	0.0605373	0.0572141	0.055349	0.0544672	0.0541279	0.0546025	0.0545345	0.0543309	0.0541951	0.0545001	0.0554154	0.0562629	0.0588059	0.0632138	0.069385	0.0765055	0.084406	0.0923065	0.0991897	0.104683	0.109735	0.114414	0.118347	0.121568	0.124552	0.12757	0.130791	0.134351	0.137233	0.13903	0.138623	0.136453	0.132824	0.129535	0.127365	0.127297	0.12845	0.130314	0.132281	0.133908	0.134993	0.135163	0.135773	0.137468	0.139943	0.143503	0.147538	0.151675	0.155744	0.16066	0.167137	0.172528	0.175885	0.175376	0.172697	0.169136	0.166322	0.165033	0.164728	0.164897	0.164253	0.162557	0.159709	0.155606	0.150383	0.144721	0.139465	0.13448	0.129699	0.12485	0.119153	0.113931	0.10976	0.107793	0.106708	0.10603	0.10569	0.105385	0.105283	0.105825	0.107792	0.110742	0.113827	0.116235	0.118642	0.120778	0.122778	0.124847	0.128102	0.132713	0.137901	0.143258	0.148276	0.151938	0.153396	0.152548	0.149903	0.146173
0.069351	0.0699372	0.0697096	0.0684986	0.0666434	0.0656698	0.0670358	0.0697922	0.0735996	0.0771697	0.0810111	0.0843778	0.0883887	0.0924335	0.096987	0.100354	0.102906	0.103967	0.104214	0.103817	0.1042	0.105227	0.10717	0.109553	0.111563	0.112658	0.112363	0.111592	0.110076	0.108391	0.105925	0.10407	0.101808	0.100461	0.0990127	0.0983104	0.0976419	0.0963631	0.0939654	0.0902791	0.0867963	0.084975	0.0858663	0.0882496	0.091345	0.0937962	0.0961456	0.0990714	0.102879	0.107771	0.111104	0.113284	0.113769	0.115168	0.116806	0.119528	0.122793	0.12616	0.128984	0.129706	0.12863	0.126368	0.123089	0.121369	0.120667	0.121762	0.121534	0.120662	0.118875	0.116816	0.115029	0.113682	0.113488	0.112142	0.110287	0.107143	0.105152	0.103975	0.104188	0.105792	0.107802	0.110253	0.11145	0.111934	0.112452	0.114158	0.117558	0.121501	0.125241	0.128675	0.132008	0.135341	0.139284	0.143058	0.146492	0.148265	0.148716	0.148556	0.148565	0.148677	0.149127	0.148696	0.148401	0.146987	0.145911	0.144836	0.144235	0.143974	0.144017	0.144604	0.144749	0.145539	0.146633	0.148711	0.15062	0.152766	0.154878	0.155973	0.156695	0.15701	0.158138	0.15947	0.161379	0.162304	0.162348	0.160798	0.158604	0.156443	0.155368	0.154937	0.153963	0.151565	0.148591	0.145176	0.143016	0.142144	0.142594	0.143113	0.143021	0.14242	0.140531	0.13949	0.138889	0.139984	0.140875	0.14197	0.142285	0.142634	0.142406	0.141941	0.141341	0.141045	0.140377	0.139267	0.13748	0.136066	0.134312	0.134424	0.136027	0.138546	0.140387	0.140973	0.140644	0.139093	0.137883	0.137553	0.138038	0.137946	0.137277	0.136744	0.13689	0.137103	0.137181	0.136919	0.13642	0.135752	0.134846	0.135432	0.136561	0.139453	0.142141	0.145067	0.147688	0.1498	0.15181	0.152634	0.153898	0.154688	0.15507	0.153825	0.151563	0.149403	0.147412	0.145726	0.144041	0.142185	0.139957	0.136474	0.133432	0.131882	0.131417	0.131936	0.130962	0.129582	0.125963	0.122514	0.118658	0.116702	0.116677	0.118518	0.121173	0.121996	0.121769	0.119947	0.118567	0.117593	0.116823	0.115951	0.115045	0.114852	0.115845	0.117584	0.120035	0.122452	0.124191	0.124099	0.12238	0.118863	0.114871	0.110507	0.107262	0.104898	0.103246	0.101221	0.0992303	0.096663	0.0945365	0.092037	0.0905887	0.0890386	0.0881328	0.0871253	0.0872029	0.0885011	0.0909862	0.0940477	0.096431	0.0984074	0.0998413	0.10158	0.103828	0.106008	0.109035	0.112606	0.116752	0.120831	0.124333	0.127903	0.129846	0.129822	0.127322	0.122958	0.117847	0.112262	0.108372	0.104991	0.102763	0.0989751	0.0950514	0.089941	0.0841863	0.0778552	0.0718293	0.0674309	0.063982	0.0618216	0.0602376	0.0593318	0.0585617	0.0592835	0.0604122	0.0616087	0.0615507	0.0613569	0.060858	0.0611051	0.0628781	0.0666517	0.071612	0.075962	0.0796678	0.0819494	0.0835189	0.0848171	0.0859797	0.0872441	0.087559	0.0873314	0.087375	0.0875882	0.0882761	0.0876077	0.0859559	0.0829139	0.0782443	0.0732017	0.0671757	0.0620992	0.0570905	0.0538789	0.0509047	0.048507	0.0462449	0.0442879	0.0428396	0.0407809	0.039163	0.0383251	0.0387417	0.0403112	0.0429997	0.0484009	0.0554635	0.0633739	0.0704027	0.0764481	0.0807642	0.0834527	0.0859377	0.0897113	0.0951463	0.101124	0.106898	0.112333	0.116649	0.120558	0.123993	0.127495	0.129607	0.129549	0.126812	0.122889	0.119948	0.119551	0.122104	0.125505	0.128668	0.130441	0.131061	0.130426	0.129215	0.128954	0.130557	0.134026	0.139122	0.144896	0.150738	0.156071	0.161879	0.168569	0.174682	0.179303	0.180805	0.180272	0.178485	0.176935	0.176368	0.176344	0.17554	0.172973	0.168303	0.162684	0.156421	0.149852	0.144165	0.139055	0.13547	0.131988	0.129217	0.125395	0.121709	0.117581	0.114065	0.110819	0.108693	0.10816	0.108848	0.11035	0.112767	0.115828	0.119127	0.121748	0.123962	0.126684	0.129813	0.133485	0.136818	0.140761	0.145484	0.150987	0.156998	0.162603	0.166546	0.167437	0.165345	0.161014	0.156209
0.073967	0.0731826	0.0710419	0.0684942	0.0662178	0.0660098	0.0682772	0.0723416	0.077186	0.0821321	0.086773	0.0900576	0.0922571	0.0935072	0.0946555	0.0949562	0.0956637	0.096473	0.0980622	0.0993122	0.101681	0.104118	0.106725	0.107873	0.107326	0.105389	0.102468	0.0998864	0.0981864	0.0984871	0.0991946	0.100513	0.100372	0.100436	0.0990748	0.0983921	0.097845	0.0979422	0.0971578	0.0955935	0.0946734	0.0952792	0.0980213	0.101442	0.10493	0.106485	0.106718	0.106747	0.107963	0.110468	0.113006	0.115511	0.118253	0.121843	0.12506	0.127327	0.128713	0.129013	0.128839	0.127343	0.125541	0.122722	0.11953	0.117118	0.115588	0.115278	0.114019	0.112285	0.108449	0.10424	0.100404	0.0982629	0.0981228	0.09822	0.0990293	0.0993299	0.100275	0.10122	0.102639	0.104228	0.105614	0.106661	0.107606	0.108517	0.110377	0.113289	0.117489	0.121892	0.126126	0.130327	0.134052	0.136624	0.139265	0.141702	0.144952	0.147694	0.150165	0.152059	0.152699	0.152491	0.152181	0.151702	0.151223	0.149727	0.14884	0.148429	0.149272	0.14981	0.151264	0.152039	0.15278	0.153183	0.153755	0.155005	0.155712	0.157471	0.159535	0.161904	0.163968	0.16593	0.167689	0.168769	0.169341	0.168998	0.167738	0.165225	0.162338	0.160435	0.15982	0.159781	0.158997	0.156992	0.154885	0.151829	0.14979	0.148225	0.148051	0.147402	0.147534	0.1478	0.147423	0.146943	0.146261	0.146595	0.145947	0.145739	0.145259	0.14478	0.143758	0.143042	0.143444	0.14466	0.145809	0.146008	0.144714	0.142642	0.139585	0.138258	0.137881	0.138487	0.138143	0.137698	0.137591	0.136943	0.136362	0.135747	0.135674	0.134619	0.133597	0.133355	0.134164	0.135143	0.135952	0.136863	0.136995	0.136481	0.135222	0.13454	0.133925	0.134836	0.137001	0.140286	0.143808	0.146584	0.149767	0.152237	0.154573	0.15606	0.156225	0.154118	0.150112	0.145903	0.142949	0.140876	0.140091	0.139782	0.139438	0.137162	0.134173	0.131219	0.128637	0.126666	0.123813	0.121401	0.117633	0.114949	0.111995	0.111787	0.112969	0.115508	0.118148	0.119025	0.119156	0.117829	0.117248	0.117447	0.118189	0.119405	0.120655	0.121769	0.122952	0.123727	0.124841	0.125651	0.126087	0.125201	0.123196	0.119834	0.116914	0.114637	0.113514	0.112424	0.110453	0.107566	0.103493	0.09908	0.094803	0.0917807	0.0899451	0.089398	0.0889188	0.0879987	0.087689	0.0882609	0.0900875	0.0914053	0.0920451	0.0917015	0.0917308	0.0924045	0.0945023	0.097719	0.102224	0.10734	0.111506	0.114587	0.116143	0.11685	0.116337	0.115519	0.114259	0.112661	0.110554	0.108278	0.106069	0.103522	0.100262	0.0954086	0.0892328	0.0817684	0.0737954	0.066738	0.0615794	0.0596082	0.0592306	0.060006	0.0598997	0.0587762	0.0568389	0.0558172	0.055677	0.0560455	0.0566174	0.0575623	0.0592871	0.0617239	0.0663649	0.0725995	0.0790375	0.0835089	0.0857423	0.0861447	0.0847499	0.0836942	0.0832489	0.0853806	0.0869697	0.0882198	0.0884187	0.0878378	0.0869516	0.0847431	0.0823989	0.0790374	0.0747604	0.0697036	0.064172	0.0593864	0.0559571	0.0540876	0.0522181	0.0495687	0.0456308	0.040947	0.0365004	0.0326304	0.0312356	0.0320449	0.0347191	0.0379359	0.0412543	0.0463022	0.0515534	0.0573133	0.0620899	0.0670699	0.0707952	0.0743511	0.0783477	0.0844806	0.0922411	0.100544	0.108271	0.114471	0.118265	0.119989	0.120731	0.121676	0.122722	0.123464	0.123154	0.12237	0.12145	0.121682	0.123577	0.126014	0.128552	0.129701	0.129425	0.127827	0.126296	0.126868	0.129237	0.133641	0.138383	0.143092	0.146139	0.14861	0.151759	0.156773	0.162499	0.167615	0.171306	0.173268	0.174111	0.17448	0.175798	0.177116	0.176942	0.174123	0.169032	0.162754	0.156273	0.150267	0.146126	0.142764	0.140318	0.136889	0.132917	0.128064	0.123888	0.120527	0.118488	0.117025	0.116377	0.117016	0.118402	0.120669	0.123751	0.127103	0.130591	0.132587	0.134787	0.137088	0.140745	0.144945	0.149722	0.15477	0.159682	0.164086	0.167811	0.171197	0.1736	0.174782	0.174134	0.171518	0.167919
0.0747421	0.0724716	0.069896	0.0694566	0.0707465	0.0738675	0.0780058	0.0824492	0.0869604	0.0909969	0.0944909	0.0973406	0.0990035	0.0995814	0.0998541	0.0998894	0.100671	0.101622	0.103081	0.104405	0.106034	0.106883	0.107529	0.106784	0.105463	0.103871	0.102855	0.102721	0.102892	0.103809	0.103505	0.102625	0.0995405	0.0973379	0.0949996	0.0938482	0.0932392	0.0932745	0.093615	0.0941929	0.095042	0.0959929	0.0966725	0.0968434	0.0966075	0.0957612	0.0947115	0.0948146	0.0962402	0.0995307	0.102516	0.105739	0.108758	0.112116	0.114763	0.115951	0.116969	0.117276	0.118227	0.118873	0.11979	0.120673	0.121081	0.121286	0.120473	0.118915	0.116034	0.112509	0.10817	0.104747	0.102985	0.102783	0.103259	0.103329	0.10411	0.105501	0.107131	0.109506	0.111541	0.114086	0.115037	0.115886	0.116735	0.117991	0.120095	0.121927	0.124201	0.125558	0.126984	0.12807	0.12953	0.130888	0.133195	0.136045	0.139471	0.142727	0.145611	0.147036	0.146801	0.145039	0.144464	0.14399	0.14406	0.143519	0.14413	0.145658	0.147761	0.149323	0.150409	0.150716	0.150005	0.149735	0.150279	0.152756	0.15547	0.158625	0.162153	0.16507	0.167988	0.170024	0.171619	0.171688	0.170943	0.169419	0.167657	0.165794	0.164642	0.165084	0.1659	0.166308	0.164716	0.161597	0.157462	0.152648	0.148886	0.146683	0.146244	0.146381	0.147366	0.148317	0.148284	0.148387	0.148423	0.149034	0.148154	0.147478	0.147309	0.147345	0.147617	0.147924	0.149044	0.149656	0.149895	0.148777	0.146371	0.142677	0.138372	0.135559	0.133899	0.13329	0.132715	0.13214	0.131666	0.129803	0.127465	0.124279	0.121771	0.119467	0.118654	0.119334	0.121132	0.123745	0.126527	0.129173	0.130191	0.129989	0.129482	0.12945	0.130502	0.133115	0.137728	0.142476	0.146479	0.149261	0.152077	0.153977	0.155029	0.155234	0.154151	0.151711	0.148559	0.146288	0.145815	0.14602	0.147344	0.147718	0.146668	0.143143	0.138499	0.133482	0.128601	0.125584	0.123856	0.123926	0.123384	0.123488	0.122743	0.122575	0.122576	0.122578	0.12302	0.121529	0.120378	0.118921	0.119262	0.12106	0.12391	0.12754	0.13022	0.131645	0.13185	0.131411	0.130666	0.12999	0.129584	0.129213	0.128468	0.126842	0.12508	0.122776	0.119725	0.115522	0.110912	0.106743	0.102166	0.0976581	0.0938618	0.0916931	0.091152	0.091662	0.0922738	0.0912918	0.0895978	0.0879377	0.087261	0.0870929	0.0877046	0.0895032	0.0923529	0.095813	0.0999851	0.105039	0.110059	0.114536	0.117487	0.119761	0.120847	0.120916	0.120409	0.11997	0.119497	0.118549	0.116583	0.113567	0.109228	0.10394	0.0979394	0.0914982	0.0848875	0.0782429	0.0722765	0.0673951	0.0638361	0.0617691	0.0599395	0.0573639	0.0532624	0.0485166	0.0443134	0.0418734	0.0412984	0.0428257	0.0460823	0.0500849	0.0538502	0.0565303	0.0600582	0.063993	0.0683686	0.0712861	0.0735255	0.0744425	0.0750542	0.076039	0.0785835	0.0831626	0.0877077	0.0908965	0.0917117	0.0902551	0.0874082	0.0836119	0.0803242	0.0781555	0.0767327	0.0752422	0.07287	0.0694467	0.0654469	0.061142	0.0569049	0.0525321	0.0484306	0.0438544	0.0397868	0.0358888	0.0338896	0.0335859	0.0352149	0.0378611	0.0410499	0.0451543	0.0490891	0.0528543	0.0563144	0.06069	0.0654724	0.0707975	0.0766989	0.0835159	0.0897226	0.0948441	0.0985755	0.101595	0.103563	0.104751	0.10655	0.109094	0.11191	0.113573	0.114151	0.113983	0.113814	0.114155	0.116021	0.118464	0.120941	0.122536	0.12369	0.124607	0.125762	0.128001	0.13119	0.135091	0.138313	0.140892	0.142758	0.14493	0.148186	0.153308	0.160057	0.166569	0.17186	0.174845	0.17644	0.176272	0.176138	0.175868	0.175056	0.172514	0.168548	0.163972	0.159905	0.156006	0.153329	0.150109	0.146822	0.142449	0.137873	0.133568	0.130246	0.12784	0.126349	0.125368	0.125301	0.125743	0.126762	0.128255	0.130698	0.133107	0.135923	0.137959	0.140436	0.143116	0.147254	0.151799	0.156548	0.160279	0.163502	0.165504	0.166963	0.168423	0.170628	0.172969	0.174395	0.1746	0.17372
0.0734014	0.0718547	0.0710879	0.0719827	0.0744372	0.0775699	0.0807365	0.0828519	0.0839501	0.0835563	0.0828574	0.0826331	0.0831888	0.0839818	0.0848765	0.0859408	0.086293	0.086001	0.084929	0.0843996	0.0845144	0.0850023	0.0859987	0.0871308	0.0890428	0.0909548	0.092799	0.0934225	0.0932999	0.0927027	0.0914612	0.0898128	0.0873167	0.0855666	0.0844608	0.0843383	0.0853686	0.0873823	0.089769	0.0921218	0.0934235	0.093301	0.0920595	0.0904789	0.0893052	0.0886402	0.0892637	0.0922268	0.0963428	0.100662	0.103083	0.10391	0.103618	0.103427	0.104627	0.106573	0.109706	0.112059	0.114072	0.115611	0.117218	0.118995	0.120568	0.121089	0.120187	0.117657	0.114686	0.111783	0.110033	0.11008	0.112331	0.115226	0.117477	0.118677	0.119097	0.119653	0.119564	0.121103	0.123761	0.128386	0.131926	0.134312	0.135071	0.135085	0.135301	0.135653	0.13648	0.137002	0.137931	0.139198	0.141009	0.142921	0.145477	0.147965	0.150488	0.152501	0.154244	0.154325	0.152236	0.149027	0.147616	0.148613	0.151305	0.154539	0.158079	0.160601	0.161394	0.160627	0.159216	0.157737	0.156632	0.156984	0.158624	0.16135	0.164212	0.167446	0.170918	0.173745	0.175556	0.176247	0.176226	0.175086	0.173743	0.172569	0.171769	0.171511	0.172134	0.174114	0.17467	0.17353	0.170525	0.16708	0.163532	0.16046	0.159049	0.159367	0.160737	0.16214	0.163475	0.163794	0.162518	0.1607	0.158984	0.157743	0.156671	0.156107	0.156765	0.156812	0.156757	0.156262	0.155868	0.15483	0.153012	0.149973	0.145002	0.139454	0.134347	0.132224	0.131457	0.131538	0.13111	0.129632	0.127169	0.123419	0.120075	0.117274	0.115286	0.114248	0.114499	0.115868	0.117678	0.120133	0.123164	0.126127	0.128242	0.12968	0.130947	0.132351	0.134364	0.138413	0.145173	0.153155	0.160289	0.16488	0.167029	0.165991	0.163834	0.161779	0.160198	0.158312	0.156562	0.155389	0.154825	0.154092	0.154038	0.153135	0.15125	0.147431	0.142833	0.136946	0.130957	0.126121	0.12332	0.122248	0.12121	0.120341	0.119134	0.117655	0.115769	0.113239	0.111794	0.110112	0.109752	0.110443	0.112152	0.11481	0.117027	0.119482	0.120105	0.119677	0.119012	0.118924	0.120158	0.121832	0.124321	0.126165	0.126551	0.125242	0.123017	0.120385	0.116601	0.111527	0.106319	0.101042	0.0958672	0.0910653	0.0883997	0.0879042	0.0886633	0.0898293	0.089639	0.087109	0.0828496	0.0783529	0.0752465	0.0746832	0.0764256	0.0807112	0.0855732	0.0897231	0.0928897	0.0958529	0.0995281	0.103441	0.106777	0.10957	0.111143	0.110343	0.108728	0.107114	0.10655	0.105987	0.104339	0.1013	0.0964303	0.0908147	0.0842157	0.0779897	0.072374	0.0683181	0.0657203	0.0633259	0.0608298	0.0573504	0.0528876	0.047645	0.0415885	0.0369562	0.0340193	0.0333542	0.0344185	0.0370086	0.0414298	0.0454442	0.0493906	0.0519808	0.0557238	0.0591278	0.0634473	0.0670886	0.0707299	0.0739643	0.0773004	0.0811791	0.084244	0.0874784	0.089526	0.0898782	0.0876195	0.0837671	0.0796434	0.0761639	0.0741425	0.0743252	0.0751182	0.0748262	0.0726691	0.0687828	0.0646252	0.0605693	0.0574968	0.055238	0.0540644	0.0528229	0.0520222	0.0516284	0.0523875	0.053384	0.0543466	0.0553091	0.0560343	0.0574377	0.0591123	0.0618042	0.0646995	0.069392	0.0751356	0.0817269	0.0876062	0.0928412	0.0965842	0.0992422	0.101256	0.103541	0.106165	0.108619	0.110938	0.112715	0.114423	0.115318	0.115704	0.11548	0.115323	0.115404	0.116265	0.117669	0.119513	0.121255	0.123676	0.126639	0.129907	0.132837	0.135766	0.138492	0.140743	0.143129	0.146025	0.150242	0.15524	0.160984	0.166422	0.170301	0.172416	0.172633	0.17251	0.172218	0.172333	0.172617	0.172292	0.171152	0.168622	0.165888	0.163494	0.161371	0.158909	0.155022	0.149678	0.142977	0.13631	0.130763	0.127893	0.126923	0.127614	0.128001	0.128183	0.127925	0.127362	0.127748	0.129524	0.132487	0.136366	0.139533	0.142665	0.144815	0.147642	0.150707	0.154213	0.157006	0.158749	0.159237	0.158639	0.158788	0.159988	0.162612	0.164965	0.166877	0.167229
0.0746205	0.0758987	0.0778212	0.079608	0.0813609	0.0819271	0.081442	0.0801771	0.0796243	0.0797835	0.0811634	0.0837302	0.087009	0.0896774	0.0913286	0.0923695	0.0922913	0.0910603	0.0887781	0.0865638	0.0850954	0.0844409	0.0856852	0.0882858	0.0924462	0.0961658	0.0988342	0.0996038	0.0988136	0.0964297	0.0930286	0.0894579	0.0872775	0.0866229	0.087562	0.0878569	0.087677	0.0870225	0.0867409	0.0872731	0.0871611	0.0865743	0.0852416	0.0844175	0.0843393	0.0853802	0.0879469	0.0921073	0.0964034	0.0994109	0.0999431	0.0986443	0.0962265	0.0944529	0.0948834	0.0974502	0.101678	0.106246	0.110406	0.113583	0.115065	0.115767	0.11596	0.115644	0.115159	0.114335	0.114393	0.114891	0.117153	0.120024	0.123744	0.126311	0.127419	0.126968	0.125534	0.124811	0.124496	0.126283	0.129222	0.133993	0.138391	0.141602	0.142711	0.142056	0.140554	0.138509	0.136702	0.136047	0.136918	0.138976	0.141136	0.143432	0.145117	0.145683	0.144961	0.143797	0.143109	0.141708	0.140206	0.138805	0.1391	0.141023	0.143895	0.147445	0.15052	0.152443	0.152704	0.152422	0.151496	0.151927	0.153171	0.156891	0.161458	0.166195	0.169846	0.171599	0.172437	0.17185	0.170687	0.169354	0.168428	0.168147	0.168374	0.168974	0.168963	0.168953	0.168773	0.169136	0.167735	0.165182	0.162018	0.158888	0.156437	0.154799	0.155127	0.156745	0.158972	0.160929	0.161698	0.160976	0.158524	0.156446	0.156198	0.158154	0.162213	0.165933	0.169618	0.171168	0.171395	0.169859	0.167136	0.164006	0.160503	0.157136	0.152446	0.147926	0.143609	0.141598	0.140266	0.139035	0.137091	0.133148	0.127882	0.121598	0.116909	0.113982	0.112955	0.113589	0.115036	0.116179	0.116236	0.11565	0.115334	0.11546	0.116263	0.118253	0.121329	0.125286	0.129717	0.134895	0.141192	0.147658	0.153378	0.157165	0.15885	0.157925	0.156524	0.1557	0.156029	0.156731	0.157704	0.158202	0.157581	0.154757	0.151728	0.147581	0.143875	0.139592	0.13592	0.132417	0.129253	0.127276	0.126045	0.125323	0.12338	0.12025	0.116476	0.112159	0.108588	0.105255	0.104126	0.103878	0.105529	0.10796	0.109713	0.110991	0.111557	0.112734	0.112995	0.113086	0.113517	0.114829	0.117701	0.121149	0.125242	0.127842	0.128002	0.125448	0.12103	0.116137	0.110226	0.104825	0.100813	0.0981241	0.0955706	0.0926442	0.0910402	0.0899787	0.0895276	0.088873	0.0883202	0.0868518	0.0847053	0.0822875	0.0802766	0.0808088	0.0834433	0.0891974	0.0945107	0.0990781	0.101611	0.10333	0.105083	0.107412	0.1112	0.115428	0.119487	0.120934	0.120958	0.119184	0.117004	0.114383	0.110948	0.106394	0.101026	0.0964378	0.0925958	0.0890251	0.0861665	0.0838504	0.0822125	0.0785062	0.0737826	0.0669907	0.0595883	0.0517452	0.045055	0.0414843	0.0405584	0.0421757	0.0446407	0.0479873	0.0514357	0.0537311	0.0553145	0.0557111	0.0569215	0.0578606	0.0608003	0.0643504	0.0691551	0.0735528	0.0780523	0.0818058	0.0835927	0.0846674	0.0856405	0.086071	0.085179	0.0831681	0.0815302	0.0798584	0.0790004	0.0787188	0.0785729	0.0767315	0.0734321	0.0687085	0.0644597	0.0606855	0.0589798	0.0587321	0.0602816	0.0617972	0.0622955	0.0615392	0.0598334	0.0578565	0.0566594	0.0563778	0.0574864	0.0594428	0.0623825	0.0656952	0.0690079	0.0730327	0.0779052	0.0827099	0.0863956	0.0886571	0.0901727	0.0915187	0.0939498	0.0970251	0.101457	0.105414	0.108693	0.109632	0.109452	0.108187	0.10699	0.106301	0.107207	0.109672	0.112849	0.116297	0.119203	0.12177	0.125048	0.128564	0.132386	0.134139	0.136061	0.137407	0.140245	0.144372	0.150668	0.158186	0.165432	0.171118	0.1746	0.175946	0.175868	0.174366	0.173576	0.172582	0.171724	0.169984	0.168245	0.166505	0.163647	0.160822	0.158133	0.155918	0.152992	0.14854	0.143782	0.138957	0.135691	0.132765	0.131229	0.129218	0.127241	0.124518	0.122914	0.122734	0.123097	0.124782	0.127382	0.131034	0.135059	0.138473	0.141244	0.142488	0.144105	0.145689	0.147781	0.149194	0.15088	0.152463	0.153809	0.155291	0.15684	0.158864	0.159871	0.16037	0.159613
0.0939033	0.0955975	0.0970544	0.0966463	0.0951193	0.0928123	0.0897255	0.0875203	0.0865358	0.0874162	0.0891104	0.0911099	0.0933127	0.0941593	0.0938529	0.0923937	0.0910362	0.0894074	0.0881177	0.0869975	0.086759	0.0873003	0.0893337	0.0922147	0.0954687	0.0973664	0.0976026	0.0963468	0.0947519	0.0927502	0.0910197	0.0902047	0.0916616	0.0941357	0.0968133	0.0976937	0.0964718	0.0942666	0.0917562	0.0905343	0.089482	0.0888027	0.0882929	0.0881221	0.0889348	0.0900186	0.092052	0.0939836	0.0954743	0.0951341	0.0939461	0.0919783	0.090146	0.0890259	0.089635	0.0915327	0.0938034	0.0960402	0.0976666	0.0979706	0.0963418	0.0940349	0.0925756	0.092371	0.0933193	0.0949457	0.0974876	0.10047	0.104097	0.107487	0.110131	0.111893	0.112739	0.113891	0.114704	0.116364	0.118262	0.120871	0.124295	0.128498	0.133414	0.136498	0.137582	0.1367	0.135478	0.135002	0.135068	0.136763	0.139745	0.143508	0.146355	0.148083	0.148353	0.147233	0.145401	0.144179	0.144381	0.144753	0.14482	0.145158	0.145496	0.147495	0.14963	0.152681	0.154884	0.155967	0.156814	0.157864	0.159863	0.163117	0.167931	0.17444	0.180373	0.18417	0.18522	0.183964	0.181589	0.17874	0.176636	0.175584	0.174972	0.174971	0.174597	0.174189	0.172119	0.169677	0.166895	0.16469	0.161874	0.158991	0.157057	0.155733	0.1558	0.155934	0.157425	0.158543	0.159457	0.158676	0.156505	0.153181	0.149924	0.147957	0.1486	0.151108	0.155582	0.15904	0.161989	0.162564	0.161851	0.159612	0.15683	0.154998	0.153776	0.153266	0.151095	0.148313	0.144582	0.141597	0.138442	0.135423	0.131556	0.125927	0.11989	0.11426	0.111376	0.110663	0.111137	0.112254	0.112355	0.112116	0.110623	0.108486	0.107128	0.107059	0.109805	0.114144	0.119975	0.126111	0.131874	0.136451	0.140281	0.143942	0.147434	0.150111	0.151534	0.152618	0.153634	0.154989	0.156344	0.157327	0.157359	0.155629	0.152305	0.147319	0.142028	0.136974	0.13382	0.132259	0.131444	0.1309	0.130017	0.128796	0.126489	0.123402	0.119874	0.115906	0.112073	0.108918	0.107662	0.107899	0.109627	0.112236	0.115389	0.118677	0.119998	0.119861	0.118911	0.118469	0.118671	0.119789	0.122466	0.126059	0.130975	0.135619	0.139619	0.14094	0.139413	0.135953	0.131103	0.126728	0.122048	0.118418	0.114823	0.111295	0.107598	0.10346	0.100407	0.0969471	0.0944028	0.0914516	0.0888395	0.086736	0.0856158	0.0855129	0.0849014	0.0857479	0.0867301	0.0894077	0.0905933	0.0915415	0.0915743	0.0917426	0.0931317	0.095538	0.100047	0.104454	0.108114	0.108995	0.107671	0.104991	0.102108	0.100411	0.0989182	0.0973234	0.0954911	0.0944049	0.0931152	0.09091	0.0879249	0.0851771	0.0820225	0.0775115	0.0719493	0.0659125	0.0599434	0.0551273	0.0527186	0.0538703	0.0564461	0.0592933	0.0610553	0.0619358	0.0620024	0.0609501	0.060542	0.0608799	0.0627776	0.06515	0.0689804	0.0725736	0.0760649	0.0786408	0.0809115	0.0825718	0.0822315	0.0813826	0.0802964	0.0792102	0.07809	0.0771394	0.0771043	0.0767301	0.0762203	0.0752019	0.0733358	0.0699438	0.0660092	0.0626172	0.0609545	0.0603769	0.061393	0.0631889	0.0658665	0.0675607	0.0680004	0.0667107	0.0653871	0.064606	0.0657577	0.0678249	0.0708077	0.0738583	0.0768071	0.079756	0.0818571	0.0839922	0.0858898	0.0877197	0.0895157	0.0907691	0.0927007	0.0948697	0.0985984	0.102395	0.107005	0.110598	0.112496	0.111545	0.108662	0.105813	0.104252	0.104996	0.107505	0.110928	0.114046	0.115775	0.116926	0.117298	0.119298	0.121839	0.12567	0.128721	0.131941	0.135229	0.139025	0.143873	0.149907	0.156959	0.1634	0.167841	0.169603	0.169568	0.168652	0.167599	0.167598	0.167597	0.167358	0.16573	0.162778	0.159217	0.154536	0.151076	0.148159	0.146022	0.143783	0.140492	0.138185	0.135336	0.134012	0.131875	0.130823	0.129092	0.127158	0.125462	0.124579	0.125154	0.125458	0.12722	0.129626	0.133016	0.136473	0.139558	0.141659	0.14254	0.143725	0.145318	0.147724	0.150334	0.153317	0.155926	0.157451	0.158433	0.158127	0.157617	0.156565	0.156021	0.155613
0.0955316	0.0962754	0.0968835	0.0958979	0.0944376	0.0932147	0.0919579	0.0917183	0.092496	0.0950708	0.0979168	0.100559	0.102049	0.101267	0.0983148	0.0941758	0.0915965	0.0903736	0.0909478	0.0918272	0.0932491	0.0942302	0.0950418	0.0950057	0.0943592	0.0926276	0.090184	0.0885881	0.0887893	0.0899061	0.0908533	0.0918344	0.0942736	0.0969162	0.0993553	0.0996244	0.0980285	0.0950762	0.0920222	0.0907315	0.0908988	0.0926259	0.0942513	0.0953002	0.095298	0.0947871	0.0939372	0.0927821	0.0911862	0.0891155	0.0883673	0.088772	0.090533	0.0923618	0.0939872	0.0946292	0.0935758	0.0920816	0.0908926	0.0895002	0.0870904	0.0841721	0.0833222	0.0840998	0.0866068	0.0891138	0.0919599	0.0939243	0.0951089	0.0959205	0.0961895	0.0970011	0.0982874	0.101133	0.104725	0.109301	0.113944	0.117672	0.119975	0.121024	0.122819	0.12397	0.124985	0.124949	0.125659	0.126911	0.128231	0.130094	0.132601	0.13504	0.136326	0.136256	0.135678	0.134183	0.133164	0.13323	0.135533	0.138142	0.140581	0.14241	0.143628	0.144575	0.144811	0.14586	0.147756	0.15084	0.155212	0.160465	0.166058	0.171413	0.176429	0.181683	0.185919	0.188324	0.188899	0.188218	0.186995	0.185433	0.184956	0.185531	0.186037	0.186069	0.184812	0.182436	0.17806	0.173107	0.168323	0.164795	0.162249	0.161094	0.161126	0.161463	0.162308	0.162272	0.162677	0.161861	0.160706	0.158805	0.157378	0.15585	0.155034	0.155032	0.156996	0.160012	0.163807	0.166789	0.168686	0.169328	0.169732	0.169154	0.16844	0.167996	0.16813	0.168195	0.16704	0.16497	0.161204	0.156556	0.150925	0.145497	0.139833	0.13471	0.130402	0.127212	0.124836	0.123308	0.121678	0.120082	0.117164	0.114381	0.111124	0.10868	0.107728	0.108777	0.112505	0.116945	0.122097	0.126808	0.131485	0.134772	0.136872	0.138056	0.139817	0.141341	0.144051	0.147576	0.151744	0.154726	0.156555	0.156756	0.155465	0.152445	0.148713	0.144337	0.140367	0.137551	0.136667	0.136393	0.135475	0.13354	0.130724	0.127432	0.123666	0.120239	0.117389	0.114979	0.112468	0.111143	0.111107	0.111851	0.112662	0.113881	0.11554	0.116589	0.115773	0.113567	0.111937	0.111833	0.114408	0.11783	0.121694	0.124574	0.127047	0.12935	0.131043	0.131618	0.130462	0.128561	0.125643	0.122928	0.119298	0.116006	0.111664	0.107694	0.103691	0.0998232	0.0962266	0.092664	0.0897118	0.0868952	0.0855366	0.0862804	0.0883126	0.0898024	0.0896984	0.0889841	0.0886428	0.089217	0.0902999	0.0922643	0.0949409	0.098126	0.100904	0.103513	0.10585	0.107645	0.108152	0.107234	0.10479	0.10177	0.0987841	0.0970187	0.0957957	0.094878	0.0940959	0.0936528	0.092769	0.0910035	0.0879156	0.08398	0.0791628	0.0738709	0.0692232	0.0650842	0.0623354	0.0599596	0.0595165	0.0597517	0.0607667	0.0615105	0.0621525	0.0629302	0.0630975	0.063536	0.0639407	0.0649557	0.065869	0.0672231	0.0689842	0.0707112	0.0725062	0.0734873	0.0740615	0.0738897	0.0738536	0.0741904	0.0755445	0.0774073	0.07927	0.0797425	0.0788926	0.0766863	0.0742766	0.0717651	0.0696945	0.0672509	0.0656889	0.0642964	0.0642603	0.0640885	0.0648661	0.0654065	0.0662858	0.0663175	0.0655015	0.0634987	0.0617332	0.0615275	0.063492	0.066745	0.0703031	0.0732848	0.0752493	0.0765695	0.077754	0.0792777	0.0812761	0.0833083	0.0862222	0.0891022	0.0927282	0.0961507	0.0996749	0.101945	0.103841	0.105229	0.106244	0.105564	0.104171	0.103457	0.104947	0.108132	0.112131	0.115994	0.118705	0.120127	0.120633	0.121309	0.122968	0.125102	0.128457	0.13232	0.136692	0.14103	0.145029	0.148994	0.153264	0.158077	0.162483	0.165193	0.166107	0.166342	0.166238	0.1661	0.165793	0.164841	0.163042	0.15975	0.155137	0.149879	0.144349	0.139973	0.136376	0.134034	0.132405	0.130537	0.129179	0.127719	0.127004	0.126019	0.125474	0.125065	0.124622	0.124959	0.126075	0.128175	0.129733	0.132138	0.134747	0.137864	0.140439	0.142777	0.144504	0.145756	0.147754	0.150295	0.154023	0.157174	0.160292	0.162595	0.16439	0.1651	0.164759	0.164214	0.163805	0.163023	0.162444
0.102181	0.100938	0.0997621	0.098383	0.0981908	0.0995922	0.101231	0.102497	0.102237	0.100891	0.098156	0.0952171	0.0925156	0.0893733	0.0858919	0.0823427	0.0800481	0.0787707	0.0788497	0.0798442	0.08111	0.0815959	0.0808949	0.0786342	0.0753902	0.072214	0.0703941	0.0710834	0.074621	0.0790064	0.0827814	0.0852	0.0871439	0.0883758	0.0896755	0.0906022	0.0911898	0.0915061	0.0914834	0.0927152	0.0941166	0.0965692	0.0977671	0.0983886	0.0973147	0.0962747	0.0945227	0.0932114	0.0920697	0.0914705	0.092465	0.0944089	0.0966919	0.0976525	0.0967821	0.094284	0.090294	0.0867109	0.0841111	0.0824607	0.0811495	0.080652	0.0826638	0.0854215	0.0881114	0.0889703	0.0888119	0.0879754	0.0870371	0.0877942	0.0897043	0.0941913	0.0992887	0.106014	0.11223	0.118684	0.124053	0.128167	0.130653	0.131614	0.132167	0.132009	0.132291	0.132879	0.13506	0.137716	0.140101	0.141197	0.140903	0.139321	0.137196	0.135478	0.135251	0.135669	0.137512	0.13993	0.143163	0.145853	0.14739	0.14835	0.148734	0.15	0.150927	0.152532	0.154611	0.158352	0.163212	0.169225	0.175476	0.180844	0.184891	0.187174	0.188372	0.188213	0.188326	0.188642	0.189433	0.190089	0.190982	0.191535	0.19036	0.187828	0.183736	0.179339	0.174773	0.170986	0.168081	0.166193	0.164882	0.164147	0.16365	0.163322	0.16279	0.161886	0.160643	0.158721	0.155952	0.153454	0.15238	0.152154	0.153521	0.154889	0.1569	0.157827	0.158211	0.158222	0.158437	0.159533	0.161816	0.163624	0.16506	0.165308	0.165014	0.163533	0.161205	0.158402	0.15509	0.151168	0.146398	0.141458	0.135908	0.131444	0.128573	0.128109	0.12812	0.128199	0.126583	0.124017	0.120366	0.117902	0.116726	0.11728	0.119461	0.122389	0.126604	0.130074	0.133747	0.136369	0.139229	0.141953	0.14488	0.14774	0.150599	0.152272	0.15391	0.156024	0.15851	0.159674	0.159618	0.158035	0.155096	0.150971	0.147048	0.144279	0.141815	0.140266	0.139294	0.138152	0.135451	0.130444	0.124419	0.117649	0.111895	0.107329	0.104967	0.104232	0.104175	0.104661	0.105011	0.10509	0.105169	0.106096	0.107328	0.108627	0.108774	0.108412	0.107983	0.108536	0.111192	0.114764	0.118641	0.1215	0.123783	0.125286	0.125501	0.125003	0.123929	0.123602	0.122222	0.12047	0.116955	0.112728	0.106941	0.102001	0.0983501	0.0958182	0.0945408	0.0934669	0.0929355	0.0913869	0.0900756	0.0902224	0.0908778	0.0917028	0.0914427	0.091386	0.0911937	0.0916457	0.093081	0.0958388	0.099885	0.103592	0.106926	0.108972	0.109865	0.109096	0.107141	0.10549	0.103908	0.10341	0.103116	0.103636	0.103545	0.103319	0.102584	0.101137	0.0985716	0.0957345	0.0927278	0.0897889	0.0868501	0.0847928	0.0834137	0.0819329	0.0806217	0.0791069	0.078406	0.0771287	0.0761226	0.0746418	0.0737374	0.0730704	0.0734207	0.0754324	0.078224	0.0811174	0.0827562	0.0838863	0.0833888	0.0821115	0.080868	0.0803028	0.0801105	0.0798843	0.080065	0.0794658	0.0784258	0.0772841	0.0764814	0.0748989	0.0722313	0.0692246	0.0662857	0.0636521	0.0612218	0.0595376	0.0590062	0.0587461	0.0585877	0.0575138	0.0561347	0.0539757	0.0528001	0.0530147	0.0553995	0.0577842	0.0609827	0.0642152	0.0674477	0.0700358	0.0718781	0.0732116	0.0734263	0.0734713	0.0739572	0.0751212	0.07676	0.0788057	0.0824111	0.08622	0.0901984	0.0925832	0.0935777	0.0926055	0.091023	0.0902203	0.0903332	0.0910904	0.0919153	0.0943001	0.0981429	0.10263	0.106541	0.109536	0.11131	0.111796	0.112146	0.11331	0.11539	0.118181	0.122329	0.128274	0.13422	0.139893	0.144143	0.147816	0.151286	0.155366	0.159989	0.163662	0.166386	0.167754	0.168341	0.168522	0.167957	0.166544	0.163673	0.159581	0.154675	0.149702	0.145882	0.143451	0.141665	0.140083	0.138263	0.135629	0.132826	0.129446	0.126338	0.123162	0.121308	0.121522	0.122992	0.125614	0.128168	0.130146	0.131785	0.133763	0.136554	0.138871	0.140951	0.142284	0.144025	0.146003	0.149133	0.15223	0.155327	0.157949	0.159418	0.160141	0.160288	0.160062	0.159192	0.158287	0.158468	0.158547	0.15927
0.0922973	0.0923576	0.0924518	0.0929529	0.0943695	0.0966677	0.098593	0.0990602	0.0980693	0.0956204	0.0927306	0.0902139	0.0883753	0.0869436	0.084732	0.0828596	0.080648	0.0791485	0.0779542	0.0776415	0.0773627	0.076304	0.0744315	0.0712705	0.0680756	0.0657623	0.0654835	0.0671035	0.0702495	0.073938	0.0764735	0.0777545	0.0778487	0.0783498	0.080309	0.0834888	0.0870417	0.0898485	0.0917738	0.0937668	0.0957599	0.0985328	0.10039	0.101603	0.10068	0.0995539	0.0981561	0.0982164	0.0990227	0.100575	0.102704	0.1049	0.106181	0.105461	0.102809	0.0990038	0.0951986	0.0929192	0.0922674	0.0926668	0.0933035	0.0934316	0.0944074	0.0952137	0.0967659	0.0970636	0.0964118	0.0947088	0.0933111	0.0936765	0.0965851	0.102274	0.109048	0.11589	0.121172	0.125573	0.129431	0.132814	0.135452	0.137241	0.138726	0.140007	0.141796	0.143823	0.14663	0.147979	0.148514	0.14776	0.145718	0.142761	0.139057	0.137049	0.136635	0.137983	0.140248	0.142309	0.143929	0.144803	0.145846	0.147026	0.148476	0.150266	0.152293	0.154896	0.157737	0.161866	0.166572	0.171888	0.176797	0.180486	0.182818	0.18298	0.182599	0.182049	0.183432	0.185357	0.187656	0.188496	0.188217	0.186412	0.183251	0.179378	0.174691	0.169903	0.164877	0.160868	0.157707	0.155733	0.154301	0.153242	0.152116	0.150922	0.149659	0.14877	0.147745	0.146517	0.14478	0.144196	0.144935	0.146453	0.148412	0.149761	0.15094	0.151374	0.151909	0.152749	0.15403	0.156023	0.159237	0.161908	0.164104	0.16447	0.163852	0.161437	0.157971	0.154776	0.151683	0.14842	0.144276	0.139555	0.134766	0.131063	0.129292	0.129115	0.128836	0.127981	0.12638	0.123931	0.121448	0.119575	0.119059	0.119967	0.121655	0.124021	0.126252	0.128041	0.129627	0.131417	0.134325	0.138116	0.142279	0.146103	0.14969	0.151988	0.154117	0.156279	0.158713	0.159926	0.16002	0.15886	0.156784	0.154064	0.152225	0.151268	0.150549	0.149253	0.147618	0.144389	0.139905	0.133727	0.127175	0.120657	0.115122	0.111147	0.108122	0.106555	0.105428	0.105353	0.105277	0.105033	0.104855	0.106035	0.107689	0.109512	0.110251	0.110786	0.111185	0.112093	0.11429	0.116791	0.118683	0.119387	0.119617	0.119576	0.119297	0.119052	0.118637	0.118291	0.11635	0.113596	0.108672	0.103646	0.0977725	0.0941368	0.09162	0.0907987	0.0903503	0.0905463	0.0907422	0.0907007	0.0912697	0.0933983	0.0958661	0.0978253	0.0990384	0.100116	0.101567	0.103119	0.106231	0.109682	0.113777	0.116415	0.118001	0.118163	0.117138	0.115842	0.11441	0.114131	0.114022	0.114422	0.113804	0.112304	0.109414	0.106118	0.10316	0.0999653	0.0967026	0.093779	0.0913979	0.0893897	0.0876529	0.0864246	0.0855355	0.0835274	0.0810106	0.0779853	0.0756041	0.0728161	0.0711132	0.0699867	0.0705556	0.0719044	0.0742704	0.0777555	0.0803589	0.0822163	0.0821409	0.0817604	0.0801253	0.0787953	0.0782453	0.0792889	0.0809768	0.0825968	0.0835727	0.0822427	0.0798277	0.0768362	0.074489	0.0714975	0.0679975	0.0643617	0.061472	0.0595317	0.0585408	0.0580247	0.0578476	0.0572975	0.0563745	0.0544681	0.0527312	0.0505196	0.0493931	0.0503689	0.054227	0.0589666	0.0629602	0.0656315	0.0665734	0.0667354	0.0663549	0.0667542	0.0675944	0.0691467	0.0715805	0.0738449	0.076923	0.0796959	0.0836896	0.0864964	0.089405	0.0902452	0.0900681	0.0883652	0.0870691	0.0871633	0.0888851	0.0917937	0.0948718	0.0981534	0.101333	0.104445	0.106811	0.109381	0.11195	0.115334	0.11892	0.123457	0.127688	0.132292	0.136658	0.141466	0.14529	0.14847	0.150768	0.152727	0.155093	0.158205	0.162572	0.16626	0.16961	0.170891	0.17068	0.169146	0.16629	0.163333	0.159121	0.155044	0.15073	0.147162	0.144883	0.143282	0.142054	0.140249	0.138003	0.134808	0.131274	0.127435	0.123969	0.121215	0.119546	0.11981	0.121091	0.123152	0.124975	0.126358	0.128486	0.131022	0.134609	0.137043	0.139748	0.141334	0.14387	0.146541	0.149517	0.151951	0.153198	0.153869	0.153081	0.152836	0.1531	0.153635	0.153797	0.15423	0.155579	0.155606	0.155632
0.0980892	0.099149	0.0988185	0.0985219	0.0985644	0.098946	0.099158	0.0986919	0.0974459	0.0955556	0.0932245	0.0915716	0.0900204	0.0891135	0.0881388	0.0875709	0.0862571	0.0841295	0.0813915	0.0793656	0.0780517	0.0773822	0.0770517	0.0757718	0.0738476	0.0718895	0.0715251	0.072517	0.0744923	0.0772136	0.079121	0.0805877	0.0808676	0.082402	0.0851911	0.0893026	0.0930072	0.0958641	0.0976698	0.099306	0.1004	0.102443	0.103909	0.105647	0.10552	0.105529	0.104758	0.104495	0.104368	0.104309	0.103809	0.10263	0.100062	0.0965442	0.0921447	0.0887963	0.086194	0.0855244	0.0850922	0.0856094	0.0855163	0.0853554	0.0852961	0.0856777	0.0868731	0.087865	0.0882805	0.088357	0.0888064	0.0904086	0.0939776	0.0998523	0.106337	0.112382	0.11629	0.11952	0.122851	0.126658	0.131244	0.136	0.140009	0.142798	0.144299	0.145596	0.146995	0.147512	0.147995	0.147801	0.146589	0.144597	0.141519	0.139663	0.138078	0.13829	0.139045	0.139901	0.139808	0.139409	0.140198	0.142105	0.145098	0.149142	0.153796	0.158043	0.160628	0.162875	0.164952	0.167843	0.171615	0.17532	0.178414	0.179847	0.180737	0.18122	0.182144	0.182526	0.183009	0.181899	0.18028	0.177474	0.17399	0.170235	0.166209	0.163437	0.160902	0.159215	0.157054	0.155435	0.153714	0.151756	0.149425	0.147501	0.146153	0.145958	0.145967	0.14645	0.146086	0.145619	0.144984	0.144653	0.145137	0.146434	0.148714	0.150656	0.152326	0.153351	0.154649	0.15598	0.157887	0.158879	0.159532	0.158998	0.158193	0.156438	0.15431	0.152725	0.151581	0.150233	0.147699	0.143469	0.138323	0.132534	0.128507	0.125701	0.125032	0.124362	0.124269	0.123125	0.122048	0.121311	0.121557	0.122447	0.123609	0.125347	0.126915	0.128212	0.12934	0.130772	0.133053	0.135706	0.138936	0.141522	0.143429	0.144523	0.145006	0.146371	0.148143	0.150084	0.150907	0.150508	0.148991	0.146999	0.145278	0.143693	0.141498	0.138048	0.13436	0.130402	0.12685	0.123773	0.120628	0.11728	0.113389	0.109735	0.106726	0.104327	0.102708	0.101564	0.101572	0.102022	0.103319	0.105498	0.108015	0.111178	0.114204	0.117671	0.120528	0.123114	0.124987	0.126827	0.128294	0.130235	0.131905	0.132558	0.131719	0.129252	0.126073	0.122928	0.119546	0.116808	0.112951	0.110179	0.107102	0.106602	0.10617	0.106213	0.10595	0.105891	0.106408	0.106315	0.106764	0.107214	0.108375	0.109808	0.111987	0.114504	0.116276	0.117777	0.119006	0.1201	0.120753	0.120659	0.1206	0.120473	0.120923	0.121609	0.122432	0.123085	0.123025	0.122966	0.121381	0.11905	0.114786	0.11076	0.107106	0.104266	0.101901	0.0997738	0.0976801	0.0956541	0.0941708	0.092823	0.0911023	0.0879574	0.0840327	0.0802435	0.077709	0.0765308	0.0767428	0.0778026	0.0790997	0.0799899	0.0804054	0.0810244	0.0806261	0.080126	0.0789139	0.0786852	0.0779817	0.077719	0.0775241	0.0781092	0.078762	0.0789741	0.0781689	0.0755665	0.0719469	0.0679883	0.064606	0.0618002	0.05991	0.0584944	0.0574857	0.056138	0.0540782	0.0514419	0.0488057	0.0464407	0.0445504	0.0428297	0.0426009	0.0430503	0.0445509	0.047713	0.0521296	0.0569532	0.0608952	0.0642607	0.066609	0.0683808	0.0697796	0.0721279	0.0755952	0.0798084	0.0840555	0.0862682	0.087294	0.087167	0.0876503	0.0876928	0.0880405	0.0873031	0.086803	0.0857944	0.0859386	0.0865576	0.088465	0.0905081	0.0916357	0.0920512	0.0922632	0.0938655	0.0957052	0.098596	0.102267	0.10726	0.112389	0.117314	0.121493	0.12574	0.129445	0.133183	0.136752	0.141135	0.145721	0.150002	0.154216	0.157785	0.161523	0.163939	0.166084	0.165855	0.164236	0.16143	0.158794	0.156972	0.155421	0.154276	0.152725	0.151208	0.149724	0.148173	0.146215	0.14402	0.14196	0.140239	0.138925	0.137069	0.13484	0.132441	0.130652	0.129677	0.129381	0.129762	0.130178	0.13056	0.131755	0.133154	0.135672	0.13707	0.139012	0.139699	0.141335	0.142734	0.143827	0.144412	0.144828	0.146498	0.147829	0.149838	0.151033	0.151754	0.151152	0.150517	0.150017	0.149449	0.148915
0.0934477	0.0950463	0.0949833	0.0947507	0.0939417	0.0929971	0.0924933	0.0918539	0.0915535	0.0910158	0.0908171	0.0906524	0.0895722	0.088085	0.0855128	0.0830423	0.080504	0.0787795	0.0775975	0.0771276	0.0768612	0.0771033	0.0773794	0.0766044	0.074812	0.0724433	0.0708883	0.0698759	0.0700163	0.0717504	0.073688	0.0756934	0.0769868	0.0796025	0.0831338	0.0873094	0.0911458	0.0938633	0.095767	0.0973655	0.0998456	0.10314	0.106569	0.109863	0.111495	0.11245	0.111607	0.110798	0.109684	0.108773	0.107964	0.106748	0.105091	0.102485	0.0998791	0.0975443	0.0953451	0.0937223	0.0922351	0.0912905	0.0898034	0.088384	0.0871681	0.0877155	0.0895174	0.0924384	0.0942403	0.0951946	0.0951655	0.0955772	0.0975487	0.101216	0.105934	0.110313	0.113674	0.116426	0.119618	0.123319	0.126986	0.130449	0.133404	0.135274	0.135719	0.135351	0.135966	0.136243	0.137197	0.137778	0.138325	0.13755	0.135317	0.133288	0.131597	0.131636	0.131607	0.132357	0.132328	0.133079	0.134678	0.137192	0.14113	0.145204	0.149989	0.153758	0.156713	0.159125	0.161707	0.165611	0.170228	0.174302	0.176748	0.177804	0.17808	0.177983	0.177615	0.177009	0.176505	0.174408	0.172514	0.169942	0.16859	0.166594	0.164124	0.161721	0.158539	0.155288	0.151597	0.14916	0.147639	0.146593	0.146123	0.14667	0.147794	0.149122	0.150042	0.151098	0.151713	0.152396	0.15257	0.152948	0.153292	0.15506	0.157676	0.160834	0.163789	0.166235	0.168376	0.16889	0.169437	0.169205	0.170023	0.170164	0.17044	0.169936	0.168076	0.166148	0.163304	0.160902	0.157041	0.152061	0.147081	0.142475	0.139801	0.137127	0.135674	0.133373	0.131513	0.128771	0.126368	0.124304	0.122885	0.12272	0.123234	0.125714	0.128025	0.130403	0.132374	0.134278	0.136724	0.138662	0.140633	0.141045	0.140304	0.140038	0.140076	0.141777	0.143884	0.14633	0.146742	0.145288	0.142716	0.140483	0.138555	0.136661	0.134767	0.131686	0.128266	0.124338	0.121121	0.118752	0.115875	0.11293	0.108764	0.10548	0.102263	0.100335	0.0995601	0.100209	0.10235	0.105034	0.107751	0.109451	0.110406	0.111224	0.112755	0.114896	0.11758	0.121009	0.123828	0.126682	0.128517	0.131269	0.132867	0.132906	0.131521	0.128474	0.125359	0.121939	0.120079	0.119507	0.118969	0.119347	0.119115	0.119933	0.118921	0.117671	0.115438	0.113781	0.113006	0.113282	0.115559	0.117903	0.12096	0.123135	0.125751	0.126976	0.127218	0.12685	0.126414	0.125707	0.124966	0.124937	0.125348	0.126065	0.126884	0.127804	0.128487	0.127373	0.12531	0.122297	0.118571	0.114575	0.110274	0.107396	0.104993	0.103506	0.10168	0.0987688	0.0942977	0.0897588	0.0863389	0.083258	0.0804824	0.077944	0.0757109	0.0738169	0.0724314	0.0722328	0.0730175	0.0739718	0.0746887	0.0748291	0.0736132	0.0720243	0.0690452	0.0669816	0.0654945	0.0654315	0.0663518	0.06734	0.0675483	0.0666715	0.0651504	0.0640023	0.0623456	0.0609602	0.0598121	0.0595118	0.0585333	0.0573513	0.055559	0.0536649	0.0518726	0.0503515	0.0489661	0.0469364	0.0450424	0.0438604	0.0438652	0.0444804	0.0462484	0.0487964	0.0512426	0.0535193	0.0548465	0.0563433	0.0574332	0.0591334	0.0616474	0.0656873	0.0704054	0.0757677	0.0813674	0.086255	0.0902271	0.0914527	0.0918305	0.0913606	0.0916027	0.0918788	0.0919515	0.0918206	0.0920289	0.0925084	0.0937679	0.0952985	0.0979143	0.100327	0.102298	0.102981	0.103698	0.105805	0.109133	0.113919	0.11884	0.124711	0.129531	0.134046	0.137882	0.142566	0.146776	0.150816	0.154788	0.159336	0.163546	0.165721	0.166777	0.166375	0.165871	0.164655	0.16327	0.161613	0.158702	0.155519	0.152336	0.151053	0.150481	0.150486	0.149372	0.147376	0.144397	0.140841	0.137523	0.134646	0.133192	0.13296	0.133609	0.133783	0.133212	0.132165	0.131255	0.130174	0.129705	0.129675	0.130053	0.130533	0.130978	0.131661	0.13248	0.132993	0.133914	0.1348	0.135856	0.136234	0.135391	0.134786	0.134553	0.135406	0.136767	0.13823	0.139286	0.138951	0.138108	0.137367	0.13666	0.136394	0.135856
0.0932366	0.0936525	0.0929833	0.0922124	0.0919841	0.092027	0.0928159	0.0931979	0.0930712	0.0915205	0.089122	0.0863166	0.0823244	0.0779253	0.0736958	0.07028	0.0679832	0.066602	0.0665771	0.0668574	0.0671037	0.0667058	0.0651889	0.0626887	0.0594425	0.0575187	0.0568835	0.0580793	0.060428	0.0640651	0.067838	0.0709326	0.07301	0.0750874	0.0773005	0.0796492	0.0822352	0.0850925	0.0881193	0.0916887	0.0957328	0.100794	0.104567	0.107831	0.108044	0.107307	0.104264	0.102035	0.100416	0.0995437	0.0992475	0.0985783	0.0980109	0.0961889	0.0944007	0.0923752	0.0900106	0.0875104	0.0851119	0.0840019	0.0831293	0.0835113	0.0846054	0.0878018	0.0915746	0.0953813	0.0975265	0.0984511	0.0987313	0.100097	0.102954	0.108151	0.113687	0.11963	0.124149	0.128159	0.131355	0.134314	0.136154	0.136774	0.136376	0.135639	0.134902	0.134131	0.134547	0.135539	0.136905	0.13732	0.136482	0.134355	0.131142	0.127794	0.125328	0.124727	0.125617	0.127966	0.130077	0.132731	0.135249	0.138615	0.142829	0.147619	0.152206	0.155707	0.158361	0.161252	0.164855	0.170222	0.176199	0.180955	0.183066	0.183448	0.183525	0.183297	0.183475	0.183518	0.184714	0.184147	0.18385	0.182876	0.183055	0.182419	0.180631	0.1783	0.175122	0.171469	0.167375	0.164095	0.162239	0.161163	0.160697	0.161113	0.161699	0.162318	0.161683	0.161251	0.160955	0.161506	0.161685	0.161863	0.162008	0.163068	0.164739	0.166748	0.16869	0.169716	0.170234	0.169327	0.168489	0.167582	0.167896	0.16838	0.168152	0.166906	0.164067	0.16099	0.157133	0.153955	0.150438	0.147056	0.14425	0.142632	0.142234	0.1417	0.140963	0.139616	0.13793	0.136074	0.134082	0.132735	0.132032	0.132719	0.134695	0.138501	0.143224	0.1472	0.150634	0.152168	0.15333	0.153644	0.153993	0.154002	0.15279	0.152595	0.152774	0.154275	0.155979	0.157141	0.156404	0.153294	0.149335	0.146089	0.143284	0.140784	0.137605	0.133647	0.129044	0.124103	0.119365	0.115101	0.110702	0.106167	0.101531	0.0978439	0.0958862	0.0950475	0.0958024	0.097066	0.0989739	0.10078	0.102417	0.10307	0.103282	0.1038	0.105674	0.10887	0.112372	0.116925	0.120324	0.123317	0.124445	0.126014	0.126193	0.125184	0.122989	0.120523	0.119006	0.117794	0.118075	0.119406	0.120941	0.122476	0.123231	0.123884	0.122944	0.121427	0.120181	0.120021	0.121047	0.12265	0.125405	0.127381	0.128509	0.127908	0.126526	0.124331	0.121729	0.119873	0.11839	0.11745	0.116781	0.116756	0.117545	0.118334	0.118919	0.118487	0.117513	0.114606	0.110919	0.107232	0.104121	0.102265	0.100341	0.100317	0.0992744	0.0986052	0.0965119	0.0938761	0.0900195	0.0869089	0.0850191	0.0838752	0.0830704	0.0823673	0.0818338	0.0812663	0.0808684	0.0807079	0.0803778	0.0799121	0.0791073	0.0780312	0.0768534	0.0762182	0.075549	0.0753885	0.075194	0.0749656	0.0742965	0.0732543	0.0711271	0.0681522	0.0648381	0.0629483	0.0617027	0.0620507	0.0625006	0.0639676	0.0640783	0.0636126	0.0615532	0.0588156	0.0555694	0.0521537	0.0492466	0.0475262	0.0475352	0.0484598	0.0497234	0.0513939	0.053573	0.0559217	0.0578974	0.0593983	0.0600855	0.0612813	0.0631892	0.0662838	0.0696836	0.0737616	0.0777718	0.0815786	0.0844698	0.0855299	0.0852677	0.0834795	0.081454	0.0802084	0.0800818	0.0808367	0.0805067	0.0798375	0.0790327	0.0784653	0.0777622	0.0773982	0.0781871	0.0796202	0.0820367	0.084521	0.0880565	0.0921345	0.0969246	0.102122	0.107454	0.11299	0.117543	0.12196	0.126716	0.132863	0.139009	0.145427	0.151234	0.156702	0.160204	0.161366	0.161273	0.159993	0.158443	0.156485	0.155104	0.154604	0.153664	0.152554	0.151037	0.149893	0.14824	0.145638	0.142494	0.138671	0.13512	0.13167	0.129407	0.127857	0.127425	0.12801	0.129308	0.130232	0.13014	0.129606	0.128835	0.128098	0.128141	0.129608	0.132262	0.135221	0.137536	0.138935	0.139419	0.139326	0.139538	0.1407	0.142167	0.143194	0.143542	0.143822	0.144543	0.145196	0.146562	0.147215	0.147597	0.146996	0.14714	0.147319	0.147226	0.147744	0.148499
0.0927513	0.093102	0.0933509	0.0943798	0.0958494	0.0974547	0.0984157	0.0980543	0.096167	0.0928217	0.0896459	0.0864362	0.0829213	0.0789317	0.0748065	0.0711899	0.0681158	0.0663981	0.0656637	0.0644207	0.0629742	0.0604766	0.0570634	0.0532095	0.050305	0.0500453	0.051854	0.0548495	0.0581502	0.0610779	0.0632936	0.0646954	0.0659277	0.0680416	0.0705963	0.0737614	0.0774351	0.0817191	0.0862066	0.0908975	0.0959954	0.100042	0.102292	0.103456	0.10323	0.10253	0.100541	0.0999759	0.100428	0.101491	0.103096	0.103752	0.103967	0.101402	0.0983956	0.0941347	0.0906876	0.0873423	0.0854211	0.0847884	0.0848339	0.0863375	0.0877393	0.0900567	0.0911194	0.0918092	0.0915834	0.0918324	0.0931664	0.0971113	0.102684	0.109409	0.115626	0.12208	0.12789	0.132649	0.136085	0.138403	0.138618	0.137036	0.135318	0.13438	0.134832	0.135353	0.136822	0.137546	0.136845	0.13428	0.130358	0.126436	0.122854	0.120695	0.120368	0.12221	0.124697	0.128337	0.131333	0.135345	0.138409	0.141913	0.145146	0.148175	0.151103	0.154132	0.157908	0.162226	0.167154	0.172693	0.177112	0.179904	0.180187	0.179622	0.17899	0.178798	0.180234	0.182483	0.185784	0.187253	0.187401	0.18609	0.184609	0.182349	0.178733	0.174777	0.17038	0.167069	0.164639	0.163294	0.162831	0.162368	0.161905	0.160899	0.160029	0.158956	0.157306	0.155724	0.154956	0.156323	0.1582	0.161535	0.164123	0.167017	0.168622	0.169787	0.170239	0.17042	0.170907	0.170918	0.170896	0.170874	0.170987	0.170524	0.168162	0.164206	0.158385	0.152836	0.147524	0.144009	0.141376	0.139895	0.139466	0.14002	0.141049	0.1414	0.140191	0.137558	0.133907	0.130392	0.127996	0.127058	0.127748	0.130133	0.133637	0.138125	0.142477	0.145913	0.148264	0.148886	0.149373	0.149689	0.150481	0.151883	0.153454	0.155704	0.15775	0.159525	0.160452	0.159819	0.157762	0.15462	0.151512	0.149049	0.147229	0.146088	0.144574	0.142212	0.138358	0.133249	0.127462	0.121167	0.115516	0.110441	0.106655	0.104429	0.104033	0.105401	0.106973	0.108103	0.10825	0.108465	0.108986	0.109336	0.109687	0.110004	0.1111	0.112943	0.114989	0.117917	0.119624	0.120856	0.119884	0.118641	0.116008	0.113273	0.111115	0.110651	0.112358	0.11471	0.117536	0.119446	0.120272	0.12069	0.120532	0.120137	0.119063	0.118973	0.120002	0.121777	0.123789	0.12631	0.129441	0.131758	0.132923	0.132358	0.130403	0.127125	0.12361	0.121554	0.121023	0.121204	0.121555	0.121905	0.122256	0.121725	0.12038	0.118425	0.116436	0.11404	0.112119	0.1103	0.108684	0.10778	0.106943	0.106684	0.104695	0.102333	0.0986144	0.0946927	0.0908726	0.0890871	0.0892682	0.0902631	0.091665	0.0928294	0.0935531	0.09309	0.0913383	0.089824	0.0880385	0.0863886	0.0845352	0.08336	0.083202	0.0839596	0.0853275	0.0865598	0.0865036	0.0842433	0.0812371	0.0775187	0.0737326	0.0703534	0.0679914	0.067257	0.0667599	0.0670767	0.066817	0.0662522	0.0641275	0.0613247	0.0576742	0.053922	0.0510174	0.0489606	0.0485653	0.0494246	0.0520132	0.0550427	0.0575296	0.0597452	0.06152	0.0633966	0.0647306	0.0656916	0.0673308	0.0701568	0.0742034	0.0781484	0.0816186	0.0838682	0.0852361	0.0855529	0.0851236	0.0825921	0.0796537	0.0772578	0.0764217	0.076874	0.0779707	0.0787622	0.0778243	0.0759032	0.0741176	0.0731798	0.0725132	0.0728978	0.0739266	0.0766169	0.0805619	0.0854224	0.0910628	0.0962284	0.100987	0.104695	0.108538	0.112483	0.117004	0.122441	0.129913	0.138537	0.146687	0.153446	0.157662	0.159674	0.159211	0.157053	0.154758	0.152939	0.151628	0.150962	0.150804	0.151866	0.151878	0.151415	0.149426	0.146691	0.142091	0.13627	0.130958	0.125985	0.12325	0.121634	0.121748	0.121013	0.120245	0.118798	0.118301	0.117499	0.117613	0.117692	0.118856	0.119919	0.122237	0.125232	0.129686	0.133631	0.136863	0.138638	0.139294	0.139374	0.13969	0.141262	0.142494	0.143658	0.144314	0.144801	0.144032	0.142179	0.140326	0.137997	0.136517	0.135579	0.137286	0.139502	0.142124	0.143865	0.145538
0.0914324	0.0922083	0.0931876	0.0953877	0.0978251	0.0997199	0.100326	0.0994746	0.0972665	0.094143	0.0914602	0.0891165	0.0865016	0.0835815	0.0803223	0.0768257	0.0724475	0.0680354	0.0639624	0.0596521	0.0561555	0.0528285	0.0499084	0.0471917	0.0457975	0.0470142	0.0497567	0.0531775	0.0560218	0.0584253	0.0599132	0.0617403	0.0637708	0.0674628	0.0713922	0.0757284	0.0798273	0.0835532	0.0872113	0.0906321	0.0934086	0.0945913	0.093977	0.0932948	0.0924431	0.0924052	0.0921978	0.0934145	0.0944277	0.0948306	0.0942502	0.0929576	0.0915295	0.0886094	0.0853163	0.0820571	0.0799846	0.0789634	0.0789255	0.0804134	0.0817319	0.0841354	0.0851486	0.0861619	0.0847676	0.0827969	0.0811992	0.0813309	0.0848194	0.0910206	0.099392	0.107628	0.114914	0.121726	0.1283	0.134264	0.138668	0.141207	0.141542	0.140826	0.13994	0.140445	0.141967	0.14315	0.143247	0.14226	0.139679	0.136284	0.13194	0.129494	0.127863	0.128062	0.128872	0.130936	0.132933	0.135303	0.137503	0.140042	0.142852	0.145696	0.148371	0.150707	0.153449	0.156836	0.16141	0.166594	0.171676	0.175538	0.177738	0.179022	0.178984	0.179353	0.180604	0.182567	0.185547	0.18812	0.191371	0.192791	0.193024	0.191935	0.190134	0.187756	0.183955	0.180187	0.176453	0.174313	0.172478	0.17105	0.169113	0.16643	0.162764	0.158013	0.154109	0.150511	0.14776	0.145586	0.144802	0.146426	0.148253	0.151131	0.152687	0.154005	0.1539	0.153184	0.151925	0.150565	0.150222	0.150625	0.151333	0.151702	0.150986	0.149591	0.146298	0.142259	0.137542	0.133401	0.130481	0.128375	0.127523	0.12796	0.129515	0.131444	0.132424	0.133166	0.132687	0.132005	0.130407	0.129555	0.129517	0.13087	0.133443	0.136626	0.140454	0.143705	0.147499	0.14997	0.152034	0.152675	0.153925	0.155176	0.157206	0.160051	0.163302	0.165977	0.167363	0.167766	0.167355	0.165994	0.164804	0.163443	0.162422	0.16079	0.159023	0.157222	0.154878	0.152094	0.148326	0.144117	0.139095	0.133598	0.129389	0.126707	0.125889	0.126122	0.127474	0.128996	0.128958	0.127089	0.124474	0.122843	0.123042	0.124225	0.12595	0.127642	0.129198	0.131228	0.132309	0.133695	0.133556	0.132975	0.130564	0.127712	0.124656	0.122956	0.122444	0.124169	0.126844	0.129654	0.130396	0.129884	0.128218	0.127468	0.126616	0.126104	0.125862	0.12657	0.127991	0.1288	0.12961	0.130081	0.13045	0.130039	0.128475	0.126844	0.124364	0.122699	0.120898	0.120249	0.120178	0.12014	0.119457	0.117487	0.11477	0.111206	0.107438	0.10445	0.102649	0.101628	0.10064	0.0995851	0.098157	0.0974748	0.0961145	0.0948219	0.092207	0.0901007	0.0880622	0.0867018	0.0860536	0.086999	0.0886226	0.0904157	0.0917003	0.0922727	0.0922009	0.0918917	0.0913113	0.0920193	0.0923205	0.0932998	0.0933976	0.0942413	0.0955258	0.0966747	0.0972471	0.0959546	0.0930345	0.0883511	0.0842442	0.0806798	0.0782683	0.0767046	0.076158	0.0754759	0.0740138	0.072077	0.069496	0.0662707	0.0627063	0.0598201	0.0572391	0.0547937	0.0531621	0.0527851	0.053934	0.056134	0.0593513	0.0622634	0.0636157	0.0643916	0.0655066	0.0676388	0.0708222	0.074209	0.0790878	0.0836954	0.0883368	0.0914524	0.0936185	0.0940553	0.093441	0.091945	0.0902117	0.0873594	0.0844731	0.0825703	0.081922	0.0819519	0.0816427	0.080418	0.0778031	0.0743404	0.0714881	0.0701617	0.070056	0.07151	0.0737101	0.0775377	0.0814671	0.0853626	0.0891563	0.0924753	0.0950483	0.096265	0.0986685	0.101682	0.106866	0.112593	0.120829	0.12903	0.136317	0.14089	0.142921	0.143392	0.143184	0.143282	0.144159	0.145376	0.146559	0.147674	0.149399	0.150887	0.151324	0.150201	0.147247	0.142496	0.135981	0.129196	0.124105	0.120439	0.119011	0.118363	0.118461	0.11666	0.114011	0.110853	0.109425	0.108845	0.110163	0.112397	0.115445	0.118086	0.120591	0.123503	0.127127	0.130717	0.133155	0.133897	0.133316	0.13277	0.132935	0.134864	0.137064	0.139264	0.140922	0.141257	0.139795	0.136875	0.134124	0.131984	0.131336	0.132722	0.13621	0.139801	0.14295	0.144879	0.146842
0.089997	0.092092	0.0930002	0.0946544	0.0959356	0.097149	0.0973451	0.0964901	0.0950586	0.0930846	0.0917888	0.0903912	0.0894684	0.0876978	0.0850118	0.0810711	0.0755028	0.0700023	0.0643323	0.0594422	0.055705	0.0536292	0.0527064	0.0518514	0.0516406	0.0522775	0.0537622	0.0553147	0.0570367	0.0587926	0.0601077	0.0622705	0.0647724	0.0691732	0.07354	0.0784833	0.0819347	0.084267	0.0860908	0.088118	0.0905181	0.0917993	0.0923006	0.0926663	0.0935745	0.0951609	0.0965438	0.0987745	0.0998861	0.0999805	0.0978709	0.0948457	0.0916171	0.0879477	0.0853634	0.0836945	0.0835855	0.0837477	0.0837404	0.0836314	0.0824373	0.0821587	0.080795	0.080313	0.0776947	0.0756529	0.0741875	0.0746889	0.0779367	0.0837278	0.0918923	0.0997857	0.106696	0.111808	0.116447	0.120407	0.124468	0.12792	0.129777	0.130719	0.131017	0.131688	0.132054	0.131538	0.130276	0.128132	0.125345	0.122794	0.120786	0.120881	0.121721	0.124189	0.126386	0.12882	0.129694	0.130399	0.130527	0.131639	0.133259	0.13549	0.137992	0.140121	0.143063	0.146108	0.150746	0.155079	0.159344	0.162354	0.164416	0.166138	0.167893	0.171006	0.175	0.179265	0.182886	0.185354	0.186669	0.185983	0.18428	0.182205	0.180705	0.179274	0.177029	0.17519	0.173318	0.172836	0.171845	0.171499	0.169966	0.167517	0.163983	0.159771	0.156984	0.154704	0.154426	0.154452	0.154784	0.15593	0.156974	0.158763	0.159434	0.160953	0.162132	0.163549	0.163983	0.164247	0.165019	0.165419	0.165174	0.164183	0.162515	0.160439	0.156871	0.153405	0.149668	0.146982	0.145245	0.144763	0.144349	0.14424	0.143826	0.142733	0.140725	0.138887	0.137998	0.137482	0.13639	0.135874	0.136341	0.137724	0.139514	0.141779	0.144586	0.14685	0.148504	0.150464	0.152593	0.154518	0.156511	0.158505	0.160905	0.162932	0.164857	0.165528	0.164707	0.162428	0.160013	0.158209	0.157286	0.157143	0.157441	0.157061	0.156138	0.154164	0.152088	0.149165	0.146139	0.143216	0.141445	0.139946	0.139803	0.140271	0.141111	0.142019	0.142453	0.142954	0.141658	0.139548	0.137235	0.135702	0.135186	0.134433	0.134426	0.134147	0.134072	0.134132	0.133311	0.132524	0.129974	0.127728	0.125653	0.124662	0.124926	0.126173	0.127895	0.129482	0.130017	0.129772	0.128002	0.125756	0.123409	0.122792	0.122649	0.123286	0.123821	0.125204	0.12601	0.125766	0.125691	0.125751	0.126625	0.12655	0.126441	0.126468	0.126596	0.126996	0.127124	0.127286	0.127415	0.126661	0.125298	0.122408	0.118467	0.114018	0.110043	0.107663	0.106638	0.106461	0.10581	0.103937	0.10098	0.0979887	0.0946245	0.0916332	0.0891845	0.0886347	0.0890342	0.0897051	0.0905455	0.0918606	0.0936504	0.0947621	0.0955347	0.09529	0.0945028	0.0932408	0.0916059	0.0919716	0.0929476	0.0954156	0.0966629	0.0981476	0.0985472	0.0983025	0.0969388	0.0940493	0.0904138	0.0864731	0.0844652	0.0828642	0.0819075	0.0808829	0.079994	0.077986	0.0744523	0.0706472	0.0662318	0.0614773	0.0564177	0.0526804	0.0502656	0.0487663	0.048759	0.0500063	0.0524743	0.0546032	0.0568	0.0587593	0.0601762	0.061966	0.0641966	0.0677836	0.0724217	0.0771276	0.0821049	0.0851154	0.0876851	0.0895427	0.0916038	0.0926477	0.0925386	0.0918532	0.090659	0.0890241	0.0871179	0.0861273	0.0854079	0.0846546	0.0828501	0.0798928	0.0762912	0.0726896	0.0711564	0.0719968	0.075482	0.0802219	0.0849278	0.0887522	0.0910506	0.0926031	0.0946642	0.0977425	0.100719	0.103628	0.10674	0.110361	0.114965	0.119942	0.126751	0.132779	0.138299	0.141004	0.14215	0.141905	0.142169	0.14362	0.145952	0.148759	0.150888	0.152203	0.152162	0.150256	0.147231	0.143426	0.139383	0.135137	0.130925	0.127392	0.125011	0.123342	0.122317	0.120988	0.119692	0.117413	0.114964	0.11238	0.111084	0.110907	0.112527	0.114554	0.117565	0.119829	0.122399	0.12446	0.127098	0.129328	0.13044	0.129992	0.128221	0.126688	0.125799	0.125894	0.126056	0.126082	0.125465	0.123796	0.12172	0.119984	0.119332	0.119223	0.120335	0.122633	0.125338	0.127264	0.128172	0.1283	0.128361
0.0883092	0.0914783	0.0924094	0.093205	0.0934241	0.0936771	0.0937266	0.0933015	0.0932154	0.0924172	0.0914156	0.089329	0.0873779	0.0841045	0.0802546	0.07515	0.0698082	0.0651106	0.0610572	0.0581228	0.0556632	0.0546955	0.0543381	0.0544894	0.0542338	0.054046	0.0532478	0.0523479	0.0526348	0.054312	0.0576167	0.0617014	0.0659556	0.0704132	0.07443	0.0782434	0.0801918	0.081123	0.0810369	0.0817647	0.0825602	0.084	0.0855754	0.0873882	0.0895062	0.0915902	0.0933352	0.0943003	0.0929935	0.0905338	0.0865483	0.0835461	0.0813238	0.0803561	0.0797953	0.0793701	0.0793858	0.079198	0.0791119	0.0783815	0.0778207	0.0777347	0.077479	0.0778338	0.0776799	0.0787806	0.0806612	0.0838981	0.0880167	0.0927456	0.0976779	0.102644	0.107577	0.112034	0.116458	0.120916	0.125509	0.129627	0.131949	0.133456	0.133709	0.133895	0.13313	0.13179	0.129737	0.127684	0.12631	0.126156	0.127121	0.129035	0.131357	0.134221	0.136542	0.138084	0.138642	0.138895	0.138605	0.138553	0.138704	0.140314	0.14233	0.145126	0.148532	0.151735	0.155651	0.159125	0.163447	0.167701	0.172227	0.176549	0.180565	0.184752	0.188565	0.191734	0.193886	0.19519	0.195613	0.194781	0.19344	0.191625	0.189945	0.187858	0.185161	0.183041	0.180818	0.179172	0.175729	0.172422	0.168064	0.164722	0.161788	0.160176	0.159751	0.1598	0.160223	0.16051	0.160864	0.161389	0.16154	0.160742	0.159435	0.158094	0.156754	0.155922	0.155157	0.155037	0.155358	0.155001	0.15383	0.151777	0.149419	0.147265	0.145042	0.143498	0.14192	0.14041	0.139442	0.139119	0.138354	0.137963	0.137436	0.136977	0.135806	0.135144	0.135125	0.135582	0.13553	0.136088	0.136917	0.137882	0.138746	0.139745	0.141422	0.143133	0.145793	0.149335	0.153183	0.155775	0.157826	0.15991	0.162197	0.163739	0.164534	0.1636	0.161209	0.157867	0.155374	0.15383	0.152387	0.151216	0.149875	0.148365	0.14638	0.14409	0.142071	0.140188	0.139458	0.139541	0.140811	0.141641	0.142843	0.143876	0.144977	0.145772	0.146127	0.145973	0.144734	0.14319	0.142188	0.141933	0.141575	0.140574	0.139674	0.138096	0.136518	0.134838	0.133464	0.132157	0.130104	0.128729	0.128338	0.129032	0.130506	0.132522	0.134538	0.136283	0.136468	0.136077	0.133787	0.131463	0.128969	0.127459	0.126288	0.126032	0.12598	0.126199	0.125062	0.123145	0.121363	0.120463	0.121123	0.12236	0.123664	0.125104	0.126137	0.127339	0.127965	0.127811	0.127454	0.126147	0.124467	0.121295	0.116937	0.111629	0.106524	0.102641	0.100486	0.0988403	0.0969232	0.0939888	0.0905797	0.087035	0.0839311	0.082353	0.0822669	0.0840797	0.0858247	0.0880105	0.0894163	0.091263	0.0926011	0.0939392	0.0947008	0.0952929	0.0957833	0.0968162	0.0981203	0.100476	0.102797	0.105424	0.106117	0.106676	0.106081	0.105113	0.102654	0.0988376	0.0949537	0.0917142	0.0902718	0.0890667	0.087726	0.0856394	0.0827728	0.0787194	0.0735132	0.0688495	0.0637789	0.0594543	0.0554687	0.0533821	0.0517023	0.0508702	0.0504112	0.0512745	0.0529856	0.0554426	0.0582727	0.061713	0.0654247	0.0695772	0.0733227	0.077543	0.0830518	0.088425	0.0933234	0.0948649	0.0950162	0.0943537	0.0946406	0.0956057	0.0963673	0.0966881	0.0954491	0.093905	0.0915471	0.0897656	0.0873059	0.0850836	0.082251	0.0793505	0.0762805	0.0738886	0.0723445	0.0723262	0.0745798	0.0784271	0.0830204	0.0861895	0.0882396	0.0890013	0.0903054	0.0929998	0.096508	0.100728	0.104576	0.108694	0.112508	0.116016	0.119829	0.123371	0.12732	0.130049	0.132539	0.134251	0.136708	0.139775	0.142571	0.145096	0.146366	0.147704	0.147686	0.14604	0.142868	0.138849	0.135304	0.131692	0.128452	0.125721	0.124041	0.122667	0.120953	0.11829	0.115932	0.113439	0.11142	0.110486	0.111587	0.114451	0.117484	0.120212	0.122466	0.124448	0.125888	0.127294	0.128734	0.130547	0.131274	0.130917	0.128559	0.126269	0.124453	0.12413	0.124485	0.124907	0.124753	0.122735	0.120546	0.118493	0.118543	0.119338	0.121321	0.123574	0.125014	0.125369	0.124333	0.12384	0.123415
0.0996176	0.101253	0.101057	0.100251	0.0997502	0.0995884	0.0987823	0.097705	0.0963564	0.0947026	0.0922689	0.0894623	0.0865539	0.0825265	0.0780923	0.073285	0.0693255	0.0662136	0.0639834	0.0623635	0.0605402	0.0585473	0.0565545	0.0550363	0.0537555	0.0530512	0.0529233	0.0532701	0.0548376	0.0567781	0.0601767	0.0629988	0.0653462	0.0666085	0.0675657	0.0692349	0.0704295	0.0726412	0.0743105	0.0772682	0.0802599	0.0844723	0.0884812	0.091405	0.0930403	0.0935228	0.093361	0.0921819	0.0896126	0.0869755	0.0836941	0.0810909	0.0791319	0.0782581	0.0777911	0.0764085	0.0753651	0.0739826	0.0732104	0.0722348	0.0723782	0.0730302	0.0736483	0.0745037	0.0760034	0.0785882	0.0812407	0.0840968	0.0862746	0.0893341	0.0922919	0.0967755	0.10153	0.105946	0.109345	0.111896	0.114786	0.117438	0.119209	0.119658	0.119428	0.118791	0.118358	0.118095	0.118103	0.118314	0.119067	0.12111	0.123457	0.12611	0.128559	0.131415	0.134305	0.137059	0.139644	0.141652	0.142304	0.142922	0.142964	0.144735	0.146133	0.148921	0.152286	0.156464	0.160541	0.163702	0.167474	0.171415	0.175966	0.180009	0.184425	0.1884	0.191629	0.194247	0.1969	0.19979	0.201697	0.202315	0.201746	0.20033	0.198201	0.195394	0.192079	0.189306	0.186398	0.183829	0.180378	0.177402	0.174459	0.173178	0.17244	0.173126	0.174253	0.176193	0.177761	0.178921	0.179946	0.18009	0.179826	0.177664	0.175671	0.173339	0.171448	0.170167	0.168886	0.167945	0.166494	0.164061	0.160881	0.157837	0.155268	0.153478	0.151316	0.149187	0.146788	0.144625	0.14331	0.143047	0.142885	0.142655	0.14168	0.140162	0.138474	0.136888	0.136455	0.136429	0.13664	0.136783	0.136791	0.136358	0.136196	0.136814	0.138924	0.141543	0.144738	0.148544	0.15184	0.154018	0.155247	0.157255	0.158721	0.159542	0.159414	0.157828	0.155259	0.151435	0.149035	0.147178	0.145389	0.143498	0.140793	0.13819	0.135959	0.134611	0.133906	0.13327	0.133481	0.133523	0.134276	0.134759	0.136055	0.136741	0.137461	0.137943	0.139036	0.140129	0.140238	0.140483	0.140661	0.141516	0.140506	0.138819	0.136351	0.133239	0.130161	0.127863	0.127261	0.126726	0.125377	0.123825	0.123358	0.124044	0.125849	0.127857	0.12973	0.131026	0.13117	0.131245	0.130236	0.12926	0.128183	0.127445	0.126808	0.126884	0.126857	0.127204	0.126195	0.126168	0.126651	0.128659	0.131108	0.133422	0.135125	0.135811	0.136192	0.13586	0.135698	0.134282	0.133205	0.13111	0.128846	0.125124	0.12035	0.114628	0.108905	0.10386	0.100138	0.0968228	0.0932702	0.0892089	0.0852494	0.0814254	0.0784831	0.0767276	0.0763285	0.0769126	0.0772934	0.0782505	0.0793433	0.0816229	0.0845128	0.0882166	0.091683	0.0943694	0.0964795	0.097301	0.0971392	0.0966383	0.0967817	0.0976032	0.0977805	0.0985342	0.0989488	0.0991939	0.0980148	0.0965645	0.0947073	0.0935282	0.0923831	0.0910006	0.0881261	0.0844717	0.0801053	0.0760101	0.0719488	0.0690743	0.0656573	0.0624098	0.0582468	0.0544907	0.050972	0.0489452	0.048207	0.0490963	0.0511386	0.0533164	0.0553926	0.0577061	0.061715	0.0667411	0.071869	0.0774377	0.0833794	0.0888125	0.0929231	0.0950671	0.0960242	0.0965406	0.0972604	0.0982514	0.0978184	0.0959272	0.092578	0.0894662	0.0863544	0.0839207	0.0819956	0.08102	0.0798749	0.0781872	0.0760926	0.0739302	0.0719712	0.070487	0.0710034	0.0726048	0.0751895	0.076757	0.0788671	0.0805702	0.0833584	0.0869944	0.0910033	0.0954869	0.0990889	0.103166	0.106327	0.109522	0.112446	0.115777	0.11948	0.122845	0.126244	0.12876	0.13121	0.133082	0.134141	0.135302	0.13575	0.13725	0.137902	0.137062	0.134052	0.13016	0.126981	0.124513	0.122452	0.120866	0.12006	0.119288	0.118584	0.117269	0.116395	0.115996	0.11597	0.117198	0.119173	0.122266	0.124274	0.126147	0.128088	0.131045	0.134817	0.138792	0.142224	0.144267	0.144986	0.144384	0.142255	0.139754	0.137557	0.136073	0.135131	0.135004	0.13474	0.133391	0.131805	0.130525	0.131041	0.131727	0.132989	0.133573	0.133378	0.132266	0.130579	0.129739	0.129238
0.0958691	0.0964669	0.0966239	0.096781	0.0971414	0.0972646	0.0963704	0.0943913	0.0914965	0.0883645	0.0849272	0.0817951	0.0785274	0.0750563	0.0717886	0.0690634	0.0676606	0.0665631	0.0658385	0.0647409	0.0632025	0.0609181	0.0586677	0.0574345	0.0566082	0.0567991	0.0576004	0.059385	0.0618478	0.0646836	0.0682315	0.0709316	0.0726485	0.0727038	0.0725895	0.0729161	0.0747686	0.0780112	0.0812539	0.0846662	0.0873324	0.0903378	0.0927666	0.0947547	0.0960307	0.0966964	0.0964804	0.0946708	0.091064	0.0871859	0.0839182	0.0821764	0.0816553	0.0819479	0.0808843	0.0779895	0.0744845	0.0718271	0.0710347	0.0720734	0.0752482	0.0786944	0.081225	0.0819246	0.0826919	0.0837645	0.0861595	0.0892665	0.0919328	0.0945312	0.0965871	0.0995246	0.103208	0.107197	0.11088	0.11358	0.115365	0.116099	0.115849	0.114785	0.113654	0.112895	0.113459	0.115244	0.117164	0.119118	0.120699	0.122721	0.124404	0.126155	0.128346	0.130809	0.134052	0.136888	0.140029	0.142254	0.1437	0.144501	0.145031	0.146883	0.148329	0.150554	0.153017	0.156802	0.160181	0.163525	0.166802	0.170553	0.174474	0.178395	0.181977	0.184338	0.185614	0.186551	0.188471	0.191951	0.195261	0.197995	0.198119	0.196987	0.193245	0.189163	0.18498	0.181916	0.179394	0.177076	0.175164	0.172846	0.171104	0.17038	0.170944	0.172762	0.175259	0.178298	0.180286	0.182037	0.183381	0.184114	0.184203	0.182902	0.180991	0.177622	0.173676	0.169831	0.16653	0.164415	0.163148	0.161915	0.160207	0.158295	0.156113	0.154032	0.151646	0.148921	0.146602	0.144521	0.144102	0.144632	0.146281	0.147727	0.148765	0.149024	0.14891	0.148287	0.147359	0.146533	0.145231	0.14393	0.14229	0.141261	0.141011	0.141676	0.143563	0.14511	0.146895	0.147764	0.147853	0.147027	0.146031	0.146764	0.147939	0.149045	0.149338	0.147732	0.144769	0.140484	0.136911	0.133847	0.131461	0.12921	0.12618	0.123184	0.121069	0.120615	0.121111	0.122489	0.123969	0.124872	0.12452	0.12366	0.123986	0.125093	0.127725	0.130086	0.13299	0.135148	0.135508	0.13458	0.13277	0.131944	0.13105	0.131105	0.130788	0.129622	0.127846	0.126105	0.125821	0.125368	0.125084	0.123783	0.122516	0.121248	0.120931	0.121834	0.123483	0.126149	0.128273	0.130532	0.130859	0.130609	0.129681	0.128753	0.127859	0.127473	0.1278	0.12911	0.130826	0.133425	0.135616	0.137774	0.139152	0.140428	0.140619	0.141013	0.141068	0.141056	0.140535	0.139675	0.139492	0.1387	0.13723	0.134335	0.130219	0.124815	0.118869	0.113194	0.108875	0.105268	0.102882	0.101344	0.100246	0.0988094	0.097271	0.0956309	0.0946012	0.093707	0.0936267	0.0943263	0.095704	0.0979973	0.100731	0.104584	0.107793	0.110731	0.112549	0.113249	0.112083	0.11024	0.108871	0.108316	0.10793	0.108359	0.108651	0.108062	0.105303	0.101934	0.0978185	0.0941439	0.0899946	0.0864895	0.0827471	0.0793098	0.0751266	0.070706	0.066082	0.0618648	0.0572408	0.0528541	0.047891	0.0429957	0.0385412	0.0363924	0.0369903	0.0396565	0.044086	0.0484816	0.0521312	0.0546618	0.0575993	0.060842	0.0644238	0.0688872	0.0744017	0.0796111	0.0843457	0.0880971	0.0911363	0.0928192	0.0935527	0.0933706	0.0916966	0.088395	0.0842457	0.0805711	0.0779476	0.076104	0.0749726	0.0747905	0.0742694	0.0732396	0.0708196	0.0684674	0.0656744	0.0636274	0.0632758	0.0638398	0.0656244	0.0675447	0.0715673	0.0755559	0.079409	0.0825838	0.0853518	0.0880181	0.0900061	0.0926385	0.0957795	0.0997681	0.103825	0.108525	0.11309	0.116571	0.119305	0.121428	0.124434	0.12693	0.128512	0.129211	0.129063	0.129864	0.130767	0.131094	0.129928	0.127542	0.124987	0.122499	0.120147	0.118507	0.118189	0.118922	0.120504	0.12161	0.122479	0.122636	0.121573	0.12156	0.122497	0.125265	0.127219	0.129851	0.13323	0.138032	0.142936	0.147705	0.151083	0.152902	0.152584	0.151453	0.148965	0.146579	0.144566	0.143807	0.143659	0.14385	0.144007	0.142977	0.141405	0.139188	0.138566	0.138078	0.138371	0.137918	0.137295	0.136265	0.134828	0.1339	0.132938
0.0956212	0.0964332	0.0981946	0.100126	0.102124	0.102902	0.101917	0.0993046	0.0956746	0.0918072	0.0878042	0.0846151	0.0809851	0.0778976	0.074878	0.073079	0.0717209	0.0703967	0.0689029	0.0670022	0.065678	0.0638113	0.0633347	0.0631973	0.0645179	0.0661776	0.0685833	0.0712603	0.0730217	0.0743423	0.0753917	0.0765089	0.0769818	0.0767765	0.0763	0.0762643	0.0774832	0.0804314	0.0841256	0.0879894	0.091175	0.0940554	0.0956812	0.0967984	0.0980173	0.0994735	0.100523	0.100012	0.0981457	0.0952956	0.0924116	0.0896632	0.0877965	0.0861671	0.0845037	0.0823318	0.0800582	0.0788357	0.0785626	0.0805953	0.0833401	0.0866613	0.0884566	0.0893364	0.0894703	0.0898754	0.0912977	0.093873	0.0961091	0.0987182	0.101497	0.104716	0.107495	0.108917	0.109899	0.109456	0.108878	0.107995	0.107654	0.106703	0.105344	0.103851	0.103713	0.10483	0.106321	0.107845	0.109199	0.111232	0.113638	0.117128	0.121569	0.126043	0.130381	0.134482	0.13838	0.141294	0.142683	0.143223	0.143052	0.143423	0.144167	0.14559	0.147724	0.150876	0.153451	0.15545	0.156533	0.158159	0.160666	0.164123	0.168326	0.171715	0.174324	0.176323	0.178898	0.18205	0.184659	0.186183	0.185232	0.183976	0.181092	0.178648	0.176239	0.175356	0.175557	0.175827	0.176639	0.176535	0.175923	0.174226	0.173342	0.17368	0.176153	0.179746	0.183881	0.187643	0.190455	0.191403	0.190723	0.188687	0.185701	0.181969	0.17722	0.172471	0.167383	0.163414	0.160632	0.158935	0.157577	0.156456	0.154657	0.152315	0.148821	0.145632	0.142816	0.141491	0.14149	0.143115	0.145148	0.146706	0.14762	0.147279	0.146904	0.145851	0.145782	0.146051	0.146083	0.145674	0.144893	0.144721	0.145398	0.146718	0.148819	0.149834	0.15007	0.149559	0.148778	0.14803	0.147689	0.149281	0.151246	0.152668	0.152565	0.150664	0.146729	0.141268	0.13601	0.131702	0.128818	0.126273	0.123593	0.120709	0.118977	0.118196	0.118397	0.118599	0.118462	0.11751	0.116118	0.115269	0.116013	0.117707	0.12035	0.122755	0.124856	0.126482	0.126243	0.125054	0.122679	0.121015	0.119827	0.119927	0.120298	0.120432	0.119752	0.1188	0.118222	0.117271	0.116184	0.113877	0.11184	0.110516	0.111362	0.114005	0.117224	0.120817	0.123731	0.126035	0.126779	0.126676	0.126606	0.126638	0.126874	0.127415	0.128973	0.132294	0.136565	0.141581	0.145987	0.149919	0.151782	0.152594	0.151982	0.151743	0.151097	0.150417	0.14933	0.147226	0.145325	0.142339	0.139388	0.135486	0.131551	0.127379	0.122935	0.119034	0.115641	0.112825	0.110449	0.108617	0.106716	0.104612	0.102101	0.0995558	0.0979264	0.0972125	0.0984314	0.100362	0.103514	0.106767	0.109987	0.112596	0.11412	0.114559	0.11449	0.113437	0.11157	0.1095	0.108854	0.109225	0.11024	0.111629	0.112678	0.112371	0.109351	0.105043	0.0995822	0.0944264	0.0896774	0.0862509	0.083299	0.0801098	0.076412	0.0726803	0.0689486	0.0648439	0.0604679	0.0562954	0.0513091	0.0460515	0.0415738	0.0394358	0.0397391	0.0411954	0.0445505	0.0475666	0.0502774	0.0515302	0.0532917	0.0556295	0.0590864	0.0635266	0.0684754	0.0731529	0.0768132	0.0798632	0.0819976	0.0831487	0.0833164	0.0826026	0.0807019	0.0773093	0.0738488	0.0713378	0.0701831	0.0694014	0.0692979	0.0696352	0.0690569	0.0675632	0.065493	0.063694	0.0622681	0.0615542	0.0625357	0.0638903	0.06555	0.0671758	0.070124	0.0736487	0.0770038	0.0798503	0.0820186	0.0843904	0.0871013	0.0906938	0.0959139	0.101744	0.107948	0.113168	0.117269	0.119234	0.120181	0.121197	0.123263	0.125059	0.126312	0.126785	0.126715	0.126137	0.125592	0.124607	0.122605	0.119992	0.117006	0.115004	0.11351	0.11422	0.116219	0.119473	0.122828	0.125776	0.127775	0.128451	0.127839	0.1276	0.128141	0.130207	0.132613	0.135731	0.139459	0.143831	0.148204	0.152372	0.15488	0.155488	0.153893	0.151857	0.149854	0.148835	0.148867	0.149645	0.15022	0.150083	0.149606	0.148587	0.147636	0.146549	0.146242	0.145969	0.146103	0.145931	0.145658	0.145182	0.144332	0.14311	0.14148
0.0744012	0.0774763	0.0813312	0.0854914	0.0882952	0.089607	0.0892912	0.0875174	0.0846585	0.0813588	0.0782286	0.075641	0.0732568	0.0713813	0.0701161	0.0690543	0.0679586	0.0670664	0.0667846	0.0666383	0.0669668	0.067024	0.0680985	0.0685965	0.0702814	0.0720679	0.0745665	0.0764548	0.0774275	0.0784681	0.0794748	0.0814648	0.083353	0.0853769	0.0863836	0.0869833	0.0875492	0.0890645	0.0906476	0.0918238	0.0923557	0.0924468	0.0924023	0.0928664	0.0947547	0.0968803	0.0983617	0.0984189	0.0973233	0.0951086	0.0925888	0.0902385	0.0883291	0.0860127	0.0836964	0.0818886	0.0808608	0.080545	0.0811448	0.0837451	0.0873627	0.0916924	0.0946996	0.0974356	0.0988152	0.100636	0.103033	0.106854	0.109759	0.112122	0.113977	0.115661	0.117041	0.117403	0.118139	0.118094	0.118219	0.118209	0.118469	0.118221	0.117227	0.11603	0.115104	0.115161	0.11549	0.116462	0.117774	0.119527	0.122093	0.125507	0.130278	0.13454	0.13775	0.13991	0.141052	0.141923	0.141302	0.140885	0.139959	0.140118	0.141192	0.14264	0.144664	0.146891	0.148983	0.150328	0.151064	0.152715	0.155145	0.158763	0.162754	0.166405	0.168768	0.169944	0.171426	0.1725	0.172998	0.172377	0.170603	0.169643	0.168005	0.167791	0.167848	0.169398	0.171218	0.17253	0.173943	0.173967	0.173244	0.170962	0.170103	0.170601	0.173914	0.178006	0.182505	0.185614	0.187197	0.187288	0.186125	0.184758	0.18234	0.179922	0.176249	0.17278	0.169039	0.165909	0.163457	0.161141	0.158858	0.156067	0.152496	0.148688	0.144981	0.142258	0.140383	0.140033	0.14087	0.142758	0.144138	0.144704	0.144659	0.143699	0.143011	0.141881	0.142311	0.143284	0.144528	0.145569	0.146711	0.148633	0.15025	0.151664	0.152399	0.152287	0.151327	0.150231	0.149474	0.148853	0.148368	0.148764	0.149703	0.149896	0.148495	0.145026	0.139827	0.134154	0.128854	0.125486	0.123509	0.122346	0.120911	0.119069	0.117567	0.1162	0.116053	0.116212	0.116609	0.11653	0.116893	0.11834	0.12094	0.124219	0.12743	0.12986	0.130562	0.130484	0.129354	0.127851	0.125739	0.123795	0.123106	0.123435	0.124306	0.124668	0.12381	0.121934	0.119822	0.11781	0.116477	0.114432	0.112794	0.111291	0.111688	0.113101	0.11543	0.117556	0.11941	0.119739	0.119016	0.11748	0.116113	0.115322	0.115312	0.116556	0.119122	0.123248	0.128426	0.133196	0.137289	0.140194	0.142455	0.143801	0.144842	0.146391	0.147296	0.147895	0.14741	0.146382	0.144473	0.141309	0.137941	0.13437	0.131274	0.128517	0.126167	0.124054	0.122178	0.12054	0.119851	0.119264	0.117931	0.115547	0.112485	0.109354	0.10714	0.106383	0.107831	0.11016	0.113235	0.115869	0.117656	0.117781	0.117058	0.116268	0.116087	0.116314	0.116677	0.117175	0.118079	0.119222	0.120195	0.120489	0.119529	0.117281	0.113099	0.10746	0.101108	0.0949265	0.090406	0.0873098	0.0852308	0.0824058	0.0788348	0.0745179	0.0694549	0.0640529	0.0585831	0.0538592	0.0494745	0.0463104	0.0448756	0.0449329	0.0467872	0.0486416	0.0518523	0.05469	0.0578668	0.0602637	0.0622876	0.0647184	0.067217	0.0704616	0.0732654	0.0757301	0.0771437	0.0780486	0.0786483	0.0788412	0.0790341	0.0785487	0.0777243	0.0761201	0.0745497	0.0735218	0.0725279	0.0714322	0.0693532	0.0668334	0.0631607	0.0596576	0.0569343	0.055703	0.0559298	0.0572755	0.0599437	0.061798	0.0628386	0.0625906	0.0631904	0.0649769	0.0671365	0.0698385	0.0719981	0.0751749	0.0788942	0.084275	0.0911139	0.098258	0.104792	0.109528	0.113078	0.114525	0.115634	0.116844	0.119444	0.122079	0.124475	0.125482	0.125132	0.123494	0.121483	0.119845	0.118681	0.117857	0.116863	0.11631	0.116605	0.118594	0.121059	0.123592	0.125344	0.126826	0.128036	0.12867	0.128422	0.128581	0.130164	0.133273	0.137128	0.140576	0.143549	0.146115	0.147902	0.149349	0.149746	0.150142	0.149521	0.149443	0.1495	0.150879	0.15209	0.153367	0.153526	0.15216	0.150657	0.148985	0.149008	0.148828	0.149021	0.148332	0.147813	0.147056	0.1463	0.14517	0.14282	0.139656	0.136119
0.0728951	0.0766927	0.0807955	0.0850001	0.0876788	0.0887638	0.0878143	0.0858136	0.0831009	0.0805916	0.0782518	0.0762173	0.073708	0.0709274	0.0687911	0.0670617	0.0656375	0.0646202	0.0643827	0.0637384	0.0628567	0.0615342	0.061941	0.0623479	0.0644501	0.0666541	0.0695023	0.0709603	0.0709602	0.0704515	0.0703497	0.0716721	0.0740456	0.0773346	0.0796064	0.0811661	0.0813017	0.0824206	0.0834377	0.0846245	0.0855738	0.0860824	0.0861501	0.0855736	0.08615	0.0873028	0.0885573	0.089032	0.0888962	0.087472	0.0850305	0.0821144	0.0803171	0.0787573	0.078113	0.0781468	0.0789605	0.0800116	0.0807575	0.0824189	0.0840465	0.0863522	0.0879119	0.0910992	0.0942865	0.098525	0.102357	0.106798	0.11002	0.112291	0.113885	0.114936	0.115648	0.115445	0.116089	0.116631	0.117411	0.118327	0.119547	0.12053	0.121073	0.121276	0.121785	0.122565	0.123717	0.125379	0.127651	0.130567	0.134703	0.139722	0.145249	0.149148	0.150844	0.151657	0.152064	0.153658	0.154573	0.156065	0.156268	0.156268	0.156675	0.15715	0.158065	0.158065	0.158201	0.157556	0.157387	0.158404	0.160337	0.163456	0.166745	0.170441	0.172306	0.172272	0.171153	0.169152	0.167355	0.165863	0.165456	0.166677	0.167999	0.170237	0.171932	0.174374	0.175933	0.176713	0.176408	0.175662	0.174475	0.173119	0.173152	0.17461	0.178374	0.182274	0.186478	0.188309	0.188648	0.18719	0.185054	0.183189	0.181222	0.179628	0.177356	0.174881	0.171727	0.167862	0.163521	0.159045	0.154332	0.149246	0.144193	0.140124	0.137615	0.136258	0.135411	0.135105	0.135105	0.13497	0.133783	0.131884	0.129748	0.127713	0.126662	0.126729	0.129374	0.133409	0.138258	0.14209	0.145243	0.147752	0.149346	0.149481	0.148362	0.146802	0.145921	0.145887	0.146701	0.146972	0.146565	0.145547	0.144632	0.143377	0.141478	0.138189	0.134188	0.130424	0.127779	0.12666	0.126355	0.126321	0.125405	0.123642	0.121234	0.118962	0.117301	0.116182	0.115944	0.116521	0.118521	0.121674	0.124862	0.127507	0.1291	0.129914	0.129303	0.127981	0.126319	0.125302	0.124827	0.124793	0.124929	0.124963	0.124861	0.124183	0.122623	0.120283	0.118248	0.116248	0.114959	0.113433	0.112687	0.112484	0.113501	0.11462	0.116044	0.117027	0.118214	0.118383	0.118519	0.11862	0.119299	0.120146	0.122079	0.124758	0.12886	0.133065	0.137507	0.141338	0.144865	0.14795	0.150629	0.152969	0.154901	0.156427	0.157105	0.157173	0.1568	0.154833	0.151815	0.147645	0.143677	0.139913	0.136319	0.133335	0.13069	0.128791	0.127163	0.126044	0.124925	0.123365	0.121161	0.118211	0.115634	0.113023	0.111395	0.11048	0.111124	0.112446	0.114277	0.115634	0.116278	0.115633	0.114582	0.113802	0.115023	0.117159	0.120312	0.122618	0.125399	0.127263	0.128179	0.127162	0.125093	0.122279	0.11804	0.112377	0.105867	0.0997293	0.0952194	0.0917607	0.0887428	0.084538	0.080096	0.0753148	0.0709406	0.0667359	0.063345	0.0604966	0.0582925	0.0569022	0.0566308	0.0568681	0.0573088	0.057241	0.0579869	0.0591736	0.0620557	0.0653787	0.0694137	0.0737539	0.0777211	0.0812475	0.0830784	0.0840278	0.0834513	0.082061	0.0804333	0.079416	0.0796193	0.0802635	0.0810773	0.0811111	0.0808397	0.0801276	0.0789746	0.077347	0.0755158	0.0733795	0.0706329	0.067988	0.0663264	0.0655464	0.0650716	0.0646308	0.0646985	0.0644272	0.0634776	0.0619178	0.0608666	0.0623245	0.065105	0.0695469	0.0735141	0.077583	0.0812111	0.084941	0.0890438	0.0928415	0.0962322	0.0986396	0.101081	0.103183	0.105896	0.108269	0.11105	0.112304	0.112948	0.111999	0.110676	0.108642	0.106709	0.105827	0.105963	0.107556	0.109659	0.112541	0.115118	0.118034	0.119831	0.120679	0.120272	0.119966	0.12078	0.122102	0.12451	0.127256	0.13102	0.134886	0.138582	0.141226	0.142718	0.143905	0.144447	0.144922	0.144718	0.145227	0.145532	0.146041	0.146787	0.147838	0.148211	0.147566	0.145905	0.143599	0.14153	0.140649	0.141327	0.14248	0.142886	0.14214	0.140072	0.137257	0.134612	0.132917	0.131425	0.129899	0.128305
0.0743721	0.0772828	0.0797867	0.0817819	0.0820479	0.0813643	0.0799009	0.0783358	0.0769063	0.0763584	0.0757766	0.0746184	0.0726463	0.0702674	0.0689057	0.0677814	0.0671318	0.0664482	0.066036	0.064437	0.0618546	0.0587636	0.056995	0.0555994	0.0554923	0.0566398	0.0590759	0.061105	0.0620491	0.0628236	0.063666	0.0651526	0.0670461	0.0684988	0.0688326	0.068149	0.0673977	0.0676975	0.0686077	0.0699926	0.0715809	0.072525	0.0730622	0.0726838	0.0723733	0.0721645	0.0718201	0.072086	0.0729283	0.0731943	0.0734263	0.0731496	0.0746702	0.0762924	0.0784911	0.0805881	0.0824816	0.0841717	0.0854209	0.087823	0.0907338	0.0947296	0.0978778	0.101365	0.104547	0.107526	0.109589	0.110974	0.11185	0.112251	0.112822	0.113563	0.115084	0.116774	0.119345	0.122358	0.124862	0.126586	0.127326	0.127219	0.126875	0.126903	0.128322	0.130555	0.133059	0.136241	0.139151	0.142198	0.144532	0.147443	0.149947	0.151908	0.152242	0.152067	0.151926	0.153006	0.154662	0.157335	0.160382	0.163326	0.165898	0.167317	0.167888	0.167069	0.166555	0.166583	0.167663	0.169285	0.170128	0.170258	0.169676	0.169739	0.169665	0.168575	0.166976	0.164665	0.162964	0.161941	0.162716	0.165084	0.168097	0.171787	0.174596	0.176659	0.176857	0.175631	0.173965	0.173247	0.174327	0.176593	0.179606	0.182245	0.184478	0.185286	0.185518	0.184496	0.182524	0.180586	0.178715	0.177693	0.176365	0.175444	0.174557	0.173738	0.172376	0.169048	0.164092	0.157712	0.151128	0.144477	0.139046	0.135853	0.134729	0.134588	0.134583	0.134171	0.133589	0.132498	0.131611	0.130182	0.129295	0.129357	0.130742	0.133077	0.136394	0.141272	0.146353	0.150857	0.153734	0.156339	0.157385	0.157312	0.15595	0.154555	0.153803	0.15312	0.15325	0.15294	0.151985	0.149233	0.145939	0.142203	0.138604	0.134834	0.132286	0.131297	0.131055	0.131185	0.130908	0.13036	0.128354	0.125806	0.122817	0.120743	0.119178	0.118528	0.118285	0.11906	0.120987	0.124068	0.126775	0.129109	0.130969	0.132286	0.132382	0.131801	0.131558	0.132434	0.134362	0.135746	0.136521	0.135363	0.133425	0.130571	0.127853	0.12561	0.124011	0.122886	0.122169	0.120977	0.119378	0.117609	0.116349	0.115055	0.114372	0.11379	0.113649	0.113304	0.113774	0.115701	0.118476	0.121625	0.125213	0.128701	0.132323	0.134692	0.137162	0.139293	0.141661	0.143486	0.14555	0.147341	0.148624	0.149399	0.149767	0.149965	0.149688	0.148394	0.146388	0.143908	0.141427	0.13976	0.137992	0.136494	0.134556	0.132415	0.130612	0.128538	0.12677	0.124526	0.122961	0.120887	0.119424	0.117418	0.115412	0.113271	0.111739	0.11092	0.110338	0.109655	0.108971	0.108457	0.10913	0.111397	0.115325	0.119354	0.123045	0.124803	0.126086	0.126522	0.126381	0.124782	0.122369	0.119752	0.116424	0.112248	0.107869	0.103794	0.100432	0.0966966	0.0927918	0.0879376	0.0834563	0.0788733	0.0753076	0.0727252	0.0716009	0.0706122	0.0696574	0.0682957	0.0677478	0.0675729	0.068517	0.0696306	0.0713885	0.0730786	0.0757859	0.0787984	0.0820821	0.0853659	0.0876663	0.0892207	0.0891137	0.0882267	0.0867294	0.0850286	0.084006	0.0839667	0.0849786	0.0862279	0.0865955	0.0856747	0.0838043	0.081561	0.0787413	0.0758876	0.0731696	0.0709941	0.068683	0.0667788	0.0654849	0.0643945	0.0628633	0.0606539	0.0583767	0.0557265	0.0532797	0.0514772	0.0515736	0.0545183	0.0584463	0.0634594	0.0674213	0.0712815	0.0738871	0.0766622	0.0791661	0.0814665	0.0832244	0.085457	0.0887068	0.0924992	0.0966307	0.0997449	0.102113	0.102684	0.102035	0.100029	0.0978192	0.096288	0.0959097	0.0972606	0.100544	0.104676	0.108706	0.111786	0.114052	0.11581	0.116992	0.117766	0.117659	0.117756	0.119513	0.122492	0.12642	0.13045	0.134446	0.137458	0.13908	0.139821	0.140019	0.14059	0.140822	0.141427	0.1421	0.144197	0.146294	0.147916	0.148623	0.148482	0.147358	0.145352	0.143108	0.140662	0.139063	0.138718	0.13973	0.140471	0.140601	0.139239	0.136826	0.133362	0.130712	0.129045	0.12826	0.128492	0.129674
0.0789068	0.079672	0.0804371	0.0808632	0.0813233	0.0813425	0.0806835	0.0790412	0.0778397	0.077825	0.0780476	0.0777277	0.0764584	0.0743414	0.0721226	0.0700734	0.0685668	0.0675009	0.0664689	0.0646232	0.0624044	0.0595414	0.0571192	0.0551717	0.0541059	0.054532	0.055704	0.0580629	0.0595402	0.0602714	0.0597481	0.0590891	0.0593457	0.0593649	0.0598927	0.0597763	0.0601685	0.0605946	0.0610885	0.0619893	0.0630936	0.0641639	0.0641153	0.0632868	0.0623227	0.0622062	0.0624289	0.0633297	0.064773	0.066352	0.0685414	0.0707307	0.0739373	0.0769404	0.0796723	0.0815903	0.0826607	0.0847144	0.0867342	0.0898729	0.0924353	0.0952689	0.0972547	0.0990711	0.101091	0.102331	0.10313	0.103759	0.104965	0.10607	0.106326	0.106176	0.105924	0.106994	0.109184	0.112763	0.115359	0.117142	0.117364	0.117214	0.118047	0.119897	0.123714	0.127633	0.131789	0.13547	0.137931	0.140018	0.141428	0.144499	0.147739	0.150946	0.152525	0.153324	0.154089	0.155872	0.159349	0.164285	0.169764	0.174327	0.177635	0.178875	0.17825	0.176133	0.174389	0.173764	0.174054	0.174446	0.173821	0.171636	0.168977	0.167097	0.16671	0.166457	0.166205	0.165818	0.165566	0.16572	0.16618	0.167658	0.169813	0.172681	0.174904	0.176449	0.176977	0.176894	0.176846	0.178018	0.180919	0.185279	0.190011	0.193387	0.194661	0.193866	0.192394	0.190582	0.188126	0.186043	0.184332	0.183368	0.182201	0.180321	0.178204	0.175171	0.171529	0.16636	0.160852	0.155107	0.149056	0.14287	0.137159	0.133279	0.131094	0.129994	0.128962	0.12715	0.125067	0.122815	0.12202	0.121937	0.12372	0.126757	0.130676	0.135001	0.138954	0.143618	0.14696	0.149319	0.150051	0.151596	0.153209	0.154177	0.154705	0.154046	0.153184	0.151236	0.149797	0.148392	0.146241	0.143378	0.139736	0.136567	0.133874	0.132198	0.13164	0.131999	0.132493	0.132003	0.130497	0.12804	0.125279	0.122687	0.120774	0.120522	0.120948	0.12212	0.122716	0.123311	0.124076	0.124943	0.125675	0.125897	0.127307	0.12875	0.130431	0.131196	0.132402	0.134252	0.136713	0.138258	0.138447	0.136228	0.133365	0.129756	0.127401	0.125759	0.125371	0.125052	0.124969	0.124039	0.122396	0.120246	0.117925	0.115808	0.114132	0.113981	0.114577	0.116665	0.119532	0.123858	0.128319	0.132746	0.136936	0.140685	0.144061	0.146319	0.148474	0.150324	0.152547	0.154126	0.15557	0.157081	0.157846	0.157865	0.156799	0.15492	0.152701	0.149567	0.147382	0.145875	0.145691	0.145676	0.145085	0.143409	0.140614	0.137242	0.13404	0.131347	0.128721	0.126434	0.124894	0.124099	0.123847	0.123527	0.123106	0.121701	0.119618	0.117365	0.115587	0.114114	0.112777	0.112457	0.113867	0.117175	0.122111	0.126911	0.130965	0.132443	0.133242	0.132922	0.131924	0.129468	0.12674	0.124454	0.12193	0.118728	0.114949	0.111374	0.107121	0.102359	0.0974275	0.0933438	0.0902774	0.0872787	0.0852295	0.0835533	0.0830978	0.0826762	0.082085	0.080341	0.077851	0.0753949	0.0740238	0.0735005	0.0743335	0.0764889	0.0801363	0.0844619	0.0881092	0.0911124	0.0925896	0.0928123	0.0921872	0.0910535	0.0900555	0.0884132	0.0868726	0.0861458	0.086165	0.0870997	0.0870511	0.0863921	0.0844786	0.0823955	0.0801089	0.0778223	0.0759427	0.0746733	0.0735397	0.0723042	0.0707637	0.0686466	0.0652411	0.0608522	0.0568702	0.0543802	0.0533822	0.0544864	0.0568453	0.0613404	0.0658355	0.0706358	0.0740458	0.076642	0.0778141	0.077935	0.0773778	0.0771257	0.077484	0.0787239	0.0807098	0.0834756	0.0862752	0.0880577	0.0884499	0.0868754	0.084148	0.0809459	0.0785576	0.0777969	0.0783926	0.0806836	0.0837885	0.0876393	0.0913884	0.094968	0.0973947	0.0999231	0.102112	0.105387	0.108797	0.112783	0.117245	0.121265	0.125319	0.12839	0.13102	0.132904	0.134517	0.136096	0.137913	0.140068	0.141715	0.143023	0.143652	0.144723	0.144945	0.144388	0.142508	0.139815	0.137325	0.135038	0.133226	0.13216	0.132112	0.13342	0.134287	0.134679	0.133715	0.131835	0.128904	0.126211	0.124772	0.1253	0.127218	0.130119	0.133563
0.0748628	0.0751126	0.0753286	0.0747307	0.0745398	0.0745862	0.0749717	0.0748146	0.0746237	0.0751109	0.0754286	0.0753394	0.0748432	0.0742793	0.0738171	0.0727784	0.0715363	0.0706672	0.0701033	0.0694037	0.0690093	0.068208	0.0668981	0.0647404	0.0625489	0.0615442	0.0613193	0.0627559	0.0644978	0.0662735	0.0671337	0.0673158	0.0674978	0.0661879	0.064505	0.0618387	0.0603592	0.0593545	0.0588245	0.058837	0.0587477	0.0587942	0.0581963	0.0579715	0.0580518	0.0584373	0.0588906	0.0597169	0.0610179	0.0626241	0.0653493	0.0691256	0.0735462	0.0777633	0.0818787	0.0857568	0.0887871	0.0913766	0.0935593	0.0959115	0.098501	0.10126	0.103714	0.104642	0.104654	0.103412	0.101967	0.101437	0.101653	0.103123	0.103509	0.10386	0.103364	0.104224	0.105729	0.108759	0.111078	0.113091	0.113815	0.114065	0.114722	0.115786	0.117799	0.119473	0.121554	0.124109	0.126427	0.128508	0.129538	0.131924	0.134853	0.138866	0.142846	0.14669	0.149789	0.152649	0.156053	0.160948	0.166216	0.171688	0.176143	0.179207	0.180542	0.180927	0.180465	0.179291	0.177913	0.176501	0.174581	0.17144	0.168299	0.165735	0.164425	0.163657	0.164111	0.165276	0.166374	0.166827	0.166907	0.167191	0.168187	0.169115	0.170857	0.172395	0.174171	0.175675	0.177722	0.180481	0.183376	0.186949	0.19042	0.193247	0.194107	0.194052	0.19325	0.192314	0.190665	0.189524	0.188418	0.187006	0.185052	0.182657	0.179889	0.1759	0.171233	0.165888	0.160882	0.155775	0.150871	0.145932	0.140825	0.13609	0.132169	0.129469	0.127108	0.12512	0.123505	0.122839	0.123157	0.124322	0.126878	0.130247	0.13382	0.137495	0.140729	0.143827	0.145704	0.146768	0.147255	0.148556	0.150908	0.153871	0.157105	0.158507	0.158079	0.155684	0.153153	0.150724	0.148092	0.145562	0.142488	0.139178	0.136342	0.134761	0.134265	0.133836	0.133374	0.132369	0.130822	0.128698	0.126778	0.124994	0.124057	0.124035	0.125438	0.127078	0.128311	0.128324	0.128777	0.12923	0.130667	0.132036	0.13527	0.138978	0.143127	0.146531	0.149493	0.152015	0.153621	0.154244	0.153409	0.150946	0.147669	0.143884	0.140743	0.138145	0.136631	0.135322	0.134215	0.132159	0.129459	0.126081	0.121753	0.117188	0.11303	0.111245	0.111325	0.113237	0.116335	0.119806	0.123311	0.126274	0.129338	0.132334	0.134652	0.135818	0.136169	0.136318	0.137076	0.13797	0.139169	0.14064	0.141602	0.141954	0.140847	0.138554	0.135582	0.133052	0.131674	0.131449	0.131767	0.132559	0.13264	0.131703	0.12985	0.127184	0.124348	0.120529	0.116947	0.113637	0.111615	0.110678	0.110419	0.110838	0.110817	0.110355	0.108943	0.107701	0.1069	0.106505	0.106484	0.107276	0.109866	0.113608	0.118198	0.122246	0.125175	0.126035	0.125708	0.124398	0.122308	0.119676	0.117451	0.116378	0.116052	0.115352	0.114178	0.11202	0.10932	0.105908	0.103004	0.100948	0.100079	0.0993116	0.098612	0.0984211	0.0991117	0.100175	0.100188	0.0986745	0.0955336	0.0920874	0.0894212	0.088552	0.0895479	0.0920696	0.0954051	0.0990119	0.101228	0.102733	0.102271	0.10113	0.0993796	0.0977645	0.0968276	0.0957211	0.0947503	0.0935421	0.0930459	0.0932958	0.0931727	0.0923714	0.0905528	0.0882595	0.0852203	0.0820454	0.0796165	0.078171	0.0767593	0.0751781	0.0737326	0.0724905	0.0708415	0.068616	0.0667636	0.0655554	0.0650592	0.0661229	0.068136	0.0714376	0.0741628	0.0770236	0.0789688	0.0809141	0.0827916	0.0844317	0.0857666	0.0866607	0.0877244	0.0882116	0.0882919	0.0880332	0.0877405	0.087007	0.0857649	0.0841159	0.0819922	0.0801058	0.0781177	0.0772825	0.076922	0.0781213	0.0802022	0.08269	0.0848727	0.086411	0.0875086	0.0900981	0.0938067	0.0997531	0.105666	0.111646	0.116507	0.120148	0.123009	0.124852	0.12673	0.128506	0.131163	0.133617	0.136579	0.138932	0.140843	0.14133	0.14097	0.140304	0.139164	0.137854	0.135527	0.133064	0.130771	0.129461	0.128591	0.128333	0.128515	0.128663	0.128031	0.126721	0.125208	0.123559	0.121706	0.120363	0.119595	0.119879	0.12118	0.123329	0.126054
0.0707589	0.0705687	0.0705141	0.0696118	0.0699302	0.0706215	0.0714824	0.0718347	0.0713393	0.0701657	0.068314	0.0666318	0.0657295	0.0655053	0.065722	0.0656674	0.0653754	0.0653208	0.0663851	0.0679242	0.0704127	0.0724944	0.0740334	0.0741823	0.0730426	0.0716995	0.0706615	0.0712512	0.0731972	0.0757874	0.0781064	0.079069	0.0792857	0.0779426	0.0757517	0.0728827	0.0707597	0.0694505	0.0681752	0.0673068	0.0663705	0.0664516	0.0661935	0.0667153	0.0675423	0.0683015	0.0684843	0.0680906	0.0684429	0.0694394	0.0717923	0.0749251	0.0791429	0.0833608	0.0875786	0.0911861	0.0934373	0.0948068	0.0956338	0.096393	0.0976269	0.0985896	0.100196	0.101464	0.10219	0.101626	0.099978	0.0988722	0.0976308	0.0973389	0.0960975	0.0958733	0.0947676	0.0949842	0.0950652	0.0965026	0.0976687	0.0989365	0.0997974	0.100251	0.10135	0.101702	0.102699	0.102847	0.104624	0.107418	0.111093	0.114192	0.116239	0.118185	0.12047	0.123366	0.127414	0.13231	0.137444	0.142645	0.147642	0.153251	0.158045	0.162703	0.166277	0.169071	0.170305	0.170555	0.169314	0.167123	0.164932	0.163182	0.162653	0.161683	0.161221	0.159132	0.157416	0.155564	0.155747	0.157252	0.159029	0.160669	0.161361	0.162629	0.164473	0.166385	0.168772	0.171226	0.173817	0.176305	0.178895	0.181757	0.18411	0.186564	0.189528	0.193203	0.196403	0.198824	0.199888	0.199732	0.199101	0.198029	0.19733	0.19558	0.193593	0.190588	0.187957	0.183867	0.179269	0.173992	0.169123	0.164287	0.158841	0.15387	0.148457	0.143554	0.139227	0.136019	0.133658	0.131671	0.130904	0.130511	0.131066	0.131859	0.133568	0.13565	0.138003	0.141474	0.145794	0.150317	0.153958	0.155735	0.157104	0.15783	0.159708	0.161688	0.164651	0.166258	0.166508	0.164894	0.162703	0.160139	0.157203	0.15508	0.152346	0.149986	0.146608	0.143773	0.140497	0.137153	0.135132	0.133789	0.133972	0.133442	0.133524	0.132689	0.132397	0.132003	0.133203	0.134709	0.136417	0.136837	0.137291	0.137203	0.137657	0.137467	0.138734	0.140579	0.144084	0.147353	0.150011	0.151618	0.151902	0.152356	0.151895	0.151433	0.149649	0.147323	0.144488	0.141483	0.139123	0.136322	0.134063	0.131058	0.129003	0.127151	0.125401	0.122939	0.119901	0.118184	0.117587	0.118686	0.120462	0.122408	0.124354	0.125554	0.126483	0.127818	0.129154	0.130524	0.131452	0.13272	0.134666	0.136341	0.137032	0.137452	0.137432	0.137852	0.136983	0.135471	0.133076	0.13075	0.128661	0.127182	0.126721	0.126327	0.125594	0.123742	0.12145	0.118513	0.114932	0.111385	0.107939	0.106054	0.10471	0.104351	0.103584	0.103733	0.103848	0.1042	0.104179	0.104633	0.105867	0.107237	0.109047	0.111705	0.115008	0.118615	0.12185	0.124881	0.126962	0.127789	0.127599	0.1269	0.125354	0.123264	0.121684	0.120985	0.120964	0.119892	0.118278	0.11585	0.113083	0.110281	0.10765	0.106205	0.105269	0.105418	0.105939	0.10697	0.107492	0.107166	0.10528	0.102276	0.0979485	0.0936553	0.0898369	0.0873409	0.086269	0.0873673	0.0898219	0.0933955	0.0953754	0.0970162	0.0966225	0.095788	0.0936989	0.0914063	0.0890459	0.0869907	0.0856476	0.0849826	0.0850298	0.085416	0.0855987	0.0856458	0.0854217	0.0846211	0.0832101	0.081121	0.0796084	0.0783331	0.0775325	0.0763589	0.0754566	0.0747916	0.0746353	0.0739364	0.073441	0.0730473	0.0735352	0.0754812	0.0776306	0.080526	0.0826077	0.0848588	0.0858893	0.086818	0.0874077	0.0874887	0.0868915	0.0860231	0.0858668	0.0849645	0.0840283	0.0828208	0.0819184	0.0808805	0.0797069	0.0783977	0.0767494	0.0751689	0.0739614	0.0731608	0.0726993	0.0732212	0.0750993	0.0776556	0.0808223	0.0846672	0.0886816	0.0936793	0.0982701	0.103946	0.109012	0.114043	0.117379	0.119936	0.121882	0.123556	0.125231	0.127042	0.130174	0.133171	0.136915	0.13998	0.142773	0.143431	0.142935	0.14149	0.139605	0.137753	0.135596	0.133812	0.132028	0.13038	0.128732	0.127016	0.125333	0.123685	0.122206	0.121473	0.120842	0.120211	0.118665	0.117288	0.115809	0.116093	0.117497	0.119816	0.122067
0.076396	0.0766241	0.0766148	0.0750797	0.0738498	0.0735353	0.0745094	0.07606	0.0767289	0.0756346	0.0727092	0.0687666	0.0654004	0.0634584	0.0633474	0.0641519	0.0650582	0.065761	0.0665656	0.0669293	0.0683442	0.0699287	0.0722252	0.0734366	0.0736308	0.0728078	0.0714422	0.0711617	0.0723053	0.0750087	0.0775426	0.0790592	0.0786092	0.0763619	0.0722159	0.0674934	0.0636864	0.0614731	0.060684	0.0602678	0.0604281	0.0606223	0.0608165	0.0608751	0.0613066	0.0610261	0.0608134	0.0603633	0.0617443	0.0631592	0.0657609	0.0686	0.0731005	0.0777706	0.0830511	0.0877212	0.0913401	0.0928906	0.0931526	0.0924991	0.0927272	0.093464	0.095184	0.0969719	0.0981834	0.098208	0.0965712	0.0946631	0.0926193	0.0916606	0.0911428	0.0918117	0.0922432	0.0927426	0.0928351	0.0930293	0.0933252	0.0940619	0.0956464	0.0970274	0.0980015	0.0981957	0.0987289	0.0995335	0.102101	0.106398	0.111747	0.116078	0.118645	0.120128	0.121848	0.124857	0.130341	0.137486	0.145445	0.152998	0.159024	0.164372	0.16772	0.17083	0.172856	0.174983	0.176126	0.176049	0.174514	0.171894	0.170223	0.169739	0.170781	0.170975	0.170118	0.166854	0.16264	0.158256	0.155738	0.155254	0.155855	0.157033	0.158244	0.160269	0.163176	0.165371	0.167803	0.170032	0.172566	0.17476	0.176582	0.178811	0.180328	0.181403	0.182479	0.184742	0.187344	0.189267	0.18997	0.189859	0.190155	0.189773	0.189628	0.188601	0.187168	0.185192	0.183148	0.180358	0.176111	0.170201	0.163817	0.157264	0.151592	0.147683	0.144961	0.142341	0.139483	0.137168	0.135498	0.134607	0.134733	0.135402	0.136207	0.136503	0.136832	0.138112	0.140306	0.144468	0.149375	0.154418	0.158716	0.161046	0.162563	0.162689	0.16346	0.16518	0.167985	0.170688	0.171934	0.171653	0.169575	0.166209	0.162538	0.159477	0.156484	0.153185	0.149209	0.145537	0.142307	0.139314	0.137609	0.136549	0.136675	0.135852	0.134927	0.13346	0.132603	0.132017	0.132754	0.13444	0.137144	0.140084	0.142923	0.145254	0.147177	0.148558	0.149668	0.15054	0.152125	0.153981	0.155565	0.15681	0.157717	0.159064	0.159936	0.160707	0.160087	0.158315	0.155186	0.151786	0.148793	0.145291	0.141992	0.138253	0.13526	0.133115	0.131376	0.129841	0.12739	0.125177	0.123438	0.122751	0.123182	0.124123	0.12547	0.125427	0.125349	0.125137	0.125907	0.126915	0.127923	0.129338	0.131058	0.133016	0.133854	0.134286	0.1337	0.133487	0.132291	0.130926	0.129153	0.127245	0.125235	0.123226	0.121792	0.121817	0.121909	0.122002	0.120467	0.118694	0.115904	0.113454	0.111071	0.110316	0.109933	0.109382	0.108219	0.107803	0.107964	0.108938	0.110115	0.112141	0.114742	0.116835	0.118996	0.121225	0.12325	0.12514	0.126012	0.126884	0.126875	0.125679	0.124178	0.122914	0.121989	0.121404	0.121089	0.121555	0.121308	0.120248	0.118441	0.116228	0.11415	0.111937	0.110368	0.10907	0.108417	0.108679	0.109653	0.110932	0.11177	0.111388	0.110023	0.107267	0.10329	0.0994833	0.0960154	0.0940056	0.0929791	0.0931394	0.094283	0.0952571	0.0954513	0.0950351	0.0932627	0.0913545	0.088497	0.0858429	0.0833583	0.0816537	0.0812714	0.080957	0.0809477	0.0803281	0.0798442	0.0787498	0.0778251	0.0760865	0.0745514	0.0729145	0.0721932	0.0720144	0.0723103	0.0725384	0.0727665	0.0730285	0.0736636	0.0738238	0.0739502	0.0738393	0.0742708	0.0754483	0.0766937	0.0787868	0.080066	0.0820574	0.0826246	0.0829544	0.0824365	0.0815117	0.0807904	0.0797639	0.0796868	0.0784569	0.0772269	0.0754206	0.0733768	0.070621	0.0676617	0.0654823	0.0633707	0.0619034	0.0607413	0.0603251	0.0601803	0.0607475	0.0631118	0.066256	0.0703836	0.0748163	0.079283	0.0846651	0.0899456	0.0966163	0.102812	0.109347	0.114594	0.119433	0.123256	0.126536	0.129341	0.131773	0.134375	0.135959	0.137713	0.139196	0.141594	0.142941	0.144085	0.144279	0.143727	0.142769	0.14103	0.139529	0.137383	0.135543	0.13411	0.133015	0.131548	0.12947	0.127664	0.126909	0.127001	0.126788	0.125762	0.124125	0.121912	0.120512	0.120367	0.122121	0.124621
0.0853678	0.0829562	0.0816297	0.0797945	0.0784679	0.0772092	0.0768321	0.0768619	0.0768917	0.0758703	0.0734248	0.0697924	0.0662279	0.0637485	0.0627271	0.0630282	0.0643804	0.0657326	0.0672883	0.0679623	0.069145	0.0698868	0.0715442	0.0730999	0.0748929	0.0758043	0.0759019	0.0763386	0.0777586	0.080162	0.0816837	0.0817813	0.0800479	0.0771276	0.0731901	0.0692526	0.066095	0.0632087	0.0611701	0.0590975	0.0578727	0.0568513	0.0558639	0.0551138	0.0546688	0.0540883	0.0539485	0.0534019	0.0548897	0.0565132	0.0600016	0.0632866	0.0680635	0.0723319	0.0770749	0.0807329	0.0841874	0.0866925	0.0892993	0.0914314	0.0938348	0.0960686	0.0983363	0.100265	0.100905	0.100392	0.098625	0.0966881	0.0946495	0.092916	0.091386	0.0903647	0.0895467	0.0893392	0.0893689	0.0897378	0.0900728	0.0907468	0.0918617	0.092807	0.0935149	0.0939516	0.0949986	0.0969612	0.100653	0.105498	0.110648	0.114102	0.116065	0.116739	0.11843	0.12124	0.126458	0.132625	0.139539	0.145875	0.151025	0.156107	0.160376	0.164712	0.167759	0.170061	0.170803	0.170256	0.168828	0.167569	0.167328	0.167629	0.168608	0.168095	0.166464	0.162526	0.157978	0.154143	0.151934	0.151557	0.151824	0.152431	0.15341	0.155135	0.158522	0.161603	0.164854	0.167868	0.171017	0.174065	0.176502	0.17938	0.181682	0.183407	0.184319	0.185128	0.185328	0.184713	0.183353	0.182026	0.181479	0.180763	0.180386	0.1795	0.178208	0.176271	0.173758	0.170498	0.165577	0.159673	0.153498	0.147865	0.143249	0.140465	0.138596	0.136387	0.133738	0.131259	0.12939	0.12769	0.126737	0.126427	0.126966	0.127809	0.129229	0.132074	0.135799	0.140949	0.146337	0.151554	0.15545	0.157209	0.158222	0.158794	0.16035	0.163126	0.166547	0.169662	0.170981	0.170875	0.169107	0.166052	0.162996	0.160584	0.158817	0.157049	0.154434	0.151616	0.148763	0.146318	0.144652	0.14336	0.142643	0.141046	0.138939	0.13707	0.136015	0.136621	0.138617	0.14214	0.145662	0.148676	0.150299	0.150634	0.150223	0.149677	0.14974	0.149804	0.15058	0.151627	0.152538	0.153484	0.154158	0.155272	0.156455	0.157773	0.158108	0.157121	0.154879	0.152671	0.15131	0.150391	0.149844	0.148653	0.147089	0.145932	0.145114	0.144669	0.143783	0.142999	0.142554	0.142584	0.143496	0.14478	0.145963	0.145789	0.145208	0.144391	0.144556	0.14584	0.147871	0.15024	0.152271	0.153657	0.153483	0.152462	0.150287	0.148588	0.146278	0.144307	0.142235	0.139179	0.136564	0.133406	0.132012	0.131668	0.132173	0.132779	0.131554	0.130126	0.12785	0.127066	0.12713	0.128855	0.130445	0.130746	0.129623	0.128059	0.1268	0.126491	0.12669	0.128076	0.129937	0.13156	0.132777	0.133519	0.133922	0.134867	0.135337	0.135605	0.134888	0.133223	0.131557	0.130061	0.129175	0.129171	0.128964	0.12879	0.126887	0.124577	0.121318	0.118431	0.115748	0.113506	0.111637	0.109429	0.107764	0.10664	0.106467	0.106157	0.105306	0.103945	0.102551	0.101428	0.099796	0.098639	0.0972107	0.0959859	0.0946593	0.0934006	0.0930913	0.0924768	0.0918284	0.0900272	0.0874799	0.0850005	0.0825211	0.0803807	0.0782743	0.0772868	0.0765706	0.0753119	0.0730359	0.0707599	0.06845	0.0664453	0.0654578	0.0650468	0.0654496	0.0655133	0.0653396	0.0649286	0.0642124	0.0637674	0.063526	0.0636236	0.0639585	0.0640222	0.064425	0.0655059	0.0677058	0.0707535	0.0732925	0.0750177	0.0753526	0.0758232	0.0748018	0.0731701	0.0709619	0.0692285	0.0682749	0.0676944	0.0679954	0.0671436	0.0657153	0.0633715	0.0604174	0.0570563	0.0534918	0.0511819	0.0488381	0.0474777	0.0467276	0.0471981	0.0482113	0.0498008	0.0526789	0.056303	0.0611138	0.0662977	0.0718206	0.0775131	0.0832734	0.0898475	0.0970658	0.105098	0.112249	0.118619	0.123159	0.127325	0.130407	0.133421	0.136299	0.138634	0.140766	0.142458	0.144318	0.144992	0.144785	0.144001	0.142539	0.141043	0.139106	0.137949	0.136419	0.134617	0.133087	0.132371	0.132198	0.131583	0.13063	0.129167	0.127637	0.12526	0.123391	0.122064	0.121653	0.122497	0.124154	0.127168	0.129639
0.0808212	0.077537	0.0760839	0.0745969	0.0740255	0.0736236	0.0738659	0.0738709	0.0734689	0.0727618	0.0703254	0.0664648	0.0620617	0.0587437	0.0568837	0.0568887	0.0585891	0.0609337	0.0630071	0.0643006	0.0653567	0.0655313	0.0660449	0.0670671	0.0690387	0.0704001	0.070778	0.0711899	0.0719069	0.0728274	0.0725272	0.0714132	0.0690446	0.0656588	0.0621712	0.0595991	0.05818	0.0566252	0.0554094	0.0538885	0.0524694	0.0502364	0.0482069	0.0462452	0.0446903	0.0432712	0.042971	0.0430777	0.0449137	0.0473601	0.0513662	0.0553724	0.0599211	0.0637577	0.0680351	0.0712953	0.0755727	0.0797484	0.0848736	0.0893883	0.0932928	0.0962817	0.0983551	0.0993434	0.0991788	0.0985056	0.0973238	0.0960064	0.0943498	0.0926594	0.0910707	0.089482	0.0888427	0.0890511	0.0898021	0.0902478	0.0899137	0.0901222	0.0906019	0.0918614	0.0934262	0.0955674	0.0980816	0.100596	0.103856	0.10715	0.110919	0.11384	0.117066	0.120292	0.124366	0.128508	0.133023	0.137233	0.141442	0.145957	0.150234	0.155156	0.159366	0.163609	0.166836	0.16935	0.171084	0.172513	0.173332	0.173032	0.172325	0.171414	0.170436	0.168508	0.165766	0.163364	0.160622	0.158593	0.156258	0.155212	0.153996	0.153289	0.153497	0.154859	0.157983	0.160497	0.163961	0.167459	0.171533	0.175471	0.178528	0.182025	0.184302	0.18624	0.186007	0.184995	0.182593	0.180394	0.178432	0.177013	0.176136	0.175022	0.17384	0.172218	0.169781	0.167073	0.163789	0.160573	0.156679	0.152716	0.149296	0.146657	0.14517	0.144395	0.14423	0.143014	0.141765	0.140583	0.139672	0.138626	0.136834	0.135618	0.134436	0.134272	0.134819	0.137164	0.140017	0.143684	0.147318	0.150917	0.154448	0.1572	0.160392	0.163313	0.166268	0.169054	0.171161	0.172149	0.171205	0.169548	0.166909	0.163997	0.161357	0.159769	0.159706	0.15927	0.1588	0.157381	0.155996	0.153932	0.151733	0.149636	0.147742	0.146255	0.1447	0.145248	0.146474	0.150242	0.153943	0.158356	0.161413	0.163317	0.164	0.163056	0.16245	0.161845	0.162528	0.162465	0.162368	0.16139	0.159767	0.158416	0.157811	0.158053	0.158567	0.158436	0.158102	0.156988	0.15584	0.154726	0.154629	0.155109	0.155317	0.154271	0.151869	0.149873	0.14781	0.146933	0.146802	0.147553	0.148576	0.148513	0.14906	0.149574	0.150901	0.151788	0.153692	0.155155	0.156991	0.158589	0.160561	0.162194	0.163555	0.164408	0.164514	0.163468	0.161133	0.158256	0.15487	0.15179	0.149964	0.147629	0.146108	0.143231	0.141099	0.139409	0.138498	0.138164	0.136983	0.135733	0.134246	0.133471	0.133883	0.135414	0.137318	0.138102	0.138413	0.137977	0.137948	0.138055	0.1385	0.139556	0.140443	0.141567	0.14164	0.140933	0.139141	0.137823	0.136404	0.134442	0.131904	0.12845	0.125743	0.123171	0.121989	0.122333	0.122677	0.122885	0.121331	0.119911	0.117475	0.115649	0.114162	0.113285	0.11251	0.110752	0.109943	0.109372	0.109512	0.109077	0.108336	0.108069	0.108244	0.109232	0.109474	0.109988	0.109823	0.110032	0.110274	0.109804	0.108928	0.106152	0.103241	0.0992789	0.0954861	0.0919985	0.0891213	0.0860067	0.0828243	0.0797775	0.077002	0.073311	0.0694165	0.0659289	0.0628822	0.0598015	0.0576363	0.0561154	0.0561543	0.0563966	0.0568763	0.0572882	0.056988	0.0569591	0.0563198	0.0566978	0.0567705	0.0579284	0.0596966	0.0624821	0.0655727	0.0682225	0.0704655	0.0715555	0.072476	0.0736	0.0742153	0.0736438	0.0726654	0.0718905	0.0716581	0.0714258	0.0707526	0.0688248	0.0654389	0.061341	0.0568362	0.0526026	0.0489794	0.0465769	0.044683	0.0435011	0.0422854	0.0417818	0.0410408	0.0409779	0.0412203	0.0429546	0.0462147	0.050933	0.0571093	0.0640315	0.072005	0.0802836	0.0892064	0.097858	0.10556	0.112211	0.117167	0.121275	0.124603	0.128032	0.131259	0.133502	0.134795	0.135071	0.134873	0.134064	0.132272	0.130141	0.127399	0.125912	0.125001	0.125312	0.125283	0.124915	0.124377	0.124518	0.125404	0.125918	0.125584	0.124165	0.122779	0.120479	0.118653	0.117267	0.117272	0.118227	0.119452	0.121424	0.122853
0.0766836	0.0721727	0.0696286	0.0678643	0.0672529	0.0662685	0.0656911	0.0644015	0.0626033	0.0607712	0.0583288	0.0555473	0.0531387	0.0519848	0.0521872	0.0536442	0.0564576	0.0600848	0.0635424	0.0663218	0.0678466	0.0683881	0.0689975	0.0707257	0.0729287	0.0745892	0.0753342	0.0755366	0.0759085	0.0758397	0.0748892	0.0727519	0.0696313	0.0657308	0.061966	0.0595235	0.058573	0.0575887	0.0560278	0.0538228	0.0510073	0.0474459	0.043715	0.0406961	0.0379485	0.0361164	0.0351659	0.0358091	0.0376052	0.040622	0.0442153	0.0478763	0.0518765	0.0558766	0.0601141	0.0637752	0.0687248	0.0744881	0.0821504	0.0898805	0.0967967	0.101645	0.104933	0.106424	0.106355	0.105404	0.104386	0.103266	0.101298	0.0992627	0.0977358	0.0965818	0.0966147	0.0973257	0.0982741	0.0989513	0.0984755	0.0988136	0.0988464	0.100032	0.101625	0.103828	0.106065	0.1082	0.110606	0.112606	0.114945	0.116741	0.119757	0.122673	0.125791	0.128062	0.130367	0.133214	0.136027	0.139587	0.14318	0.147417	0.151417	0.15535	0.159045	0.161621	0.163451	0.164535	0.164737	0.16399	0.162056	0.159953	0.157409	0.155746	0.153846	0.15276	0.150894	0.149401	0.146959	0.145635	0.144685	0.144345	0.14509	0.146615	0.149767	0.152377	0.156309	0.160852	0.166039	0.171328	0.175565	0.179769	0.182141	0.184378	0.185055	0.185224	0.184172	0.183221	0.181931	0.180371	0.178233	0.176266	0.174162	0.171957	0.16904	0.166394	0.163477	0.160051	0.156252	0.152996	0.151198	0.150214	0.14967	0.148279	0.146142	0.143258	0.14068	0.138916	0.137796	0.137185	0.136471	0.136233	0.135859	0.135756	0.136332	0.137992	0.140161	0.142873	0.146297	0.149958	0.153822	0.15711	0.161212	0.1645	0.167483	0.169381	0.170601	0.170769	0.169446	0.167783	0.166087	0.164526	0.16327	0.162252	0.162725	0.162657	0.162554	0.161264	0.159703	0.157939	0.156412	0.156004	0.156444	0.157969	0.159494	0.161765	0.163391	0.165933	0.167797	0.169661	0.17044	0.170439	0.170438	0.16925	0.16874	0.168061	0.168806	0.169415	0.169821	0.169278	0.167005	0.164088	0.160967	0.158864	0.15771	0.157302	0.157369	0.157537	0.157604	0.156823	0.156381	0.155973	0.156142	0.15553	0.154478	0.153697	0.152475	0.151593	0.150914	0.151116	0.151352	0.150504	0.150062	0.149383	0.149721	0.15016	0.152397	0.154736	0.15738	0.159379	0.161582	0.163344	0.164293	0.164122	0.163104	0.161136	0.158558	0.155844	0.153436	0.1514	0.150246	0.148007	0.146548	0.143529	0.141596	0.139221	0.137898	0.137456	0.137624	0.137759	0.137927	0.138062	0.139519	0.141417	0.143789	0.144975	0.146093	0.145889	0.145379	0.144496	0.144461	0.145952	0.147104	0.148697	0.148899	0.148186	0.146117	0.144183	0.142554	0.140112	0.1375	0.134413	0.132276	0.129426	0.127153	0.125796	0.125219	0.124946	0.123725	0.122401	0.119687	0.117143	0.114735	0.114056	0.113681	0.112901	0.112357	0.112051	0.112118	0.111337	0.110522	0.110521	0.110927	0.112519	0.114146	0.116213	0.116721	0.116652	0.116007	0.115192	0.113834	0.111222	0.108644	0.105252	0.101827	0.0981635	0.0948734	0.0915833	0.087954	0.0847656	0.0813737	0.0777445	0.0733354	0.0696383	0.0661786	0.0628546	0.0605817	0.0589191	0.0587146	0.0584423	0.0584413	0.058169	0.0568455	0.0562681	0.0560636	0.0575545	0.0582316	0.0596208	0.0609083	0.0626366	0.0643649	0.065788	0.0674145	0.0678882	0.0688366	0.0696155	0.07053	0.0701559	0.0695784	0.0687975	0.0681522	0.0673713	0.0656409	0.0633341	0.0601118	0.0567199	0.052989	0.050004	0.0481041	0.0472214	0.0464405	0.0457952	0.0449465	0.0441316	0.0429777	0.042841	0.0435521	0.0463993	0.0510437	0.0576209	0.0654527	0.0727758	0.0799973	0.0863032	0.0930499	0.0990506	0.104882	0.110069	0.114611	0.118917	0.122612	0.12668	0.129663	0.132069	0.133153	0.133288	0.13193	0.129318	0.125587	0.121585	0.118532	0.116666	0.116733	0.116936	0.116765	0.114797	0.11188	0.109302	0.107809	0.107435	0.107027	0.10628	0.105465	0.104684	0.104141	0.103326	0.103359	0.104409	0.105764	0.107662	0.108949
0.0641055	0.0616088	0.0602311	0.0583108	0.0575435	0.0568778	0.0572634	0.0570725	0.0563051	0.0550969	0.0527359	0.0504427	0.0488276	0.0487723	0.0495308	0.0518491	0.0552864	0.059707	0.0635512	0.0666494	0.0686286	0.069828	0.0711629	0.0735829	0.0749179	0.0748287	0.0729763	0.0709882	0.0691019	0.0676564	0.0664821	0.0656131	0.0640997	0.0616708	0.0591742	0.0573896	0.0568257	0.0563974	0.0556639	0.0548966	0.0528068	0.0498354	0.0458807	0.043011	0.0404126	0.039713	0.0402342	0.0429933	0.0463289	0.0504104	0.0540172	0.0573189	0.0603492	0.0636848	0.0671899	0.0705594	0.0749461	0.0804178	0.0873477	0.0948201	0.10158	0.106679	0.110015	0.111451	0.111735	0.110798	0.109183	0.10672	0.103444	0.100778	0.0991965	0.0987682	0.0994928	0.100082	0.0999587	0.0987845	0.0971694	0.0960969	0.0952278	0.0954777	0.0970161	0.0992666	0.102026	0.104717	0.107612	0.109964	0.112893	0.116635	0.121022	0.125442	0.128371	0.131096	0.133143	0.136174	0.139475	0.143252	0.14696	0.149245	0.150986	0.152287	0.153894	0.15533	0.156326	0.157933	0.158318	0.157585	0.15502	0.152422	0.149755	0.148412	0.147339	0.146775	0.145431	0.143681	0.141388	0.140247	0.14009	0.141561	0.143574	0.146231	0.148516	0.150258	0.15261	0.155877	0.159823	0.164583	0.169343	0.174306	0.177472	0.179858	0.180481	0.180358	0.179557	0.179162	0.17853	0.177594	0.17547	0.172939	0.169764	0.166861	0.164195	0.162173	0.160286	0.157959	0.15509	0.151779	0.149079	0.147294	0.146561	0.146167	0.14567	0.14531	0.144814	0.144521	0.143923	0.144004	0.144796	0.146131	0.147466	0.148191	0.149424	0.150488	0.151958	0.153768	0.156663	0.159998	0.16408	0.16789	0.171666	0.17351	0.173997	0.173162	0.172836	0.172577	0.172115	0.170974	0.169224	0.167134	0.164841	0.163361	0.162933	0.162505	0.161737	0.160292	0.158371	0.156485	0.15504	0.155052	0.155879	0.158265	0.161465	0.165648	0.169153	0.173234	0.176231	0.178651	0.180223	0.181626	0.183164	0.182736	0.182003	0.180116	0.178535	0.176717	0.175373	0.173995	0.171872	0.169239	0.166912	0.165229	0.164224	0.162982	0.161876	0.161075	0.16068	0.159472	0.15762	0.155123	0.153067	0.151283	0.150481	0.151206	0.152066	0.153062	0.153244	0.152816	0.151133	0.147687	0.144749	0.142456	0.142333	0.143431	0.146495	0.149525	0.152556	0.154976	0.157294	0.158799	0.159286	0.158586	0.157276	0.154881	0.152385	0.150024	0.148714	0.148014	0.147925	0.146446	0.143779	0.139553	0.135802	0.133	0.131012	0.13072	0.130902	0.131185	0.130825	0.130261	0.130816	0.131778	0.133791	0.135262	0.137105	0.137796	0.138216	0.138432	0.139156	0.141237	0.142809	0.144551	0.14436	0.14305	0.140622	0.138464	0.136815	0.13503	0.13406	0.132987	0.13205	0.129893	0.127871	0.12673	0.126099	0.125975	0.124903	0.124271	0.122995	0.122601	0.122546	0.123541	0.124503	0.124652	0.125105	0.126033	0.127334	0.127754	0.127698	0.127745	0.128028	0.129024	0.130088	0.131084	0.130554	0.129651	0.127459	0.124827	0.121449	0.117867	0.115167	0.112331	0.109868	0.106694	0.103044	0.0983772	0.0924897	0.0865004	0.0813589	0.0771668	0.0737885	0.0703763	0.0674388	0.0632806	0.0602753	0.0579143	0.0582659	0.0590922	0.0601898	0.0604058	0.0591637	0.0582608	0.0579681	0.0596083	0.061011	0.0633632	0.0656476	0.0674573	0.0688262	0.0689744	0.070072	0.0705592	0.0723011	0.0739751	0.0752762	0.0747801	0.0726903	0.0699902	0.0668492	0.0637422	0.0602961	0.0573925	0.0544211	0.0510089	0.0475967	0.0446931	0.043451	0.0428532	0.0433066	0.0434208	0.0429587	0.0417166	0.0406101	0.0402836	0.0404996	0.0421736	0.04595	0.0522017	0.06042	0.0685027	0.0762464	0.0822946	0.087902	0.0927973	0.0984047	0.103673	0.108399	0.111904	0.114833	0.11766	0.119774	0.12155	0.122004	0.12127	0.119757	0.118142	0.116493	0.114437	0.112754	0.112156	0.112881	0.113944	0.114364	0.113495	0.110795	0.107654	0.104682	0.103644	0.103385	0.104347	0.105411	0.10644	0.106826	0.106296	0.106342	0.106931	0.107893	0.109703	0.111275
0.0590141	0.0561104	0.0534441	0.0504048	0.0477385	0.0454112	0.0440673	0.0427912	0.0418542	0.0404425	0.0390308	0.0386703	0.0397678	0.0418825	0.0436582	0.0462816	0.0495831	0.0536985	0.0576443	0.0611493	0.064383	0.066769	0.0687482	0.0704899	0.0707058	0.0699723	0.0681876	0.0669115	0.0656693	0.064834	0.0636258	0.0623158	0.0603276	0.0584751	0.0567921	0.0553126	0.0542061	0.0523875	0.0502637	0.047733	0.0448632	0.0422308	0.039361	0.0382884	0.0373514	0.0382116	0.0394447	0.0428819	0.0462512	0.0505361	0.0539055	0.0577157	0.0612207	0.0653699	0.0696209	0.0740414	0.079547	0.0858664	0.0933726	0.100641	0.107402	0.112432	0.1157	0.11734	0.117658	0.117263	0.115818	0.113796	0.111672	0.110565	0.110476	0.110421	0.110467	0.109598	0.108084	0.106707	0.106007	0.106053	0.105998	0.106858	0.108498	0.110647	0.112965	0.116165	0.119636	0.123175	0.126748	0.130795	0.134639	0.138382	0.141344	0.145019	0.149168	0.154402	0.158924	0.16209	0.163595	0.163607	0.16362	0.164039	0.165306	0.166471	0.166687	0.166361	0.165084	0.164419	0.16355	0.162646	0.160692	0.159043	0.157021	0.154694	0.15118	0.1477	0.145033	0.143825	0.144787	0.146529	0.148949	0.150351	0.151381	0.152139	0.154051	0.157352	0.161061	0.165346	0.169088	0.172932	0.175827	0.178755	0.180667	0.181628	0.181607	0.181077	0.179665	0.178016	0.175791	0.173599	0.170322	0.167351	0.164956	0.162866	0.159827	0.15594	0.151374	0.146877	0.142922	0.140391	0.139353	0.138721	0.13775	0.136644	0.134655	0.132396	0.129424	0.127775	0.12772	0.128818	0.130593	0.132267	0.134789	0.136632	0.138815	0.141099	0.144096	0.146719	0.149105	0.151016	0.152385	0.152872	0.153563	0.15483	0.156978	0.158822	0.160123	0.159932	0.158656	0.155854	0.153289	0.151267	0.150601	0.150377	0.149677	0.148672	0.146447	0.145374	0.144844	0.146009	0.147141	0.149188	0.151743	0.154468	0.156481	0.158833	0.161219	0.163571	0.166195	0.169123	0.171679	0.172031	0.171704	0.171174	0.170847	0.17069	0.17094	0.17197	0.171745	0.170401	0.168277	0.166424	0.164945	0.163838	0.163376	0.163524	0.163333	0.16243	0.161188	0.159674	0.159144	0.160038	0.161916	0.164302	0.165399	0.165717	0.164441	0.162249	0.159786	0.157561	0.156081	0.154534	0.153224	0.152185	0.152232	0.152617	0.153613	0.155083	0.156283	0.15677	0.156172	0.154862	0.153145	0.151089	0.149372	0.147994	0.147498	0.147036	0.146506	0.144043	0.140698	0.137422	0.135976	0.136226	0.13634	0.137844	0.138671	0.139802	0.139408	0.139861	0.141026	0.142158	0.143357	0.143946	0.145043	0.14553	0.146289	0.147522	0.14923	0.151311	0.152646	0.152997	0.151551	0.148512	0.145608	0.143078	0.141802	0.140627	0.141013	0.141025	0.14019	0.137388	0.134349	0.132157	0.13044	0.129503	0.127583	0.126069	0.124047	0.123551	0.123631	0.124763	0.126165	0.126992	0.127648	0.127729	0.128284	0.128296	0.128919	0.129338	0.130741	0.132008	0.133241	0.133321	0.131876	0.129888	0.126814	0.12347	0.120464	0.117866	0.116624	0.11467	0.112512	0.10971	0.106399	0.103224	0.0991	0.0950773	0.0909869	0.0875406	0.0844335	0.0811229	0.0783549	0.0751121	0.0732935	0.0715088	0.0716569	0.0714998	0.0714444	0.0701683	0.0689262	0.0684639	0.0694936	0.071371	0.0729093	0.0744815	0.0760537	0.0771512	0.0780792	0.0781595	0.0783414	0.0781843	0.0783324	0.0785822	0.0777808	0.0755214	0.0719057	0.06751	0.0627753	0.0582779	0.0544926	0.0512499	0.0478037	0.0437132	0.0395549	0.0354983	0.0327642	0.0310473	0.0310258	0.0308348	0.0309151	0.030758	0.032025	0.0338685	0.0365597	0.0400986	0.0451973	0.0513811	0.0582769	0.0649354	0.0707461	0.0755736	0.080774	0.0870255	0.0945656	0.100953	0.105984	0.10915	0.110959	0.112565	0.114104	0.11649	0.117621	0.117701	0.117273	0.116573	0.115602	0.113546	0.112372	0.110893	0.110091	0.108612	0.106861	0.104534	0.101359	0.0986924	0.0965686	0.0966149	0.0977125	0.099522	0.100179	0.100056	0.0994576	0.0991988	0.0999911	0.101428	0.103305	0.105895	0.10767
0.0485383	0.0452406	0.0422481	0.0388826	0.0357883	0.0331688	0.0314648	0.0305067	0.0300573	0.0293367	0.0286838	0.0290482	0.0304638	0.0333713	0.0364484	0.0406444	0.0448066	0.0489009	0.0525883	0.0561401	0.0597258	0.0633793	0.0666259	0.069703	0.0710846	0.0718559	0.0717117	0.0715675	0.0705416	0.0692784	0.0673371	0.0646497	0.0614198	0.0586308	0.0573676	0.056613	0.0563331	0.0552734	0.053705	0.0520349	0.0501953	0.0488304	0.046516	0.0454224	0.0444304	0.0449644	0.0460748	0.0488466	0.0521611	0.0561537	0.0597394	0.0641728	0.0684366	0.0727344	0.0769982	0.0811943	0.0867128	0.0927399	0.0998181	0.106591	0.112517	0.116374	0.11806	0.118187	0.117602	0.117255	0.116161	0.114627	0.112719	0.11149	0.110193	0.109031	0.107124	0.104809	0.101715	0.0993669	0.0984089	0.0978578	0.0979509	0.0985866	0.100545	0.102876	0.105309	0.107911	0.110581	0.113556	0.116803	0.120762	0.124754	0.129052	0.133621	0.139343	0.145811	0.152177	0.157221	0.160434	0.161578	0.161773	0.162374	0.1644	0.167206	0.170148	0.171597	0.172301	0.171783	0.171639	0.171359	0.170571	0.169104	0.167129	0.165154	0.163144	0.161474	0.159838	0.159016	0.158397	0.15927	0.160211	0.161084	0.160668	0.159981	0.1596	0.160812	0.164059	0.168221	0.17262	0.175969	0.17908	0.18175	0.184047	0.184852	0.184437	0.182665	0.180961	0.179223	0.178265	0.17751	0.176213	0.173763	0.170228	0.16693	0.163565	0.160064	0.1568	0.153807	0.151493	0.149382	0.148322	0.147907	0.147458	0.146703	0.145067	0.142956	0.140201	0.137513	0.135436	0.134614	0.135182	0.136835	0.139064	0.14092	0.142166	0.142565	0.143268	0.144175	0.14532	0.146939	0.148625	0.150516	0.152067	0.153516	0.154389	0.155093	0.154542	0.153923	0.152117	0.150583	0.147726	0.145683	0.144182	0.144275	0.14508	0.144936	0.144046	0.14163	0.139858	0.138527	0.138247	0.138272	0.139044	0.140425	0.14296	0.145969	0.149691	0.153039	0.155573	0.157599	0.158879	0.159752	0.159269	0.159125	0.158845	0.158768	0.158183	0.157395	0.157047	0.156089	0.154792	0.15302	0.151655	0.150562	0.149705	0.149765	0.150807	0.152291	0.153028	0.152714	0.151722	0.150527	0.151163	0.152002	0.154367	0.156054	0.157876	0.159122	0.15952	0.159885	0.159401	0.158884	0.157248	0.155476	0.153704	0.153018	0.152738	0.153	0.153975	0.15478	0.155111	0.154831	0.154246	0.153661	0.152669	0.15144	0.150278	0.149524	0.14904	0.148523	0.146853	0.1442	0.141716	0.140046	0.140173	0.139825	0.141071	0.141775	0.143529	0.144199	0.14558	0.146657	0.147157	0.147284	0.147377	0.147742	0.14875	0.150403	0.15287	0.154964	0.156379	0.157456	0.15721	0.155946	0.153123	0.150538	0.14724	0.144112	0.141187	0.140094	0.139814	0.139025	0.13783	0.136363	0.135134	0.133837	0.133048	0.132396	0.131675	0.1317	0.132878	0.134531	0.135811	0.137159	0.138235	0.13938	0.139914	0.141126	0.142304	0.143855	0.144932	0.146618	0.148068	0.148636	0.147949	0.146415	0.144643	0.141277	0.136521	0.131766	0.127722	0.125204	0.122924	0.120338	0.117007	0.113099	0.109224	0.104163	0.0983904	0.0929565	0.0890485	0.0861238	0.0829278	0.0802404	0.0776548	0.0762221	0.0751284	0.0755606	0.0758911	0.0761538	0.0752975	0.0749159	0.075043	0.0762212	0.0779419	0.0800695	0.0822989	0.0847995	0.0864185	0.0878002	0.0878255	0.0874778	0.0873336	0.0872572	0.087486	0.0858159	0.0828573	0.0782032	0.0729049	0.0675727	0.0625118	0.0584003	0.0542549	0.0493974	0.0432514	0.0373089	0.0323836	0.0293232	0.0276871	0.0275089	0.0273308	0.0276952	0.0281952	0.030255	0.0318401	0.0341373	0.036231	0.039342	0.0425547	0.0470559	0.0522014	0.057686	0.063374	0.0694689	0.0765132	0.083422	0.0893134	0.0933399	0.0959423	0.0979343	0.0998245	0.102359	0.10469	0.106343	0.106334	0.10636	0.10608	0.106071	0.105317	0.104359	0.103231	0.102002	0.101247	0.100018	0.0991618	0.0975595	0.0958555	0.0937446	0.0923796	0.0919302	0.0924303	0.0928625	0.0932947	0.0938965	0.0952442	0.0971345	0.099296	0.101424	0.103585	0.104458
0.0426118	0.0386642	0.0348182	0.0310401	0.0269568	0.0230769	0.0190614	0.0163344	0.0143195	0.0132201	0.0136466	0.0160737	0.0202979	0.0252003	0.0300688	0.0341574	0.037161	0.039249	0.0414726	0.0447135	0.0489716	0.0545522	0.0597258	0.0643909	0.0670892	0.0693468	0.0703158	0.0712509	0.071101	0.0703746	0.0681562	0.0642425	0.0598201	0.0561776	0.0548747	0.0553012	0.0563042	0.0566968	0.0552583	0.0528365	0.0497026	0.0475521	0.0458424	0.0458959	0.0462545	0.0472575	0.0478535	0.0490599	0.0506393	0.0534733	0.0567481	0.06182	0.0675701	0.0738966	0.0797485	0.0850578	0.0909774	0.0972701	0.104376	0.110906	0.116318	0.119321	0.120527	0.120344	0.11999	0.120552	0.12125	0.122287	0.122747	0.123343	0.122041	0.119992	0.116485	0.113385	0.110251	0.108372	0.107713	0.107394	0.107617	0.108518	0.109928	0.111711	0.112849	0.11375	0.114753	0.116231	0.118014	0.119797	0.122698	0.126448	0.131452	0.136829	0.142986	0.148533	0.152452	0.155015	0.155475	0.156274	0.157176	0.159874	0.163318	0.167237	0.170139	0.171346	0.171467	0.17186	0.172523	0.173086	0.173275	0.172989	0.1725	0.171875	0.171352	0.170219	0.169561	0.169004	0.169634	0.169823	0.169775	0.168574	0.16761	0.167595	0.169751	0.173738	0.178403	0.182254	0.184275	0.185278	0.185941	0.186978	0.187744	0.188476	0.188156	0.187531	0.186025	0.184214	0.182673	0.180998	0.179186	0.176086	0.172918	0.169276	0.16543	0.161991	0.159298	0.157724	0.156862	0.156407	0.156189	0.15414	0.151379	0.147296	0.144026	0.14113	0.139827	0.13927	0.139697	0.140496	0.141669	0.143146	0.144014	0.144643	0.144053	0.144038	0.144329	0.145264	0.146471	0.147779	0.150206	0.152904	0.155976	0.157487	0.15788	0.156374	0.155071	0.153259	0.152499	0.151162	0.150944	0.150455	0.15095	0.151512	0.151226	0.149856	0.147536	0.145928	0.14571	0.145831	0.146563	0.14682	0.147246	0.147673	0.147692	0.147305	0.146409	0.145106	0.144346	0.143382	0.142995	0.142201	0.142661	0.14363	0.144972	0.145365	0.144604	0.143607	0.141931	0.140493	0.138647	0.137751	0.136516	0.136468	0.137708	0.140508	0.143207	0.144447	0.14484	0.144384	0.144133	0.145475	0.146986	0.148668	0.14923	0.149826	0.150456	0.150713	0.151512	0.152447	0.153348	0.153029	0.151692	0.149982	0.148815	0.148157	0.147668	0.147348	0.146351	0.144912	0.142456	0.140543	0.138732	0.138141	0.137448	0.137604	0.137793	0.137779	0.137459	0.135885	0.134209	0.132669	0.13218	0.132437	0.132863	0.134544	0.137378	0.141297	0.144708	0.148254	0.150783	0.152667	0.152958	0.153385	0.153743	0.155594	0.158055	0.161432	0.164571	0.166252	0.166983	0.166427	0.165565	0.163855	0.161264	0.157553	0.153266	0.149353	0.146965	0.145459	0.143783	0.141937	0.139922	0.13767	0.135825	0.134759	0.13522	0.135545	0.136785	0.138262	0.139503	0.14037	0.140864	0.142274	0.143718	0.145433	0.147148	0.14849	0.150103	0.151649	0.153838	0.15535	0.155234	0.153694	0.151102	0.148375	0.144936	0.140582	0.136634	0.133263	0.131011	0.129199	0.126371	0.12266	0.117899	0.11368	0.109054	0.104564	0.100277	0.0968718	0.0934328	0.0898581	0.0868937	0.0853535	0.0841524	0.0827479	0.08036	0.0779043	0.0755164	0.0731963	0.0726395	0.0735407	0.0757643	0.0781914	0.0809237	0.0833507	0.0852014	0.0855262	0.0852406	0.0843447	0.0828384	0.0823833	0.0815551	0.0814391	0.0798311	0.0773415	0.073699	0.0695139	0.065295	0.0604657	0.0555347	0.0504002	0.0447232	0.0389445	0.0332675	0.0290485	0.0255077	0.0231538	0.0215797	0.0205142	0.0207033	0.0218758	0.0251167	0.0284932	0.0329548	0.0374842	0.0421832	0.0462378	0.0498856	0.053703	0.0572151	0.0615411	0.0661383	0.0722275	0.0783167	0.084338	0.0895456	0.094448	0.0986383	0.101879	0.104272	0.10558	0.105871	0.105077	0.104656	0.104031	0.10361	0.102307	0.101377	0.100414	0.10006	0.0995712	0.0985058	0.0970673	0.0947811	0.0922915	0.0899714	0.0890416	0.0896376	0.0910475	0.0924573	0.0941045	0.0956161	0.0976362	0.0992156	0.101236	0.103358	0.105819	0.107771
0.048394	0.0433259	0.0386648	0.0342071	0.0297494	0.024783	0.0201897	0.0168171	0.0145634	0.0138356	0.0147354	0.0170255	0.0199937	0.0239114	0.028948	0.033476	0.0370885	0.0392768	0.0411939	0.0431449	0.0457062	0.0501664	0.0545927	0.0592902	0.0623263	0.0654301	0.0668725	0.067874	0.0675532	0.0670966	0.0660637	0.0643186	0.0620311	0.0593027	0.0573203	0.0562195	0.0560343	0.0566967	0.0561724	0.0551734	0.0527841	0.0505304	0.0483107	0.0478881	0.0490252	0.0509423	0.0531306	0.0553868	0.0581176	0.0611198	0.0644271	0.0690568	0.0741952	0.0801473	0.0851162	0.0898137	0.0945452	0.0997513	0.105195	0.110604	0.115268	0.118474	0.120086	0.120816	0.120902	0.121632	0.122362	0.123262	0.122636	0.12123	0.118129	0.115061	0.111791	0.109096	0.106673	0.104487	0.103454	0.102828	0.103558	0.105272	0.107053	0.108767	0.108921	0.108871	0.108415	0.108772	0.109977	0.111962	0.115608	0.119526	0.123952	0.127734	0.13172	0.135671	0.139623	0.143812	0.146916	0.14968	0.151496	0.153684	0.15611	0.159146	0.162385	0.164641	0.165609	0.165322	0.16395	0.162781	0.162054	0.162309	0.162938	0.163736	0.163856	0.162823	0.161485	0.160825	0.161284	0.162082	0.162371	0.162186	0.161831	0.162053	0.163699	0.166192	0.169567	0.172298	0.174317	0.175285	0.175778	0.176406	0.177306	0.178138	0.178427	0.178073	0.176972	0.175328	0.174194	0.17333	0.172976	0.17157	0.169519	0.1673	0.165385	0.164284	0.163387	0.162897	0.162677	0.161611	0.160171	0.156866	0.154036	0.150765	0.149359	0.148902	0.150514	0.151923	0.153704	0.15518	0.157165	0.159116	0.16022	0.160882	0.159917	0.15902	0.158292	0.158683	0.159549	0.16055	0.162535	0.164622	0.166064	0.165065	0.163422	0.161406	0.160407	0.159475	0.159697	0.159546	0.159496	0.158429	0.158142	0.158228	0.15845	0.157756	0.157028	0.156368	0.157031	0.157659	0.159034	0.15973	0.160393	0.160648	0.160802	0.159769	0.157956	0.155635	0.15433	0.153264	0.153248	0.1533	0.153996	0.154116	0.153761	0.153203	0.152102	0.150866	0.149053	0.147478	0.145868	0.144937	0.144175	0.143922	0.144212	0.144806	0.145571	0.145453	0.1452	0.144845	0.14466	0.14556	0.146494	0.148139	0.15009	0.151906	0.15345	0.153502	0.153554	0.153199	0.153082	0.152761	0.152643	0.15239	0.152578	0.152529	0.152309	0.151039	0.149057	0.146294	0.143261	0.140634	0.138516	0.136873	0.135162	0.134129	0.133706	0.133555	0.133403	0.132608	0.131711	0.130339	0.128492	0.127188	0.126697	0.128682	0.132532	0.137806	0.142876	0.146387	0.148169	0.149475	0.150714	0.153072	0.15482	0.157415	0.159468	0.161486	0.162725	0.16271	0.162185	0.160576	0.159272	0.157933	0.156019	0.152544	0.148053	0.144239	0.141613	0.140376	0.139547	0.139362	0.13799	0.135465	0.133008	0.132178	0.133281	0.134622	0.136844	0.138626	0.139966	0.140527	0.14102	0.142428	0.143837	0.145754	0.147569	0.149181	0.15059	0.151794	0.153067	0.153594	0.152324	0.150409	0.148393	0.146444	0.143343	0.138919	0.134529	0.130682	0.127343	0.125022	0.121819	0.118175	0.112903	0.108208	0.102835	0.0979027	0.0932415	0.0899028	0.0873101	0.0853277	0.0837183	0.0825836	0.0807368	0.0791613	0.0771111	0.0758069	0.0748418	0.0745548	0.0747764	0.0755067	0.0767795	0.0793408	0.0825125	0.0855147	0.0881777	0.0891792	0.0891635	0.0872151	0.0853344	0.0841997	0.0833363	0.0833206	0.0826267	0.081119	0.0774412	0.0728818	0.0684241	0.06339	0.0580167	0.0526774	0.0471686	0.0416597	0.0357439	0.0313541	0.0276084	0.0247783	0.0222534	0.0207118	0.0201536	0.0204091	0.0219193	0.0240737	0.0272793	0.0308918	0.0350807	0.0397444	0.0441707	0.0481561	0.0518025	0.0560593	0.0601126	0.0649796	0.0700163	0.076138	0.081785	0.0875676	0.0930111	0.0974374	0.100033	0.100932	0.101731	0.102393	0.103462	0.103752	0.103431	0.102228	0.100856	0.100536	0.100961	0.101589	0.100895	0.0994215	0.0969305	0.0945412	0.0922197	0.0912207	0.0914423	0.0929186	0.095446	0.0984482	0.101009	0.102452	0.102979	0.103845	0.105117	0.106967	0.108545
0.048795	0.0444037	0.0401481	0.0358246	0.0312299	0.0262622	0.0216336	0.0184969	0.0168183	0.0170047	0.0180049	0.0202257	0.0227518	0.0257525	0.0290245	0.0316184	0.0345852	0.0370435	0.0403155	0.0431467	0.0467917	0.0510132	0.0546582	0.0573537	0.0588964	0.0605748	0.0609307	0.0612188	0.0607948	0.0613541	0.062083	0.0632527	0.0640834	0.0633881	0.0619808	0.0597935	0.0578437	0.0566059	0.0553681	0.0542999	0.051977	0.0495863	0.0478738	0.0478907	0.0495351	0.0518916	0.0555027	0.0592494	0.063403	0.0669124	0.0709304	0.0750163	0.0794072	0.084646	0.0899186	0.0956659	0.100498	0.105092	0.108296	0.111331	0.113823	0.116926	0.119519	0.122046	0.123283	0.124148	0.124537	0.124758	0.124605	0.124283	0.122977	0.120858	0.118772	0.116585	0.114533	0.111804	0.109752	0.108379	0.108429	0.109701	0.110803	0.110921	0.109344	0.107428	0.106191	0.106343	0.108259	0.111192	0.115244	0.118922	0.121889	0.124415	0.126806	0.129671	0.132706	0.136384	0.139385	0.141606	0.142911	0.143776	0.144335	0.145098	0.147048	0.148658	0.149285	0.14876	0.147352	0.146793	0.146504	0.147471	0.148742	0.149946	0.149962	0.148826	0.148301	0.149335	0.151623	0.154455	0.15732	0.15988	0.161728	0.163542	0.165627	0.167034	0.167864	0.168119	0.168068	0.168051	0.167762	0.168932	0.170441	0.172458	0.173797	0.174865	0.174984	0.174017	0.172678	0.171237	0.17044	0.169405	0.168405	0.167201	0.165624	0.164352	0.163013	0.161707	0.160402	0.157943	0.156434	0.154179	0.153721	0.153331	0.154603	0.156586	0.15918	0.161909	0.164198	0.166351	0.167826	0.169233	0.169589	0.169674	0.169114	0.168792	0.168978	0.169673	0.170605	0.170927	0.17108	0.170622	0.170232	0.168926	0.168401	0.168011	0.168333	0.168315	0.168095	0.167467	0.166874	0.165975	0.165314	0.165127	0.165856	0.166755	0.167721	0.168551	0.169721	0.170348	0.170535	0.169873	0.168636	0.167127	0.165075	0.162549	0.160497	0.158818	0.158361	0.157869	0.157987	0.157462	0.156427	0.154376	0.151442	0.148543	0.146458	0.145661	0.144999	0.144508	0.143677	0.142337	0.140523	0.138471	0.137234	0.136403	0.136216	0.136301	0.136962	0.138301	0.139538	0.141386	0.143336	0.145998	0.148727	0.150507	0.151575	0.150982	0.150659	0.150744	0.152083	0.154101	0.15622	0.157729	0.158254	0.157389	0.155677	0.153083	0.150149	0.146775	0.143401	0.140536	0.137738	0.134703	0.132313	0.130804	0.13038	0.129922	0.129667	0.129243	0.128446	0.127548	0.126547	0.126462	0.127327	0.129751	0.13343	0.137584	0.141737	0.145315	0.148587	0.151859	0.155063	0.158708	0.161946	0.164811	0.166354	0.166811	0.165879	0.163929	0.161403	0.158944	0.156859	0.155519	0.154214	0.152501	0.150483	0.1485	0.146991	0.145888	0.144786	0.143515	0.140785	0.137614	0.134172	0.132629	0.132545	0.133748	0.135596	0.137613	0.139665	0.141004	0.142004	0.143445	0.145327	0.148226	0.150616	0.152532	0.153125	0.153752	0.154041	0.15382	0.152006	0.149819	0.147292	0.145071	0.142613	0.139985	0.13756	0.135068	0.132338	0.129608	0.125793	0.121639	0.115621	0.110314	0.104736	0.100311	0.0962584	0.0925453	0.0899851	0.0876961	0.0855767	0.0827113	0.0788626	0.0750817	0.0706226	0.0670112	0.0643154	0.0637558	0.0642473	0.0656883	0.0675701	0.0705369	0.073775	0.076674	0.0794035	0.0809123	0.0818108	0.0808103	0.0798099	0.0782669	0.0772326	0.0769103	0.0769272	0.0760624	0.0734004	0.0692804	0.0645162	0.0590398	0.0542756	0.0510033	0.0480701	0.0450013	0.0403387	0.0361848	0.0313188	0.0272667	0.0242317	0.0234008	0.0234855	0.0244517	0.0262318	0.0290969	0.0322333	0.0362174	0.0410153	0.0467626	0.0517979	0.0562228	0.0593931	0.0622921	0.0651572	0.0694465	0.0756685	0.082467	0.0886891	0.0933174	0.0964199	0.0979626	0.098522	0.0989796	0.100251	0.101319	0.102455	0.102777	0.101946	0.099996	0.097741	0.0962319	0.0955706	0.0949092	0.0938749	0.0922641	0.0903821	0.0892121	0.0889238	0.0901274	0.0922804	0.0946708	0.0968239	0.0983327	0.0991972	0.0990106	0.0994004	0.100875	0.103605	0.107012	0.110284
0.0615573	0.0569315	0.0523736	0.0478156	0.0424439	0.0372416	0.0328871	0.0304654	0.0291965	0.0291823	0.0290324	0.0291199	0.0287666	0.0291592	0.0301283	0.0313687	0.0334907	0.0357144	0.0386502	0.0406704	0.0434027	0.0465759	0.0495117	0.0517015	0.0536539	0.0560471	0.0577622	0.058494	0.0591918	0.0604661	0.0619438	0.062879	0.0629665	0.0612907	0.0584282	0.0548535	0.0521266	0.0508578	0.0500297	0.0492695	0.0476277	0.0455789	0.044344	0.0442958	0.0467569	0.0496248	0.0540187	0.0584464	0.0642305	0.0694042	0.074917	0.0796161	0.0835352	0.0867761	0.0891355	0.0918	0.0938881	0.0961118	0.0979286	0.100525	0.103461	0.107245	0.110282	0.113625	0.115442	0.116919	0.117414	0.117433	0.116605	0.115099	0.113796	0.112121	0.111428	0.110397	0.110348	0.109487	0.109133	0.108746	0.10941	0.110616	0.112026	0.112487	0.111693	0.110661	0.110036	0.110497	0.11228	0.115182	0.119169	0.122918	0.126227	0.129129	0.131963	0.13534	0.138818	0.142194	0.144689	0.146269	0.147475	0.14797	0.14843	0.14828	0.149317	0.149608	0.149899	0.149207	0.148548	0.14789	0.147028	0.146335	0.145711	0.144815	0.143343	0.141395	0.140567	0.141537	0.144167	0.146933	0.149971	0.152703	0.155673	0.157897	0.16012	0.161428	0.162262	0.162146	0.161386	0.160829	0.160137	0.160699	0.1616	0.162942	0.16364	0.163456	0.162832	0.161868	0.161616	0.162009	0.163114	0.164049	0.164475	0.164597	0.164244	0.163585	0.162621	0.161488	0.160626	0.158713	0.157885	0.157023	0.158128	0.158927	0.159659	0.160662	0.162106	0.164024	0.165061	0.16559	0.165101	0.164137	0.162427	0.161565	0.161585	0.162147	0.162913	0.163373	0.163766	0.163345	0.16211	0.160638	0.159369	0.158541	0.158526	0.159021	0.159041	0.158212	0.157011	0.156387	0.157085	0.158698	0.161261	0.163654	0.16581	0.167355	0.168562	0.17004	0.171551	0.173165	0.173761	0.173611	0.172376	0.171277	0.17072	0.170333	0.170997	0.171389	0.172155	0.17153	0.169719	0.167467	0.164841	0.162454	0.159455	0.157542	0.156172	0.155615	0.15438	0.15284	0.151469	0.149251	0.14822	0.146069	0.144427	0.141768	0.140431	0.140417	0.141793	0.144051	0.145495	0.146972	0.148145	0.150131	0.152626	0.154816	0.157108	0.15828	0.160063	0.162117	0.16468	0.166971	0.168585	0.169181	0.168116	0.166033	0.163849	0.162037	0.160599	0.158855	0.157519	0.155334	0.153218	0.149134	0.145865	0.142222	0.14014	0.138159	0.136958	0.136231	0.135607	0.135287	0.135205	0.136514	0.138737	0.141368	0.143626	0.145951	0.148955	0.152365	0.155742	0.158711	0.161206	0.163091	0.164128	0.164995	0.165659	0.165306	0.163393	0.160293	0.157566	0.154466	0.151976	0.149792	0.148964	0.147356	0.145884	0.143496	0.141074	0.138652	0.136875	0.136759	0.135999	0.135442	0.134004	0.133277	0.132314	0.131553	0.131573	0.132067	0.133308	0.134277	0.135551	0.137571	0.139829	0.143613	0.147633	0.151824	0.154183	0.154847	0.154155	0.152445	0.14982	0.147364	0.145688	0.144216	0.142133	0.139305	0.136205	0.132902	0.128581	0.124701	0.119567	0.114466	0.107874	0.102773	0.0977745	0.093793	0.0902862	0.0873558	0.0854088	0.0835974	0.0813791	0.0782114	0.0741621	0.0710961	0.0690473	0.0679141	0.0675947	0.0682586	0.0693294	0.0708071	0.0728274	0.0761023	0.0795467	0.0816347	0.0835194	0.0845224	0.0857627	0.085918	0.0861411	0.0861608	0.0858753	0.085522	0.0844905	0.0831538	0.0802234	0.076208	0.0716161	0.0669565	0.0629071	0.0596038	0.0563343	0.0525902	0.0475236	0.0430673	0.0389841	0.0353417	0.0320383	0.0301591	0.0289242	0.0290455	0.0299468	0.0323401	0.0345299	0.036957	0.0397572	0.0436424	0.0479684	0.0525996	0.05679	0.0605057	0.0639162	0.0681405	0.073382	0.0789287	0.083153	0.0859871	0.08777	0.0887391	0.0895386	0.0902704	0.0929349	0.0953281	0.0976536	0.0984192	0.0978963	0.0961189	0.093358	0.0909702	0.0888876	0.0868727	0.0848918	0.0831482	0.0824219	0.0827128	0.083648	0.0850918	0.0867052	0.088522	0.0899997	0.0911384	0.0918362	0.091788	0.0928589	0.0949469	0.0977471	0.0999708	0.101686
0.0573149	0.0547209	0.0525	0.0504485	0.0469051	0.0438365	0.0404626	0.038479	0.0370718	0.0366819	0.0363259	0.0366141	0.0376484	0.0395303	0.0415818	0.0431247	0.044871	0.0469564	0.0498895	0.0532973	0.0571798	0.0613336	0.0640632	0.0657417	0.0669794	0.0683866	0.0694887	0.0694379	0.070133	0.07015	0.0702348	0.0690989	0.0679291	0.0658776	0.0636906	0.0612323	0.0591469	0.0572311	0.0551797	0.0524501	0.0494153	0.0458719	0.0441257	0.0435662	0.0456177	0.0480083	0.0516874	0.0558412	0.0610461	0.0661154	0.0706422	0.0744569	0.0767797	0.0786616	0.0798315	0.0817813	0.0836293	0.0856469	0.0880713	0.0913774	0.09526	0.0991425	0.102177	0.104568	0.105738	0.10684	0.107908	0.109519	0.111197	0.113011	0.114317	0.113927	0.11313	0.112096	0.112215	0.111689	0.110892	0.109349	0.107874	0.106772	0.106823	0.107111	0.107027	0.106739	0.1074	0.108807	0.11096	0.113181	0.115945	0.118268	0.120387	0.122642	0.125202	0.127626	0.129135	0.130441	0.131102	0.132136	0.133103	0.133967	0.134188	0.133628	0.134018	0.1339	0.133883	0.133052	0.132866	0.132849	0.133035	0.133086	0.133137	0.133188	0.133137	0.133357	0.134765	0.137698	0.141648	0.144819	0.147955	0.150142	0.152736	0.154381	0.156059	0.157094	0.158026	0.158619	0.158263	0.157399	0.155619	0.154754	0.15433	0.154788	0.155076	0.155636	0.155992	0.155771	0.155449	0.155432	0.156365	0.157569	0.159247	0.160824	0.161587	0.161468	0.160841	0.160282	0.160163	0.159502	0.160265	0.160892	0.162638	0.163062	0.163181	0.1633	0.164266	0.166216	0.168165	0.169573	0.169658	0.168895	0.167216	0.166012	0.165555	0.166013	0.166708	0.166996	0.166538	0.165199	0.16308	0.161028	0.159621	0.159129	0.158841	0.158282	0.156841	0.155094	0.153348	0.153365	0.155145	0.159163	0.163182	0.167234	0.169997	0.172354	0.173965	0.175541	0.177355	0.178966	0.179933	0.180085	0.179356	0.178017	0.176542	0.175406	0.175219	0.17449	0.172812	0.169676	0.165318	0.161131	0.157282	0.154315	0.15128	0.148381	0.145787	0.143838	0.141786	0.139701	0.137446	0.135123	0.133716	0.132851	0.132835	0.132479	0.132902	0.13353	0.134937	0.136344	0.137141	0.13804	0.139311	0.14177	0.144364	0.146652	0.149043	0.1514	0.154095	0.156961	0.159487	0.161098	0.161182	0.160623	0.158572	0.156622	0.155011	0.155232	0.15552	0.155503	0.154062	0.151875	0.14901	0.145534	0.143076	0.140923	0.140092	0.139193	0.138837	0.138651	0.138736	0.138617	0.139549	0.141397	0.144466	0.146823	0.148705	0.150417	0.153622	0.159132	0.16549	0.171712	0.175798	0.178595	0.179596	0.180257	0.180477	0.180155	0.17885	0.176934	0.175764	0.175035	0.174001	0.172085	0.169423	0.166219	0.163116	0.159471	0.156097	0.15269	0.150164	0.148417	0.147247	0.146586	0.145756	0.14462	0.142873	0.141364	0.140296	0.140042	0.140636	0.142178	0.144433	0.148214	0.152436	0.157709	0.161761	0.164728	0.165694	0.165541	0.164643	0.163575	0.162202	0.161032	0.160167	0.159235	0.157692	0.155132	0.152063	0.14852	0.144264	0.139398	0.133346	0.126615	0.119783	0.114578	0.110424	0.106881	0.103473	0.100201	0.0967929	0.0933173	0.0889262	0.0844673	0.079398	0.0756512	0.0735658	0.0728368	0.0730912	0.0729725	0.0727861	0.0726335	0.0738712	0.0758209	0.0788219	0.0803308	0.0815685	0.0817889	0.0828571	0.0842982	0.0855359	0.0863327	0.0863158	0.0853155	0.0830268	0.0798224	0.0763808	0.0726339	0.0691923	0.065988	0.0637331	0.0621225	0.0601049	0.0570363	0.0525773	0.0487627	0.045694	0.0434052	0.041659	0.04093	0.0404044	0.0410996	0.0427442	0.0452025	0.0471184	0.0482543	0.0493225	0.0503906	0.0521708	0.0552735	0.0583083	0.0614448	0.064344	0.0682944	0.0728551	0.0768054	0.0792977	0.0801285	0.0802472	0.0798234	0.0792639	0.0789079	0.0800778	0.0811798	0.0824853	0.0830109	0.0830618	0.0816207	0.0786538	0.0750765	0.0717365	0.0688713	0.0669894	0.0656501	0.0656332	0.0659214	0.0661418	0.0663962	0.0670574	0.0684985	0.0695328	0.0702279	0.0704484	0.070601	0.0722116	0.0749752	0.0783152	0.0806379	0.0824521
0.0693426	0.0689655	0.0680798	0.066482	0.0624427	0.0577593	0.0527028	0.0491044	0.0471675	0.0462479	0.0465828	0.0476638	0.0499315	0.0525722	0.0547721	0.0563956	0.0570358	0.0579472	0.0586551	0.0601769	0.0616986	0.0640342	0.0657933	0.0678576	0.0699897	0.0721557	0.0736096	0.0725543	0.0712956	0.0690874	0.0679983	0.0668073	0.066159	0.0654428	0.0638449	0.0617385	0.0593947	0.057017	0.0547071	0.0514139	0.0490701	0.0470654	0.0475699	0.0492612	0.052614	0.055899	0.0587092	0.06135	0.0643298	0.0675469	0.0690687	0.0703531	0.071061	0.0731253	0.075427	0.0785424	0.0817257	0.083756	0.0858542	0.0880542	0.090661	0.0923523	0.0931619	0.0937682	0.0941031	0.0957944	0.0985708	0.102602	0.105921	0.108426	0.110287	0.110689	0.110617	0.110037	0.11044	0.110605	0.110703	0.110224	0.109813	0.109843	0.110381	0.111394	0.111661	0.11203	0.112636	0.113616	0.115307	0.116727	0.119062	0.121262	0.12353	0.125086	0.125997	0.126807	0.127006	0.12768	0.128117	0.129435	0.130381	0.131258	0.131661	0.131555	0.132161	0.132632	0.133747	0.133539	0.132958	0.131089	0.129288	0.128233	0.128466	0.129479	0.130391	0.130726	0.131162	0.132277	0.134307	0.135897	0.137724	0.139449	0.142259	0.144086	0.145371	0.144858	0.143904	0.142781	0.142167	0.141654	0.140667	0.13951	0.138319	0.137263	0.137056	0.137628	0.138879	0.13996	0.141176	0.142732	0.14422	0.145436	0.146348	0.147293	0.148204	0.149014	0.150027	0.151481	0.153308	0.154592	0.156419	0.157738	0.159497	0.159798	0.159794	0.159213	0.159209	0.159476	0.160252	0.160587	0.160922	0.160816	0.16088	0.161181	0.161516	0.161478	0.160456	0.158452	0.155667	0.153052	0.151115	0.150568	0.150225	0.149848	0.148522	0.147636	0.146716	0.146678	0.147318	0.149586	0.152871	0.156563	0.160085	0.162963	0.164994	0.166888	0.169461	0.173085	0.177693	0.182165	0.18589	0.188531	0.190053	0.190049	0.189366	0.188074	0.186442	0.183454	0.179279	0.174664	0.169404	0.165602	0.162987	0.16183	0.160334	0.158668	0.156595	0.154319	0.151467	0.148716	0.146067	0.143927	0.142702	0.141952	0.141609	0.141164	0.141126	0.141122	0.141423	0.142165	0.14311	0.144462	0.146289	0.14832	0.150316	0.151872	0.153427	0.154847	0.155996	0.157179	0.157853	0.158086	0.157675	0.157603	0.156955	0.156679	0.156201	0.156841	0.156294	0.154561	0.150759	0.146991	0.143494	0.140879	0.139213	0.137921	0.137069	0.136149	0.135094	0.13431	0.133526	0.132742	0.132738	0.133819	0.1369	0.140355	0.144759	0.149366	0.154787	0.160378	0.165223	0.169525	0.172268	0.174603	0.175616	0.177579	0.17988	0.182453	0.184619	0.18526	0.185594	0.184641	0.183077	0.180021	0.175677	0.171027	0.166547	0.162305	0.158638	0.15565	0.153747	0.152692	0.152111	0.151565	0.150882	0.148878	0.146398	0.14419	0.143576	0.144148	0.145975	0.148887	0.152341	0.156508	0.160403	0.16457	0.167516	0.170123	0.17178	0.172319	0.17184	0.17109	0.169933	0.168335	0.166805	0.164936	0.162694	0.158892	0.15448	0.149796	0.145045	0.140802	0.136865	0.133131	0.129295	0.125459	0.12142	0.117042	0.112121	0.107607	0.103669	0.101258	0.0995242	0.0985368	0.0968711	0.095375	0.0945232	0.0942139	0.0940063	0.0928154	0.091082	0.0899589	0.0900904	0.09168	0.0943546	0.0962493	0.0976694	0.0977331	0.0980341	0.0983352	0.0978563	0.0963602	0.0935078	0.090045	0.0859041	0.0822379	0.0792498	0.0773129	0.075376	0.0725914	0.0687896	0.0644791	0.0598973	0.0549765	0.0496488	0.0452705	0.0421468	0.0397352	0.0375609	0.0354545	0.0332802	0.0324284	0.033272	0.0357432	0.0379431	0.0388206	0.0390877	0.0390497	0.0403341	0.0433478	0.0477179	0.0519862	0.055339	0.0581493	0.0602474	0.0621083	0.0631553	0.0652196	0.0678264	0.0705689	0.0725314	0.0737141	0.0750324	0.0755708	0.0756684	0.0755626	0.0751176	0.0741302	0.071922	0.0698834	0.0674718	0.065501	0.0636319	0.062814	0.0629455	0.0630092	0.0622591	0.0606273	0.0595042	0.0597036	0.0612253	0.063154	0.0649131	0.0668756	0.0688043	0.0709703	0.0721869	0.0726575	0.0726873
0.0650754	0.0657295	0.0654002	0.0642233	0.0616222	0.0584446	0.0564539	0.0556499	0.0568126	0.0572972	0.0582225	0.0591479	0.0608871	0.0635078	0.0653487	0.0674609	0.0683862	0.070261	0.0717628	0.0740445	0.0757159	0.0775907	0.078143	0.0782546	0.0776541	0.0765449	0.0744864	0.0705967	0.0666393	0.0630888	0.0616066	0.0615148	0.0620671	0.0621448	0.0602897	0.0560949	0.0509167	0.0458742	0.0426628	0.0401634	0.0396307	0.0399118	0.0417527	0.0441361	0.0465195	0.0490386	0.0508794	0.0533307	0.055375	0.0576906	0.0583447	0.0588971	0.0602632	0.0645455	0.0707945	0.0779929	0.0841062	0.0872696	0.0882627	0.0885777	0.0891979	0.0904963	0.0920998	0.0949579	0.0977483	0.100742	0.103668	0.106763	0.109757	0.11231	0.114287	0.114737	0.114476	0.113875	0.113851	0.114268	0.114888	0.11561	0.116264	0.117732	0.118861	0.119176	0.11766	0.115974	0.11534	0.115825	0.118174	0.12032	0.122602	0.123832	0.124486	0.124632	0.12393	0.123329	0.122525	0.123349	0.124478	0.126691	0.127956	0.128949	0.128993	0.129037	0.129996	0.131294	0.132728	0.132975	0.132443	0.131503	0.13097	0.132167	0.134415	0.137307	0.139656	0.140616	0.140897	0.140364	0.140679	0.14113	0.142903	0.145591	0.148924	0.151206	0.151521	0.149666	0.146861	0.144158	0.142134	0.140346	0.138254	0.136026	0.134069	0.132689	0.132868	0.134302	0.136211	0.137509	0.137824	0.137359	0.135979	0.134598	0.133082	0.132346	0.132254	0.133688	0.135699	0.137641	0.139584	0.140781	0.142486	0.143581	0.144947	0.145397	0.146289	0.147045	0.148072	0.149099	0.150465	0.151594	0.152791	0.154089	0.155218	0.155363	0.15439	0.152568	0.149764	0.146552	0.14368	0.141316	0.13997	0.139471	0.139244	0.137897	0.135974	0.135102	0.136129	0.138648	0.141642	0.144941	0.147799	0.149945	0.151549	0.153559	0.155875	0.159004	0.163083	0.168145	0.173445	0.1781	0.182315	0.185817	0.188167	0.18821	0.187101	0.184568	0.181289	0.176924	0.172424	0.168942	0.165934	0.164146	0.162427	0.160775	0.15797	0.154827	0.152497	0.150981	0.149702	0.148661	0.147213	0.146205	0.144723	0.144224	0.143895	0.143871	0.143474	0.142806	0.141968	0.141876	0.142869	0.145253	0.148518	0.152122	0.155556	0.158177	0.159611	0.160129	0.159902	0.159641	0.159311	0.158948	0.158246	0.157544	0.156604	0.1558	0.154623	0.153514	0.151354	0.149058	0.145812	0.143584	0.141763	0.141434	0.141545	0.141623	0.14126	0.140795	0.139686	0.138678	0.137705	0.13785	0.138471	0.140481	0.144017	0.149419	0.155057	0.160357	0.164673	0.168277	0.170694	0.17301	0.175631	0.179099	0.182432	0.186206	0.189742	0.192634	0.19478	0.195638	0.195783	0.194572	0.191971	0.188082	0.182802	0.178064	0.173971	0.171269	0.169312	0.167389	0.16472	0.161271	0.157687	0.154272	0.151298	0.148595	0.146299	0.145359	0.145471	0.147244	0.150238	0.154282	0.158904	0.163152	0.167163	0.170191	0.172167	0.173737	0.175375	0.177453	0.178717	0.179405	0.178635	0.177153	0.175094	0.172493	0.170164	0.167359	0.164554	0.161072	0.157623	0.153767	0.150217	0.146564	0.142946	0.138819	0.133844	0.128259	0.122505	0.118005	0.115811	0.115176	0.115593	0.115162	0.113375	0.10996	0.106443	0.103232	0.100698	0.0982328	0.0958012	0.0942852	0.0940238	0.095729	0.0987567	0.101377	0.103286	0.10316	0.102221	0.1004	0.0981375	0.0950617	0.0918503	0.0887744	0.0860716	0.0836401	0.0809372	0.0784378	0.0751586	0.0715402	0.0676845	0.0641	0.0608886	0.0574398	0.0538892	0.0505761	0.0481784	0.0466285	0.0455193	0.0439355	0.0414022	0.0390723	0.0377258	0.0378374	0.0388645	0.040095	0.0415968	0.0427935	0.0443292	0.0467126	0.0497063	0.0528697	0.0554226	0.0571957	0.058155	0.0587751	0.0591919	0.0606937	0.0622972	0.0640703	0.0646566	0.0643273	0.0636251	0.062482	0.0614746	0.0608402	0.0607144	0.0607581	0.0598185	0.0584042	0.0561422	0.0542871	0.0521607	0.0507125	0.0498068	0.0491045	0.0476902	0.045496	0.0443869	0.0451427	0.0475261	0.050113	0.0525642	0.0542017	0.0549914	0.0553403	0.0555197	0.055733	0.0558445
0.0708078	0.0705249	0.0685804	0.0657544	0.0625892	0.0594919	0.0582934	0.058553	0.0598638	0.0590722	0.0573651	0.0550137	0.0537814	0.054041	0.0546057	0.0563912	0.0575324	0.0593518	0.060493	0.0618715	0.0631484	0.0646965	0.0656003	0.0659277	0.0649327	0.0629543	0.0597892	0.055912	0.0524077	0.0509719	0.051401	0.0529491	0.0540903	0.0538413	0.0516256	0.0470024	0.0422435	0.038095	0.036354	0.0357998	0.0370088	0.0394047	0.0426482	0.0464681	0.0499829	0.0534638	0.0558935	0.0572043	0.058515	0.0599275	0.06134	0.0625151	0.064877	0.0695108	0.0756704	0.0823047	0.0871759	0.0894021	0.0886106	0.0874121	0.0860441	0.086168	0.0873093	0.0903154	0.0941693	0.0972094	0.100012	0.102238	0.104227	0.105165	0.105425	0.105379	0.105706	0.106678	0.108599	0.111165	0.11434	0.117245	0.120488	0.12346	0.125314	0.124353	0.121289	0.118056	0.116451	0.116541	0.118971	0.121977	0.124474	0.125887	0.12618	0.126067	0.125275	0.124891	0.124777	0.125817	0.127161	0.12915	0.130834	0.132653	0.134235	0.135478	0.13662	0.137523	0.138359	0.138619	0.138472	0.138392	0.138889	0.141149	0.144325	0.14706	0.149083	0.149173	0.148958	0.147793	0.147375	0.148075	0.149623	0.152222	0.154483	0.156166	0.155849	0.153396	0.149655	0.145913	0.142782	0.140261	0.137977	0.135592	0.133783	0.132653	0.133217	0.134596	0.136382	0.137997	0.138528	0.13811	0.136776	0.135882	0.135125	0.134876	0.135542	0.137361	0.139791	0.141814	0.143396	0.144876	0.146289	0.148074	0.150131	0.152256	0.153838	0.155148	0.155984	0.156956	0.157351	0.157373	0.157328	0.156909	0.15544	0.152647	0.148872	0.144757	0.140405	0.136732	0.134448	0.132944	0.13178	0.130785	0.129824	0.127947	0.126816	0.127483	0.130184	0.133427	0.136569	0.139508	0.142175	0.144231	0.147407	0.151193	0.15559	0.160291	0.165467	0.170813	0.17504	0.178453	0.181968	0.185618	0.188082	0.188443	0.187482	0.185165	0.182474	0.179953	0.178687	0.178133	0.176833	0.175397	0.173215	0.170728	0.167427	0.164466	0.162962	0.16217	0.161447	0.160452	0.158677	0.156563	0.154211	0.152708	0.152052	0.152311	0.152978	0.153543	0.153158	0.152875	0.153982	0.156819	0.160605	0.164052	0.166583	0.168267	0.168968	0.169329	0.168978	0.169102	0.169396	0.169926	0.169745	0.168818	0.167077	0.164251	0.160136	0.155581	0.150958	0.147182	0.143881	0.141259	0.139314	0.138184	0.13763	0.137448	0.136962	0.136781	0.135413	0.133977	0.131931	0.131783	0.132416	0.135049	0.138835	0.144452	0.149866	0.154534	0.157133	0.15841	0.158737	0.160116	0.163359	0.167891	0.173135	0.178074	0.182437	0.185307	0.187195	0.188031	0.188222	0.187261	0.185147	0.182016	0.178613	0.176432	0.175267	0.174747	0.174057	0.172452	0.169456	0.165579	0.161159	0.156841	0.153065	0.150443	0.14999	0.151132	0.153493	0.155618	0.157403	0.158646	0.160534	0.16259	0.165596	0.16884	0.172321	0.176412	0.180266	0.183984	0.185634	0.186199	0.18439	0.181496	0.176669	0.171097	0.165151	0.160121	0.156617	0.154265	0.152864	0.151597	0.150161	0.147641	0.143628	0.138564	0.132889	0.127757	0.123575	0.120952	0.120636	0.120929	0.12207	0.121652	0.120487	0.117593	0.113648	0.109669	0.106165	0.103814	0.101835	0.101451	0.102185	0.104852	0.107621	0.109711	0.109768	0.107348	0.103471	0.0989158	0.0952759	0.0918056	0.0889456	0.0864925	0.084582	0.0831801	0.0806931	0.0777992	0.0733455	0.0683154	0.063048	0.0584926	0.0548866	0.0517893	0.0489971	0.0464084	0.0441927	0.0426551	0.0413888	0.0398513	0.0369913	0.034267	0.032153	0.0319717	0.0330451	0.0352375	0.037735	0.0398935	0.0414755	0.0429558	0.0445378	0.0458486	0.0469559	0.0474189	0.0481871	0.0492944	0.0509781	0.0537469	0.0560071	0.0578265	0.0583234	0.0583796	0.0578254	0.0565252	0.0548181	0.0538231	0.0534045	0.0542744	0.0553817	0.0567264	0.0567825	0.0564996	0.0546229	0.0525429	0.0497507	0.0476028	0.0457262	0.0442903	0.0442786	0.0459624	0.0486634	0.0510931	0.0525734	0.0531721	0.0530587	0.0528096	0.052391	0.0523794	0.0525033
0.0602594	0.0593846	0.0578316	0.0558717	0.0539118	0.0523588	0.0528403	0.0546442	0.0563803	0.0555054	0.0528335	0.0494833	0.04732	0.0475641	0.0494358	0.0521214	0.0540609	0.0556275	0.0565498	0.0576077	0.0588013	0.0603001	0.0602051	0.0591607	0.0564548	0.0538507	0.0506023	0.0483033	0.0471233	0.0477743	0.0490018	0.0497884	0.0495918	0.047598	0.0446886	0.0405925	0.0375814	0.0356893	0.0354588	0.0363811	0.0382867	0.0412774	0.044675	0.0487508	0.0524875	0.055919	0.0579264	0.0589843	0.060144	0.0626939	0.066634	0.0712184	0.0755316	0.0800482	0.0838866	0.0880641	0.0910209	0.0931639	0.0929672	0.0928723	0.0931842	0.0956324	0.0992335	0.104157	0.109589	0.113394	0.115876	0.116866	0.117313	0.116574	0.115259	0.114621	0.115882	0.118907	0.122779	0.126584	0.12988	0.132362	0.134742	0.136784	0.137977	0.136424	0.133311	0.12969	0.127323	0.125702	0.125845	0.126496	0.126435	0.125255	0.123159	0.121301	0.119511	0.118398	0.117998	0.118378	0.119334	0.120223	0.12145	0.122135	0.122583	0.122691	0.123308	0.124298	0.125289	0.126821	0.129202	0.132769	0.136878	0.141565	0.145301	0.146936	0.146841	0.145457	0.144684	0.144114	0.14446	0.145688	0.147288	0.149228	0.150354	0.150699	0.14996	0.148611	0.14682	0.14408	0.140391	0.136092	0.132402	0.129595	0.12855	0.128049	0.128327	0.128062	0.127425	0.126414	0.125268	0.124529	0.123824	0.124305	0.12499	0.126048	0.12714	0.12874	0.131188	0.133433	0.135881	0.137957	0.139557	0.141395	0.143809	0.147478	0.151045	0.155053	0.158146	0.161035	0.161719	0.161387	0.160139	0.158654	0.156457	0.152666	0.148299	0.143592	0.139259	0.136214	0.134254	0.133243	0.131012	0.128815	0.126584	0.124488	0.123952	0.125044	0.128442	0.131331	0.134118	0.136532	0.139693	0.143463	0.148997	0.155514	0.16237	0.168922	0.174455	0.179074	0.181963	0.184241	0.186384	0.188019	0.1885	0.18732	0.185699	0.1834	0.181813	0.181651	0.183116	0.18475	0.18435	0.182322	0.17887	0.175113	0.171695	0.168921	0.167233	0.16551	0.163686	0.161862	0.160173	0.158824	0.157745	0.157718	0.157996	0.158478	0.158722	0.159407	0.159753	0.160268	0.161326	0.163164	0.164866	0.166636	0.168508	0.170922	0.173268	0.176157	0.178572	0.180715	0.181501	0.181576	0.180057	0.177419	0.173458	0.169023	0.16374	0.158762	0.154124	0.15135	0.150136	0.149465	0.148624	0.147342	0.145857	0.144202	0.141903	0.140588	0.139374	0.139075	0.138845	0.14075	0.143436	0.147749	0.152503	0.15824	0.162587	0.165205	0.166127	0.166677	0.167226	0.168657	0.171783	0.175961	0.180647	0.184316	0.187069	0.188195	0.187896	0.186988	0.186621	0.186832	0.185686	0.183217	0.180206	0.178585	0.17771	0.177141	0.175622	0.171898	0.166175	0.160451	0.156355	0.15392	0.152265	0.151357	0.151838	0.152896	0.154225	0.154775	0.155019	0.15489	0.155677	0.157141	0.160234	0.164411	0.169301	0.174224	0.177961	0.180715	0.181196	0.179982	0.176937	0.173553	0.169457	0.16509	0.159908	0.155948	0.153174	0.15135	0.14939	0.146582	0.14313	0.138424	0.13348	0.128808	0.124915	0.122514	0.121843	0.122528	0.123823	0.123728	0.122073	0.118045	0.113271	0.108293	0.103993	0.100542	0.0984121	0.097266	0.0970354	0.0976187	0.0991852	0.101294	0.102759	0.102834	0.101179	0.0983036	0.0944448	0.0908234	0.0885244	0.0875139	0.0867408	0.0855608	0.0838722	0.0812002	0.0770702	0.0723976	0.067352	0.062849	0.0587529	0.0554366	0.0524595	0.0499909	0.0482006	0.0466815	0.0452641	0.0439146	0.0428702	0.0418936	0.0409849	0.0402796	0.0399134	0.0402931	0.0410798	0.0422056	0.0431957	0.0446266	0.045515	0.0460982	0.046105	0.0463152	0.0470002	0.0476851	0.048777	0.0494958	0.0502147	0.050764	0.0501265	0.0484718	0.0455624	0.0433313	0.0418122	0.0412425	0.0416562	0.0433584	0.0455014	0.0478478	0.0499908	0.0519304	0.0534291	0.0539785	0.0534427	0.0518897	0.0500654	0.049021	0.0491974	0.0509674	0.0541954	0.0577626	0.0604481	0.0613365	0.0608347	0.0592139	0.057966	0.0568877	0.0563859	0.0557484	0.0555518
0.0734487	0.0723818	0.0716539	0.070587	0.069181	0.0665882	0.0640292	0.0622841	0.0608442	0.0585227	0.0556586	0.0520485	0.0491844	0.0467951	0.0459994	0.0455089	0.0466121	0.0478509	0.0489541	0.0493791	0.0492955	0.0491102	0.0476363	0.0470441	0.046418	0.0470804	0.0473359	0.0475913	0.0470669	0.0462713	0.0458486	0.0453242	0.0455796	0.0457334	0.0464297	0.0462444	0.0465677	0.0468571	0.0478585	0.0491991	0.051896	0.0552371	0.0587817	0.062055	0.0655657	0.0686356	0.0714681	0.0731138	0.0756073	0.078711	0.0824591	0.0857663	0.0873103	0.0887187	0.0887368	0.0900434	0.0912145	0.0934705	0.0945737	0.0957786	0.0971531	0.0988666	0.100885	0.102972	0.106313	0.109179	0.112046	0.113827	0.11449	0.113524	0.112254	0.112306	0.114799	0.118853	0.123109	0.126315	0.128232	0.129301	0.130404	0.131304	0.131899	0.130594	0.128917	0.126833	0.125529	0.123648	0.122717	0.121989	0.121329	0.120228	0.118347	0.116229	0.113636	0.111247	0.109637	0.109011	0.109504	0.109658	0.110049	0.109287	0.108559	0.10756	0.107985	0.109088	0.110497	0.112244	0.114534	0.116824	0.119114	0.121947	0.124881	0.126628	0.127358	0.127987	0.129599	0.131753	0.13384	0.13596	0.137301	0.137658	0.136387	0.134269	0.131846	0.129389	0.127033	0.125288	0.123408	0.121459	0.119951	0.119223	0.119648	0.119361	0.11921	0.118075	0.116839	0.11567	0.115281	0.11574	0.116233	0.117608	0.119287	0.121509	0.123901	0.126869	0.13099	0.135179	0.139266	0.142777	0.145779	0.148679	0.152054	0.156481	0.161042	0.165672	0.168674	0.171303	0.171626	0.171407	0.170137	0.168697	0.166952	0.163613	0.159562	0.154426	0.149358	0.145511	0.142545	0.141546	0.139801	0.138598	0.136921	0.135379	0.134889	0.135381	0.137366	0.139012	0.14059	0.142676	0.146018	0.150851	0.157379	0.164416	0.171962	0.179033	0.184816	0.188462	0.190243	0.191041	0.191805	0.191891	0.191774	0.190809	0.190115	0.189116	0.188896	0.189254	0.190289	0.190104	0.188019	0.184681	0.181071	0.178037	0.175715	0.173699	0.17131	0.168174	0.164259	0.160344	0.157073	0.154887	0.154023	0.154177	0.154941	0.155773	0.156571	0.158454	0.160677	0.163306	0.165155	0.166529	0.166581	0.166905	0.167703	0.169857	0.173571	0.178336	0.182627	0.185019	0.185308	0.184682	0.182733	0.180819	0.178056	0.17526	0.171243	0.167463	0.163141	0.15926	0.156328	0.153939	0.151617	0.148651	0.145889	0.143974	0.141924	0.141298	0.141452	0.142996	0.144336	0.146185	0.148001	0.150189	0.152479	0.155345	0.158449	0.160773	0.162893	0.165014	0.167677	0.17112	0.174664	0.178718	0.182296	0.184688	0.185554	0.185267	0.184132	0.183234	0.183185	0.184322	0.184713	0.183375	0.181528	0.180393	0.180072	0.179175	0.177124	0.173074	0.168209	0.164022	0.16221	0.161821	0.162042	0.161518	0.161977	0.162131	0.163132	0.163591	0.164219	0.164373	0.164832	0.165868	0.167852	0.170481	0.173043	0.176045	0.177962	0.179234	0.178405	0.176287	0.17305	0.169507	0.166236	0.163576	0.160237	0.156763	0.152813	0.148932	0.144644	0.140152	0.135966	0.131881	0.127966	0.125034	0.123289	0.1229	0.123155	0.123987	0.124277	0.12304	0.120007	0.115481	0.111193	0.107244	0.104278	0.102295	0.101703	0.101518	0.101705	0.101859	0.102047	0.100946	0.0987601	0.0967098	0.0939474	0.0914224	0.0888296	0.0874575	0.086594	0.0857644	0.0843923	0.0821047	0.0790371	0.0749524	0.0708337	0.0666472	0.0636135	0.0606477	0.0578854	0.0548517	0.0513773	0.0480385	0.044971	0.0425816	0.0403957	0.0385149	0.037448	0.0366523	0.0370434	0.0381466	0.0404027	0.0428622	0.044135	0.0438818	0.0423063	0.0411376	0.0404097	0.0405974	0.041192	0.0424986	0.043907	0.0451119	0.0462829	0.0465723	0.046387	0.0455574	0.0441853	0.0419654	0.0392709	0.0374919	0.0366284	0.0367482	0.0376141	0.0398023	0.0419567	0.0438398	0.045655	0.047945	0.0506758	0.0524911	0.0535604	0.0541888	0.0551903	0.0567682	0.0588208	0.0613482	0.0640112	0.0655552	0.0652342	0.0634891	0.0608624	0.0592529	0.0582199	0.0580684	0.0571032	0.0559346	0.0549015
0.0716461	0.0707407	0.0702081	0.0696417	0.068804	0.0667796	0.064789	0.0630697	0.0621642	0.0615639	0.0617774	0.0615161	0.0611532	0.0601798	0.0591387	0.0573177	0.0567174	0.0566596	0.0572799	0.0571204	0.0563845	0.0550721	0.052539	0.0512605	0.050355	0.0513823	0.0521722	0.0529282	0.0526669	0.0516936	0.0509916	0.0501539	0.0501639	0.050886	0.0524897	0.0537205	0.0555616	0.057267	0.0591759	0.061017	0.0640109	0.0675813	0.0709483	0.0736371	0.075885	0.0775905	0.0788212	0.0801876	0.0820625	0.0844122	0.0864568	0.0881961	0.0889182	0.0897421	0.089413	0.0900334	0.0907555	0.0922236	0.0930135	0.0938034	0.0951698	0.0965022	0.0975973	0.098828	0.100906	0.10329	0.105809	0.10765	0.108949	0.108722	0.109037	0.110471	0.113974	0.117985	0.12142	0.124007	0.124797	0.124942	0.124579	0.124386	0.124226	0.123762	0.123738	0.123409	0.123215	0.122208	0.121574	0.12077	0.12	0.119196	0.117511	0.115215	0.112106	0.108725	0.106395	0.105083	0.105669	0.106459	0.107656	0.107124	0.106218	0.10494	0.105492	0.106757	0.109242	0.11288	0.117332	0.121106	0.124337	0.127976	0.131817	0.134574	0.136415	0.137815	0.139385	0.140243	0.140626	0.140127	0.139798	0.139334	0.138801	0.137489	0.136108	0.134186	0.131754	0.129119	0.126281	0.123409	0.121351	0.120581	0.120998	0.120092	0.118814	0.116552	0.114256	0.112164	0.11119	0.111777	0.111923	0.112509	0.112519	0.113546	0.115184	0.118178	0.122833	0.127455	0.13228	0.135952	0.13959	0.142076	0.144493	0.147385	0.151058	0.155408	0.15847	0.161531	0.162491	0.162467	0.160748	0.158961	0.157411	0.15464	0.151565	0.147472	0.143176	0.138744	0.134379	0.131982	0.129618	0.128509	0.127367	0.126766	0.126302	0.125328	0.125169	0.125145	0.12607	0.128047	0.132194	0.137867	0.143912	0.149009	0.154037	0.159133	0.164264	0.169122	0.173371	0.177111	0.179291	0.179878	0.179447	0.17844	0.178111	0.178154	0.179385	0.180209	0.180423	0.178941	0.176543	0.173739	0.171714	0.17125	0.171802	0.17171	0.169686	0.166034	0.161873	0.158323	0.156807	0.157156	0.159268	0.161245	0.162883	0.163808	0.163852	0.165083	0.166382	0.16907	0.170471	0.171261	0.170355	0.169551	0.170036	0.172318	0.177143	0.182985	0.188251	0.190567	0.189763	0.187399	0.18429	0.182333	0.18058	0.179234	0.177209	0.175151	0.172313	0.168661	0.165856	0.163696	0.162011	0.159478	0.156809	0.154445	0.151539	0.150057	0.149796	0.151874	0.154021	0.156608	0.158652	0.160256	0.161894	0.163667	0.166457	0.168536	0.171326	0.174252	0.177619	0.180105	0.181573	0.182566	0.18322	0.183264	0.182935	0.182301	0.181362	0.179914	0.179212	0.179323	0.179571	0.178597	0.177014	0.175362	0.173609	0.171924	0.169662	0.166586	0.1629	0.16091	0.16153	0.163642	0.165551	0.165595	0.164758	0.162665	0.161319	0.161193	0.162628	0.164638	0.166242	0.167642	0.168398	0.169086	0.168825	0.16931	0.169489	0.170076	0.170188	0.169316	0.168444	0.166556	0.165718	0.165152	0.164212	0.162255	0.157654	0.152205	0.145094	0.13839	0.1325	0.12878	0.126993	0.127037	0.127929	0.129126	0.129983	0.129925	0.128918	0.126317	0.122903	0.118572	0.114446	0.110861	0.108091	0.106168	0.105059	0.104459	0.104062	0.103597	0.10259	0.100125	0.0963032	0.0928885	0.0895416	0.087551	0.0860691	0.0862825	0.0856483	0.0849123	0.0827183	0.0798461	0.0760923	0.0718638	0.0688221	0.0663568	0.0651462	0.0635625	0.061538	0.0587676	0.0551155	0.0515312	0.0482182	0.0462277	0.0444406	0.0435011	0.0429686	0.0421649	0.0423105	0.0432361	0.0460266	0.0481728	0.0485559	0.0465992	0.0433201	0.0404479	0.0386947	0.038603	0.0395625	0.0413697	0.0430073	0.0444754	0.0443498	0.0430713	0.0404703	0.0380729	0.0360145	0.0337527	0.0319995	0.0307549	0.0306632	0.0310123	0.0328195	0.0358812	0.0394855	0.0420726	0.0440832	0.0462634	0.04902	0.050895	0.0532786	0.0559674	0.0600125	0.0639559	0.0680688	0.0718766	0.0743619	0.0746771	0.0730595	0.071069	0.0692818	0.0687832	0.0684542	0.0677182	0.0654225	0.0619739	0.0591356
0.0717091	0.0696846	0.0679313	0.0662797	0.0655098	0.0642651	0.0631561	0.0615723	0.0612093	0.0615583	0.0630941	0.0634771	0.0628428	0.0603096	0.0561827	0.0517168	0.0495566	0.0496344	0.051238	0.0524347	0.0533263	0.0530989	0.0512439	0.0498297	0.0484494	0.0484254	0.0486388	0.0490557	0.0490656	0.0484991	0.0483056	0.0482138	0.0486646	0.0501326	0.05255	0.0546962	0.0567067	0.0579713	0.0595071	0.0611447	0.0641725	0.0675732	0.0716183	0.0747139	0.0774365	0.0788028	0.0801352	0.0813997	0.0833424	0.0853191	0.0870583	0.0885942	0.0892823	0.0901738	0.0896752	0.0893799	0.0886778	0.0883487	0.0880534	0.0876904	0.0877343	0.0875408	0.0874151	0.0873911	0.0885878	0.0905645	0.0933549	0.0958402	0.0978846	0.0988101	0.0994982	0.100864	0.103655	0.106717	0.109778	0.112738	0.114952	0.116386	0.116668	0.117152	0.117806	0.118122	0.118437	0.118786	0.119508	0.119925	0.120409	0.12069	0.12087	0.12088	0.120415	0.11934	0.117417	0.114138	0.111503	0.109479	0.109387	0.110211	0.110831	0.110468	0.109121	0.107572	0.107582	0.108304	0.110484	0.113444	0.117251	0.120516	0.124053	0.128335	0.133567	0.138731	0.143013	0.146787	0.149442	0.150741	0.150886	0.149879	0.149482	0.148848	0.148552	0.147375	0.146063	0.143428	0.140081	0.136904	0.134303	0.132176	0.130287	0.129212	0.128917	0.128079	0.127581	0.126777	0.125905	0.125135	0.124738	0.125087	0.124894	0.124565	0.124202	0.124822	0.126358	0.129013	0.132413	0.135814	0.139486	0.143023	0.147508	0.150943	0.153598	0.154727	0.155957	0.157459	0.15869	0.16026	0.160541	0.159534	0.156458	0.152772	0.149255	0.145671	0.141815	0.137349	0.132884	0.128723	0.124664	0.122029	0.119835	0.119099	0.118193	0.118203	0.118145	0.117341	0.1163	0.115428	0.115913	0.117788	0.121765	0.127641	0.133619	0.138275	0.142048	0.145686	0.150037	0.154319	0.158805	0.163426	0.166759	0.168906	0.170272	0.17157	0.173377	0.175151	0.177636	0.178392	0.177825	0.175021	0.172182	0.169208	0.167693	0.167906	0.169137	0.169655	0.168478	0.16642	0.163887	0.161421	0.159871	0.160424	0.163079	0.1657	0.16788	0.169076	0.169527	0.170656	0.172056	0.174813	0.176213	0.177579	0.177691	0.178616	0.179983	0.182943	0.187768	0.192796	0.197146	0.199157	0.199167	0.197752	0.195016	0.192923	0.190628	0.188908	0.186714	0.184791	0.182292	0.178504	0.174547	0.170929	0.168904	0.166981	0.165194	0.16378	0.162298	0.162274	0.162555	0.163989	0.163898	0.163738	0.163409	0.163893	0.164141	0.164761	0.166026	0.167324	0.169233	0.171549	0.175051	0.177909	0.17992	0.180845	0.181228	0.18073	0.179655	0.178851	0.178555	0.178362	0.178338	0.178382	0.178697	0.177893	0.176411	0.174827	0.173583	0.172881	0.172009	0.171137	0.169825	0.169428	0.169607	0.170601	0.171424	0.171197	0.169715	0.167012	0.164954	0.164218	0.16494	0.166408	0.16774	0.168733	0.168675	0.168109	0.166322	0.165416	0.164918	0.165538	0.166294	0.166948	0.16784	0.16751	0.166876	0.165971	0.164556	0.162057	0.157116	0.151735	0.146048	0.141582	0.137659	0.136007	0.13561	0.136909	0.138004	0.138522	0.138125	0.136372	0.134178	0.13134	0.128976	0.126375	0.124283	0.122292	0.120505	0.118989	0.117439	0.11555	0.112678	0.109399	0.105747	0.10162	0.0966791	0.0925522	0.0882558	0.0849427	0.0817992	0.0798425	0.0772415	0.0746066	0.071124	0.0678109	0.0650065	0.0630497	0.0623476	0.0618828	0.0624014	0.0622079	0.0614719	0.0596508	0.0573549	0.0542453	0.0513392	0.0494841	0.048782	0.0490293	0.0495818	0.0492527	0.0481775	0.047272	0.0476888	0.0481057	0.0468271	0.0439548	0.0407774	0.0380408	0.0365588	0.0363992	0.0375959	0.0390978	0.0395486	0.0394229	0.0380765	0.0363232	0.0338578	0.0318672	0.0307243	0.0298187	0.0291844	0.0283466	0.0280175	0.0274171	0.0274948	0.0279795	0.0292441	0.0307799	0.0325531	0.0356826	0.0392868	0.0428571	0.0463935	0.0504386	0.054721	0.0583252	0.0610478	0.063194	0.0641873	0.0640277	0.0635968	0.0636746	0.0636845	0.0637962	0.0631619	0.0618833	0.0589094	0.0551894	0.0518763
0.0411191	0.0404937	0.0401734	0.0393445	0.039872	0.0406707	0.0426222	0.0444382	0.046695	0.0493247	0.0515476	0.0527871	0.0530772	0.0526213	0.0516906	0.0504548	0.0500328	0.0503568	0.0514946	0.0527002	0.0539397	0.0543654	0.0530618	0.0515548	0.049573	0.0488458	0.0484577	0.049053	0.0500551	0.0509217	0.0517882	0.052553	0.0527413	0.0522176	0.0518634	0.0520518	0.053766	0.056294	0.0598732	0.0638932	0.0680828	0.0719671	0.0760549	0.0795324	0.0823317	0.0833678	0.08359	0.0843887	0.0857978	0.0874442	0.0886837	0.0904997	0.0922478	0.0939281	0.0944216	0.0945761	0.0940524	0.0935286	0.092971	0.0924812	0.0923305	0.0930953	0.0940974	0.0949639	0.095627	0.0969343	0.0985808	0.100566	0.10262	0.104266	0.105641	0.107288	0.109849	0.112411	0.115109	0.117332	0.118843	0.119167	0.118779	0.118526	0.118986	0.119852	0.12116	0.122908	0.124418	0.125929	0.126253	0.126577	0.125918	0.124987	0.122972	0.120345	0.117414	0.11411	0.111925	0.110384	0.110674	0.111676	0.112407	0.112087	0.11058	0.108327	0.106887	0.106465	0.108146	0.11125	0.115643	0.120443	0.125684	0.131297	0.137793	0.144525	0.150003	0.153684	0.154517	0.154434	0.15347	0.15281	0.152727	0.153051	0.153613	0.153225	0.152226	0.149973	0.146804	0.142653	0.138568	0.134823	0.131892	0.130216	0.129658	0.128999	0.128271	0.127646	0.126953	0.126904	0.126685	0.127891	0.128825	0.129997	0.130965	0.132578	0.134427	0.136345	0.137992	0.140011	0.14281	0.146152	0.150003	0.152971	0.155296	0.156603	0.15825	0.160337	0.162526	0.163969	0.163445	0.160582	0.155921	0.150955	0.146566	0.143296	0.140365	0.137501	0.13396	0.13035	0.125927	0.122386	0.118912	0.116659	0.114372	0.113373	0.112917	0.112258	0.111667	0.111584	0.113739	0.116538	0.120761	0.125494	0.129887	0.133194	0.135621	0.138454	0.142304	0.147104	0.152548	0.158569	0.163199	0.166779	0.168934	0.170478	0.172057	0.173262	0.174299	0.174046	0.173149	0.171676	0.170067	0.168255	0.167358	0.167276	0.168244	0.168195	0.167162	0.16457	0.162216	0.160302	0.159405	0.160441	0.162494	0.164887	0.166296	0.167637	0.168334	0.169234	0.16966	0.171001	0.171698	0.17287	0.173397	0.174094	0.175164	0.177387	0.180729	0.184342	0.187209	0.188788	0.188366	0.187028	0.185453	0.184387	0.183219	0.181407	0.179018	0.176155	0.173325	0.169886	0.166717	0.164532	0.163499	0.163077	0.162418	0.1622	0.161608	0.162034	0.162324	0.16336	0.163006	0.162753	0.163009	0.163808	0.165319	0.166897	0.169561	0.172327	0.175499	0.178264	0.180962	0.182506	0.183475	0.183968	0.184462	0.184854	0.185008	0.185298	0.185826	0.18598	0.185999	0.185679	0.185358	0.184631	0.183361	0.182024	0.180551	0.179824	0.179164	0.179013	0.178591	0.178441	0.178154	0.178444	0.179379	0.179906	0.17962	0.17757	0.175758	0.173776	0.173083	0.17317	0.173527	0.173614	0.172175	0.170668	0.168347	0.167179	0.166452	0.166776	0.167744	0.168814	0.169409	0.168513	0.166599	0.164685	0.162465	0.16106	0.158298	0.155232	0.151181	0.147742	0.144743	0.143202	0.143492	0.144392	0.144648	0.143379	0.141668	0.138567	0.135195	0.131959	0.129333	0.12708	0.124793	0.122743	0.120728	0.119153	0.117307	0.115562	0.113207	0.110751	0.107243	0.103396	0.0987359	0.0940415	0.0884654	0.0836014	0.0788731	0.0749924	0.0708066	0.0675702	0.0642321	0.061267	0.0592174	0.0578121	0.05817	0.0583922	0.0592248	0.0591758	0.0585843	0.0575519	0.0555702	0.0536223	0.0517422	0.0509812	0.0505931	0.0508492	0.0510376	0.0507851	0.0498884	0.0490934	0.0490444	0.0488937	0.0478275	0.0456083	0.0429484	0.0402884	0.0382049	0.0367996	0.036208	0.0352435	0.0340416	0.0323311	0.0305189	0.0286049	0.0269622	0.0256925	0.0252366	0.0245094	0.0240874	0.0232246	0.0224296	0.021499	0.0210092	0.0218757	0.0234882	0.0263214	0.029392	0.0339206	0.0385171	0.0427405	0.0470318	0.0513908	0.0552074	0.0574642	0.0586698	0.0597397	0.0604706	0.0607607	0.0616272	0.0626633	0.0633264	0.0626331	0.0612278	0.0582287	0.054755	0.0504335	0.0473667
0.0324072	0.0336392	0.0353797	0.0360013	0.0376062	0.0390755	0.0413925	0.0438112	0.0466369	0.0496998	0.0512708	0.051689	0.0505134	0.0486936	0.0474163	0.0475971	0.0491342	0.0510443	0.0525814	0.0532708	0.0527734	0.0511909	0.0487268	0.0468731	0.045901	0.0465565	0.0480258	0.0498681	0.051473	0.0520946	0.0528857	0.0538802	0.0549765	0.054886	0.0546599	0.0541625	0.0543772	0.0557787	0.0592486	0.0646512	0.0706642	0.076372	0.0808253	0.083617	0.0849506	0.0854027	0.0860242	0.0875953	0.0899801	0.0919241	0.0932238	0.0941506	0.0946026	0.0948512	0.0938791	0.092907	0.0916975	0.0918105	0.0922625	0.0931214	0.0944551	0.0967721	0.0991569	0.100287	0.100773	0.101462	0.102457	0.103858	0.104989	0.106526	0.107724	0.10977	0.112188	0.11498	0.117568	0.119512	0.120778	0.120993	0.121106	0.121965	0.124451	0.127277	0.130543	0.133504	0.135516	0.135358	0.133267	0.130837	0.128	0.125264	0.122563	0.120506	0.118211	0.115679	0.113385	0.11204	0.111678	0.111825	0.110717	0.108795	0.105619	0.102409	0.100691	0.101414	0.104613	0.108524	0.112367	0.116074	0.119747	0.123014	0.127263	0.132395	0.137187	0.140996	0.143177	0.145562	0.147303	0.149247	0.150852	0.152321	0.152705	0.152106	0.149812	0.146601	0.142578	0.138927	0.135852	0.133965	0.132077	0.130596	0.128675	0.126787	0.124526	0.123114	0.121667	0.121169	0.120841	0.122141	0.123611	0.124503	0.125362	0.126425	0.128131	0.129804	0.131782	0.13454	0.137908	0.141581	0.145492	0.149165	0.1525	0.154613	0.156794	0.158467	0.159631	0.159473	0.157687	0.154511	0.150284	0.146667	0.144542	0.143264	0.141309	0.138234	0.134075	0.129983	0.125688	0.122648	0.120455	0.119144	0.117832	0.117505	0.118296	0.119731	0.122252	0.125755	0.130751	0.134865	0.138369	0.141432	0.143546	0.145184	0.146993	0.149852	0.153322	0.156724	0.160567	0.164647	0.167948	0.1704	0.172955	0.17517	0.177962	0.179397	0.180154	0.17908	0.177667	0.175678	0.17335	0.170614	0.168896	0.167755	0.167664	0.166556	0.164872	0.162306	0.160249	0.15887	0.157932	0.158587	0.159311	0.160712	0.160757	0.161447	0.161865	0.163504	0.166024	0.169528	0.172489	0.174772	0.175428	0.175032	0.174467	0.175258	0.177405	0.179722	0.181836	0.182864	0.18257	0.181632	0.180796	0.18057	0.180106	0.179439	0.178433	0.176444	0.173607	0.170024	0.167017	0.16574	0.165412	0.166101	0.165875	0.165547	0.163728	0.162891	0.162563	0.163287	0.162755	0.162054	0.162066	0.162585	0.163682	0.165117	0.167875	0.17104	0.174679	0.17764	0.18033	0.182105	0.183099	0.183789	0.18363	0.183608	0.183314	0.183698	0.184286	0.185009	0.185597	0.186049	0.185687	0.184918	0.184014	0.183517	0.182918	0.182759	0.182737	0.183189	0.18303	0.182194	0.18112	0.180758	0.181515	0.181594	0.180588	0.177378	0.17427	0.170992	0.170156	0.170879	0.171907	0.172156	0.170574	0.169059	0.167002	0.166165	0.165397	0.165103	0.164504	0.164379	0.163204	0.161418	0.158987	0.15771	0.157077	0.157461	0.156828	0.154636	0.151425	0.14869	0.147311	0.147119	0.148215	0.14826	0.146915	0.143807	0.140699	0.137387	0.13499	0.134154	0.133589	0.133329	0.132085	0.130435	0.128141	0.126287	0.123823	0.120952	0.117064	0.112768	0.10732	0.101567	0.0961192	0.0910103	0.0858674	0.0810298	0.0762938	0.0711171	0.0655335	0.0599837	0.0546035	0.0501389	0.0472001	0.0454141	0.045561	0.046386	0.0486352	0.0504775	0.052252	0.05345	0.0535968	0.0537098	0.0538567	0.0546139	0.0555067	0.0563657	0.0564108	0.0557778	0.0546361	0.0535962	0.0529292	0.0523301	0.0517988	0.0504198	0.0482948	0.0454916	0.0434345	0.0426319	0.043423	0.0439429	0.0439202	0.0421682	0.0396702	0.036494	0.0345725	0.0328544	0.031984	0.0310119	0.0307858	0.0297119	0.0275869	0.0247838	0.0219467	0.0211441	0.0214266	0.0245235	0.0275526	0.0319719	0.035747	0.0396916	0.0435683	0.0484963	0.0534242	0.0568602	0.0580582	0.0572217	0.0558427	0.0538873	0.0538646	0.054927	0.0566336	0.0570517	0.0559101	0.0531069	0.0501681	0.0471615	0.0453756
0.0253961	0.028687	0.0333003	0.0376423	0.0422217	0.045343	0.0481253	0.0502633	0.0524352	0.0544375	0.0555582	0.056306	0.0554261	0.0542072	0.053463	0.0544142	0.0560435	0.0571982	0.057166	0.0554045	0.0519816	0.0474057	0.0430672	0.0404241	0.0398833	0.0414449	0.0441254	0.0470433	0.0487404	0.0485727	0.0480997	0.0480336	0.0492222	0.0499021	0.0511924	0.0521097	0.0535695	0.0560466	0.0603208	0.0660531	0.0715141	0.0765003	0.0790791	0.0806407	0.0807103	0.0815936	0.0828161	0.0857679	0.0895335	0.0930278	0.095098	0.0955405	0.0951354	0.0942216	0.0926297	0.091309	0.0902596	0.0914821	0.093281	0.095792	0.0980317	0.100271	0.101087	0.100614	0.0993272	0.0986169	0.0983813	0.09879	0.0995377	0.100862	0.102627	0.105613	0.108293	0.111279	0.113349	0.114707	0.115014	0.114677	0.115085	0.11641	0.119734	0.123975	0.128791	0.132387	0.134051	0.132594	0.129137	0.125884	0.123139	0.12114	0.119243	0.117753	0.115381	0.112501	0.109824	0.108435	0.107962	0.107625	0.106983	0.106408	0.106138	0.10631	0.107295	0.110179	0.114928	0.120626	0.12568	0.129751	0.131855	0.13223	0.132977	0.135149	0.139186	0.143833	0.148074	0.151738	0.153943	0.155437	0.155676	0.155576	0.154866	0.154563	0.152937	0.150531	0.146735	0.143109	0.139686	0.137009	0.135145	0.133723	0.131792	0.128539	0.123725	0.119455	0.115659	0.114236	0.11434	0.116715	0.118717	0.119635	0.119636	0.119774	0.121403	0.123779	0.128053	0.132632	0.13772	0.142062	0.145251	0.147559	0.149358	0.151157	0.152956	0.154076	0.154112	0.152384	0.149301	0.145335	0.142149	0.140252	0.139983	0.139781	0.138732	0.136868	0.133513	0.130192	0.126803	0.125008	0.12406	0.123553	0.123284	0.123285	0.124033	0.125222	0.127733	0.131261	0.136044	0.139843	0.14327	0.145984	0.147851	0.149345	0.150804	0.153621	0.156844	0.160609	0.164443	0.168106	0.171194	0.173705	0.176385	0.178557	0.18117	0.182867	0.183377	0.182226	0.180295	0.178025	0.174975	0.172095	0.170367	0.169623	0.170133	0.169525	0.168306	0.165188	0.163121	0.161902	0.162209	0.163669	0.164722	0.165233	0.163776	0.162998	0.162288	0.163476	0.165716	0.168905	0.17162	0.172842	0.172573	0.170675	0.169389	0.169357	0.171054	0.172514	0.17316	0.172348	0.170315	0.168248	0.167029	0.16754	0.169169	0.170697	0.171987	0.17148	0.170702	0.169279	0.169281	0.1703	0.171082	0.171762	0.171153	0.170612	0.168614	0.167259	0.16665	0.167398	0.168316	0.169504	0.17093	0.171746	0.172425	0.173207	0.175243	0.177653	0.180333	0.182505	0.184236	0.185086	0.184341	0.182851	0.180581	0.179125	0.178584	0.179094	0.179842	0.179844	0.178794	0.177372	0.175645	0.175002	0.175241	0.176023	0.176499	0.176806	0.177283	0.178166	0.179016	0.179831	0.181291	0.183225	0.18499	0.184958	0.183705	0.180757	0.177911	0.175674	0.176117	0.178221	0.179477	0.179276	0.176531	0.173752	0.170804	0.169789	0.169044	0.168571	0.167183	0.165659	0.163185	0.160915	0.159221	0.159223	0.160039	0.161159	0.16072	0.15784	0.154214	0.150791	0.149639	0.149472	0.150898	0.151137	0.150053	0.14758	0.144225	0.14053	0.136904	0.134803	0.132974	0.132264	0.131011	0.129962	0.127963	0.1261	0.123829	0.121017	0.117899	0.113696	0.108306	0.101662	0.0951197	0.0881024	0.0814242	0.075119	0.070238	0.0656621	0.0611202	0.056273	0.0511546	0.0463753	0.0428845	0.0408857	0.0413283	0.0431611	0.0456721	0.0479118	0.0493716	0.050967	0.0516131	0.053412	0.0558212	0.0591121	0.0620978	0.0639645	0.0646444	0.0635611	0.0624778	0.0608181	0.0597348	0.0581767	0.0569917	0.0548233	0.051536	0.0474348	0.0447578	0.0438441	0.0448292	0.0449327	0.044358	0.0419183	0.0386988	0.0346655	0.0318189	0.0290741	0.0268718	0.0245339	0.0232811	0.0220621	0.0203007	0.0185392	0.0172863	0.0177967	0.0194261	0.0223101	0.0250584	0.0282814	0.0319114	0.0357448	0.0404937	0.0458191	0.0518226	0.0563681	0.0593199	0.0596268	0.0584418	0.0559343	0.0541051	0.0533269	0.0533626	0.0540086	0.0537052	0.0522489	0.049911	0.0473357	0.0456081
0.0224346	0.0268484	0.0326864	0.0385922	0.0443284	0.0485049	0.0518336	0.0531618	0.0541847	0.0546313	0.0554508	0.0563721	0.0562083	0.0561462	0.0558128	0.0573105	0.0587404	0.0599329	0.0593961	0.0569604	0.052965	0.0475114	0.04277	0.038978	0.0376613	0.0380061	0.0404872	0.0439176	0.0466021	0.0479303	0.0485802	0.0497389	0.0521182	0.0554469	0.0598268	0.0635964	0.0665182	0.0688975	0.0724975	0.0767079	0.081393	0.0859085	0.0887625	0.0905315	0.0909441	0.0922384	0.09377	0.0961154	0.0989355	0.102061	0.103728	0.103429	0.101705	0.0995406	0.0969693	0.0946692	0.0934882	0.0944772	0.0957715	0.0974387	0.0988008	0.100197	0.0994565	0.0977668	0.0959076	0.0951334	0.0949018	0.0950431	0.0961678	0.0973943	0.0991293	0.101576	0.103922	0.10586	0.106544	0.107228	0.107776	0.109138	0.111687	0.116067	0.121193	0.126319	0.130868	0.134129	0.135118	0.132513	0.12845	0.124353	0.120764	0.117616	0.116028	0.115933	0.115328	0.11357	0.111169	0.10914	0.10684	0.104913	0.10363	0.103331	0.103777	0.105682	0.108637	0.112848	0.117601	0.12293	0.127378	0.130706	0.131729	0.131837	0.131097	0.131611	0.134058	0.138608	0.144242	0.148656	0.15151	0.152296	0.151725	0.150679	0.150278	0.151166	0.151409	0.151075	0.149521	0.148035	0.145701	0.143028	0.140219	0.137038	0.133076	0.127894	0.122271	0.117224	0.113398	0.112014	0.11341	0.116874	0.119321	0.119971	0.118688	0.117202	0.117242	0.11935	0.124747	0.130755	0.137271	0.141956	0.145318	0.147257	0.148619	0.14971	0.150088	0.14962	0.147896	0.145325	0.14238	0.139402	0.137509	0.136294	0.136401	0.135729	0.134684	0.132248	0.129338	0.126631	0.125212	0.125794	0.12719	0.128925	0.129813	0.130463	0.130604	0.130949	0.131701	0.133266	0.135645	0.138025	0.140777	0.143428	0.145332	0.146355	0.147039	0.148672	0.150713	0.152956	0.155369	0.158122	0.161078	0.163999	0.167294	0.170352	0.173714	0.176365	0.178202	0.177936	0.175975	0.172488	0.167849	0.163718	0.161485	0.161525	0.162921	0.163605	0.163475	0.162192	0.161181	0.160203	0.160683	0.162486	0.165578	0.167787	0.168437	0.168545	0.168652	0.170387	0.173581	0.177927	0.181798	0.183974	0.183505	0.181578	0.179752	0.179724	0.180984	0.181702	0.181335	0.179645	0.176904	0.17413	0.17166	0.171022	0.171638	0.173712	0.176328	0.17803	0.17868	0.178177	0.178454	0.178697	0.179042	0.179013	0.17807	0.176414	0.173368	0.17117	0.169616	0.169113	0.167999	0.167361	0.166858	0.166728	0.166429	0.166638	0.167491	0.168548	0.170114	0.172086	0.174092	0.175454	0.175121	0.173465	0.169945	0.166865	0.165243	0.165689	0.166577	0.166921	0.166249	0.165237	0.163921	0.163045	0.163085	0.163497	0.164012	0.16456	0.165854	0.167759	0.16946	0.171805	0.174897	0.1787	0.181486	0.182374	0.180786	0.177502	0.173439	0.170461	0.169449	0.170438	0.17102	0.169907	0.166217	0.161848	0.157412	0.155383	0.154508	0.15509	0.155231	0.155237	0.154327	0.153587	0.153118	0.153666	0.154655	0.155068	0.15409	0.151214	0.148744	0.147122	0.147772	0.150253	0.153819	0.156606	0.157222	0.156515	0.154046	0.151169	0.148225	0.146908	0.146575	0.147428	0.147807	0.147813	0.145716	0.142568	0.138166	0.133526	0.128446	0.122416	0.115742	0.108186	0.100596	0.0926672	0.0858574	0.0793188	0.0737636	0.0677675	0.0619749	0.0554024	0.0485926	0.0427322	0.0385672	0.0369453	0.0374936	0.0404832	0.043812	0.046293	0.0472821	0.0477964	0.0486499	0.0501815	0.0534085	0.0576867	0.0625074	0.0662769	0.0685545	0.0684924	0.0671757	0.0647401	0.0627113	0.0605469	0.0588911	0.0568962	0.0541893	0.0506347	0.0485381	0.0477978	0.0492616	0.0495386	0.0487305	0.045481	0.0409431	0.0353539	0.0309855	0.0279733	0.0268601	0.0268658	0.0279227	0.0285727	0.0279003	0.0257698	0.0236732	0.0224243	0.0227013	0.024572	0.0269174	0.0301444	0.0334392	0.037141	0.0410122	0.0457651	0.0511623	0.0560847	0.0599899	0.0612163	0.0607474	0.058549	0.0575036	0.0574415	0.0579898	0.0591823	0.059934	0.059838	0.0579449	0.0550006	0.0523615
0.0199903	0.0249077	0.0316223	0.0388116	0.0452888	0.049901	0.0529535	0.0538019	0.0541417	0.0541763	0.054957	0.0559071	0.0562808	0.0569258	0.0569265	0.0568255	0.0563176	0.0551315	0.0532672	0.0500128	0.0466226	0.0419101	0.0372993	0.0332649	0.030892	0.0301129	0.0306561	0.0323522	0.033811	0.0346933	0.0359487	0.0380517	0.0414093	0.0455469	0.0505321	0.0556869	0.0601635	0.0637585	0.0673874	0.0708129	0.0738314	0.0764431	0.0781731	0.0801744	0.0819723	0.0842787	0.0865852	0.0886544	0.0917746	0.0956748	0.0993037	0.101407	0.102628	0.103307	0.10385	0.104427	0.10514	0.106396	0.106532	0.1066	0.10572	0.105246	0.102839	0.100941	0.0990085	0.098738	0.0987387	0.0993498	0.101148	0.102979	0.105218	0.107864	0.110102	0.111391	0.11163	0.112614	0.113937	0.116447	0.120211	0.125366	0.1293	0.132013	0.133201	0.13371	0.132592	0.130117	0.126897	0.123744	0.120218	0.116727	0.114421	0.113608	0.112592	0.110626	0.108016	0.105914	0.103914	0.102287	0.101915	0.103272	0.10646	0.111208	0.115956	0.120026	0.12301	0.125995	0.128946	0.131761	0.133287	0.134509	0.133899	0.1339	0.134918	0.138275	0.142074	0.144652	0.145398	0.14489	0.143365	0.142383	0.142146	0.143774	0.144894	0.145437	0.144183	0.142116	0.138997	0.134996	0.13086	0.126419	0.12252	0.118994	0.116757	0.114995	0.114385	0.114996	0.117269	0.120423	0.12239	0.123442	0.123036	0.122562	0.123648	0.127311	0.133991	0.141045	0.147759	0.152541	0.155322	0.15651	0.156816	0.157393	0.157156	0.156445	0.154716	0.152547	0.150547	0.148208	0.146276	0.143191	0.140344	0.13753	0.136412	0.135599	0.135057	0.135261	0.136482	0.139162	0.14157	0.143843	0.144216	0.143267	0.141166	0.139878	0.138963	0.138761	0.138863	0.139678	0.141543	0.14385	0.146156	0.147818	0.147955	0.147989	0.148261	0.15033	0.153044	0.156673	0.160641	0.16471	0.168441	0.171392	0.174207	0.175903	0.176785	0.17621	0.174752	0.172413	0.169125	0.166142	0.163498	0.162244	0.161227	0.160584	0.159567	0.158415	0.158043	0.158247	0.160621	0.164148	0.169032	0.172661	0.174153	0.173781	0.172459	0.171816	0.171511	0.171987	0.172666	0.173277	0.173108	0.172668	0.172838	0.173551	0.174298	0.173722	0.171688	0.168739	0.165654	0.163552	0.162095	0.161926	0.162978	0.165318	0.16776	0.16949	0.170712	0.171255	0.172036	0.171935	0.172444	0.172953	0.1737	0.174108	0.174278	0.174719	0.174585	0.173907	0.172246	0.171026	0.170213	0.170417	0.171096	0.171877	0.17259	0.173201	0.173981	0.175338	0.176662	0.177679	0.177307	0.175477	0.172087	0.169341	0.168121	0.168732	0.169648	0.170124	0.169277	0.167209	0.165548	0.165379	0.166838	0.168568	0.17118	0.174334	0.177726	0.180812	0.182949	0.185323	0.187731	0.19014	0.191734	0.192006	0.190854	0.189057	0.186922	0.186109	0.185736	0.185737	0.184314	0.180686	0.174346	0.167057	0.160343	0.156445	0.154784	0.15509	0.156006	0.156041	0.155329	0.154414	0.153737	0.153399	0.153026	0.151908	0.149908	0.147027	0.145603	0.145197	0.146622	0.149268	0.152591	0.155813	0.156899	0.15673	0.153917	0.151069	0.148052	0.14612	0.145002	0.144731	0.144766	0.143681	0.140935	0.136223	0.131069	0.125814	0.121237	0.116559	0.111745	0.105845	0.0989965	0.0915713	0.0847903	0.0779076	0.0716014	0.0651934	0.0597688	0.0544798	0.0499707	0.046072	0.0439026	0.043632	0.0447517	0.0472955	0.0490256	0.0499079	0.0486879	0.0474679	0.0474008	0.0489274	0.0526581	0.0572025	0.0623234	0.0658844	0.0682248	0.0679882	0.0665648	0.0644292	0.0623955	0.0604295	0.0578871	0.0554803	0.0523954	0.0495817	0.0477174	0.0463957	0.0449384	0.0413448	0.036734	0.0305634	0.0247319	0.0189682	0.0150694	0.0130017	0.0129007	0.0144612	0.0165642	0.0184977	0.0195835	0.0198894	0.0204666	0.0206707	0.0216887	0.0229101	0.0252505	0.0283369	0.0324744	0.0370188	0.0418345	0.0461416	0.0499061	0.0533316	0.0566553	0.059267	0.0608275	0.0616081	0.0618801	0.0614739	0.0607964	0.0607632	0.0610013	0.060256	0.0577475	0.0542557	0.0511368
0.026827	0.0311616	0.0363439	0.0410515	0.0447757	0.0477879	0.0503253	0.0522863	0.053637	0.055225	0.0563383	0.0573499	0.0578528	0.0585253	0.0587231	0.0582766	0.0575589	0.056129	0.0543601	0.0518113	0.049805	0.0467476	0.0434189	0.039819	0.0366598	0.0343484	0.033122	0.0332519	0.0346026	0.0361906	0.0394062	0.0438765	0.049703	0.0559704	0.0615596	0.0667419	0.0705678	0.0733766	0.0758123	0.0785193	0.0812602	0.084035	0.0866741	0.0892455	0.0919864	0.0938796	0.095705	0.0956993	0.0962022	0.096773	0.0979541	0.0986605	0.0997399	0.101294	0.103594	0.10586	0.107787	0.108663	0.107946	0.105973	0.103492	0.101791	0.0998188	0.0987958	0.0978068	0.0982419	0.0985075	0.0995191	0.101005	0.102492	0.103402	0.104244	0.104882	0.105114	0.105549	0.107103	0.109844	0.113534	0.117937	0.12217	0.124232	0.124261	0.123475	0.123198	0.12265	0.121864	0.120197	0.118293	0.115099	0.111296	0.108035	0.106266	0.10504	0.103881	0.102689	0.102208	0.101965	0.102604	0.104226	0.107306	0.110793	0.115127	0.118716	0.121593	0.122977	0.124497	0.125814	0.127741	0.12977	0.132477	0.133794	0.134737	0.135139	0.136015	0.13645	0.136749	0.137015	0.137586	0.137885	0.139236	0.140688	0.143124	0.144475	0.144944	0.144226	0.142355	0.139772	0.136003	0.131555	0.126633	0.121778	0.118687	0.117901	0.118676	0.120094	0.121886	0.123677	0.125435	0.126548	0.127831	0.128876	0.130159	0.132764	0.137031	0.142281	0.147091	0.151493	0.154573	0.156568	0.157749	0.158354	0.159026	0.158376	0.15715	0.155449	0.153815	0.152962	0.1516	0.149933	0.146909	0.143479	0.140659	0.139941	0.140614	0.142235	0.144705	0.147446	0.150594	0.152792	0.154278	0.154035	0.152741	0.150972	0.150051	0.149062	0.14848	0.147762	0.14779	0.148327	0.149237	0.149503	0.14926	0.147626	0.145891	0.14514	0.146185	0.148418	0.151226	0.154713	0.158268	0.161314	0.163173	0.164592	0.164518	0.163868	0.162404	0.160975	0.159443	0.157776	0.156109	0.154442	0.152978	0.15148	0.150118	0.149231	0.149157	0.150237	0.152028	0.15582	0.160392	0.165744	0.170723	0.174244	0.176442	0.177081	0.176973	0.176391	0.176046	0.176956	0.177866	0.178301	0.177889	0.177239	0.175809	0.173091	0.169592	0.165857	0.162901	0.160996	0.160245	0.160544	0.161115	0.162059	0.163036	0.164353	0.165026	0.164952	0.163997	0.163415	0.16307	0.163946	0.165568	0.167766	0.169626	0.171315	0.172734	0.17266	0.170722	0.167766	0.164878	0.163177	0.1629	0.164319	0.165771	0.166172	0.165828	0.165619	0.165986	0.165709	0.165229	0.16424	0.163183	0.161583	0.161035	0.162182	0.164177	0.166037	0.167048	0.167348	0.166562	0.165844	0.165974	0.167257	0.16915	0.172366	0.17748	0.183002	0.187947	0.190721	0.192445	0.193321	0.193688	0.194225	0.193982	0.193061	0.191936	0.191083	0.190636	0.189037	0.186353	0.182007	0.175796	0.167856	0.159712	0.152992	0.148986	0.14742	0.147787	0.149409	0.150353	0.149669	0.147765	0.144979	0.142396	0.139644	0.137536	0.135936	0.135015	0.135654	0.137411	0.14022	0.143368	0.146109	0.147866	0.147623	0.146024	0.143509	0.142215	0.142005	0.142848	0.14413	0.145176	0.145475	0.143571	0.140547	0.135693	0.129957	0.123712	0.118043	0.112985	0.108131	0.103107	0.0973027	0.0915326	0.0850843	0.0781952	0.0705602	0.062959	0.056782	0.051724	0.0490057	0.0473046	0.0474006	0.0479036	0.0491864	0.0506049	0.0520573	0.0528654	0.0525545	0.0519724	0.0522719	0.0539278	0.0568721	0.0607998	0.0655413	0.0697741	0.0724811	0.0731875	0.0719951	0.0704296	0.0686607	0.0677056	0.0667844	0.0666431	0.0651793	0.0631053	0.0599122	0.0561088	0.0509829	0.0443991	0.03751	0.0300106	0.0233928	0.01786	0.0145992	0.0132032	0.0138757	0.0162097	0.0195949	0.0219289	0.0233813	0.0230704	0.0235394	0.0238389	0.0256643	0.0281679	0.0321634	0.0370066	0.0422567	0.0474729	0.0514006	0.0540737	0.0552548	0.0567072	0.0584647	0.0611378	0.0640822	0.0670943	0.0693605	0.0698974	0.0698239	0.0691061	0.0685918	0.0672298	0.0657322	0.0638276	0.0622621
0.0428548	0.0462228	0.04993	0.053298	0.0555131	0.0579657	0.0594687	0.061277	0.0623053	0.0639101	0.064023	0.0632881	0.061536	0.059716	0.057557	0.0546859	0.0523912	0.0491472	0.0463439	0.0430998	0.0409068	0.0379679	0.0342152	0.0309033	0.0273201	0.0247542	0.0225952	0.0219959	0.0231599	0.024663	0.0285736	0.0333997	0.0391413	0.044103	0.0478101	0.051246	0.0536985	0.0560154	0.0585357	0.0619376	0.0648988	0.0680972	0.0713636	0.0749689	0.0786761	0.0813998	0.0845983	0.0859319	0.0883166	0.0907012	0.0945779	0.0978781	0.101687	0.105326	0.108762	0.111215	0.112819	0.113712	0.113825	0.112988	0.111677	0.110061	0.108614	0.107574	0.106466	0.106172	0.10564	0.105753	0.105561	0.106386	0.107211	0.109222	0.111607	0.114941	0.118648	0.122254	0.125452	0.127226	0.128933	0.129622	0.129532	0.12761	0.125553	0.1238	0.122354	0.121313	0.119799	0.118216	0.115311	0.111965	0.108721	0.10646	0.104844	0.103973	0.104493	0.106674	0.109602	0.112766	0.115456	0.119265	0.122769	0.126306	0.128386	0.130194	0.131765	0.134082	0.136602	0.139529	0.142694	0.144977	0.145768	0.14483	0.143552	0.142546	0.141642	0.14172	0.142613	0.144896	0.146942	0.149767	0.151033	0.152434	0.152106	0.151066	0.148704	0.145528	0.142589	0.139446	0.136067	0.132822	0.129917	0.128606	0.128549	0.129103	0.129996	0.130719	0.131103	0.13125	0.13238	0.134086	0.136234	0.137974	0.140868	0.143964	0.146959	0.149344	0.151627	0.153333	0.154599	0.155899	0.157063	0.158057	0.157797	0.156825	0.154937	0.152575	0.150721	0.149003	0.147657	0.145837	0.143611	0.142062	0.14187	0.143508	0.146063	0.149261	0.151714	0.153318	0.153499	0.152866	0.151554	0.150481	0.15039	0.151825	0.153701	0.155509	0.1563	0.156312	0.15595	0.155893	0.155836	0.155508	0.154197	0.152411	0.151642	0.152806	0.15492	0.157372	0.158807	0.1597	0.15944	0.158366	0.157021	0.15476	0.153144	0.151527	0.151063	0.150634	0.150679	0.149673	0.147853	0.145151	0.14245	0.139782	0.138098	0.137566	0.139103	0.141623	0.146144	0.150903	0.15522	0.158181	0.159277	0.159356	0.158248	0.156666	0.155219	0.154416	0.155038	0.155422	0.156077	0.155919	0.155862	0.154076	0.15151	0.148334	0.145632	0.14388	0.144332	0.146378	0.149644	0.152368	0.154786	0.155781	0.155961	0.155362	0.155102	0.155283	0.15665	0.159204	0.16264	0.166178	0.169512	0.172134	0.174112	0.174496	0.173083	0.17028	0.167917	0.166436	0.166786	0.168256	0.171251	0.173059	0.173104	0.170843	0.167396	0.163745	0.160636	0.158545	0.157234	0.156567	0.156408	0.157436	0.159143	0.161053	0.161912	0.161923	0.161493	0.16086	0.160736	0.162205	0.165234	0.169958	0.176107	0.183849	0.190302	0.194722	0.195953	0.195524	0.194145	0.192799	0.19237	0.192177	0.192595	0.193624	0.195262	0.196562	0.196573	0.19455	0.189983	0.183925	0.176917	0.170655	0.165308	0.16159	0.15882	0.15656	0.154638	0.152343	0.149031	0.145414	0.141662	0.138723	0.135919	0.133896	0.132313	0.131239	0.131657	0.13255	0.134087	0.135048	0.135432	0.135239	0.134437	0.133871	0.133747	0.13464	0.135939	0.137001	0.136673	0.134752	0.131135	0.126229	0.121629	0.116994	0.11236	0.107081	0.101905	0.0974737	0.0936193	0.09007	0.0862834	0.0819203	0.0767095	0.0703798	0.0637788	0.0572456	0.0528147	0.049774	0.0491409	0.0493893	0.0509263	0.0524633	0.0535256	0.0545539	0.055684	0.0573227	0.058758	0.0612105	0.0645107	0.0690316	0.0734169	0.0777344	0.0817128	0.0847756	0.0864143	0.0870019	0.085894	0.0846505	0.0824576	0.0807733	0.0785464	0.0766587	0.0741267	0.0712556	0.0674011	0.0625294	0.0559623	0.048378	0.0405901	0.0332431	0.0271847	0.023025	0.020866	0.0199277	0.0194302	0.0193396	0.0199271	0.0207181	0.0221534	0.0235547	0.0269228	0.0303247	0.0346422	0.0378068	0.0415478	0.0449158	0.0488603	0.0526691	0.0560372	0.0577098	0.0581956	0.0589188	0.0605575	0.0639255	0.0679378	0.0721536	0.0745722	0.0745833	0.0733398	0.0713842	0.0689539	0.0664219	0.064568	0.0637993	0.0632339
0.0348005	0.0374427	0.0406613	0.0440156	0.0470308	0.0504868	0.0524509	0.0550592	0.0566163	0.0586482	0.0589168	0.0581004	0.0566058	0.0540261	0.0514804	0.0485955	0.0466601	0.0444873	0.0428571	0.0412608	0.0398001	0.0375256	0.034166	0.0308403	0.0274808	0.0252402	0.024695	0.0257096	0.0280806	0.0298073	0.0328564	0.0362785	0.0402431	0.0441739	0.0475281	0.0506451	0.0527448	0.0547427	0.057724	0.0615869	0.0661958	0.0708386	0.0757866	0.0794121	0.0823256	0.0835776	0.0856434	0.0872005	0.0895376	0.0921798	0.0956697	0.0988883	0.102005	0.104715	0.107018	0.10827	0.109828	0.111046	0.112772	0.112837	0.113208	0.112934	0.113236	0.113607	0.113909	0.114449	0.114074	0.113935	0.113255	0.114134	0.115352	0.118129	0.121552	0.125686	0.129752	0.132496	0.134596	0.135203	0.135336	0.134452	0.133602	0.13187	0.130375	0.129355	0.12881	0.128197	0.126838	0.125276	0.12273	0.120015	0.117842	0.11628	0.115395	0.114884	0.116339	0.118439	0.120674	0.122978	0.124976	0.127957	0.129684	0.131275	0.131577	0.132456	0.133708	0.136181	0.138823	0.141533	0.143192	0.143494	0.142508	0.140776	0.138977	0.137821	0.137344	0.137918	0.139407	0.141405	0.143471	0.145469	0.147094	0.148142	0.1478	0.146306	0.144303	0.141892	0.139957	0.138055	0.136052	0.134524	0.132554	0.130992	0.129497	0.128986	0.12895	0.129184	0.129351	0.129586	0.130736	0.132158	0.134088	0.135679	0.137439	0.138793	0.139367	0.139297	0.140074	0.141021	0.142883	0.144508	0.146133	0.146741	0.145992	0.144294	0.14246	0.140118	0.138115	0.135738	0.134413	0.133597	0.132747	0.13254	0.132979	0.135519	0.138772	0.142533	0.145073	0.146156	0.146051	0.14571	0.145944	0.147332	0.149703	0.152549	0.154818	0.156375	0.157729	0.158811	0.159758	0.160569	0.160872	0.160394	0.158934	0.157066	0.156453	0.157027	0.158347	0.159565	0.159562	0.158779	0.156742	0.15457	0.15277	0.151614	0.151035	0.150388	0.150047	0.149705	0.149702	0.149225	0.148781	0.147897	0.147047	0.145654	0.145516	0.14592	0.147986	0.14995	0.153067	0.155709	0.158182	0.159603	0.160584	0.161191	0.161494	0.161254	0.161319	0.161791	0.162636	0.162159	0.160664	0.158153	0.155742	0.152247	0.148786	0.145562	0.143932	0.143827	0.145045	0.146806	0.148736	0.149785	0.149782	0.14822	0.146725	0.1454	0.14516	0.146039	0.148851	0.153426	0.158713	0.163695	0.167863	0.170878	0.172774	0.173145	0.171345	0.168663	0.166931	0.166861	0.168282	0.169806	0.171838	0.172717	0.171493	0.168066	0.163825	0.159583	0.155953	0.153271	0.151811	0.151774	0.152585	0.154549	0.157056	0.159257	0.160238	0.159625	0.158876	0.158365	0.1586	0.15992	0.162223	0.165984	0.170321	0.175846	0.180116	0.18286	0.18384	0.184821	0.185598	0.187088	0.188984	0.191185	0.192878	0.1943	0.195585	0.195413	0.193715	0.190729	0.186691	0.182416	0.177937	0.174781	0.172168	0.169859	0.167347	0.164022	0.160899	0.157065	0.15296	0.148617	0.144579	0.141898	0.140098	0.140095	0.140872	0.142091	0.143614	0.145069	0.146525	0.147607	0.148249	0.148585	0.14882	0.149224	0.151053	0.152745	0.153794	0.153554	0.151957	0.148598	0.143	0.136793	0.131365	0.126513	0.121729	0.11664	0.111687	0.106259	0.100865	0.0954372	0.090077	0.0839031	0.0765084	0.069046	0.0618208	0.0552061	0.0501511	0.0465881	0.04489	0.0445144	0.0449187	0.0455264	0.045049	0.0448768	0.0453828	0.0470417	0.0492092	0.0525296	0.0564264	0.0606623	0.0643557	0.0681847	0.0720815	0.0760461	0.0790613	0.0818731	0.0831929	0.0838345	0.0831198	0.0822016	0.0808427	0.0792463	0.0764293	0.0724594	0.0664211	0.0595689	0.052276	0.0462377	0.040708	0.0360938	0.0324291	0.0301885	0.0292703	0.0286913	0.0282478	0.0272279	0.0266488	0.0254933	0.0250499	0.0242674	0.0257567	0.0280937	0.0316854	0.0351414	0.0384618	0.041477	0.0445261	0.0477786	0.0502513	0.0515372	0.0521449	0.0534308	0.0556322	0.0588508	0.0627137	0.0663393	0.0686085	0.0693858	0.0690441	0.068465	0.0670043	0.0659505	0.0656088	0.0665556	0.0672311
0.027714	0.0305605	0.0346277	0.039407	0.0444575	0.0493724	0.0523545	0.0549636	0.0564877	0.0587916	0.0599088	0.0601443	0.0592609	0.0563769	0.0533572	0.0501341	0.0483352	0.0469092	0.0458223	0.0442607	0.0415802	0.0384927	0.0348288	0.0321482	0.0296033	0.0285503	0.0283111	0.0291231	0.0304098	0.0312896	0.0329832	0.0344055	0.0360313	0.0376232	0.0402323	0.043011	0.0460948	0.04945	0.054297	0.059551	0.0651102	0.0702285	0.07494	0.0781933	0.0813789	0.0840559	0.0878857	0.0915799	0.0961896	0.101104	0.106223	0.110663	0.114425	0.117204	0.118321	0.11798	0.11747	0.117468	0.118449	0.119295	0.120989	0.121835	0.122409	0.122204	0.121761	0.121692	0.121249	0.121179	0.120262	0.120701	0.121988	0.125106	0.128698	0.13246	0.135612	0.137238	0.137168	0.135403	0.132994	0.130788	0.129633	0.128716	0.128239	0.127864	0.127218	0.126369	0.125044	0.124025	0.122532	0.121173	0.120799	0.120695	0.121473	0.121675	0.123368	0.12513	0.12679	0.127737	0.127295	0.127259	0.126647	0.126543	0.126338	0.126946	0.128301	0.130368	0.132807	0.135382	0.13711	0.137752	0.137174	0.135748	0.133847	0.13293	0.132996	0.134283	0.135841	0.137534	0.139262	0.14004	0.140106	0.138917	0.137627	0.136201	0.134978	0.133519	0.132194	0.130531	0.128563	0.127781	0.127677	0.12832	0.128454	0.12852	0.128314	0.127973	0.127938	0.128411	0.130002	0.131866	0.133898	0.134609	0.133861	0.133011	0.132162	0.132363	0.133141	0.134632	0.136732	0.138019	0.138899	0.138863	0.138759	0.137978	0.137162	0.1356	0.134107	0.132138	0.131255	0.131253	0.131895	0.132945	0.134197	0.136061	0.137313	0.138702	0.139989	0.141377	0.142799	0.144459	0.146865	0.149847	0.15327	0.15693	0.160285	0.162962	0.165164	0.16679	0.168145	0.169397	0.170752	0.171971	0.172715	0.171967	0.170711	0.169454	0.168266	0.167179	0.165244	0.163479	0.160934	0.158423	0.156523	0.155571	0.155366	0.155229	0.155091	0.154716	0.153528	0.152204	0.150405	0.149352	0.148536	0.148399	0.14938	0.150395	0.152089	0.152291	0.152425	0.151643	0.151607	0.151334	0.151095	0.149872	0.148548	0.147156	0.146713	0.147152	0.148134	0.148234	0.147113	0.144297	0.14182	0.139105	0.137849	0.137406	0.137879	0.138725	0.138825	0.138993	0.138516	0.138006	0.13641	0.134815	0.133558	0.133421	0.134809	0.137724	0.142198	0.147519	0.153146	0.158095	0.162196	0.164568	0.165956	0.166192	0.165309	0.164391	0.164457	0.165744	0.167404	0.1673	0.166993	0.165398	0.16326	0.159765	0.155423	0.15142	0.147994	0.146669	0.146735	0.148158	0.149139	0.150087	0.150628	0.15144	0.151946	0.152657	0.15357	0.15445	0.155533	0.157363	0.160345	0.163802	0.16753	0.171495	0.174308	0.175832	0.176372	0.17793	0.180065	0.183725	0.18847	0.194233	0.199318	0.202876	0.204502	0.204398	0.203142	0.201852	0.20012	0.198593	0.195946	0.193028	0.18933	0.185599	0.181799	0.177525	0.173217	0.167857	0.162532	0.157376	0.153916	0.152286	0.152454	0.154147	0.155943	0.157535	0.158109	0.158277	0.158207	0.158646	0.159424	0.16027	0.16115	0.162132	0.163859	0.164942	0.164669	0.162735	0.15924	0.154118	0.14703	0.139636	0.13292	0.127629	0.123117	0.119453	0.115857	0.111244	0.10619	0.100423	0.0956405	0.0902473	0.0849896	0.0791556	0.0734233	0.0678944	0.0633489	0.0599223	0.0570722	0.0551376	0.0533726	0.0525909	0.0510971	0.0502137	0.0496693	0.0502439	0.0515985	0.054038	0.0573931	0.0614264	0.0650528	0.068374	0.0709831	0.0737957	0.0758962	0.0780645	0.0794191	0.0801632	0.0799919	0.0783285	0.0761905	0.0727979	0.0689983	0.0638085	0.057398	0.0511571	0.0452891	0.0411844	0.0372492	0.0339922	0.0309386	0.0291736	0.0290022	0.02917	0.029236	0.0283865	0.0276047	0.0262805	0.0257701	0.0260734	0.0279705	0.030444	0.0328497	0.0351875	0.0368133	0.0378626	0.0391154	0.0410803	0.043859	0.0458917	0.0477548	0.0497536	0.0522271	0.0545988	0.0565637	0.0583251	0.059171	0.0599491	0.0598795	0.0601489	0.0591638	0.0582464	0.0573969	0.0575646	0.0576306
0.013832	0.0168395	0.0213728	0.026313	0.0318975	0.0362274	0.0393366	0.0420389	0.0449108	0.0485625	0.0516717	0.0543061	0.0561268	0.055913	0.0554957	0.055248	0.0560853	0.0569226	0.0573531	0.0568002	0.0548909	0.0529478	0.0509707	0.0500787	0.0491867	0.0491764	0.0488608	0.0489521	0.04884	0.048321	0.047802	0.0471135	0.0471709	0.0475336	0.049456	0.0512766	0.0540128	0.0570203	0.0617232	0.0663582	0.0710611	0.0749502	0.0780594	0.0801853	0.0824467	0.0849795	0.0877835	0.0903502	0.0929168	0.0956869	0.0985927	0.101261	0.103251	0.104699	0.105333	0.105967	0.106363	0.107065	0.108309	0.109486	0.111272	0.112245	0.112608	0.11253	0.112553	0.113153	0.113923	0.114692	0.115055	0.115655	0.116763	0.119093	0.121354	0.123175	0.123368	0.122849	0.121245	0.119776	0.117732	0.116365	0.11588	0.115869	0.116063	0.115916	0.115838	0.115523	0.1148	0.114688	0.114915	0.115278	0.115979	0.116376	0.117722	0.117813	0.118447	0.118335	0.118698	0.118925	0.119152	0.119582	0.119843	0.12085	0.12206	0.123881	0.125362	0.126708	0.127851	0.129299	0.129797	0.130193	0.130081	0.13041	0.130094	0.130186	0.130616	0.131487	0.131647	0.131433	0.131524	0.13087	0.130452	0.129119	0.128567	0.127268	0.126308	0.125043	0.124761	0.124581	0.124605	0.125578	0.126992	0.129355	0.131379	0.133912	0.135732	0.137316	0.138153	0.138719	0.138743	0.138597	0.138552	0.137559	0.135548	0.134317	0.134069	0.134669	0.135337	0.136649	0.138537	0.139476	0.139601	0.139116	0.138801	0.137943	0.13739	0.136769	0.136928	0.136172	0.135924	0.135914	0.136242	0.137012	0.137578	0.139094	0.139727	0.140802	0.141741	0.143121	0.145383	0.148254	0.152279	0.155897	0.159922	0.163132	0.166242	0.168571	0.171341	0.173874	0.176034	0.177447	0.177844	0.178037	0.176772	0.174693	0.171597	0.168908	0.166117	0.163496	0.160908	0.159067	0.15692	0.155282	0.154289	0.155126	0.155726	0.156835	0.156417	0.156543	0.155854	0.156895	0.158173	0.160299	0.16195	0.163228	0.165015	0.166056	0.167876	0.168137	0.168398	0.167099	0.165766	0.164468	0.163508	0.162548	0.160876	0.15917	0.157871	0.157115	0.156223	0.154517	0.152133	0.148529	0.145263	0.142642	0.141682	0.141299	0.140474	0.139142	0.136385	0.133594	0.130735	0.128385	0.125967	0.124024	0.1232	0.123902	0.126536	0.130866	0.136518	0.14251	0.148704	0.154153	0.158754	0.16183	0.164023	0.165912	0.167088	0.167926	0.169034	0.170584	0.171862	0.171004	0.169569	0.167694	0.165446	0.162485	0.158948	0.156598	0.154621	0.154577	0.155448	0.157337	0.158818	0.159757	0.1609	0.162178	0.164168	0.166057	0.167708	0.168443	0.16884	0.170118	0.171973	0.174065	0.175614	0.17757	0.179357	0.180601	0.182049	0.18465	0.188912	0.193954	0.19964	0.204987	0.208842	0.210866	0.210618	0.209625	0.207241	0.205467	0.203321	0.20175	0.199197	0.196101	0.192598	0.188892	0.185694	0.181479	0.177467	0.171794	0.166562	0.161906	0.15942	0.158901	0.159874	0.162271	0.164635	0.16693	0.168446	0.169995	0.171375	0.17228	0.173083	0.173141	0.173164	0.172713	0.173042	0.173269	0.172241	0.169349	0.165405	0.160512	0.154601	0.148352	0.142814	0.137752	0.132926	0.128101	0.123784	0.118382	0.112675	0.106053	0.10021	0.0936557	0.086728	0.0796647	0.0730083	0.0671996	0.0621369	0.0585322	0.0553005	0.0519672	0.0482608	0.0454699	0.0433911	0.0417531	0.0406238	0.0406812	0.0414847	0.0433053	0.0448547	0.0476927	0.0499202	0.0527243	0.0553248	0.0585696	0.0611024	0.0626518	0.0640317	0.0647334	0.0653672	0.0645092	0.0637528	0.0614706	0.0577981	0.0523963	0.0458077	0.0401685	0.0351058	0.0324167	0.0298632	0.0276827	0.0252648	0.0235929	0.0234469	0.0231314	0.0233923	0.0234158	0.0236767	0.023022	0.0222996	0.0225266	0.0234317	0.0247777	0.0261236	0.0284869	0.0304771	0.0314839	0.03205	0.0330908	0.0351488	0.0375459	0.0405195	0.0438321	0.0468735	0.0489315	0.0498367	0.0505384	0.0508332	0.0520774	0.0530165	0.0543624	0.0542164	0.0534262	0.0522968	0.0514387	0.051191
0.0240759	0.0275846	0.0324156	0.0365686	0.0403485	0.0423652	0.0442123	0.0459917	0.0480423	0.0507032	0.0534659	0.0566016	0.0586183	0.0594821	0.0594982	0.0599212	0.0609546	0.0618184	0.0618345	0.0602569	0.0573908	0.0546603	0.0525402	0.0520816	0.052335	0.0533345	0.0529098	0.052146	0.0510092	0.0502454	0.0497868	0.0495656	0.0508024	0.05248	0.05548	0.0577341	0.0606663	0.0637681	0.0678532	0.0719383	0.0752774	0.0787521	0.0809384	0.0831924	0.0855482	0.0885482	0.0915822	0.0935989	0.0958529	0.097361	0.0991064	0.100004	0.1008	0.10085	0.100663	0.100984	0.101305	0.102407	0.10422	0.107322	0.110593	0.112508	0.113236	0.113083	0.112997	0.112776	0.113029	0.112842	0.112146	0.110873	0.110211	0.111007	0.111905	0.113244	0.113531	0.114056	0.113495	0.112494	0.110917	0.10978	0.109762	0.11049	0.111998	0.113201	0.114438	0.114929	0.115047	0.115775	0.117249	0.119198	0.120943	0.122282	0.12362	0.124009	0.1245	0.124618	0.125448	0.125905	0.126057	0.125361	0.124495	0.124477	0.125172	0.126544	0.128086	0.129526	0.130661	0.131559	0.132152	0.133015	0.133642	0.133929	0.133572	0.132876	0.132045	0.131044	0.129941	0.129448	0.129397	0.128531	0.127089	0.12463	0.122442	0.119745	0.117897	0.116489	0.116945	0.117809	0.11969	0.122046	0.125148	0.129233	0.132877	0.13625	0.138267	0.140148	0.141046	0.141604	0.141688	0.142111	0.14267	0.141974	0.14043	0.138887	0.137682	0.136342	0.134968	0.134848	0.135712	0.136779	0.136829	0.13715	0.137302	0.137657	0.137572	0.137418	0.137434	0.136535	0.13533	0.134397	0.134176	0.135006	0.13587	0.136903	0.136953	0.136867	0.137053	0.137985	0.140408	0.143781	0.148477	0.152358	0.156613	0.160359	0.164546	0.168326	0.172004	0.175207	0.177122	0.177986	0.176985	0.176187	0.174237	0.172524	0.169895	0.16713	0.163925	0.160652	0.157888	0.155937	0.154088	0.152986	0.152324	0.152577	0.152491	0.152711	0.151913	0.151726	0.151572	0.153759	0.15642	0.159386	0.161504	0.163284	0.165131	0.165723	0.166451	0.165823	0.165026	0.162634	0.159565	0.156732	0.154002	0.152187	0.150033	0.148388	0.146844	0.145809	0.145079	0.144213	0.142907	0.140448	0.138057	0.136174	0.135003	0.133832	0.131712	0.128677	0.124861	0.121724	0.119604	0.118297	0.117703	0.118533	0.120855	0.124601	0.129296	0.13467	0.139738	0.14423	0.148451	0.152231	0.155841	0.158129	0.159875	0.161078	0.16262	0.164094	0.165873	0.167686	0.16855	0.167244	0.164988	0.162597	0.160409	0.158017	0.154846	0.152963	0.150538	0.14974	0.149011	0.149366	0.149721	0.150076	0.151482	0.153906	0.157076	0.160483	0.163279	0.16533	0.166533	0.168549	0.171821	0.175397	0.178465	0.180787	0.183312	0.185702	0.188397	0.191668	0.19599	0.20055	0.204703	0.208347	0.211144	0.213398	0.213957	0.214482	0.214023	0.213496	0.211919	0.209968	0.20734	0.203456	0.199471	0.195452	0.191976	0.188194	0.184039	0.179681	0.174882	0.171643	0.170134	0.170624	0.171692	0.172996	0.174097	0.174826	0.175249	0.175909	0.176569	0.176721	0.175822	0.174414	0.172836	0.171835	0.170868	0.170545	0.169171	0.166779	0.162896	0.158572	0.153535	0.147991	0.142344	0.136935	0.131492	0.126354	0.121487	0.116824	0.111652	0.105836	0.100121	0.0935592	0.0866919	0.0792821	0.0726522	0.0667682	0.0615285	0.0575774	0.0538296	0.0502515	0.0460968	0.0433325	0.0418227	0.0411267	0.0408715	0.0412946	0.0423957	0.0443446	0.0465308	0.0508194	0.0548706	0.0587522	0.0608028	0.062277	0.0624627	0.0619701	0.0615115	0.061392	0.0614081	0.060373	0.059338	0.0572179	0.0542839	0.0500276	0.0456695	0.0421253	0.0389879	0.036393	0.0337643	0.0316442	0.0298292	0.0289637	0.0290137	0.0290977	0.029012	0.029096	0.0291799	0.0291621	0.0292121	0.0302454	0.0320926	0.0332616	0.0341932	0.0350231	0.0360565	0.0361404	0.0361565	0.0364439	0.0379519	0.0397652	0.0418497	0.0443072	0.046663	0.0491205	0.0504251	0.0512211	0.0514406	0.0518637	0.0522188	0.0525062	0.0518102	0.0501987	0.0485194	0.0471114	0.0468223
0.0212149	0.0244479	0.028359	0.0311173	0.0332991	0.034701	0.0363064	0.0386238	0.0406361	0.0422076	0.0432704	0.0445706	0.0457352	0.0472388	0.0493867	0.0522128	0.0553101	0.0568138	0.0576054	0.0568033	0.0559333	0.0547921	0.0542613	0.054239	0.0547932	0.0553475	0.0546132	0.0539467	0.0533141	0.0536649	0.0544564	0.0551124	0.0569212	0.05873	0.0615222	0.0636701	0.0664962	0.0696613	0.073742	0.0774836	0.0804792	0.0836783	0.0861653	0.0895678	0.09236	0.0953217	0.0973678	0.0989393	0.100884	0.10232	0.104264	0.105123	0.105644	0.104909	0.104514	0.105645	0.107589	0.110788	0.114327	0.118882	0.12259	0.125416	0.12736	0.129169	0.130808	0.131023	0.130899	0.129317	0.127329	0.124187	0.121791	0.121057	0.120526	0.120402	0.118379	0.116967	0.114842	0.113667	0.112424	0.111825	0.111939	0.112425	0.11342	0.1135	0.114054	0.113794	0.113874	0.114191	0.114982	0.116316	0.116633	0.117086	0.117369	0.11816	0.118918	0.118421	0.117585	0.116342	0.115845	0.115314	0.114987	0.115846	0.117078	0.11865	0.120628	0.123047	0.125026	0.125784	0.125287	0.12479	0.123818	0.122541	0.121061	0.119208	0.117524	0.115671	0.114665	0.114609	0.114248	0.113208	0.111423	0.109773	0.107479	0.105354	0.103704	0.103309	0.104813	0.107774	0.112194	0.116207	0.12039	0.124436	0.128347	0.13158	0.134271	0.136961	0.138804	0.139697	0.139641	0.139856	0.140207	0.13988	0.139417	0.138716	0.137846	0.135993	0.134614	0.134457	0.135519	0.137294	0.138527	0.1402	0.140652	0.141376	0.140778	0.140179	0.139478	0.13888	0.138485	0.138089	0.138304	0.139639	0.141854	0.144782	0.147473	0.14962	0.150955	0.151746	0.15386	0.157127	0.16175	0.165458	0.169471	0.172805	0.176344	0.179271	0.182776	0.185771	0.187309	0.186914	0.184247	0.181478	0.177658	0.175567	0.173171	0.170436	0.165938	0.160694	0.155586	0.151054	0.14798	0.146839	0.146952	0.147913	0.148501	0.149293	0.149406	0.150198	0.151871	0.155511	0.15949	0.162553	0.163684	0.164102	0.164724	0.16494	0.166036	0.166692	0.167145	0.165597	0.162251	0.158804	0.155324	0.153843	0.152126	0.150951	0.14886	0.146837	0.144272	0.141706	0.139412	0.136983	0.134587	0.131343	0.128541	0.125636	0.123308	0.120302	0.117228	0.114595	0.112606	0.11099	0.110188	0.110878	0.113229	0.116937	0.12139	0.126556	0.13162	0.137023	0.142494	0.148169	0.153436	0.157449	0.159766	0.160761	0.16118	0.161734	0.163102	0.165352	0.167093	0.167071	0.16654	0.165399	0.164766	0.163523	0.162484	0.161987	0.160845	0.159874	0.158292	0.15749	0.1574	0.158293	0.16061	0.163843	0.166771	0.168716	0.170016	0.171486	0.17326	0.176358	0.180676	0.184926	0.18782	0.189256	0.190827	0.192365	0.19458	0.197101	0.200267	0.202516	0.20402	0.204676	0.205806	0.207208	0.208305	0.209097	0.208837	0.207662	0.205063	0.201989	0.198915	0.195976	0.193174	0.189659	0.185669	0.181205	0.176978	0.173531	0.170661	0.169587	0.169633	0.170899	0.171725	0.172855	0.173851	0.174947	0.175468	0.176496	0.177085	0.177198	0.175277	0.173661	0.172384	0.172498	0.172713	0.173131	0.172194	0.16956	0.165503	0.161141	0.156134	0.150449	0.144188	0.138197	0.131767	0.125743	0.119922	0.114881	0.109366	0.103444	0.0967754	0.0888186	0.0802515	0.0721252	0.0657621	0.0604502	0.0557147	0.0520982	0.048719	0.0461198	0.0430797	0.0415994	0.0408651	0.0406394	0.0402442	0.0400525	0.0407762	0.0424155	0.0448008	0.0483389	0.0521822	0.0556526	0.0578683	0.059711	0.0605026	0.0607855	0.0602208	0.0597238	0.0592608	0.0587299	0.0579956	0.056278	0.0534075	0.0501979	0.0469883	0.044762	0.042807	0.0414962	0.0398125	0.0387391	0.0382083	0.03822	0.0378247	0.0366496	0.0352032	0.0338925	0.0329208	0.0324917	0.0325373	0.0330237	0.0341544	0.0349798	0.0362461	0.038021	0.0399655	0.0409266	0.0400906	0.0387459	0.0376047	0.0379216	0.0393913	0.0423869	0.0457216	0.049192	0.0512382	0.051928	0.0515667	0.0509002	0.0499964	0.0490247	0.0478496	0.0459963	0.0440752	0.0426628	0.0434882
0.0343016	0.0359873	0.039165	0.0432921	0.0465376	0.0497831	0.0514349	0.0529849	0.0529413	0.0525586	0.0524811	0.0527766	0.0535128	0.0540457	0.0549176	0.0551113	0.0555085	0.0555327	0.0565064	0.0572426	0.0577076	0.0569859	0.054806	0.0518802	0.049836	0.048809	0.0477482	0.0465517	0.0456943	0.0455489	0.0463191	0.0473945	0.0500296	0.0534446	0.0575039	0.0612581	0.0652834	0.0693766	0.073402	0.0764102	0.0788419	0.0814431	0.0839765	0.0871542	0.0901623	0.0928992	0.0952292	0.0972879	0.100093	0.102287	0.104447	0.105353	0.105547	0.104859	0.10451	0.10545	0.107203	0.109839	0.113152	0.117855	0.122695	0.127093	0.130712	0.133381	0.134659	0.1337	0.131893	0.12951	0.127466	0.124676	0.122123	0.120587	0.11895	0.117686	0.115641	0.114682	0.11335	0.111781	0.110516	0.109557	0.109107	0.109267	0.110478	0.11196	0.11351	0.114382	0.116169	0.117991	0.120117	0.122583	0.125184	0.128735	0.131234	0.133259	0.133826	0.132765	0.130551	0.128269	0.126429	0.124758	0.123086	0.122839	0.123508	0.124447	0.126269	0.128395	0.129911	0.129732	0.128468	0.127644	0.126278	0.124539	0.122766	0.120892	0.119288	0.11738	0.116963	0.117055	0.116876	0.115205	0.112686	0.109929	0.107004	0.105502	0.105424	0.106737	0.108864	0.111702	0.115355	0.118363	0.121134	0.124108	0.127014	0.129005	0.130352	0.131597	0.133113	0.134086	0.135501	0.138034	0.140941	0.14205	0.140955	0.13769	0.133476	0.129194	0.126709	0.12653	0.127096	0.127866	0.127857	0.128118	0.127498	0.127624	0.127275	0.127096	0.125628	0.124432	0.123303	0.12309	0.123521	0.126055	0.130114	0.134784	0.139046	0.142461	0.145537	0.147867	0.151554	0.156189	0.162249	0.167054	0.17108	0.173545	0.175435	0.176612	0.178433	0.180458	0.182042	0.182405	0.181717	0.181572	0.181121	0.181417	0.180458	0.177735	0.172673	0.166899	0.161634	0.15725	0.154392	0.153297	0.152982	0.152701	0.152691	0.153326	0.154978	0.156257	0.158044	0.159526	0.161076	0.161134	0.160921	0.161793	0.164734	0.167911	0.170852	0.172232	0.171375	0.167872	0.162912	0.159206	0.156518	0.155457	0.154091	0.152521	0.149731	0.146975	0.144693	0.143565	0.142741	0.141036	0.138144	0.133082	0.128122	0.123399	0.121456	0.120294	0.119809	0.11885	0.117586	0.116322	0.115193	0.11559	0.117751	0.121301	0.124886	0.128131	0.130902	0.133809	0.136986	0.141317	0.146292	0.15052	0.153495	0.154706	0.155747	0.156856	0.158813	0.161279	0.162456	0.161632	0.159826	0.157408	0.155703	0.153456	0.151547	0.149672	0.147018	0.144329	0.141946	0.140953	0.140943	0.14168	0.143264	0.145119	0.145787	0.146049	0.147056	0.149488	0.153039	0.157708	0.163531	0.168743	0.172972	0.176116	0.179836	0.183522	0.187107	0.190725	0.19336	0.195114	0.196122	0.197773	0.200781	0.203756	0.206086	0.207025	0.206575	0.204666	0.202622	0.200985	0.19989	0.198388	0.196514	0.194063	0.190798	0.187499	0.184709	0.18358	0.182485	0.181628	0.180058	0.179167	0.17831	0.178334	0.178867	0.179637	0.179118	0.1786	0.177438	0.177123	0.17535	0.17473	0.174245	0.174982	0.175107	0.17486	0.172918	0.16928	0.164625	0.160071	0.155416	0.150185	0.144241	0.138772	0.132964	0.128139	0.123111	0.118829	0.11336	0.107518	0.0999808	0.0920366	0.0836515	0.0763515	0.07034	0.0650067	0.0603516	0.0564085	0.0527367	0.0502856	0.0471563	0.0448408	0.0421185	0.0404133	0.0394881	0.0393089	0.0405538	0.0416969	0.0435522	0.0449327	0.047161	0.0488128	0.0498881	0.0516417	0.053463	0.0558608	0.056631	0.0569943	0.056442	0.0556185	0.0547272	0.0537342	0.0523681	0.0502222	0.0473642	0.0444723	0.0421229	0.0403838	0.0395603	0.0402288	0.0414059	0.0426508	0.0425733	0.0419871	0.040655	0.0391872	0.0388045	0.0398121	0.0419725	0.0433869	0.0443606	0.0435032	0.042171	0.0408728	0.0406936	0.0413959	0.0415219	0.0418512	0.0421128	0.0430864	0.0450095	0.0481533	0.0522465	0.0560684	0.0588731	0.0598467	0.0594301	0.0579963	0.0564946	0.0558067	0.0562039	0.0571775	0.0590328	0.0616679	0.0652525
0.0301828	0.0309443	0.0328587	0.0365024	0.0398071	0.043756	0.0457043	0.0470084	0.0466509	0.0465648	0.0469872	0.0478504	0.0493919	0.0509672	0.052746	0.0534736	0.054269	0.054488	0.056199	0.0579438	0.0602312	0.0611962	0.0605675	0.0588537	0.0569704	0.0560365	0.0546279	0.0535584	0.0524549	0.0519958	0.0514349	0.0513148	0.052178	0.054262	0.0569902	0.060227	0.0639386	0.0673789	0.070887	0.0735474	0.0765807	0.0792751	0.0827153	0.0864947	0.0902402	0.0934431	0.0965104	0.0998829	0.104001	0.107679	0.110984	0.113135	0.114134	0.11493	0.115996	0.118453	0.121182	0.124384	0.127655	0.131333	0.134807	0.138417	0.141993	0.144687	0.145618	0.144752	0.143208	0.141291	0.139543	0.137049	0.13425	0.130739	0.126618	0.122361	0.117189	0.113034	0.108912	0.106114	0.104366	0.103127	0.102261	0.101666	0.102156	0.102511	0.102933	0.103084	0.104422	0.106066	0.108421	0.111522	0.115471	0.120403	0.125369	0.129183	0.131097	0.12996	0.127296	0.124226	0.122072	0.120833	0.119967	0.120186	0.120405	0.12103	0.121792	0.123774	0.125417	0.126348	0.126669	0.126752	0.126836	0.126207	0.125918	0.125187	0.124389	0.122607	0.120927	0.118569	0.116211	0.113141	0.11041	0.108323	0.107593	0.109067	0.11193	0.115608	0.118234	0.120217	0.121453	0.122554	0.123722	0.125738	0.128331	0.130618	0.132566	0.134277	0.13609	0.136852	0.137206	0.13729	0.137169	0.135354	0.132114	0.127383	0.122956	0.119242	0.117664	0.117544	0.117695	0.117168	0.115997	0.114825	0.113552	0.113364	0.113448	0.114379	0.114666	0.115834	0.117681	0.120036	0.122086	0.124814	0.128627	0.134102	0.139848	0.145527	0.150798	0.155527	0.160968	0.166069	0.171815	0.175696	0.178628	0.179356	0.179507	0.179048	0.179708	0.181046	0.182723	0.18345	0.183703	0.183753	0.183158	0.18158	0.178272	0.173676	0.167859	0.162111	0.156531	0.151935	0.148628	0.146711	0.1452	0.14447	0.143977	0.144297	0.145262	0.14616	0.148108	0.149615	0.152174	0.154021	0.156274	0.158663	0.162375	0.16612	0.170035	0.172289	0.172542	0.170523	0.167486	0.165535	0.1645	0.164074	0.162089	0.159087	0.155203	0.151692	0.148453	0.14562	0.143126	0.140226	0.136952	0.132492	0.128777	0.1253	0.124027	0.123433	0.123245	0.121938	0.120021	0.118103	0.116796	0.116575	0.118252	0.121251	0.124454	0.127318	0.130317	0.134063	0.137944	0.142842	0.147164	0.151011	0.153536	0.155281	0.156449	0.157279	0.158651	0.160056	0.16075	0.159884	0.158679	0.15649	0.154811	0.152351	0.150874	0.149262	0.148159	0.146886	0.146088	0.145561	0.145373	0.144846	0.144353	0.143792	0.142722	0.14206	0.142855	0.145821	0.150041	0.154905	0.159091	0.162939	0.166379	0.170531	0.175057	0.179345	0.183361	0.18731	0.190445	0.192699	0.195088	0.19846	0.203257	0.207206	0.209663	0.209984	0.208338	0.205607	0.203452	0.202823	0.203348	0.203329	0.201785	0.19902	0.195204	0.191761	0.188792	0.187926	0.187603	0.18772	0.186549	0.185649	0.184647	0.184697	0.185017	0.185575	0.185116	0.184148	0.182163	0.180144	0.177719	0.176581	0.176054	0.175866	0.175068	0.173049	0.169097	0.163247	0.157193	0.151749	0.146814	0.142048	0.137486	0.133602	0.128803	0.12397	0.118153	0.112675	0.106757	0.101449	0.0954965	0.0898154	0.0841683	0.0791993	0.0745355	0.0701769	0.0664964	0.0629855	0.059305	0.056574	0.0542159	0.0525361	0.050924	0.0498206	0.0493275	0.0490379	0.0494942	0.0491029	0.0487793	0.0472351	0.0462673	0.0448248	0.044603	0.0460087	0.0488387	0.0518042	0.0536508	0.0537003	0.0526308	0.0506457	0.0485929	0.0466756	0.0450975	0.0438245	0.042009	0.0401257	0.0385475	0.0376475	0.0371545	0.0378143	0.0387114	0.0391339	0.0383017	0.0370965	0.0363322	0.0357713	0.0365328	0.0388202	0.0416841	0.043768	0.0442583	0.0437313	0.0423566	0.0409141	0.0404888	0.0415555	0.0426561	0.0437567	0.0442809	0.0453476	0.0471264	0.0497529	0.0529558	0.0554127	0.0572593	0.0584617	0.0593588	0.060256	0.0603054	0.0611687	0.0627101	0.0649297	0.0673188	0.0701487	0.0736229
0.025218	0.0260514	0.0274952	0.0301936	0.0324512	0.0346749	0.0348302	0.034782	0.0345643	0.0351265	0.0360956	0.0374377	0.0392884	0.0410373	0.0422777	0.0428059	0.0431647	0.0438286	0.0456454	0.0487846	0.0523985	0.0554021	0.0560999	0.0556109	0.0549185	0.0550738	0.055263	0.0546723	0.0538781	0.0524397	0.0515099	0.0520721	0.0544653	0.0583844	0.0618288	0.0649341	0.067463	0.0697545	0.0722834	0.0747783	0.0778497	0.0808194	0.0839925	0.0870639	0.0901692	0.0931389	0.0967189	0.100435	0.104354	0.107357	0.109683	0.111398	0.112469	0.114489	0.117594	0.121954	0.126517	0.129928	0.132864	0.134647	0.136904	0.138924	0.141826	0.143813	0.144646	0.144598	0.143736	0.142704	0.1413	0.139794	0.137575	0.134068	0.129782	0.124986	0.119615	0.114752	0.11094	0.108213	0.106435	0.104454	0.102643	0.100865	0.0998676	0.0995482	0.100043	0.101046	0.103235	0.105968	0.109819	0.114009	0.119047	0.124357	0.12953	0.133653	0.136148	0.137185	0.137713	0.138241	0.138905	0.139434	0.139046	0.138117	0.137051	0.136291	0.135734	0.135076	0.13496	0.134844	0.135168	0.135527	0.136428	0.137126	0.137688	0.137844	0.137185	0.134797	0.13068	0.125715	0.121903	0.118905	0.116958	0.115587	0.115438	0.116407	0.118359	0.121261	0.123688	0.125437	0.125864	0.126765	0.127598	0.12972	0.132181	0.134744	0.137375	0.139632	0.142059	0.143334	0.143896	0.14378	0.143291	0.141344	0.138108	0.133245	0.128687	0.124468	0.121301	0.118743	0.11622	0.113052	0.109342	0.105903	0.10365	0.103026	0.103588	0.105405	0.107052	0.108733	0.109736	0.110536	0.110725	0.111592	0.11368	0.117939	0.123044	0.128557	0.134511	0.140634	0.147232	0.153423	0.160021	0.164754	0.167554	0.16815	0.168407	0.169105	0.170786	0.17362	0.17659	0.178508	0.179172	0.17909	0.178024	0.175264	0.170977	0.166182	0.161827	0.15832	0.155051	0.152561	0.149936	0.148023	0.145499	0.143688	0.141843	0.140472	0.140288	0.140376	0.142667	0.144891	0.14898	0.152627	0.156547	0.159957	0.163469	0.166269	0.168154	0.168852	0.168634	0.167433	0.165893	0.165234	0.166	0.166291	0.165022	0.161719	0.158042	0.154162	0.150622	0.147657	0.144863	0.142441	0.139884	0.137597	0.135379	0.132584	0.130468	0.12886	0.128201	0.127102	0.126715	0.126633	0.127636	0.128876	0.131337	0.133934	0.135547	0.136347	0.137044	0.138217	0.139186	0.141342	0.144176	0.147586	0.150421	0.152814	0.154902	0.156651	0.157959	0.158996	0.158439	0.156865	0.154104	0.15175	0.150041	0.148568	0.147164	0.145285	0.143575	0.141526	0.139952	0.138615	0.137821	0.136959	0.136606	0.136558	0.135865	0.135478	0.135905	0.138467	0.141878	0.146	0.149716	0.153364	0.157046	0.161982	0.168071	0.174703	0.180962	0.186814	0.191174	0.194211	0.196536	0.199303	0.202645	0.205581	0.207534	0.20874	0.208488	0.20705	0.205917	0.205529	0.206363	0.20601	0.204368	0.202116	0.19966	0.19795	0.196274	0.19643	0.196144	0.196299	0.194691	0.193762	0.192357	0.191529	0.191074	0.190653	0.190028	0.188285	0.185931	0.182899	0.18024	0.17853	0.177397	0.175924	0.173672	0.170572	0.166285	0.160846	0.155406	0.150882	0.147308	0.14397	0.140497	0.136753	0.132467	0.128248	0.123351	0.119098	0.113963	0.109541	0.104034	0.0991026	0.0938326	0.0885286	0.083462	0.0783615	0.0741765	0.0699237	0.0662474	0.0634865	0.0610648	0.0587108	0.0565264	0.0550202	0.0543617	0.0538049	0.0535872	0.0523183	0.0507782	0.0482886	0.0467146	0.0445641	0.0437021	0.0436539	0.045369	0.0469824	0.0479175	0.0471234	0.0444304	0.0412626	0.0382644	0.036826	0.0360997	0.0359837	0.0360372	0.0353448	0.0348219	0.0336209	0.0337423	0.034847	0.0365281	0.037192	0.0369404	0.0368244	0.0372849	0.0380844	0.0398334	0.0426335	0.0446538	0.0454194	0.044727	0.0433225	0.0413076	0.0387841	0.0373118	0.0374332	0.038504	0.040253	0.0414594	0.0426319	0.043974	0.045723	0.0475737	0.0488479	0.0503935	0.0521763	0.0544	0.0563186	0.0579658	0.0597148	0.0619385	0.0643995	0.0679795	0.0719325	0.0760551
0.0276655	0.0284143	0.0282815	0.0278434	0.0269985	0.0266961	0.0257155	0.0253114	0.0251447	0.0261308	0.0271169	0.0291203	0.0313271	0.0339408	0.035639	0.0364895	0.0371026	0.0374106	0.0386002	0.0405696	0.0439293	0.0476281	0.050547	0.0528555	0.0542825	0.0559129	0.0572042	0.0580885	0.058939	0.0589079	0.0589446	0.0596934	0.0617645	0.0650903	0.0676023	0.0698431	0.070897	0.0709676	0.0708687	0.0715496	0.0740616	0.077523	0.0817304	0.0859379	0.0897384	0.0928607	0.0965934	0.100089	0.103448	0.105621	0.107591	0.109526	0.111598	0.114686	0.119402	0.125576	0.132225	0.137382	0.141318	0.143389	0.145155	0.146684	0.149196	0.151674	0.15327	0.154426	0.154361	0.153787	0.151857	0.150029	0.148031	0.144914	0.141018	0.136172	0.130953	0.125666	0.122244	0.120551	0.119672	0.11781	0.115812	0.113204	0.110664	0.108123	0.107448	0.108197	0.109929	0.111864	0.114512	0.117431	0.120791	0.123981	0.128188	0.131921	0.135009	0.137013	0.139389	0.141969	0.144277	0.146756	0.148149	0.147914	0.145916	0.143478	0.141446	0.139685	0.139044	0.138199	0.137761	0.13634	0.135868	0.135023	0.13394	0.132349	0.129945	0.126557	0.1211	0.115271	0.110832	0.10863	0.10765	0.107483	0.107689	0.108133	0.108305	0.109359	0.110481	0.111501	0.111402	0.112049	0.113137	0.115038	0.11694	0.119486	0.122507	0.125527	0.128243	0.129704	0.129944	0.128827	0.128288	0.128087	0.128056	0.126702	0.124603	0.121961	0.118708	0.115727	0.11339	0.111867	0.109734	0.107702	0.106586	0.106724	0.107371	0.108798	0.110971	0.113212	0.114469	0.115286	0.115729	0.116851	0.118922	0.123401	0.128829	0.134461	0.139889	0.145385	0.150779	0.155224	0.159872	0.163808	0.166659	0.168222	0.169276	0.17077	0.17196	0.173048	0.173356	0.172274	0.169801	0.16604	0.161533	0.156212	0.151264	0.147605	0.145573	0.144287	0.142629	0.141207	0.139379	0.13772	0.135553	0.134335	0.133015	0.131391	0.130342	0.130684	0.134315	0.139099	0.14507	0.151006	0.155485	0.158879	0.160611	0.162343	0.163634	0.165163	0.166929	0.168864	0.170223	0.171345	0.172908	0.173623	0.173185	0.170983	0.168138	0.164309	0.160073	0.155702	0.151669	0.148519	0.146148	0.144252	0.141847	0.138188	0.134257	0.130734	0.128465	0.127009	0.126741	0.127354	0.128883	0.130716	0.133194	0.135605	0.136557	0.137136	0.137783	0.139549	0.141247	0.143454	0.146	0.14858	0.150651	0.15218	0.15303	0.153135	0.152765	0.1527	0.152702	0.152434	0.15186	0.15149	0.152239	0.1537	0.155533	0.156519	0.156217	0.15405	0.151001	0.148155	0.14653	0.145618	0.146095	0.147726	0.149051	0.149766	0.149972	0.151534	0.153741	0.156355	0.158901	0.161209	0.163552	0.166606	0.170983	0.176513	0.182484	0.188183	0.192628	0.195411	0.196736	0.197621	0.199082	0.201187	0.203665	0.206414	0.208214	0.20842	0.207338	0.205849	0.205174	0.203956	0.202229	0.200028	0.197623	0.195693	0.193865	0.193698	0.194074	0.195467	0.196046	0.196659	0.19595	0.195207	0.194362	0.193686	0.193384	0.192132	0.190236	0.186678	0.182782	0.179394	0.176446	0.173499	0.169874	0.165943	0.161504	0.156794	0.152456	0.149339	0.146935	0.144326	0.140803	0.136669	0.13189	0.127485	0.123148	0.11976	0.115829	0.112136	0.107934	0.103868	0.100073	0.0956335	0.0914994	0.0867211	0.0824854	0.078114	0.0741495	0.0714735	0.0698148	0.0689699	0.0682606	0.0670426	0.0650448	0.062301	0.059998	0.0581359	0.0568501	0.0549879	0.0532614	0.0502803	0.0476043	0.0448605	0.0431678	0.0418143	0.0408676	0.0395141	0.0370076	0.034196	0.0311471	0.0297257	0.0296267	0.030918	0.0329214	0.0341788	0.0350293	0.0341504	0.0336107	0.0338508	0.0353795	0.0365012	0.0371483	0.037558	0.0380015	0.0387842	0.0395669	0.0409599	0.0412679	0.0412367	0.0410361	0.0410388	0.0409738	0.0398237	0.0389449	0.0387781	0.0396625	0.0409199	0.0413635	0.0412306	0.0405891	0.0408971	0.0413407	0.0421912	0.0430756	0.0447399	0.0470823	0.0491535	0.05075	0.0519056	0.0527561	0.0534371	0.0547623	0.0574099	0.0609052
0.0177955	0.0179676	0.0177668	0.0165487	0.0152968	0.0145873	0.0140135	0.0145926	0.0158159	0.0179208	0.0191781	0.0207066	0.0218282	0.0231532	0.0239019	0.0249556	0.0261112	0.027504	0.0290325	0.0314426	0.0353108	0.039925	0.044607	0.0483056	0.05136	0.0538718	0.0568923	0.0593702	0.0620177	0.0634106	0.0652104	0.0671797	0.0704714	0.0744074	0.077733	0.0801771	0.0812648	0.0814369	0.0814396	0.0818152	0.0834454	0.0859912	0.0891134	0.092812	0.0957308	0.0983443	0.100144	0.101842	0.103065	0.104899	0.107682	0.111245	0.115046	0.118778	0.123664	0.128752	0.13452	0.138896	0.142731	0.144734	0.146195	0.146909	0.147692	0.149424	0.151732	0.154854	0.156417	0.156826	0.155167	0.152898	0.149917	0.146596	0.142937	0.138498	0.133617	0.128805	0.125654	0.123826	0.122201	0.119864	0.117493	0.114952	0.112412	0.110414	0.109874	0.110351	0.111439	0.1129	0.115106	0.117483	0.119588	0.121625	0.12417	0.127564	0.130957	0.134486	0.138321	0.142528	0.146227	0.14962	0.151352	0.150609	0.147763	0.143493	0.139902	0.136479	0.134651	0.13245	0.129841	0.126657	0.123879	0.121508	0.119069	0.116596	0.114191	0.111651	0.108229	0.104807	0.101859	0.100506	0.0998639	0.100341	0.10109	0.101567	0.101231	0.101369	0.102355	0.104257	0.106192	0.108805	0.111385	0.113321	0.114747	0.116276	0.118822	0.121774	0.125236	0.127951	0.130293	0.131889	0.134571	0.137252	0.139628	0.140207	0.139498	0.137771	0.135197	0.132012	0.129099	0.126999	0.125137	0.123715	0.122938	0.122398	0.121621	0.121149	0.121592	0.122815	0.123734	0.124923	0.126418	0.128692	0.132052	0.136462	0.141653	0.146572	0.151526	0.155902	0.159669	0.162994	0.166591	0.170595	0.174023	0.176907	0.178877	0.180439	0.181052	0.180716	0.180108	0.177873	0.174925	0.170689	0.166521	0.16259	0.158931	0.156594	0.154799	0.153887	0.152804	0.152095	0.151012	0.149489	0.147762	0.146442	0.145631	0.144176	0.1435	0.143232	0.145235	0.14795	0.151208	0.154296	0.155723	0.156879	0.157254	0.158037	0.158514	0.159568	0.161096	0.162828	0.163848	0.16402	0.164735	0.165077	0.165486	0.164641	0.162982	0.160137	0.156647	0.15353	0.150786	0.148551	0.146756	0.144589	0.141879	0.137643	0.133644	0.13029	0.128326	0.127684	0.128331	0.129758	0.130608	0.130543	0.1298	0.129226	0.128008	0.127502	0.127776	0.128999	0.130527	0.132463	0.13589	0.13925	0.142135	0.143697	0.144106	0.143736	0.142213	0.141571	0.141167	0.141441	0.141986	0.142802	0.144297	0.146131	0.147727	0.148679	0.148139	0.146379	0.144381	0.142823	0.142521	0.142964	0.144561	0.146937	0.148703	0.149892	0.15037	0.150915	0.151663	0.152853	0.155738	0.158724	0.161745	0.164189	0.166938	0.170636	0.174233	0.177796	0.180173	0.181396	0.1815	0.181266	0.182218	0.184323	0.187648	0.191347	0.194096	0.195082	0.19444	0.192917	0.191224	0.189938	0.189432	0.189842	0.189709	0.189508	0.189273	0.189547	0.189957	0.190705	0.191217	0.191796	0.190883	0.190004	0.189023	0.188483	0.188622	0.188862	0.188695	0.186832	0.183512	0.180022	0.1766	0.173822	0.171655	0.170199	0.168303	0.165118	0.161391	0.158138	0.155259	0.152481	0.148991	0.145637	0.141808	0.138453	0.135133	0.13266	0.129679	0.12663	0.123106	0.118734	0.114159	0.108703	0.104467	0.100028	0.0964698	0.0931833	0.0903037	0.087831	0.0849515	0.0821736	0.0789549	0.0751259	0.0707544	0.0659081	0.0625199	0.0599794	0.0586935	0.0567973	0.0553419	0.052564	0.0492097	0.0453468	0.0418569	0.0393503	0.0368776	0.0352865	0.033119	0.0316297	0.0304794	0.0304143	0.0312307	0.0322506	0.0342538	0.0359179	0.037243	0.0368387	0.0368074	0.037556	0.0394914	0.0415286	0.0436674	0.0454333	0.0459785	0.0456759	0.0453734	0.0455116	0.0456499	0.0455847	0.0457569	0.0451831	0.0439311	0.0422383	0.0406472	0.0399717	0.039364	0.0396379	0.0389284	0.037846	0.0364245	0.0361219	0.0362263	0.0369071	0.0377235	0.038506	0.0388816	0.0382061	0.037734	0.0374315	0.0379088	0.0393695	0.0424578	0.046699	0.0514148
0.0215514	0.0213029	0.0220039	0.0223658	0.0231346	0.0244459	0.0259946	0.0271703	0.0280069	0.0287757	0.0298497	0.0308898	0.0319976	0.0325291	0.0323824	0.0317609	0.0315125	0.032383	0.0340334	0.0363281	0.0395722	0.0433249	0.0471454	0.0501522	0.0528538	0.0555553	0.0590368	0.062993	0.0672882	0.0706341	0.0725896	0.0732567	0.073856	0.0749638	0.0762074	0.0774509	0.0778128	0.0766149	0.0743997	0.0722524	0.0721735	0.0733831	0.0758473	0.0790575	0.0815895	0.0833756	0.083907	0.0850149	0.0863262	0.0890278	0.0928144	0.0975844	0.102422	0.106785	0.111521	0.116224	0.121367	0.126204	0.131042	0.135303	0.138615	0.140842	0.142018	0.143702	0.145929	0.148631	0.150112	0.150067	0.148699	0.147026	0.145184	0.142969	0.139805	0.136199	0.133001	0.13004	0.127757	0.125542	0.12336	0.120738	0.117811	0.115053	0.112364	0.110861	0.110714	0.111822	0.113201	0.114139	0.115213	0.11683	0.119023	0.12169	0.125002	0.128585	0.131829	0.134633	0.137911	0.142003	0.14562	0.149135	0.15187	0.152809	0.150356	0.145462	0.140365	0.13676	0.134782	0.133075	0.130589	0.127018	0.122734	0.119095	0.116235	0.114291	0.112924	0.111353	0.109172	0.10577	0.101927	0.0990678	0.0974292	0.0973502	0.0986955	0.100787	0.10281	0.104427	0.106213	0.108202	0.109819	0.11174	0.114171	0.116126	0.117404	0.11824	0.119721	0.121812	0.124514	0.127453	0.130561	0.132822	0.134981	0.136733	0.137977	0.138	0.136768	0.135027	0.133185	0.131174	0.129501	0.128642	0.127648	0.126348	0.125015	0.124088	0.123433	0.123421	0.124156	0.125976	0.127254	0.129108	0.131199	0.134918	0.139213	0.144458	0.150075	0.155218	0.159954	0.163639	0.167189	0.170365	0.173778	0.177429	0.181047	0.183375	0.184008	0.183353	0.182087	0.180516	0.179318	0.17751	0.1756	0.171995	0.167949	0.163903	0.160433	0.158726	0.157325	0.156568	0.154624	0.152714	0.15016	0.147741	0.146069	0.145854	0.146725	0.147053	0.147041	0.146759	0.147426	0.148907	0.150795	0.153225	0.155181	0.157204	0.158448	0.159962	0.161409	0.163433	0.165287	0.166971	0.167943	0.167661	0.166599	0.165129	0.163898	0.162903	0.161264	0.158948	0.155715	0.152483	0.149013	0.145509	0.141836	0.137451	0.133405	0.128918	0.126024	0.123606	0.122679	0.122668	0.123674	0.124613	0.124534	0.123709	0.122816	0.122703	0.122285	0.122546	0.123179	0.124761	0.127429	0.130605	0.134426	0.137772	0.140202	0.141717	0.142146	0.141898	0.141209	0.141333	0.143018	0.145244	0.14781	0.149054	0.149551	0.149472	0.149868	0.150976	0.15205	0.152378	0.152638	0.152627	0.152684	0.152571	0.152492	0.153363	0.154301	0.155578	0.156856	0.157862	0.159241	0.16079	0.163966	0.16738	0.17059	0.172885	0.173891	0.174524	0.174513	0.175248	0.175677	0.17665	0.177656	0.17951	0.181906	0.183963	0.186258	0.188146	0.189695	0.190565	0.191097	0.191628	0.191481	0.192182	0.193426	0.195992	0.197473	0.198682	0.19962	0.200254	0.200751	0.20013	0.199644	0.198514	0.197384	0.196288	0.195734	0.194875	0.194423	0.194209	0.193079	0.19083	0.186749	0.183415	0.17964	0.176442	0.173345	0.170994	0.168101	0.163919	0.15889	0.154335	0.149814	0.145937	0.141383	0.138116	0.13407	0.131211	0.128453	0.126611	0.125074	0.123435	0.122068	0.119039	0.115739	0.111252	0.107748	0.103837	0.100334	0.0966606	0.0925127	0.0885344	0.0837422	0.0797638	0.075209	0.0707898	0.0661672	0.0619854	0.0589903	0.0563005	0.0540514	0.0512599	0.0486378	0.0453037	0.0415288	0.0377878	0.0338433	0.0308483	0.0281584	0.0271979	0.0265765	0.0266671	0.0272324	0.0279334	0.0286344	0.0285216	0.0289174	0.0298218	0.0307262	0.031122	0.0311448	0.0322527	0.0338014	0.0365708	0.0396793	0.0428895	0.0449129	0.0463259	0.0477051	0.0489147	0.0503955	0.0516391	0.0525774	0.052295	0.0512667	0.0500349	0.0483284	0.0467236	0.0452544	0.0444295	0.0431299	0.0413217	0.0392761	0.0380104	0.0372194	0.0369031	0.0367564	0.0362706	0.0349032	0.0328915	0.0310493	0.030767	0.0313323	0.0341695	0.0377188	0.0422853	0.0461737
0.00681151	0.0073553	0.00888243	0.0101722	0.0116993	0.0132265	0.0147536	0.0160434	0.0166889	0.016758	0.0169288	0.0169979	0.0180164	0.0189332	0.0202568	0.0216823	0.0231416	0.0253469	0.0273148	0.0299948	0.0331496	0.0370164	0.0415953	0.0462759	0.0518381	0.0576377	0.0641154	0.0701524	0.075952	0.0804291	0.0833804	0.0845007	0.0850784	0.0855204	0.0866407	0.0879304	0.0888811	0.0887128	0.087663	0.0866131	0.0866482	0.0875311	0.0888209	0.0899072	0.0899085	0.0897741	0.0890972	0.0904209	0.0923888	0.096493	0.100936	0.106397	0.111043	0.11508	0.118438	0.121559	0.124917	0.12858	0.132549	0.135398	0.137163	0.137402	0.137708	0.138625	0.141271	0.143815	0.144698	0.143547	0.141005	0.138565	0.135446	0.132633	0.128972	0.12521	0.120667	0.116193	0.111921	0.108871	0.106363	0.104771	0.102771	0.101043	0.0990438	0.0983669	0.0984699	0.0989797	0.0990149	0.0989484	0.0995939	0.101291	0.104242	0.108787	0.114315	0.120284	0.125846	0.130798	0.134936	0.138532	0.140907	0.143078	0.144198	0.144505	0.142166	0.13837	0.133963	0.131048	0.129795	0.129288	0.128	0.125662	0.122137	0.118815	0.115764	0.114003	0.11302	0.112038	0.110005	0.106751	0.102887	0.0997347	0.0987187	0.0995676	0.102655	0.105809	0.109473	0.112187	0.114901	0.117513	0.119684	0.121991	0.123756	0.125283	0.126505	0.127964	0.130237	0.133595	0.137191	0.140956	0.143941	0.146146	0.147165	0.147573	0.147439	0.147304	0.147204	0.146866	0.146494	0.145173	0.143886	0.14226	0.140396	0.137481	0.134159	0.130668	0.128126	0.127415	0.128298	0.130877	0.132878	0.134609	0.13556	0.137426	0.140343	0.145193	0.151332	0.157945	0.163982	0.168561	0.172665	0.176261	0.180331	0.183893	0.187692	0.189456	0.189593	0.188069	0.186917	0.187122	0.188513	0.190108	0.190415	0.18811	0.183771	0.178076	0.172313	0.168211	0.1655	0.164043	0.161942	0.159637	0.157095	0.154994	0.154012	0.154285	0.155269	0.155745	0.15534	0.153849	0.152697	0.152224	0.153412	0.155244	0.157416	0.158536	0.158571	0.157352	0.155963	0.155387	0.155762	0.156984	0.158172	0.158749	0.158785	0.158243	0.157397	0.156211	0.154449	0.152043	0.148687	0.145433	0.142417	0.140078	0.138418	0.137436	0.13737	0.136659	0.135812	0.134322	0.132627	0.130662	0.128934	0.126426	0.123477	0.120291	0.118665	0.1187	0.119583	0.121347	0.123214	0.125656	0.128845	0.132983	0.137324	0.141598	0.144482	0.146416	0.146722	0.146622	0.145945	0.146353	0.147744	0.149848	0.151273	0.151783	0.151106	0.15026	0.14982	0.150635	0.152536	0.153961	0.155183	0.155015	0.154473	0.153763	0.153289	0.153562	0.154512	0.156548	0.158855	0.160857	0.162486	0.164284	0.167032	0.169916	0.171816	0.172292	0.170597	0.168869	0.166667	0.166532	0.166771	0.167891	0.169079	0.170538	0.171964	0.172576	0.173492	0.174138	0.174919	0.175802	0.177431	0.179602	0.181502	0.184555	0.188185	0.192492	0.195444	0.197649	0.199786	0.201449	0.202603	0.202435	0.201589	0.199996	0.198065	0.196506	0.195287	0.193999	0.192983	0.192442	0.190951	0.188681	0.185359	0.183088	0.180784	0.178785	0.176514	0.174108	0.170515	0.16543	0.15926	0.153429	0.1477	0.143191	0.138954	0.136107	0.132751	0.129565	0.126413	0.123701	0.121838	0.119465	0.117127	0.113466	0.109602	0.106043	0.103874	0.103163	0.102249	0.100826	0.0981482	0.0949621	0.0902162	0.0852329	0.0794359	0.0740796	0.0690963	0.064893	0.0614356	0.0573339	0.0530288	0.0486559	0.0452324	0.0423854	0.0397079	0.0374034	0.0352684	0.0331335	0.0308968	0.0294739	0.028797	0.0288661	0.0296472	0.0305979	0.03104	0.0307021	0.0306356	0.0317558	0.0330456	0.0349118	0.0366763	0.039492	0.0419685	0.0446486	0.0470912	0.0489913	0.0503489	0.0512996	0.0535727	0.0555068	0.0565931	0.0561875	0.0541203	0.0518158	0.0486636	0.0471729	0.0455466	0.0442932	0.0423956	0.0405997	0.0381257	0.0352447	0.0322281	0.0298897	0.0280599	0.0266031	0.025282	0.0240286	0.0220632	0.0208099	0.0204042	0.0225078	0.0255269	0.0291563	0.0322772	0.0343807	0.0361452
0.013271	0.0142781	0.0146069	0.0151731	0.0161124	0.017255	0.0181942	0.0180484	0.0173939	0.0157561	0.0149999	0.0156	0.0184381	0.0215474	0.024589	0.0262402	0.0267386	0.026898	0.0269556	0.0289459	0.0320553	0.0365888	0.0408849	0.0451471	0.0497145	0.0545193	0.0593919	0.0645696	0.0700865	0.075366	0.0794247	0.0818898	0.0829986	0.0833613	0.084131	0.0853415	0.0866198	0.0869147	0.0863281	0.0850972	0.0842053	0.0840595	0.0845579	0.0847172	0.0845713	0.0848663	0.085975	0.0884062	0.0907018	0.0939128	0.0967509	0.100911	0.104936	0.109945	0.114342	0.119045	0.123104	0.127061	0.129967	0.131856	0.133168	0.133599	0.134606	0.13507	0.136111	0.135558	0.133954	0.131198	0.128644	0.126905	0.125131	0.123256	0.119719	0.115301	0.110476	0.106125	0.102419	0.0998658	0.0977872	0.0965901	0.094342	0.0919921	0.0891675	0.0878009	0.0881637	0.0895776	0.0912289	0.0925411	0.0943958	0.0966914	0.100716	0.106233	0.112937	0.11981	0.126107	0.131454	0.135411	0.138758	0.141257	0.143722	0.145509	0.146685	0.145963	0.144223	0.141772	0.140202	0.139174	0.138723	0.137221	0.135176	0.131775	0.128781	0.125346	0.122793	0.120206	0.118161	0.115438	0.112478	0.109585	0.107473	0.10675	0.106503	0.107578	0.108856	0.111219	0.113278	0.115912	0.118513	0.121351	0.12402	0.126756	0.129696	0.132669	0.136118	0.139668	0.143625	0.146056	0.14842	0.14902	0.149755	0.149271	0.149599	0.149081	0.148358	0.147161	0.145896	0.145072	0.14452	0.145018	0.145279	0.145099	0.143428	0.141247	0.13883	0.136887	0.136266	0.136459	0.137873	0.138541	0.13887	0.138351	0.139155	0.141315	0.146289	0.152653	0.159628	0.165349	0.16934	0.172313	0.174914	0.177922	0.180861	0.183937	0.185249	0.185408	0.184483	0.183964	0.184157	0.184452	0.184883	0.184432	0.182048	0.177935	0.172058	0.166453	0.162035	0.159482	0.15842	0.157325	0.15623	0.153947	0.151801	0.149722	0.148932	0.148685	0.148946	0.149275	0.149637	0.150034	0.150702	0.152252	0.154581	0.157148	0.159274	0.160552	0.161254	0.161278	0.161234	0.161189	0.161315	0.161813	0.163024	0.164166	0.164495	0.163264	0.160982	0.157886	0.154519	0.151152	0.148904	0.146995	0.145662	0.14416	0.142929	0.142071	0.140094	0.138321	0.135937	0.133824	0.131373	0.129362	0.12691	0.124628	0.123465	0.124676	0.127209	0.129402	0.130986	0.131959	0.133068	0.135533	0.139524	0.144396	0.149811	0.15404	0.157488	0.158902	0.159197	0.158204	0.157922	0.158488	0.159631	0.159722	0.159509	0.158685	0.158132	0.158122	0.159095	0.160475	0.160973	0.161099	0.160851	0.160264	0.159915	0.159634	0.160302	0.161783	0.164181	0.166883	0.168907	0.169813	0.16987	0.169724	0.169172	0.168042	0.166981	0.165682	0.164689	0.163661	0.164228	0.16476	0.165597	0.166401	0.167883	0.169127	0.169286	0.170158	0.171267	0.173562	0.176434	0.18073	0.185467	0.189662	0.193653	0.196728	0.19899	0.199861	0.200732	0.202587	0.20451	0.206093	0.205846	0.204411	0.201417	0.198423	0.196175	0.195012	0.194221	0.193194	0.192065	0.189206	0.185873	0.182099	0.179817	0.177501	0.174236	0.169071	0.16289	0.156098	0.149509	0.143124	0.137689	0.133338	0.129903	0.127045	0.124458	0.121633	0.118334	0.115306	0.112311	0.110775	0.108866	0.107432	0.105658	0.103851	0.102383	0.101389	0.101854	0.101674	0.100477	0.0978558	0.0947938	0.0908502	0.0863641	0.0816067	0.0769172	0.0727023	0.0691995	0.0663071	0.0624313	0.0571653	0.0510516	0.0455482	0.0409604	0.0375254	0.0352433	0.0342837	0.0330189	0.0312115	0.0290311	0.0275289	0.0270101	0.0271694	0.0281086	0.0284375	0.0279865	0.0266199	0.0260332	0.0264299	0.0282847	0.0308854	0.0341982	0.0373753	0.0405186	0.0433906	0.0457879	0.0476087	0.0493278	0.0522676	0.0548683	0.0560788	0.0549157	0.0519554	0.0488596	0.0459671	0.0448379	0.0445904	0.0440715	0.0432475	0.0415419	0.0398362	0.0374185	0.0348312	0.0327187	0.0307418	0.0287988	0.026415	0.024472	0.0223256	0.0212642	0.0211183	0.0228035	0.0248956	0.0266825	0.0285373	0.030019	0.031772
0.00896437	0.00777618	0.00574029	0.00438256	0.00404208	0.0041085	0.00353066	0.00213902	0.000781289	0	0.000134236	0.00176044	0.00514988	0.00884449	0.0121322	0.0137245	0.0147064	0.0151119	0.016433	0.019585	0.0245004	0.0301277	0.0353143	0.0406026	0.0458231	0.0519252	0.0579934	0.0649771	0.0713844	0.0772491	0.0817237	0.0849096	0.0868071	0.0871448	0.0874486	0.0875489	0.0883274	0.089072	0.0901556	0.0911715	0.0920856	0.0934745	0.0953719	0.0963878	0.0967255	0.0967241	0.0977738	0.0992983	0.100823	0.102924	0.105398	0.108957	0.112685	0.117634	0.122143	0.127329	0.131499	0.13577	0.138379	0.140853	0.143191	0.145462	0.147732	0.149121	0.150205	0.14922	0.14715	0.144029	0.141214	0.138296	0.134802	0.131105	0.126594	0.122184	0.117435	0.113636	0.110515	0.108276	0.105698	0.10356	0.101049	0.0991491	0.0973167	0.0964336	0.0962966	0.0965326	0.0969042	0.0978183	0.0998175	0.102698	0.106834	0.111851	0.117546	0.12297	0.128021	0.131987	0.134834	0.136697	0.13795	0.139034	0.139033	0.138319	0.136555	0.135129	0.134009	0.1336	0.13326	0.132106	0.129629	0.125999	0.122098	0.118571	0.115043	0.111515	0.107817	0.105307	0.103373	0.102761	0.10276	0.103538	0.10452	0.104959	0.105941	0.106788	0.108482	0.110108	0.11265	0.115937	0.119835	0.124039	0.127801	0.132106	0.136106	0.140445	0.144004	0.147122	0.148951	0.150171	0.150203	0.150066	0.149624	0.149792	0.148807	0.146975	0.145041	0.144226	0.144156	0.144528	0.14551	0.146119	0.145948	0.144115	0.14208	0.13984	0.138076	0.136752	0.135733	0.135189	0.13495	0.135593	0.136304	0.1381	0.141116	0.146506	0.15254	0.1581	0.161964	0.164167	0.165963	0.16786	0.170843	0.17413	0.177994	0.180807	0.183214	0.184806	0.186432	0.18738	0.187209	0.186157	0.184155	0.181068	0.177167	0.172113	0.167364	0.163328	0.160885	0.160036	0.159763	0.159694	0.158811	0.157826	0.156265	0.154874	0.153516	0.153006	0.153377	0.153952	0.154527	0.154119	0.154118	0.15415	0.155064	0.155945	0.1573	0.158044	0.158111	0.157601	0.156684	0.155733	0.154782	0.154916	0.15522	0.15488	0.153115	0.150401	0.147517	0.144973	0.143445	0.143207	0.143646	0.143916	0.143575	0.143269	0.142895	0.141774	0.14045	0.139127	0.137633	0.135767	0.134172	0.132577	0.131422	0.131285	0.132979	0.134945	0.136808	0.138706	0.140739	0.143348	0.1465	0.15067	0.154669	0.158635	0.162025	0.164533	0.165684	0.165581	0.164325	0.163408	0.162525	0.162388	0.161505	0.161368	0.161265	0.161908	0.162008	0.161939	0.161158	0.16041	0.160612	0.16156	0.163627	0.165999	0.168168	0.169354	0.170132	0.171487	0.172774	0.173587	0.17267	0.170634	0.167648	0.164493	0.161237	0.158964	0.157301	0.156791	0.156043	0.155601	0.154379	0.153089	0.152443	0.152951	0.15417	0.155762	0.157626	0.159896	0.162472	0.166336	0.171387	0.17637	0.180845	0.184404	0.187318	0.188605	0.189079	0.189484	0.191111	0.192805	0.194193	0.194463	0.192733	0.190561	0.18822	0.187913	0.188048	0.188826	0.189198	0.188755	0.186584	0.183666	0.180749	0.177764	0.173931	0.168877	0.162535	0.155785	0.148799	0.142864	0.137742	0.133061	0.129703	0.12648	0.124682	0.122103	0.120067	0.116438	0.113113	0.109348	0.106939	0.10453	0.102257	0.101035	0.10022	0.10032	0.100726	0.102555	0.104419	0.105163	0.104959	0.103736	0.101734	0.0977319	0.0924408	0.0866411	0.0812483	0.0771779	0.0743282	0.0716141	0.0675776	0.0621509	0.0568937	0.0520434	0.0482782	0.045259	0.0441725	0.0422044	0.0394564	0.035759	0.0334858	0.0327384	0.0332456	0.0354144	0.0379222	0.039684	0.0399539	0.0404272	0.0415787	0.0438492	0.0466621	0.0494073	0.0516439	0.0528293	0.0540825	0.0547593	0.0553343	0.0558415	0.0580442	0.0602807	0.061127	0.0598032	0.0567162	0.0534257	0.049084	0.0458274	0.0434185	0.0410774	0.0385329	0.0350729	0.031918	0.0284919	0.0252692	0.0231315	0.0210278	0.0192632	0.0168543	0.0158018	0.0149866	0.0149173	0.0150516	0.0156944	0.0167442	0.0166072	0.0177248	0.0192153	0.0220961
0.0147598	0.01171	0.00855842	0.00662755	0.00696853	0.00775032	0.0076844	0.0056179	0.00331403	0.00141706	0.000944246	0.00203121	0.0044067	0.00735862	0.0101749	0.0118722	0.0137052	0.0152669	0.0183205	0.0224253	0.0278865	0.0333137	0.0377915	0.0417946	0.0454586	0.0497329	0.0543125	0.059638	0.0648617	0.069543	0.0735122	0.0765658	0.07867	0.079384	0.0795554	0.0789809	0.078915	0.0793577	0.0805464	0.0822776	0.0838054	0.0855027	0.0869627	0.0880157	0.0891027	0.0903931	0.0929042	0.0950084	0.0972483	0.099183	0.102033	0.105629	0.110243	0.116043	0.121538	0.127135	0.131545	0.135582	0.138568	0.14291	0.148405	0.154375	0.159463	0.162516	0.163671	0.162418	0.160996	0.159303	0.158253	0.156255	0.153205	0.149375	0.144359	0.139715	0.135614	0.133242	0.131515	0.129211	0.12572	0.121925	0.118366	0.116334	0.116098	0.117219	0.11912	0.120444	0.121633	0.122313	0.123535	0.125606	0.128592	0.132052	0.13575	0.139278	0.142298	0.143962	0.145015	0.14583	0.147053	0.148581	0.149227	0.149127	0.147298	0.14574	0.143877	0.142692	0.140863	0.138118	0.134255	0.129374	0.124018	0.118696	0.113985	0.109206	0.104935	0.101648	0.100022	0.0992782	0.0987715	0.0980613	0.0967747	0.0949795	0.0945406	0.0952885	0.0971892	0.0995986	0.102415	0.105163	0.107674	0.110966	0.115104	0.120328	0.125484	0.130369	0.133829	0.13556	0.136241	0.136412	0.136922	0.137331	0.137367	0.13686	0.134556	0.131201	0.127473	0.125509	0.125171	0.12636	0.12877	0.131043	0.132605	0.132912	0.133084	0.133425	0.133935	0.134344	0.134447	0.134144	0.134282	0.135437	0.137134	0.139408	0.142122	0.146329	0.15084	0.154843	0.157694	0.159255	0.160681	0.162548	0.165297	0.168689	0.172184	0.175305	0.178054	0.180294	0.182296	0.182976	0.182334	0.180437	0.178608	0.176507	0.174543	0.171594	0.168239	0.164376	0.160783	0.158751	0.157702	0.157873	0.157536	0.15747	0.156794	0.156083	0.155645	0.156087	0.157988	0.159719	0.161077	0.160537	0.159454	0.158065	0.158169	0.159595	0.161801	0.163939	0.165094	0.165197	0.163538	0.161336	0.158998	0.157644	0.156221	0.154426	0.151749	0.148699	0.14626	0.144871	0.144229	0.143926	0.143046	0.141522	0.138845	0.135558	0.132271	0.129153	0.127121	0.125393	0.124412	0.123261	0.122924	0.123027	0.12408	0.126524	0.12934	0.131478	0.132463	0.132872	0.133518	0.13491	0.13732	0.14	0.142071	0.143768	0.145669	0.147773	0.149979	0.151608	0.152051	0.152087	0.151953	0.152633	0.153178	0.153756	0.154131	0.154709	0.155084	0.155154	0.154986	0.155971	0.158449	0.161909	0.16537	0.167983	0.169409	0.169784	0.170091	0.17094	0.171959	0.172707	0.171929	0.169625	0.166135	0.162814	0.160408	0.158986	0.158377	0.15743	0.155906	0.153297	0.150959	0.149503	0.149946	0.15205	0.154798	0.157275	0.158464	0.159619	0.161486	0.165794	0.171899	0.178174	0.183364	0.18635	0.188115	0.189202	0.190493	0.19236	0.194125	0.195279	0.195485	0.19491	0.193318	0.191727	0.190711	0.190645	0.190817	0.19031	0.189295	0.186923	0.183805	0.180281	0.177061	0.173198	0.168147	0.1613	0.153028	0.145129	0.138078	0.132892	0.128045	0.123029	0.11869	0.114827	0.113031	0.112084	0.112696	0.112562	0.111242	0.108531	0.106532	0.105585	0.105587	0.106165	0.106743	0.106644	0.106137	0.106173	0.106819	0.106753	0.106585	0.105909	0.105368	0.10259	0.0978106	0.0918108	0.0857092	0.0816082	0.0787278	0.0765935	0.0731368	0.0679168	0.0621204	0.0557475	0.0501884	0.0454432	0.0423933	0.0389366	0.0342591	0.0291409	0.025345	0.0237871	0.0233821	0.024876	0.0269463	0.028508	0.0287812	0.0293595	0.0315315	0.034653	0.0381136	0.0410316	0.0438818	0.0469354	0.0502603	0.0538904	0.0567067	0.0596926	0.0626106	0.0653929	0.0668529	0.0666174	0.0655343	0.064112	0.0622829	0.0600129	0.057743	0.0551339	0.0522197	0.0495428	0.0481206	0.0471052	0.0457847	0.0440912	0.0420586	0.0398226	0.0372135	0.0349775	0.0328431	0.0307088	0.0288458	0.0269149	0.0258317	0.0251554	0.0270562	0.0310932	0.0368256
0.031394	0.0269157	0.0239972	0.0219264	0.021551	0.0208365	0.0195117	0.0163219	0.0126574	0.0100101	0.00892268	0.00919154	0.0098673	0.0108821	0.0117953	0.0130814	0.015656	0.0191123	0.023857	0.0285679	0.0338552	0.0382608	0.0425987	0.0470722	0.0527325	0.0593083	0.066291	0.0723921	0.0774081	0.080627	0.0830999	0.0845217	0.0858756	0.0856019	0.0848196	0.0828506	0.0818648	0.0817268	0.0828434	0.0850789	0.0870432	0.0888718	0.0899206	0.0903929	0.0906957	0.0912019	0.0931323	0.0950626	0.0975016	0.0999406	0.103431	0.106955	0.110988	0.116004	0.121359	0.126883	0.131492	0.136271	0.140812	0.146812	0.153964	0.161761	0.16854	0.172505	0.173791	0.172703	0.171684	0.170461	0.170051	0.168659	0.165774	0.161567	0.156784	0.152983	0.149522	0.146706	0.144194	0.140699	0.13656	0.132387	0.129502	0.128211	0.128751	0.130478	0.133019	0.134881	0.1361	0.136199	0.136298	0.13694	0.138667	0.140903	0.143477	0.145306	0.146456	0.146488	0.146757	0.146788	0.146684	0.14641	0.145425	0.144507	0.142741	0.141925	0.1406	0.139004	0.13673	0.13337	0.129842	0.124787	0.119868	0.114101	0.109453	0.10467	0.101175	0.0982222	0.0972364	0.0966576	0.095977	0.0948217	0.0929544	0.0913583	0.0913898	0.0933202	0.0966747	0.100165	0.10318	0.104975	0.105651	0.106666	0.108291	0.111001	0.113508	0.115777	0.116792	0.116756	0.117296	0.11787	0.119767	0.120951	0.121762	0.120844	0.117553	0.113142	0.108935	0.107678	0.108388	0.11103	0.113639	0.115807	0.116076	0.114751	0.113426	0.11322	0.11471	0.116538	0.117926	0.118704	0.119922	0.1227	0.126224	0.130325	0.134018	0.13778	0.140592	0.142522	0.143876	0.144823	0.14716	0.151159	0.156446	0.161903	0.16658	0.170138	0.172543	0.173897	0.175454	0.176232	0.176535	0.17599	0.175445	0.17473	0.173202	0.170758	0.167229	0.16309	0.15851	0.155151	0.152436	0.151213	0.150159	0.150597	0.151646	0.152729	0.153913	0.15486	0.156384	0.156653	0.155667	0.153257	0.15061	0.148675	0.148672	0.150263	0.152397	0.153412	0.15341	0.15222	0.149641	0.147062	0.144855	0.143734	0.142205	0.140677	0.139149	0.137858	0.137177	0.137446	0.13802	0.138052	0.136795	0.134961	0.132246	0.129667	0.12763	0.127119	0.127456	0.127487	0.126705	0.12538	0.124394	0.12351	0.12344	0.124387	0.125809	0.12662	0.127364	0.129023	0.131055	0.133392	0.135255	0.136575	0.136132	0.134502	0.132634	0.131343	0.13107	0.132288	0.134083	0.136725	0.139164	0.142044	0.144347	0.146142	0.147428	0.14868	0.14956	0.149794	0.150165	0.151892	0.155653	0.15972	0.163753	0.166768	0.168936	0.169951	0.170728	0.171913	0.173097	0.174247	0.174516	0.174039	0.172274	0.170508	0.168505	0.166909	0.16477	0.162801	0.159883	0.156795	0.154351	0.153636	0.154753	0.156887	0.159224	0.160849	0.160745	0.160404	0.160842	0.163993	0.168704	0.173957	0.178872	0.183175	0.187479	0.191716	0.196291	0.200323	0.203542	0.205405	0.205877	0.205366	0.203702	0.202683	0.201799	0.201627	0.201116	0.199452	0.196838	0.192597	0.188153	0.183539	0.179434	0.17482	0.169392	0.162845	0.155926	0.149413	0.143646	0.138863	0.134452	0.129363	0.123868	0.118474	0.114606	0.112468	0.11199	0.112361	0.112528	0.112085	0.111167	0.110486	0.110009	0.109837	0.109665	0.109087	0.108677	0.108336	0.108333	0.107856	0.107311	0.106597	0.10595	0.103879	0.0998079	0.0942446	0.0882743	0.0836604	0.0800637	0.0774503	0.0744979	0.0704265	0.0653717	0.0593337	0.0533295	0.0476305	0.0427114	0.0376905	0.0325341	0.027954	0.0246286	0.0227952	0.0217416	0.0220444	0.0235339	0.0257695	0.0279711	0.0306136	0.0337307	0.0378651	0.0417283	0.0456931	0.0491494	0.0528091	0.0561975	0.0592469	0.0617198	0.0638536	0.0660213	0.0678839	0.0692378	0.0698118	0.0697416	0.0696036	0.0684822	0.0666827	0.0635607	0.0603709	0.0569438	0.0543982	0.0529717	0.0524267	0.051814	0.0504213	0.0486896	0.0467883	0.0453957	0.0440031	0.0425087	0.040777	0.0391809	0.0379917	0.0373111	0.0376817	0.0399172	0.0440177	0.0494067
0.0447339	0.0424586	0.0413701	0.0398408	0.0387862	0.0367822	0.0339644	0.0293494	0.0234459	0.0179154	0.0138091	0.0123137	0.0125815	0.0148839	0.0176609	0.0208788	0.0241645	0.027145	0.0297186	0.0314106	0.0340859	0.0369308	0.0410302	0.0457401	0.0520097	0.0584827	0.064515	0.0681058	0.0703404	0.0704726	0.0707065	0.0706352	0.0715812	0.0724255	0.0730663	0.0731646	0.073975	0.0755992	0.077732	0.0795257	0.0798952	0.0795188	0.0787355	0.0788338	0.0796442	0.0822517	0.0866224	0.0917391	0.0970593	0.10143	0.105699	0.108646	0.112135	0.116133	0.120978	0.125823	0.13033	0.135277	0.140597	0.146562	0.153306	0.160118	0.166388	0.169843	0.170958	0.170073	0.169527	0.169015	0.169419	0.169144	0.167378	0.164187	0.159334	0.154279	0.147663	0.141454	0.135687	0.131004	0.127338	0.124419	0.122855	0.121428	0.121526	0.12254	0.124978	0.126873	0.127955	0.128359	0.128932	0.130183	0.132689	0.136279	0.140447	0.143665	0.14556	0.146031	0.145858	0.145312	0.144427	0.144085	0.143674	0.144858	0.145804	0.147801	0.147831	0.147082	0.144434	0.141311	0.137815	0.133878	0.13028	0.125869	0.121966	0.118097	0.11572	0.113851	0.113272	0.112624	0.111773	0.110311	0.10807	0.106541	0.106266	0.107992	0.110633	0.113241	0.114933	0.115404	0.115061	0.114278	0.113732	0.113729	0.114743	0.116536	0.118025	0.119073	0.119713	0.120117	0.120825	0.120686	0.120174	0.118001	0.114946	0.111585	0.109412	0.109713	0.111473	0.114555	0.117061	0.119228	0.120038	0.119865	0.118912	0.118129	0.118092	0.118868	0.120255	0.122557	0.125741	0.129197	0.132381	0.134513	0.135663	0.13671	0.137656	0.139654	0.141888	0.144631	0.147849	0.151745	0.155913	0.159639	0.16245	0.164108	0.164613	0.164135	0.164098	0.163891	0.164193	0.164766	0.165813	0.166827	0.166078	0.163972	0.159459	0.15386	0.14833	0.144902	0.143406	0.14364	0.144518	0.146041	0.148242	0.149561	0.15088	0.150876	0.151313	0.150971	0.149882	0.148726	0.147434	0.147634	0.148106	0.149798	0.150879	0.151011	0.149482	0.146189	0.142524	0.139401	0.138041	0.138173	0.139187	0.140608	0.141859	0.142296	0.141954	0.141713	0.141032	0.140113	0.138312	0.137325	0.137322	0.137997	0.138943	0.139617	0.139546	0.138085	0.135131	0.131601	0.128309	0.125559	0.124165	0.124636	0.126294	0.128698	0.131577	0.135032	0.138318	0.14001	0.140515	0.139325	0.137152	0.133961	0.13155	0.130427	0.13039	0.131438	0.132485	0.134042	0.135225	0.136612	0.138033	0.139352	0.140671	0.142532	0.144835	0.147001	0.148965	0.151233	0.154349	0.157126	0.158513	0.158747	0.15871	0.15874	0.159449	0.16053	0.162426	0.164118	0.165708	0.16584	0.164752	0.162205	0.159014	0.15579	0.153141	0.152188	0.151744	0.152114	0.152924	0.15465	0.156478	0.158271	0.159353	0.15918	0.158125	0.157003	0.157678	0.160285	0.165131	0.171061	0.176687	0.182278	0.187632	0.192885	0.197289	0.199998	0.202097	0.203213	0.204701	0.20602	0.207848	0.209099	0.209333	0.207939	0.205325	0.201253	0.195926	0.189954	0.184017	0.178249	0.17282	0.167392	0.162132	0.156195	0.150359	0.144049	0.138044	0.131801	0.125932	0.119723	0.113209	0.108085	0.104962	0.104586	0.105329	0.106817	0.107831	0.107827	0.107383	0.107482	0.109275	0.111239	0.113371	0.114351	0.114585	0.114175	0.112883	0.111896	0.110367	0.109278	0.107851	0.105779	0.102351	0.0974645	0.092307	0.0878615	0.0846029	0.0818868	0.079069	0.0747931	0.0685166	0.0608838	0.0532849	0.0470763	0.04219	0.0383889	0.0345877	0.0308205	0.0270871	0.0238285	0.020875	0.0185997	0.0178164	0.0186268	0.0201153	0.0223498	0.0249913	0.0291246	0.033631	0.0393581	0.0450513	0.0514565	0.0563698	0.0600285	0.0614831	0.0622595	0.0633751	0.064728	0.0666573	0.0675694	0.0681085	0.0679356	0.0673218	0.0662333	0.0640258	0.0625643	0.0611706	0.0610316	0.0615029	0.0621098	0.062242	0.06095	0.0597259	0.0584	0.0580236	0.056969	0.0556432	0.05408	0.0530593	0.0527168	0.0524082	0.0537611	0.0561312	0.0599255	0.0641267
0.0500213	0.0488392	0.0472163	0.0439996	0.0406134	0.0364135	0.0325865	0.0281152	0.0233727	0.0197153	0.0180923	0.0196568	0.0228488	0.026719	0.029538	0.0317128	0.0328365	0.0336549	0.0344055	0.0354274	0.0383143	0.0420489	0.047784	0.0534853	0.0594917	0.0648878	0.0690971	0.0717127	0.0726668	0.0726375	0.0726761	0.0732572	0.0751946	0.0774033	0.0796798	0.081312	0.0829443	0.0841357	0.0850559	0.0847554	0.0835733	0.0821538	0.0815142	0.0826717	0.0848465	0.0889201	0.0933329	0.0977795	0.101616	0.104062	0.105931	0.106038	0.107297	0.109879	0.114258	0.119552	0.125016	0.131565	0.137334	0.142967	0.147889	0.15281	0.156714	0.15855	0.159402	0.159102	0.159479	0.159721	0.160913	0.16129	0.160007	0.15679	0.151844	0.146525	0.139578	0.133039	0.127076	0.122638	0.119829	0.117561	0.11604	0.113434	0.111268	0.109849	0.109989	0.110977	0.112406	0.114377	0.11662	0.119608	0.122902	0.125721	0.127862	0.128613	0.128414	0.126994	0.125541	0.124461	0.123652	0.122978	0.122847	0.124106	0.126349	0.128964	0.129376	0.128465	0.125418	0.122846	0.120273	0.118718	0.118011	0.117303	0.117274	0.117109	0.117521	0.117322	0.117462	0.117433	0.11737	0.117442	0.117243	0.117791	0.118236	0.120174	0.123094	0.126117	0.128292	0.129415	0.130301	0.129628	0.128514	0.127196	0.127404	0.128528	0.129414	0.130063	0.129661	0.128987	0.127873	0.126453	0.124864	0.122631	0.120872	0.119385	0.119288	0.120412	0.122383	0.124693	0.125647	0.126195	0.125453	0.124237	0.122275	0.121025	0.120148	0.120255	0.120395	0.121925	0.124507	0.12753	0.130552	0.132896	0.1348	0.136432	0.137352	0.139392	0.141465	0.144792	0.148188	0.152126	0.154809	0.156781	0.157463	0.15757	0.156693	0.155409	0.154939	0.154028	0.15366	0.153461	0.154313	0.155437	0.155509	0.155039	0.152975	0.150403	0.147593	0.146276	0.147094	0.149337	0.151884	0.153788	0.155183	0.154882	0.153225	0.15045	0.147979	0.146458	0.145038	0.145077	0.144844	0.146002	0.146651	0.14774	0.148694	0.148529	0.147381	0.143961	0.140202	0.136375	0.134481	0.134858	0.136423	0.138937	0.140569	0.141354	0.140409	0.139532	0.139469	0.140118	0.140563	0.141449	0.142912	0.144612	0.145973	0.146724	0.146864	0.146394	0.145246	0.144267	0.143288	0.142072	0.141467	0.141471	0.142934	0.144397	0.146775	0.148848	0.15048	0.149773	0.148184	0.14595	0.144158	0.142365	0.141319	0.14129	0.14126	0.14157	0.141609	0.142258	0.142601	0.142708	0.143052	0.143734	0.145401	0.148016	0.151649	0.154977	0.15766	0.15953	0.161365	0.162896	0.163918	0.164668	0.165419	0.165966	0.166683	0.16662	0.166455	0.165069	0.163752	0.161315	0.1582	0.154339	0.1498	0.146244	0.144045	0.14544	0.147682	0.150434	0.152269	0.153868	0.15472	0.154657	0.15456	0.154022	0.154332	0.154608	0.156477	0.159161	0.163099	0.167511	0.171924	0.177185	0.182242	0.186824	0.190457	0.192869	0.195857	0.198778	0.202784	0.206179	0.209304	0.211106	0.211008	0.208843	0.204846	0.200443	0.194887	0.189771	0.183944	0.178625	0.173102	0.167682	0.162227	0.155891	0.149928	0.143218	0.136984	0.130478	0.125295	0.120959	0.117132	0.114424	0.112225	0.110805	0.109284	0.108611	0.108886	0.109468	0.109947	0.110426	0.112228	0.114708	0.118104	0.120685	0.121809	0.120864	0.118054	0.115312	0.112198	0.10993	0.107799	0.105972	0.104112	0.101065	0.0977466	0.0935805	0.0898891	0.0858926	0.0817604	0.0767467	0.0703087	0.0632944	0.0563817	0.050961	0.047168	0.0451381	0.0436169	0.0417566	0.039252	0.0359676	0.0325814	0.0290257	0.0277418	0.0288315	0.0315827	0.0349443	0.0372886	0.0400399	0.0425198	0.046051	0.0493786	0.0525707	0.0549489	0.0561743	0.0569588	0.0570991	0.0585618	0.0599906	0.0624366	0.0638315	0.0638362	0.0622132	0.058861	0.0557461	0.0516139	0.049245	0.047622	0.0475589	0.0475635	0.0473308	0.0469964	0.0457803	0.044293	0.0426362	0.0418948	0.041323	0.0412599	0.0413323	0.0421508	0.0431727	0.0439912	0.04542	0.0472218	0.0496339	0.0523173
0.0456333	0.0434135	0.0403799	0.0360917	0.0323121	0.0290412	0.0264484	0.0231774	0.0195335	0.0164659	0.0156025	0.0171804	0.021098	0.025253	0.0284585	0.0296973	0.0297494	0.0298014	0.0306334	0.0328895	0.0370105	0.0423862	0.0482027	0.0532392	0.0569195	0.0603285	0.0627202	0.0646372	0.0660117	0.0669792	0.0684894	0.0702707	0.0731711	0.0767835	0.0797517	0.0824825	0.0841961	0.0855366	0.0857921	0.0845896	0.0829462	0.0814724	0.0814227	0.0833058	0.0864774	0.0912427	0.0960081	0.100468	0.104216	0.106405	0.107643	0.107831	0.109307	0.112038	0.116261	0.121297	0.126334	0.131303	0.135526	0.139545	0.143802	0.147821	0.151569	0.153859	0.155573	0.156404	0.156897	0.157187	0.15734	0.156579	0.153783	0.149698	0.144494	0.139833	0.134663	0.130443	0.126493	0.123595	0.121511	0.119427	0.116767	0.113055	0.109275	0.106275	0.104327	0.104379	0.105855	0.108789	0.111995	0.115404	0.118508	0.119984	0.120443	0.119478	0.118885	0.11809	0.117871	0.11833	0.118755	0.119383	0.119605	0.120708	0.121235	0.121456	0.120152	0.118407	0.115611	0.113323	0.111849	0.112003	0.113242	0.115328	0.116805	0.117704	0.116943	0.115842	0.114164	0.113572	0.114167	0.115982	0.118476	0.120935	0.123293	0.125786	0.128517	0.130943	0.132623	0.133895	0.134185	0.133626	0.132424	0.13234	0.133274	0.135259	0.13721	0.138482	0.137585	0.135535	0.132874	0.13079	0.12874	0.127368	0.127182	0.128184	0.129728	0.131747	0.133223	0.134123	0.134107	0.134227	0.135126	0.136399	0.137706	0.138741	0.139065	0.139252	0.13944	0.140509	0.141612	0.142037	0.142191	0.142209	0.142499	0.143534	0.145214	0.148284	0.150845	0.153915	0.156069	0.157478	0.157157	0.156124	0.154853	0.153651	0.152279	0.151449	0.15123	0.150841	0.150181	0.149419	0.149912	0.150473	0.151407	0.151696	0.151578	0.150783	0.150428	0.151294	0.153991	0.157637	0.161589	0.164726	0.165897	0.165034	0.162407	0.159407	0.156747	0.155951	0.156851	0.158734	0.159769	0.159991	0.159399	0.158095	0.156383	0.154299	0.152215	0.149453	0.146555	0.143657	0.142013	0.141591	0.142219	0.143187	0.143544	0.14224	0.139443	0.13624	0.13436	0.134174	0.135345	0.137669	0.140231	0.142961	0.145082	0.146083	0.145695	0.144695	0.144137	0.144054	0.144479	0.144666	0.145803	0.147008	0.148858	0.150334	0.152115	0.152981	0.152999	0.151864	0.150696	0.149052	0.147375	0.145901	0.145546	0.145768	0.146396	0.146822	0.146806	0.146247	0.145282	0.144487	0.144505	0.146049	0.14922	0.15385	0.158785	0.163008	0.165399	0.166842	0.167436	0.168099	0.168727	0.169457	0.169476	0.168544	0.167037	0.164579	0.162054	0.159428	0.157547	0.15509	0.151819	0.148107	0.144192	0.141226	0.140532	0.143229	0.147079	0.149979	0.150913	0.15049	0.149966	0.149238	0.149731	0.150427	0.152005	0.153447	0.155534	0.158299	0.161741	0.165557	0.168932	0.172613	0.175886	0.178651	0.18111	0.183061	0.185995	0.188896	0.193085	0.196629	0.199631	0.200972	0.200685	0.198669	0.19455	0.190567	0.185872	0.181651	0.176312	0.170837	0.16543	0.159446	0.15309	0.14575	0.138749	0.131646	0.125256	0.119916	0.115526	0.11212	0.108916	0.10707	0.105698	0.104597	0.103632	0.103243	0.103193	0.103143	0.103365	0.104163	0.106419	0.109557	0.114017	0.118443	0.120564	0.120209	0.117955	0.116108	0.114668	0.113568	0.112806	0.110756	0.107654	0.10323	0.0988065	0.0936366	0.0885685	0.0836021	0.0787375	0.0734659	0.0673128	0.0612952	0.0554133	0.0509216	0.0478202	0.0460073	0.0436858	0.0401096	0.0360927	0.031974	0.0290421	0.0267545	0.0268405	0.0288592	0.0315222	0.0346599	0.0368821	0.0392399	0.0409196	0.0428705	0.0449571	0.0469758	0.0490284	0.0508098	0.0530998	0.0552542	0.0585275	0.0614618	0.0645317	0.0664148	0.0672467	0.0670614	0.0652146	0.0629948	0.0596221	0.0573684	0.0552503	0.0542851	0.0532521	0.05188	0.0501688	0.0476099	0.0449493	0.04256	0.0410862	0.0406974	0.042038	0.044328	0.046991	0.0480942	0.0484853	0.0487069	0.0493693	0.0510151	0.0539493
0.0476835	0.0442103	0.0396519	0.0340086	0.0292129	0.0258413	0.0243008	0.0229977	0.0218641	0.0208323	0.0209872	0.0218881	0.0242471	0.0263009	0.028253	0.0295269	0.0306313	0.0328546	0.0365699	0.041845	0.0477304	0.0534463	0.0582128	0.0616907	0.0637785	0.0656966	0.0668688	0.0685157	0.0715189	0.0754038	0.0802042	0.0848011	0.0891946	0.0928081	0.0943872	0.095695	0.0958839	0.0958693	0.0947357	0.0930257	0.0917225	0.0911315	0.0914221	0.0927977	0.0951227	0.0984312	0.10096	0.102607	0.102863	0.10234	0.10141	0.101802	0.104025	0.107775	0.112609	0.117579	0.122684	0.126603	0.129946	0.132711	0.13585	0.139057	0.142196	0.144792	0.146507	0.147781	0.148139	0.148667	0.148144	0.147078	0.144588	0.141047	0.137336	0.134677	0.13351	0.132952	0.132327	0.131567	0.130637	0.12835	0.125114	0.121505	0.118371	0.115983	0.114883	0.116191	0.118754	0.121655	0.124048	0.125932	0.127138	0.126683	0.125448	0.123432	0.122062	0.121369	0.121693	0.122628	0.123563	0.124125	0.124415	0.124129	0.123437	0.121828	0.11944	0.116238	0.112968	0.110784	0.110091	0.110822	0.112401	0.114387	0.115119	0.115104	0.113869	0.113312	0.112619	0.113316	0.115573	0.118848	0.122767	0.125702	0.127858	0.129403	0.130575	0.132188	0.132919	0.133278	0.132144	0.130739	0.129334	0.129286	0.129882	0.13085	0.131446	0.13072	0.128365	0.125163	0.121826	0.119878	0.118677	0.119646	0.120987	0.122872	0.123705	0.124199	0.124354	0.124678	0.125274	0.126243	0.127889	0.129706	0.131082	0.131847	0.131493	0.1308	0.129565	0.128838	0.128552	0.128606	0.129608	0.13112	0.134225	0.138008	0.142808	0.147235	0.150612	0.152767	0.153227	0.152534	0.150485	0.148911	0.147981	0.147966	0.147986	0.14831	0.148228	0.147026	0.144943	0.142419	0.141286	0.140084	0.140104	0.140598	0.142075	0.143722	0.14581	0.148711	0.152664	0.157159	0.161383	0.165064	0.166576	0.166391	0.164681	0.16287	0.161261	0.160331	0.160622	0.160912	0.160321	0.157967	0.156054	0.154377	0.15321	0.152687	0.152808	0.153437	0.152643	0.151374	0.150138	0.149581	0.149058	0.148467	0.147266	0.145318	0.143066	0.141491	0.141307	0.142208	0.143787	0.145604	0.146233	0.146219	0.145492	0.14429	0.143123	0.142057	0.143162	0.145249	0.148083	0.149798	0.151004	0.151159	0.150771	0.149468	0.148538	0.147235	0.145186	0.14273	0.14102	0.140225	0.139871	0.139992	0.140113	0.140167	0.139915	0.140205	0.140191	0.140413	0.141009	0.143029	0.145795	0.149205	0.15309	0.156941	0.160283	0.161794	0.162017	0.161969	0.161954	0.162245	0.162806	0.163572	0.163184	0.162118	0.160747	0.1588	0.155734	0.15226	0.148889	0.145483	0.141502	0.138774	0.13659	0.134778	0.133949	0.13485	0.136158	0.136042	0.134501	0.132554	0.131861	0.131643	0.133663	0.136022	0.138856	0.140503	0.142082	0.144	0.146664	0.15004	0.1544	0.159404	0.164475	0.169242	0.174347	0.179588	0.184897	0.189799	0.193854	0.196315	0.196368	0.195132	0.192507	0.190254	0.186883	0.185139	0.182988	0.181041	0.177601	0.172806	0.167806	0.161485	0.155163	0.147825	0.140994	0.134707	0.130013	0.127489	0.125677	0.124408	0.123105	0.122344	0.12138	0.119636	0.118062	0.117335	0.117253	0.117984	0.118987	0.120023	0.120619	0.121452	0.123235	0.126068	0.127614	0.127633	0.126601	0.125298	0.125114	0.124489	0.124949	0.122798	0.119359	0.113885	0.108581	0.102462	0.0961409	0.0902262	0.0847524	0.0799567	0.0750932	0.0707722	0.0658409	0.0611469	0.0568599	0.0533188	0.0497438	0.0459993	0.0432042	0.0408838	0.0399876	0.0397695	0.0415521	0.0443179	0.0464735	0.0473405	0.0467833	0.0464636	0.0462794	0.0461631	0.0465554	0.046439	0.0474078	0.0487156	0.0521257	0.055468	0.0588103	0.0607963	0.0618329	0.0620556	0.0616341	0.0617212	0.0606894	0.0598271	0.0577779	0.0566444	0.05507	0.0536651	0.0518195	0.0496686	0.0480942	0.0458756	0.0435891	0.0411331	0.0392874	0.0380182	0.0383088	0.0397862	0.0425859	0.0440294	0.0456763	0.0467467	0.0484275	0.0502779	0.0538237
0.0569462	0.0522211	0.0479368	0.0434491	0.0400125	0.0378644	0.036564	0.0349924	0.0333868	0.0315778	0.0301757	0.0285024	0.0285583	0.0296994	0.031722	0.0338803	0.0363098	0.0401296	0.0445258	0.0491933	0.05342	0.0563582	0.0581096	0.0589793	0.0606629	0.063635	0.0672513	0.071478	0.0765185	0.0818641	0.0872437	0.0916739	0.0946798	0.0963634	0.0959107	0.0965431	0.0974468	0.0995034	0.10061	0.100938	0.101028	0.101253	0.102258	0.103637	0.104642	0.105376	0.105331	0.105319	0.104697	0.104413	0.105249	0.107882	0.112279	0.117116	0.1228	0.127163	0.130847	0.132734	0.135333	0.137729	0.140463	0.143028	0.145797	0.148294	0.149029	0.149084	0.147208	0.145466	0.142335	0.139	0.135225	0.131178	0.128419	0.126644	0.126836	0.127061	0.127422	0.127105	0.12628	0.124471	0.122424	0.121124	0.119993	0.119133	0.118376	0.119144	0.119708	0.120137	0.120091	0.119401	0.118372	0.116665	0.115568	0.114742	0.114697	0.11577	0.11742	0.1189	0.1196	0.119588	0.119	0.117394	0.115212	0.112149	0.109526	0.106394	0.104179	0.102336	0.101815	0.101634	0.101385	0.101474	0.100004	0.0988397	0.0972342	0.0980022	0.0993806	0.102048	0.106206	0.110501	0.114999	0.118005	0.120672	0.122593	0.123293	0.123586	0.123032	0.12285	0.121855	0.12164	0.122069	0.123786	0.12486	0.124712	0.123852	0.121874	0.119624	0.117849	0.117091	0.117554	0.118153	0.120107	0.121316	0.122254	0.122242	0.123044	0.124117	0.12536	0.12684	0.128388	0.130478	0.132637	0.134964	0.136784	0.137552	0.13693	0.135426	0.133786	0.132316	0.131423	0.131987	0.133671	0.136914	0.140259	0.144927	0.147865	0.149345	0.148859	0.147728	0.146529	0.145602	0.145997	0.147477	0.149296	0.150573	0.15151	0.151295	0.150096	0.147779	0.145326	0.143923	0.142487	0.142645	0.143345	0.145538	0.14773	0.151041	0.154555	0.157799	0.160228	0.161946	0.163528	0.16433	0.164962	0.166069	0.167108	0.168012	0.168068	0.167954	0.166315	0.163455	0.159103	0.155632	0.152874	0.150421	0.148883	0.147786	0.147808	0.147016	0.145818	0.144483	0.142606	0.14073	0.137734	0.135654	0.133675	0.133189	0.133244	0.133504	0.134238	0.134633	0.135537	0.134745	0.133953	0.133161	0.133116	0.133375	0.133736	0.135691	0.138053	0.140957	0.143048	0.144256	0.144007	0.142334	0.140525	0.139903	0.140569	0.141303	0.141562	0.141856	0.141844	0.141425	0.1406	0.139503	0.138202	0.137207	0.13767	0.138879	0.141105	0.144043	0.148744	0.153276	0.158181	0.162035	0.165482	0.166996	0.167187	0.166429	0.166146	0.166474	0.16714	0.167501	0.167625	0.165951	0.163905	0.16135	0.159066	0.15641	0.154058	0.152046	0.149965	0.147241	0.145567	0.144301	0.142356	0.139598	0.136941	0.134725	0.132713	0.130565	0.129637	0.130473	0.133038	0.136689	0.140169	0.142362	0.143672	0.144644	0.146226	0.149062	0.153017	0.158838	0.165201	0.17214	0.178333	0.184866	0.190788	0.196066	0.199648	0.2014	0.201659	0.200325	0.199058	0.197961	0.197848	0.197124	0.196909	0.195778	0.193426	0.188803	0.182281	0.175453	0.168422	0.16173	0.155819	0.150483	0.146063	0.141406	0.137834	0.133922	0.13035	0.126981	0.124019	0.121702	0.118774	0.116863	0.115427	0.115212	0.115641	0.11668	0.118262	0.119064	0.119255	0.118938	0.11974	0.12078	0.122158	0.12374	0.125118	0.126293	0.125298	0.123557	0.118764	0.113021	0.106431	0.101232	0.0955231	0.0896112	0.0833263	0.077957	0.0728589	0.0680998	0.0634764	0.0586496	0.053382	0.0482499	0.0433214	0.0394101	0.0363465	0.0354191	0.0360515	0.0380402	0.0399951	0.0416447	0.0424806	0.0415193	0.0397103	0.0381386	0.0386693	0.0401494	0.0416295	0.0431775	0.0443863	0.0461716	0.0480586	0.0507594	0.0529855	0.0548386	0.0559118	0.0565781	0.0573801	0.0587585	0.0614932	0.0639227	0.0661488	0.0668151	0.0668372	0.0653334	0.0627445	0.0593757	0.0557696	0.0532824	0.0506257	0.0485793	0.0467364	0.0458769	0.0450851	0.0453106	0.0464856	0.0484404	0.0491067	0.0499087	0.0513549	0.05392	0.0568582	0.061051
0.0492319	0.0454685	0.0424849	0.0397387	0.0375012	0.0356705	0.0343146	0.0332977	0.0326538	0.0318404	0.0314	0.0297389	0.0290272	0.0291293	0.0313337	0.0348267	0.03893	0.04422	0.0492389	0.0533083	0.0554788	0.0563269	0.0569376	0.057684	0.0596171	0.0618216	0.0648059	0.0676885	0.0718257	0.0762681	0.0811852	0.0852885	0.0881711	0.0901042	0.0903081	0.0914952	0.0927502	0.0950564	0.0961757	0.096583	0.0967869	0.0970246	0.0974319	0.0978392	0.0982465	0.0987216	0.0989254	0.0999091	0.100961	0.102589	0.104352	0.107574	0.111847	0.116357	0.121274	0.125038	0.128769	0.131583	0.135721	0.13962	0.142707	0.144402	0.145284	0.146268	0.146336	0.146811	0.145998	0.145015	0.142031	0.138912	0.1362	0.134166	0.132776	0.131657	0.131081	0.130302	0.129387	0.128539	0.128065	0.127794	0.128405	0.13027	0.132068	0.132611	0.13139	0.129424	0.126474	0.123728	0.122203	0.121254	0.120339	0.11922	0.119017	0.119017	0.119119	0.120001	0.121087	0.121325	0.120274	0.11902	0.117935	0.11702	0.116749	0.116342	0.11597	0.11441	0.112648	0.110105	0.1078	0.10546	0.103799	0.10302	0.102986	0.104072	0.106276	0.109871	0.113431	0.116484	0.119739	0.12269	0.124928	0.125979	0.12659	0.12754	0.127981	0.128355	0.127812	0.126965	0.125067	0.122897	0.121304	0.120422	0.119609	0.117134	0.114049	0.110353	0.108082	0.106793	0.106794	0.106693	0.106184	0.105778	0.104897	0.104321	0.104253	0.105813	0.108391	0.111477	0.114359	0.116699	0.117853	0.118701	0.119311	0.1206	0.121516	0.121957	0.121992	0.122196	0.123654	0.126096	0.129996	0.133997	0.138236	0.141424	0.144578	0.146104	0.147156	0.147156	0.147597	0.147801	0.148649	0.149463	0.15082	0.152007	0.15255	0.15272	0.152178	0.151602	0.150687	0.150145	0.149738	0.149942	0.15096	0.153198	0.155945	0.158014	0.159947	0.160998	0.162423	0.163678	0.165306	0.166798	0.168867	0.170495	0.172225	0.172835	0.172768	0.17131	0.169141	0.166394	0.163513	0.159783	0.157071	0.15524	0.154189	0.153444	0.152359	0.15141	0.149308	0.146426	0.143409	0.140493	0.138086	0.135408	0.134052	0.133984	0.135646	0.137545	0.13897	0.139208	0.13836	0.137683	0.136835	0.136768	0.137311	0.138735	0.140635	0.142466	0.145247	0.147655	0.149893	0.150945	0.150911	0.149725	0.147182	0.144504	0.143148	0.143419	0.144607	0.145319	0.145726	0.145761	0.144778	0.143388	0.141557	0.140574	0.140371	0.141796	0.144237	0.14729	0.150986	0.155259	0.159362	0.16255	0.164449	0.165263	0.165094	0.164382	0.163976	0.164485	0.165435	0.166283	0.165809	0.164995	0.162588	0.160384	0.158384	0.157299	0.156079	0.154486	0.152282	0.149638	0.146349	0.144078	0.142043	0.13889	0.134245	0.12899	0.124616	0.121633	0.120785	0.121905	0.124652	0.128246	0.131604	0.134045	0.134588	0.13486	0.135606	0.138082	0.142694	0.149137	0.157411	0.166092	0.17501	0.183115	0.191287	0.198544	0.204071	0.207361	0.207937	0.207429	0.205632	0.204649	0.204073	0.204345	0.20404	0.20343	0.201396	0.19804	0.19292	0.186817	0.180476	0.174475	0.169016	0.163862	0.158573	0.153623	0.148096	0.14301	0.137518	0.132974	0.128838	0.125142	0.121921	0.118531	0.116225	0.114259	0.113751	0.11365	0.11426	0.115685	0.116092	0.115957	0.114906	0.114737	0.115788	0.117756	0.120367	0.121791	0.121961	0.119927	0.117045	0.112604	0.107484	0.101856	0.096702	0.0914805	0.0862929	0.0810036	0.0758499	0.0706284	0.0651017	0.059948	0.0547944	0.0500815	0.0458433	0.0419443	0.0390964	0.0373674	0.0375713	0.0390975	0.0409968	0.0420483	0.041947	0.0407267	0.0389977	0.0367263	0.0355399	0.0361845	0.0381177	0.0400169	0.0410006	0.0418148	0.0425612	0.0440196	0.0455459	0.0470383	0.0482594	0.0489718	0.0496843	0.0504646	0.0526012	0.0556872	0.0586037	0.0613846	0.0625718	0.0628773	0.0613857	0.0590465	0.056402	0.0538932	0.0531476	0.0528767	0.0522667	0.0504361	0.0488428	0.0471477	0.0470464	0.0475554	0.0501667	0.0521677	0.0543721	0.0565427	0.059527	0.0625791	0.0658347
0.0478992	0.0450418	0.0432355	0.0420735	0.0418948	0.0415805	0.0406898	0.0392904	0.0384675	0.0389331	0.0404159	0.0416614	0.0428391	0.0441524	0.0459743	0.0484066	0.0507711	0.053678	0.0554661	0.0566776	0.0565329	0.0566594	0.0577014	0.0603371	0.0642953	0.0684569	0.0730254	0.0771192	0.0813486	0.0847981	0.0885528	0.0914598	0.0942651	0.0962905	0.0981463	0.100511	0.103146	0.10585	0.107706	0.108884	0.109722	0.110256	0.110585	0.110678	0.11016	0.10927	0.109159	0.109692	0.110768	0.111641	0.112615	0.114471	0.116835	0.120217	0.123768	0.126607	0.128666	0.130726	0.134006	0.137489	0.140091	0.140624	0.139632	0.137554	0.135545	0.134383	0.133255	0.132262	0.130252	0.127971	0.125385	0.123443	0.122214	0.121357	0.120839	0.120287	0.119837	0.119184	0.119277	0.120454	0.12248	0.125251	0.127209	0.128149	0.12658	0.123756	0.120085	0.117363	0.116235	0.115819	0.115708	0.114648	0.113656	0.111443	0.109704	0.108339	0.107685	0.106557	0.104819	0.103216	0.101681	0.100994	0.10051	0.0998224	0.0983892	0.096549	0.0947088	0.0924278	0.0910963	0.0905446	0.0910102	0.092527	0.0949931	0.0985444	0.10213	0.105308	0.107638	0.109121	0.110604	0.11168	0.112383	0.113188	0.114704	0.117069	0.119671	0.121628	0.122636	0.122051	0.119838	0.116811	0.114631	0.113775	0.113257	0.111484	0.108966	0.105668	0.103489	0.102293	0.102894	0.103326	0.103452	0.10307	0.102315	0.102204	0.10267	0.105373	0.108178	0.111323	0.113212	0.114797	0.115127	0.116169	0.11833	0.122424	0.126585	0.130679	0.134536	0.137782	0.140451	0.142545	0.14518	0.147511	0.148994	0.149188	0.148975	0.147915	0.146957	0.146134	0.146667	0.14737	0.148209	0.148064	0.14775	0.147232	0.146748	0.146841	0.147069	0.147873	0.148373	0.149347	0.150423	0.152448	0.155559	0.159212	0.16317	0.165907	0.168441	0.169721	0.171339	0.173026	0.175017	0.175957	0.176389	0.176075	0.175794	0.174904	0.173674	0.172308	0.171282	0.17029	0.169467	0.167932	0.167041	0.165777	0.16448	0.161961	0.158459	0.154551	0.149557	0.14436	0.139027	0.134576	0.131007	0.127946	0.126547	0.1263	0.127885	0.129334	0.130545	0.130197	0.129001	0.127975	0.127423	0.128465	0.130863	0.134788	0.138102	0.140941	0.143576	0.146178	0.148543	0.150229	0.151101	0.15055	0.148133	0.145208	0.143097	0.14224	0.142231	0.142425	0.142382	0.141762	0.140058	0.138455	0.137598	0.138098	0.140293	0.143607	0.147293	0.150065	0.152599	0.154726	0.156649	0.158404	0.159649	0.161098	0.161225	0.161995	0.162868	0.164893	0.166681	0.168367	0.168731	0.167942	0.165153	0.162329	0.160387	0.159836	0.160098	0.160428	0.159774	0.158138	0.15545	0.15344	0.151464	0.148878	0.145376	0.141366	0.138271	0.136499	0.136897	0.138956	0.142134	0.146058	0.149169	0.151771	0.15244	0.153923	0.156253	0.161229	0.167798	0.175214	0.18297	0.189946	0.196753	0.202813	0.209077	0.214324	0.217773	0.219358	0.219179	0.218424	0.21733	0.216914	0.216769	0.215539	0.213123	0.208943	0.203983	0.198345	0.192368	0.186934	0.180923	0.175522	0.169545	0.164314	0.158643	0.15331	0.147333	0.141559	0.135175	0.129334	0.123696	0.118567	0.114251	0.110784	0.10857	0.106289	0.104246	0.102067	0.100532	0.101031	0.101904	0.10342	0.104191	0.105131	0.106512	0.10786	0.109851	0.11069	0.109765	0.106874	0.103236	0.0990905	0.0945037	0.0897813	0.0852624	0.0804383	0.0755125	0.0705866	0.0650166	0.0587683	0.0517741	0.0457632	0.040227	0.0361828	0.0333592	0.0313495	0.0306622	0.0305853	0.031729	0.0334153	0.034593	0.0347195	0.0329132	0.0306323	0.0282835	0.0270197	0.0277905	0.030121	0.0327907	0.0345448	0.0353495	0.0364593	0.0377726	0.0406457	0.0431797	0.0458832	0.0481121	0.0505443	0.0530783	0.0556801	0.0591636	0.0627148	0.0657914	0.0679185	0.0687231	0.0682393	0.0664669	0.0646946	0.0634987	0.0631505	0.0628362	0.0621828	0.0600713	0.0570444	0.0539157	0.0516008	0.0515238	0.0527693	0.0550999	0.0573626	0.059388	0.0617185	0.0645577	0.0679394	0.0712194
0.0349719	0.0341117	0.0343366	0.0355109	0.0370921	0.0380969	0.0383557	0.0385805	0.039314	0.0415734	0.0447822	0.0482962	0.0508947	0.0524759	0.053379	0.0547906	0.0560667	0.0579531	0.0589917	0.0607086	0.0619846	0.0645831	0.0679275	0.072391	0.0771595	0.080877	0.0845944	0.0868877	0.0898592	0.0918134	0.0944118	0.0961626	0.0981168	0.0999354	0.102127	0.104386	0.106341	0.107549	0.107909	0.107693	0.107613	0.107872	0.108266	0.108728	0.109598	0.11067	0.112624	0.114273	0.115821	0.116826	0.116949	0.117818	0.119026	0.12115	0.123138	0.12455	0.126266	0.127983	0.13065	0.132841	0.134219	0.133257	0.130667	0.127976	0.126065	0.125917	0.12587	0.126129	0.125472	0.124307	0.122565	0.121264	0.119862	0.118628	0.117124	0.116535	0.11581	0.115357	0.115853	0.117265	0.118846	0.119648	0.119974	0.119724	0.117813	0.115359	0.11338	0.112384	0.112643	0.113071	0.113906	0.113724	0.112593	0.110376	0.108296	0.106656	0.104982	0.103002	0.100854	0.0993831	0.098489	0.0987478	0.098871	0.0983499	0.0963368	0.0944594	0.0930227	0.0922982	0.093303	0.0955284	0.0990763	0.103167	0.108512	0.113992	0.118693	0.121393	0.122975	0.123776	0.124306	0.124599	0.124654	0.125523	0.126901	0.129126	0.131182	0.132594	0.132548	0.13067	0.126928	0.122134	0.118019	0.115667	0.114366	0.112556	0.110611	0.108055	0.106144	0.103521	0.101643	0.0997995	0.0982951	0.0971976	0.0962696	0.0969692	0.0981096	0.100505	0.10212	0.104243	0.105486	0.106931	0.107563	0.109788	0.113133	0.118546	0.124637	0.131372	0.138107	0.14369	0.148492	0.151735	0.154706	0.156016	0.156241	0.155449	0.154928	0.15461	0.155005	0.155331	0.155861	0.155476	0.154582	0.152501	0.149776	0.147491	0.145817	0.145771	0.146199	0.147747	0.14926	0.150943	0.152558	0.154648	0.157178	0.159506	0.161935	0.163516	0.164961	0.165729	0.167378	0.169875	0.172744	0.175241	0.176788	0.176572	0.17517	0.17275	0.169652	0.166282	0.163828	0.163104	0.163261	0.16335	0.163371	0.16302	0.161142	0.157468	0.152267	0.147101	0.141222	0.135886	0.130686	0.126706	0.122964	0.120476	0.11931	0.119468	0.120404	0.121341	0.122617	0.122639	0.122457	0.122987	0.125585	0.130049	0.135529	0.141722	0.146593	0.149564	0.151247	0.152828	0.154511	0.155787	0.156317	0.156101	0.154393	0.15177	0.149147	0.147066	0.145697	0.144328	0.14279	0.140912	0.138492	0.136852	0.137179	0.139845	0.143936	0.147924	0.150624	0.15146	0.151176	0.151028	0.151185	0.151579	0.151601	0.15247	0.152559	0.153191	0.153619	0.155404	0.157019	0.158092	0.157503	0.15593	0.153341	0.151599	0.151553	0.154185	0.157462	0.159789	0.159403	0.157187	0.154157	0.151194	0.148638	0.146117	0.143799	0.141311	0.139094	0.137658	0.137204	0.137667	0.138536	0.140354	0.141732	0.143551	0.14503	0.148035	0.152635	0.159675	0.168106	0.176333	0.183577	0.189397	0.194911	0.199748	0.20472	0.209285	0.212697	0.215058	0.216232	0.216966	0.21692	0.215856	0.214216	0.211253	0.207002	0.201531	0.195482	0.189638	0.184132	0.179847	0.175155	0.169955	0.163195	0.155858	0.147945	0.140337	0.133645	0.127935	0.122633	0.117535	0.112741	0.108626	0.105731	0.103379	0.101366	0.0985727	0.0954407	0.0918	0.0890749	0.0881808	0.0880666	0.088834	0.0902457	0.0926746	0.0954765	0.097329	0.0990458	0.0991351	0.0981732	0.0963975	0.0948252	0.0934903	0.0911721	0.0886504	0.0852471	0.0812673	0.076745	0.0725279	0.0684464	0.0643989	0.0602496	0.0567784	0.0533751	0.0508534	0.0488065	0.0466917	0.0447464	0.0426655	0.0416358	0.0406739	0.0395085	0.0378684	0.0359232	0.0354699	0.0362373	0.0381576	0.0409934	0.0434224	0.044834	0.0443468	0.0432493	0.0430334	0.0440042	0.046874	0.0496081	0.0521726	0.0542286	0.0558776	0.0577979	0.0594808	0.0625879	0.0654237	0.0678187	0.0686879	0.068438	0.0674083	0.066243	0.0663322	0.0678456	0.0702406	0.0714488	0.0713685	0.0690842	0.0660878	0.063227	0.0620956	0.0634394	0.0659701	0.0688737	0.0715739	0.0733586	0.075245	0.0775382	0.0804758	0.0831421
0.0326547	0.033168	0.0341222	0.0352798	0.0362	0.0368151	0.0365825	0.0370619	0.0385925	0.0422593	0.0464348	0.0511189	0.0543449	0.0564858	0.0568296	0.0568343	0.0564322	0.0567421	0.0571198	0.0589216	0.0615373	0.065611	0.0703629	0.075793	0.0811891	0.0857036	0.0899469	0.0933425	0.0969076	0.0995232	0.102308	0.104517	0.106862	0.108494	0.110533	0.112471	0.11434	0.115091	0.115333	0.116016	0.117207	0.119721	0.122744	0.12614	0.128959	0.131032	0.132969	0.132771	0.131385	0.129084	0.127597	0.126957	0.127437	0.129035	0.130939	0.132164	0.133389	0.134479	0.13584	0.135845	0.1349	0.132328	0.129247	0.126709	0.125086	0.125091	0.125027	0.125168	0.124698	0.12355	0.121316	0.118507	0.116002	0.113769	0.112417	0.11232	0.112969	0.113144	0.113487	0.113526	0.113633	0.111942	0.110251	0.109306	0.10887	0.109112	0.109456	0.110444	0.111432	0.111403	0.110933	0.109242	0.106365	0.102029	0.0976261	0.0939009	0.0905148	0.087739	0.0859466	0.0855783	0.0855491	0.0853165	0.0834562	0.0799006	0.074853	0.0708565	0.0691319	0.0703573	0.074804	0.080641	0.0870883	0.0929931	0.0988639	0.104057	0.10813	0.110712	0.112887	0.114655	0.116287	0.117513	0.119077	0.122066	0.125597	0.128959	0.130828	0.130833	0.128769	0.125519	0.121692	0.118747	0.116886	0.117298	0.118286	0.118969	0.118974	0.117656	0.116203	0.113596	0.11177	0.109774	0.10866	0.108495	0.109178	0.111048	0.112612	0.114753	0.11547	0.116526	0.116497	0.116773	0.116506	0.118511	0.122517	0.128524	0.135514	0.142809	0.149866	0.155025	0.158455	0.160256	0.161109	0.160503	0.159287	0.158037	0.158313	0.158691	0.159171	0.158565	0.15779	0.155658	0.153052	0.149903	0.147094	0.144894	0.143407	0.14392	0.144942	0.146914	0.148478	0.149907	0.150997	0.151782	0.152837	0.153181	0.154135	0.155429	0.158519	0.162321	0.166429	0.170537	0.173017	0.174005	0.172585	0.169979	0.167203	0.164462	0.162025	0.159826	0.158813	0.158614	0.158619	0.15859	0.158357	0.157345	0.153382	0.147453	0.140066	0.134035	0.128444	0.124719	0.121265	0.118659	0.115782	0.113345	0.111519	0.11054	0.110477	0.111431	0.113097	0.114357	0.115446	0.117282	0.120271	0.124412	0.129096	0.134425	0.138058	0.139826	0.140712	0.142853	0.146011	0.149474	0.151819	0.152705	0.151828	0.149832	0.147531	0.145196	0.143099	0.140764	0.138565	0.136603	0.135726	0.136239	0.139262	0.143674	0.148155	0.151212	0.151928	0.151085	0.149666	0.149365	0.149641	0.150901	0.151889	0.154098	0.154475	0.155396	0.155841	0.157406	0.158326	0.158195	0.156335	0.153186	0.150207	0.149092	0.15042	0.154019	0.157516	0.159691	0.158916	0.156411	0.153296	0.150622	0.14961	0.149445	0.150026	0.149759	0.149222	0.148752	0.148248	0.148422	0.147749	0.147957	0.147385	0.148136	0.149361	0.153198	0.159238	0.167211	0.175693	0.182513	0.187502	0.189915	0.192123	0.194264	0.197287	0.200479	0.203502	0.206117	0.208767	0.21067	0.211862	0.210612	0.20865	0.204654	0.199843	0.193914	0.18846	0.183988	0.180263	0.17742	0.173186	0.168308	0.16109	0.153974	0.146044	0.139301	0.13327	0.128528	0.124701	0.121755	0.119488	0.117086	0.115022	0.112111	0.10869	0.103812	0.0984935	0.0934459	0.0906023	0.0903358	0.0915612	0.0932274	0.0950293	0.0969329	0.0981922	0.0982308	0.0978626	0.0966466	0.0950576	0.0929939	0.0914389	0.0902568	0.0889391	0.0876892	0.0860663	0.083867	0.0803114	0.0760436	0.0717081	0.0681524	0.0657836	0.0647371	0.0642671	0.0637293	0.0625472	0.0603479	0.0579791	0.0549659	0.0527327	0.0507708	0.0492835	0.0482371	0.0473941	0.0482465	0.049438	0.0511721	0.0530078	0.0542333	0.0543397	0.0529203	0.0513313	0.0504544	0.0506965	0.0524305	0.0548428	0.0573567	0.0594298	0.0609943	0.0619485	0.0623601	0.06267	0.0627765	0.0628829	0.0625485	0.0624854	0.0622528	0.0628679	0.064195	0.0664716	0.0684091	0.0684477	0.0671639	0.0646594	0.0626975	0.0607016	0.0599603	0.0602024	0.0616313	0.062382	0.0632005	0.0634765	0.0644307	0.0656222	0.0667798	0.0681069
0.026128	0.0261514	0.0264121	0.0274527	0.0281204	0.0293984	0.0308459	0.0339549	0.0379795	0.0432248	0.0482666	0.052732	0.0558071	0.0575598	0.0581596	0.0577761	0.0573926	0.0579246	0.0597451	0.0630576	0.0671161	0.0716832	0.0768267	0.0817329	0.0859609	0.0885953	0.090348	0.0914564	0.0928022	0.094894	0.0973927	0.0996201	0.101102	0.101973	0.102979	0.104122	0.105501	0.106644	0.107481	0.109098	0.111359	0.114604	0.117849	0.12089	0.123423	0.125616	0.127335	0.12763	0.12745	0.12693	0.127225	0.127655	0.129544	0.131907	0.134304	0.135276	0.135707	0.13512	0.134295	0.132488	0.130545	0.128703	0.12798	0.128614	0.129044	0.129441	0.128955	0.128097	0.12673	0.124075	0.121352	0.118188	0.115905	0.113827	0.112324	0.112076	0.112574	0.113038	0.113401	0.113017	0.112159	0.109741	0.107696	0.106838	0.107506	0.109428	0.111689	0.113917	0.115296	0.115048	0.113309	0.110551	0.107082	0.103715	0.100449	0.0977259	0.094901	0.0919404	0.0897259	0.0881555	0.08706	0.0852862	0.0823935	0.0783139	0.07437	0.0718842	0.0718059	0.0741011	0.079482	0.085575	0.0917697	0.0969471	0.102464	0.107099	0.111327	0.115453	0.120088	0.124689	0.128103	0.13111	0.133304	0.135735	0.137691	0.138935	0.138416	0.135693	0.131511	0.127025	0.12359	0.121748	0.120924	0.121252	0.121513	0.121265	0.119966	0.117616	0.115266	0.112339	0.110464	0.109029	0.10834	0.108262	0.109472	0.111835	0.114164	0.115748	0.116246	0.116371	0.116055	0.116078	0.116577	0.119719	0.125507	0.132923	0.141525	0.149245	0.156017	0.160109	0.162642	0.163648	0.163265	0.161898	0.160768	0.160656	0.162443	0.164399	0.165473	0.164344	0.162028	0.158491	0.154716	0.151213	0.148388	0.146343	0.14501	0.145339	0.146074	0.147929	0.149817	0.151502	0.152305	0.152464	0.152657	0.152274	0.152806	0.154118	0.157295	0.160709	0.164293	0.166825	0.167594	0.166974	0.164962	0.16285	0.161008	0.160625	0.160377	0.160739	0.160356	0.160243	0.159012	0.157781	0.155566	0.152335	0.146221	0.139021	0.131755	0.126793	0.12329	0.121381	0.119709	0.117969	0.115314	0.112048	0.108986	0.106635	0.105031	0.104953	0.106333	0.10839	0.11055	0.113625	0.117887	0.122929	0.127767	0.132572	0.135274	0.136077	0.135456	0.13626	0.138351	0.141291	0.143688	0.14483	0.144718	0.142944	0.140899	0.139092	0.138437	0.137579	0.136856	0.136506	0.136937	0.138588	0.141731	0.146128	0.149644	0.151465	0.151318	0.150325	0.149805	0.15071	0.153277	0.156725	0.160546	0.164639	0.166934	0.168042	0.16793	0.168021	0.167773	0.166237	0.163412	0.160316	0.15844	0.158565	0.160488	0.163766	0.165994	0.166187	0.163769	0.160605	0.157237	0.154785	0.15369	0.153916	0.154245	0.153489	0.151986	0.150721	0.149863	0.149784	0.149231	0.149119	0.148803	0.150047	0.152512	0.157181	0.162969	0.169299	0.174612	0.177789	0.179135	0.178819	0.178876	0.179341	0.182314	0.187186	0.193144	0.198084	0.202142	0.204709	0.205851	0.204247	0.201998	0.198461	0.194212	0.189217	0.184426	0.180719	0.177691	0.175205	0.171125	0.165724	0.15805	0.149833	0.141244	0.134147	0.128338	0.12375	0.119975	0.117286	0.115546	0.113976	0.112711	0.109648	0.105908	0.101354	0.0975456	0.0943816	0.0930825	0.093445	0.09435	0.094882	0.0949393	0.0950644	0.0939349	0.0916525	0.0884885	0.0856297	0.0841272	0.0831333	0.0828176	0.0821968	0.0816776	0.0806837	0.0798255	0.0781196	0.0750912	0.0708082	0.0671695	0.065294	0.06508	0.0666293	0.0687211	0.0702364	0.069819	0.0678079	0.0650169	0.061446	0.0580107	0.0549485	0.0525983	0.0512653	0.0507123	0.052465	0.0545228	0.056852	0.0582995	0.0589672	0.0580072	0.0557927	0.053985	0.0534658	0.0544047	0.0559879	0.0583171	0.0601037	0.0613478	0.0614051	0.0604451	0.0592139	0.0581183	0.0577009	0.0571478	0.0566626	0.0565842	0.0570145	0.058835	0.0614354	0.0650192	0.0676874	0.068762	0.0687515	0.0680289	0.068154	0.068686	0.0700318	0.0716149	0.0732998	0.073764	0.0726345	0.0702165	0.0681715	0.0670759	0.0663872	0.0670549
0.0314285	0.031643	0.0311453	0.030919	0.030523	0.0313817	0.0330203	0.0359474	0.0397901	0.0443108	0.0483569	0.0512162	0.0529904	0.0542221	0.0558268	0.0571602	0.0587649	0.0608782	0.0636357	0.0671054	0.0705072	0.073909	0.0773108	0.0803057	0.0825547	0.0837864	0.0845433	0.085402	0.086532	0.0884418	0.0911316	0.0939909	0.0968162	0.0988278	0.100602	0.101868	0.103167	0.104467	0.106207	0.109812	0.114435	0.119702	0.124053	0.126912	0.127906	0.127612	0.12725	0.126753	0.126255	0.1263	0.127226	0.128085	0.129079	0.130345	0.131882	0.132673	0.132718	0.131542	0.129281	0.125121	0.121504	0.119277	0.12	0.122147	0.124227	0.125662	0.125605	0.124293	0.121965	0.118721	0.115782	0.113012	0.111429	0.110118	0.109586	0.109733	0.111134	0.112739	0.114615	0.116084	0.117316	0.117462	0.117371	0.118196	0.120377	0.123237	0.125384	0.127056	0.127644	0.126061	0.122579	0.11825	0.114192	0.1101	0.10628	0.103205	0.100503	0.0979032	0.0953033	0.0929068	0.089493	0.085062	0.0797494	0.0749454	0.0721081	0.0718478	0.074368	0.0782784	0.0840199	0.0893545	0.0948248	0.0993116	0.103561	0.106522	0.108602	0.110952	0.113608	0.117315	0.121497	0.127069	0.132403	0.137331	0.140326	0.140812	0.138551	0.134459	0.130096	0.126682	0.124726	0.124669	0.124748	0.124725	0.123482	0.121967	0.11974	0.116869	0.114201	0.110923	0.107984	0.104366	0.101427	0.0995395	0.0997539	0.101325	0.102522	0.103076	0.102985	0.1032	0.104092	0.106002	0.109336	0.114535	0.121802	0.129205	0.136608	0.142316	0.146905	0.149425	0.150521	0.151312	0.150916	0.150113	0.149446	0.149592	0.151299	0.152361	0.152677	0.150959	0.149105	0.146369	0.14438	0.142322	0.14135	0.141022	0.142084	0.144502	0.147192	0.149746	0.15169	0.152684	0.152492	0.151689	0.151327	0.152084	0.15457	0.158108	0.162764	0.166709	0.17011	0.171986	0.173015	0.172653	0.1709	0.16908	0.167735	0.168017	0.169113	0.171769	0.174357	0.175928	0.175803	0.173915	0.170129	0.164341	0.157231	0.1508	0.145691	0.143294	0.141881	0.140909	0.138919	0.136726	0.134329	0.131628	0.129197	0.126767	0.124845	0.123839	0.124121	0.125929	0.128585	0.131885	0.134914	0.1374	0.139005	0.140067	0.139909	0.139275	0.138608	0.139331	0.141343	0.143524	0.145129	0.14514	0.143998	0.141533	0.138866	0.136672	0.135225	0.134999	0.135383	0.137191	0.139203	0.141926	0.144006	0.145204	0.145181	0.144174	0.142795	0.141551	0.141868	0.143133	0.146026	0.149496	0.154254	0.158572	0.161058	0.16151	0.160368	0.158751	0.156728	0.15467	0.15285	0.152047	0.152499	0.153866	0.155132	0.155109	0.153391	0.15052	0.146902	0.144404	0.142177	0.141578	0.141453	0.142447	0.143883	0.144572	0.145057	0.145407	0.146063	0.146277	0.146017	0.146163	0.147124	0.149542	0.153148	0.158381	0.163647	0.167931	0.17018	0.170326	0.169795	0.168382	0.168393	0.169183	0.172653	0.177038	0.182	0.185571	0.18782	0.188814	0.188452	0.187141	0.185016	0.183128	0.181308	0.179149	0.177091	0.175034	0.173282	0.170546	0.165742	0.159751	0.152302	0.144786	0.137845	0.133618	0.13173	0.130927	0.130497	0.130576	0.130926	0.130056	0.128269	0.124618	0.120798	0.117079	0.114682	0.114015	0.114331	0.115665	0.11632	0.116568	0.11485	0.112691	0.10904	0.104575	0.0993638	0.0947972	0.0925702	0.091157	0.0910663	0.0905686	0.0903423	0.0884205	0.086024	0.0828476	0.0791286	0.0754775	0.0722672	0.0713966	0.0715771	0.0733174	0.0751595	0.0766963	0.0761309	0.0739717	0.0707275	0.0673137	0.0633575	0.060215	0.0576489	0.0566427	0.0557381	0.0568342	0.0574216	0.0577377	0.0562568	0.054335	0.0518028	0.0495081	0.0485018	0.0490214	0.0507278	0.0527733	0.0548866	0.0565252	0.0571126	0.056615	0.054761	0.0529409	0.0513921	0.0505554	0.0501934	0.0502722	0.0513343	0.0523287	0.0546793	0.0565553	0.0591433	0.0608497	0.0620475	0.0633809	0.06407	0.0658103	0.0672116	0.0691214	0.0708617	0.0720595	0.0721044	0.0695723	0.0658872	0.0618631	0.058958	0.0568327	0.056742
0.0457391	0.0456041	0.0446554	0.0436049	0.0429275	0.0435046	0.045099	0.0473377	0.0499832	0.053273	0.0560881	0.0589032	0.0611419	0.063211	0.065687	0.0684003	0.0719614	0.0752851	0.0782359	0.0808136	0.0828827	0.0842736	0.0854272	0.0859365	0.0866154	0.0865483	0.0864812	0.0861428	0.0865165	0.0872971	0.0888237	0.0897738	0.0905544	0.0909281	0.0913696	0.092218	0.0936089	0.0960849	0.0997477	0.105309	0.111922	0.117959	0.122401	0.124674	0.124878	0.123522	0.121895	0.120675	0.119896	0.119761	0.12061	0.12139	0.12251	0.123901	0.125326	0.1257	0.124785	0.122819	0.120039	0.11614	0.113225	0.111937	0.113023	0.114346	0.115194	0.114822	0.113568	0.111263	0.108924	0.106348	0.104653	0.104009	0.10462	0.105503	0.105673	0.106047	0.107099	0.108557	0.110321	0.112085	0.114154	0.116189	0.118665	0.122227	0.126296	0.130129	0.132672	0.134436	0.134098	0.131386	0.126165	0.120571	0.115282	0.110806	0.10684	0.103721	0.100907	0.0981615	0.0951782	0.0914829	0.0867025	0.0816509	0.077074	0.074362	0.0737524	0.0760927	0.0801963	0.0848764	0.0896582	0.0940669	0.0985435	0.10241	0.106039	0.109227	0.111703	0.113772	0.115536	0.118927	0.123438	0.129033	0.133578	0.137003	0.138293	0.137479	0.135073	0.132395	0.130666	0.129582	0.129616	0.130227	0.129889	0.127753	0.123346	0.118972	0.114362	0.110734	0.107717	0.1047	0.10131	0.0977161	0.0944956	0.0920888	0.0912078	0.0920563	0.093142	0.0935835	0.0939572	0.0949413	0.0977224	0.102538	0.109693	0.117934	0.126412	0.13394	0.140519	0.145436	0.148794	0.15049	0.15083	0.151	0.15073	0.150323	0.149646	0.149308	0.149173	0.149004	0.148191	0.147208	0.145615	0.143954	0.142259	0.141141	0.140769	0.14138	0.14328	0.145111	0.146502	0.146537	0.145859	0.143893	0.141521	0.139453	0.138979	0.140878	0.145152	0.150883	0.156207	0.160141	0.162821	0.164618	0.166721	0.168621	0.169842	0.171165	0.17181	0.173608	0.175304	0.178594	0.181308	0.182563	0.181784	0.179106	0.174461	0.168222	0.162018	0.157136	0.153814	0.152187	0.15117	0.149645	0.146628	0.143238	0.14022	0.138051	0.136865	0.136628	0.13707	0.13802	0.138733	0.140022	0.141006	0.14199	0.141821	0.141178	0.140093	0.139212	0.138331	0.138061	0.138401	0.139588	0.141183	0.142879	0.144236	0.144135	0.142609	0.139592	0.137253	0.135728	0.136136	0.138341	0.141529	0.144988	0.147396	0.149567	0.150144	0.149772	0.148687	0.14784	0.147027	0.146825	0.147843	0.149844	0.152761	0.156457	0.161273	0.165682	0.168734	0.169922	0.16955	0.167685	0.165584	0.163821	0.163551	0.164229	0.165078	0.165214	0.163825	0.160095	0.15501	0.149687	0.145347	0.142873	0.141483	0.141653	0.141078	0.140231	0.138672	0.137282	0.135893	0.135588	0.135555	0.135929	0.136811	0.139287	0.143797	0.149664	0.155972	0.161669	0.165332	0.166282	0.16452	0.161028	0.158214	0.155875	0.156384	0.158182	0.163371	0.168526	0.173613	0.176529	0.177717	0.177853	0.176972	0.176803	0.175956	0.176093	0.175449	0.174907	0.172941	0.170467	0.167009	0.162873	0.156702	0.149684	0.141784	0.134155	0.128188	0.125069	0.125273	0.125986	0.126462	0.125784	0.124937	0.122835	0.120598	0.117818	0.115988	0.115446	0.116023	0.117211	0.116872	0.115347	0.112398	0.109008	0.104261	0.0993114	0.0942937	0.0893438	0.0845295	0.0806647	0.0794786	0.0800557	0.081311	0.0823629	0.0830078	0.0821947	0.0807374	0.0786697	0.0775853	0.0774843	0.0780953	0.079961	0.0810468	0.0816578	0.080743	0.0792178	0.0763363	0.0731496	0.0697595	0.0680987	0.0663361	0.0657265	0.0649812	0.0651175	0.0648131	0.0654919	0.0652892	0.0649169	0.0630865	0.0613918	0.0596632	0.0586127	0.0589186	0.0600722	0.0616666	0.0626845	0.0629226	0.0620078	0.0598723	0.056889	0.0535667	0.051499	0.0508893	0.0511952	0.051908	0.0524851	0.0537065	0.0545549	0.0561154	0.0573368	0.0594059	0.0621532	0.0652057	0.0684955	0.0705646	0.0725998	0.0741603	0.0756868	0.0772134	0.0775871	0.0770453	0.0742655	0.0702989	0.0666714	0.0643325	0.063655	0.0648086
0.0558625	0.0571075	0.0571996	0.0569187	0.0566717	0.0571707	0.0579409	0.0586434	0.0591424	0.0598787	0.0606151	0.0617583	0.0626303	0.0640787	0.0665105	0.0698917	0.0737476	0.0765863	0.078645	0.0800595	0.0815758	0.0828547	0.0836927	0.0832084	0.0831648	0.082477	0.0832134	0.083102	0.083601	0.0827437	0.0821915	0.0813003	0.0808159	0.0810436	0.0819495	0.0838387	0.0861688	0.0895161	0.0941858	0.100347	0.10773	0.114739	0.12063	0.12418	0.125934	0.125517	0.123982	0.12204	0.120436	0.120121	0.120993	0.121696	0.121991	0.121846	0.121904	0.121589	0.121478	0.120383	0.118339	0.114295	0.110758	0.108409	0.107959	0.108356	0.108855	0.108744	0.107208	0.104825	0.102408	0.100771	0.0996419	0.0995984	0.100233	0.100698	0.100621	0.100374	0.10111	0.102219	0.10438	0.107524	0.111549	0.115337	0.119125	0.123524	0.127922	0.131269	0.132311	0.131691	0.128664	0.123364	0.116539	0.109951	0.104414	0.0992847	0.094494	0.0906527	0.0874218	0.0850385	0.0824858	0.0797296	0.0758205	0.0717757	0.0684092	0.0666024	0.0664232	0.0689567	0.0739655	0.0799916	0.0856446	0.0907212	0.0955266	0.0999589	0.104222	0.108925	0.112815	0.115247	0.116526	0.119025	0.123424	0.128399	0.133475	0.137942	0.141221	0.1425	0.141778	0.141497	0.141589	0.142597	0.143435	0.144273	0.143043	0.139473	0.133597	0.127789	0.122998	0.119801	0.117723	0.115035	0.11099	0.106403	0.101816	0.0984153	0.0958625	0.0951747	0.0946226	0.0946808	0.0952137	0.0977471	0.102824	0.109901	0.118538	0.126599	0.133099	0.137701	0.141082	0.144192	0.147201	0.149531	0.150674	0.151139	0.151265	0.15095	0.150534	0.150151	0.150073	0.149284	0.148189	0.147671	0.147526	0.147889	0.148524	0.150006	0.151217	0.152428	0.153131	0.15363	0.153484	0.152932	0.152448	0.151319	0.150157	0.148892	0.148408	0.149687	0.152695	0.156992	0.161187	0.164568	0.166389	0.167804	0.169456	0.172091	0.174455	0.176683	0.178505	0.179445	0.179435	0.178883	0.178364	0.1771	0.175226	0.172164	0.167679	0.162447	0.156843	0.152425	0.148685	0.146031	0.143817	0.140925	0.137457	0.134226	0.132725	0.132715	0.134096	0.136154	0.138857	0.140984	0.142093	0.143203	0.143905	0.143828	0.141919	0.139299	0.13739	0.136295	0.13632	0.137395	0.139725	0.14236	0.144419	0.145901	0.146807	0.147001	0.146856	0.146812	0.147718	0.148149	0.149191	0.151046	0.154156	0.1573	0.16024	0.162435	0.162832	0.160957	0.158642	0.15653	0.154825	0.154171	0.154297	0.155678	0.156177	0.157083	0.158226	0.159776	0.161564	0.163758	0.165885	0.166621	0.165323	0.163448	0.161743	0.160954	0.159757	0.158052	0.154923	0.150098	0.144867	0.139974	0.136676	0.135683	0.136385	0.137935	0.138536	0.137272	0.135363	0.133082	0.131546	0.131943	0.133188	0.135756	0.138289	0.142552	0.147798	0.153011	0.157341	0.160553	0.162239	0.161585	0.159202	0.156174	0.154062	0.15273	0.153839	0.15661	0.161043	0.164525	0.167195	0.168168	0.167989	0.167166	0.16641	0.166706	0.167035	0.168178	0.168881	0.169075	0.167437	0.164783	0.160026	0.154964	0.148715	0.143891	0.139134	0.135123	0.131417	0.129577	0.129364	0.129151	0.12887	0.128148	0.127392	0.124806	0.122287	0.120005	0.118809	0.11863	0.119163	0.120306	0.119313	0.116285	0.111359	0.105449	0.0991328	0.0930875	0.0888732	0.0855406	0.08292	0.0805029	0.0790013	0.0782118	0.0775918	0.0779212	0.0786915	0.0794956	0.0796555	0.0799172	0.0808909	0.0832548	0.0857544	0.0886948	0.0900754	0.0899641	0.0881912	0.0856045	0.082238	0.0788036	0.0752336	0.0736981	0.0724338	0.072492	0.0725841	0.0729475	0.0728361	0.0723856	0.0713249	0.0700945	0.0684234	0.0667861	0.0662001	0.0662243	0.0672659	0.067358	0.066738	0.0648973	0.0623445	0.0597239	0.0564591	0.053669	0.0509128	0.0490382	0.0479435	0.0470522	0.0477208	0.0484571	0.0502446	0.0514557	0.0529719	0.0540474	0.0554958	0.0580971	0.0613427	0.065029	0.0673252	0.068604	0.0684927	0.0679744	0.0677953	0.0670735	0.0670978	0.0666474	0.0662647	0.0653735	0.0644483	0.0643709	0.0649377
0.0457847	0.0483516	0.0503083	0.0514511	0.0517123	0.0519057	0.0521669	0.0529367	0.05391	0.0554258	0.0576876	0.0600172	0.0620755	0.0638626	0.06626	0.0687592	0.071767	0.0735201	0.075002	0.0756701	0.0766773	0.0776506	0.0783526	0.0784443	0.0786038	0.0781868	0.078075	0.0768442	0.0760882	0.0746201	0.0735928	0.072735	0.0722841	0.0731896	0.0746715	0.0777132	0.0812974	0.0860345	0.0916532	0.0977466	0.104349	0.110069	0.114942	0.118696	0.122178	0.124236	0.125244	0.125064	0.124986	0.124976	0.125542	0.126211	0.126472	0.126258	0.125401	0.12478	0.124194	0.123539	0.122376	0.120806	0.119135	0.117904	0.117182	0.116595	0.115331	0.11349	0.111072	0.108383	0.106101	0.10443	0.10364	0.103392	0.104162	0.105136	0.106177	0.106879	0.107784	0.108418	0.109527	0.111721	0.114593	0.11794	0.121389	0.125448	0.128761	0.131056	0.131419	0.130494	0.127093	0.121997	0.115442	0.108989	0.10274	0.0969997	0.0912252	0.0864002	0.0822872	0.0793271	0.0766383	0.0735426	0.0707181	0.0682328	0.067748	0.0682126	0.0696945	0.0722615	0.0759474	0.0801759	0.083828	0.0876495	0.0917085	0.0960387	0.101115	0.107073	0.112793	0.116852	0.119962	0.123919	0.128079	0.131494	0.133892	0.135916	0.137567	0.138337	0.139141	0.140216	0.141732	0.142671	0.143238	0.142685	0.140166	0.135578	0.12977	0.124165	0.119034	0.115159	0.112233	0.109442	0.106312	0.103725	0.101952	0.100959	0.100609	0.101413	0.102759	0.10458	0.106978	0.111071	0.116723	0.1238	0.131589	0.139208	0.144691	0.148886	0.15186	0.155105	0.158248	0.160205	0.161348	0.160694	0.160344	0.15969	0.159307	0.159093	0.158473	0.158124	0.156893	0.156883	0.15633	0.15632	0.155836	0.156165	0.156426	0.156043	0.154676	0.152293	0.149367	0.147119	0.145549	0.144352	0.143019	0.142433	0.142491	0.143803	0.145861	0.149208	0.15286	0.156377	0.159079	0.161748	0.163772	0.166	0.167482	0.169134	0.170378	0.171351	0.171579	0.171162	0.169829	0.167954	0.165299	0.162102	0.158328	0.154486	0.150102	0.145718	0.141503	0.137695	0.134566	0.131402	0.128815	0.126804	0.126387	0.127598	0.129928	0.133207	0.136825	0.1399	0.141823	0.143	0.14299	0.141623	0.138765	0.135907	0.133998	0.133513	0.133469	0.134578	0.136162	0.138966	0.141194	0.144032	0.146294	0.148454	0.149936	0.151214	0.15351	0.155399	0.158373	0.160363	0.162896	0.164921	0.167148	0.169037	0.169739	0.170034	0.169889	0.16998	0.169597	0.169757	0.169713	0.170347	0.170201	0.170835	0.171368	0.172307	0.173721	0.176187	0.178754	0.180236	0.18009	0.178927	0.176679	0.173651	0.170081	0.165764	0.1606	0.154385	0.148441	0.143039	0.138858	0.136848	0.136261	0.136963	0.137224	0.136536	0.135272	0.133905	0.133013	0.134021	0.13635	0.140545	0.144638	0.149137	0.153502	0.156848	0.159008	0.160829	0.161735	0.16186	0.160664	0.15984	0.158779	0.158056	0.158691	0.160817	0.164028	0.165679	0.166822	0.166439	0.166158	0.165741	0.166206	0.167484	0.168627	0.169532	0.168844	0.166833	0.162585	0.158133	0.152392	0.147431	0.142301	0.139138	0.136347	0.134167	0.131749	0.130519	0.129763	0.128803	0.127437	0.125731	0.123958	0.12093	0.118546	0.116332	0.115169	0.113939	0.113216	0.111816	0.108822	0.104133	0.0987651	0.0934314	0.088369	0.0838492	0.0806178	0.0782342	0.0762574	0.0744502	0.072643	0.0708697	0.068893	0.0681369	0.0686355	0.0698122	0.0709889	0.072403	0.0746648	0.0776048	0.0803413	0.0826031	0.0834407	0.0831255	0.0819286	0.0802231	0.0790602	0.0781007	0.0772429	0.0768938	0.0765446	0.0765346	0.0760498	0.0751581	0.0737917	0.071781	0.0698382	0.068777	0.0684617	0.068689	0.0696623	0.0707034	0.0715071	0.0703781	0.0681301	0.0646275	0.0613283	0.0581987	0.0548995	0.0522107	0.0502678	0.0491727	0.0487557	0.0483727	0.0491086	0.0493359	0.0504787	0.0515537	0.0527304	0.0538733	0.0554908	0.058702	0.0625236	0.0661756	0.0681662	0.0684613	0.0677731	0.0670848	0.0668035	0.0660135	0.0658339	0.0655865	0.0655086	0.0650238	0.0644373	0.0647664	0.0656718
0.0150017	0.018334	0.0212256	0.0239137	0.0258219	0.027764	0.0298078	0.0324959	0.0360317	0.0398727	0.0441545	0.0470799	0.0494289	0.0509302	0.052635	0.0543397	0.056587	0.0582579	0.0599965	0.0609553	0.0622531	0.0633136	0.0644419	0.0646886	0.0648336	0.0644699	0.0646149	0.0641495	0.0634129	0.0625067	0.0618378	0.062661	0.0638571	0.0668165	0.0701488	0.074634	0.0793905	0.0843505	0.0890731	0.0934566	0.098247	0.10341	0.108709	0.113771	0.118426	0.121758	0.124277	0.126524	0.129517	0.132714	0.135402	0.137107	0.137082	0.136244	0.135168	0.134838	0.135255	0.135535	0.135239	0.134876	0.133597	0.13269	0.131581	0.131522	0.131226	0.131066	0.130126	0.129084	0.127568	0.126323	0.125755	0.125527	0.126249	0.126699	0.127658	0.127803	0.128355	0.129178	0.131391	0.134995	0.138395	0.141252	0.14272	0.143679	0.143925	0.143087	0.140824	0.136866	0.131552	0.12539	0.118584	0.112252	0.106124	0.100641	0.0945464	0.0895373	0.0846977	0.0807737	0.0769514	0.0732986	0.0708326	0.0685023	0.0684438	0.0686227	0.0702257	0.0722696	0.0758393	0.0799854	0.0837586	0.0872266	0.0902876	0.0939252	0.098173	0.103303	0.108568	0.112917	0.116928	0.121074	0.125525	0.129468	0.133072	0.136777	0.140516	0.143713	0.145384	0.146749	0.147335	0.14809	0.148168	0.147092	0.144897	0.140431	0.135862	0.130514	0.126048	0.121445	0.117725	0.114174	0.111233	0.108937	0.107386	0.106582	0.106015	0.10616	0.106847	0.108993	0.111816	0.115725	0.12038	0.125815	0.131521	0.137159	0.14161	0.145146	0.147224	0.149437	0.151854	0.153592	0.154314	0.153475	0.152807	0.152579	0.15313	0.154428	0.155896	0.156854	0.156592	0.156195	0.155763	0.155671	0.15568	0.156504	0.157394	0.157404	0.156498	0.154947	0.152956	0.151405	0.150499	0.15	0.149094	0.148188	0.147553	0.147833	0.148826	0.151073	0.154473	0.158179	0.160901	0.162266	0.161869	0.161505	0.160701	0.160473	0.160584	0.160864	0.160738	0.159493	0.157807	0.155748	0.153214	0.15007	0.146586	0.142798	0.138467	0.13434	0.130924	0.128357	0.126738	0.125459	0.124722	0.124359	0.125419	0.127192	0.129473	0.13172	0.134408	0.136317	0.138021	0.139523	0.140414	0.140592	0.139585	0.139051	0.13862	0.139036	0.138876	0.139428	0.140319	0.142566	0.144678	0.147061	0.148799	0.150402	0.152005	0.154524	0.157856	0.161053	0.164148	0.165887	0.167117	0.16872	0.171577	0.174808	0.17675	0.177946	0.178396	0.178609	0.178211	0.178458	0.178976	0.180376	0.181063	0.181513	0.181082	0.179972	0.179473	0.179245	0.180238	0.180756	0.180426	0.178808	0.175426	0.171197	0.166527	0.162501	0.158645	0.154755	0.150525	0.146296	0.14166	0.138787	0.137372	0.138331	0.139324	0.140045	0.140292	0.140166	0.140819	0.142863	0.146975	0.152071	0.156692	0.159922	0.161661	0.161874	0.161442	0.161893	0.163258	0.164929	0.166057	0.166643	0.166415	0.165611	0.164874	0.164985	0.165232	0.164732	0.163453	0.161428	0.15964	0.1587	0.158947	0.160007	0.160797	0.160535	0.158645	0.154857	0.150153	0.145245	0.140779	0.137024	0.134118	0.132126	0.13044	0.129059	0.127543	0.126908	0.126646	0.126248	0.125681	0.124707	0.124174	0.122522	0.121277	0.118946	0.116718	0.113167	0.110192	0.107116	0.104209	0.101031	0.097446	0.0941662	0.0908864	0.0879796	0.0853441	0.0826069	0.0801748	0.0772002	0.0741239	0.0703016	0.0669201	0.0644202	0.0642261	0.0654561	0.0674999	0.069815	0.0718928	0.0735975	0.0741494	0.0743961	0.0746428	0.0745504	0.0746954	0.0745691	0.0754261	0.0762831	0.077208	0.0778277	0.0780405	0.0783211	0.0779574	0.0772547	0.075772	0.0738147	0.0718234	0.0704086	0.0700449	0.0694439	0.0693515	0.0684114	0.0677426	0.0653784	0.0625055	0.0588866	0.0560477	0.0539886	0.0518956	0.0498704	0.0479809	0.0462609	0.045253	0.0441434	0.0440849	0.0437212	0.0446122	0.0459778	0.0479878	0.0505741	0.0536352	0.0571371	0.0600965	0.0624455	0.0640485	0.0649733	0.0653896	0.0660771	0.0668324	0.0670113	0.0674614	0.0678098	0.0683956	0.0680319	0.0672953	0.0674403	0.0681956
0.0104911	0.012576	0.0150339	0.0182378	0.02134	0.0251542	0.0294771	0.0345798	0.0403269	0.0461078	0.0513123	0.0548892	0.0575166	0.0589912	0.0608048	0.0626863	0.0653477	0.067636	0.069721	0.0706869	0.0709408	0.0702452	0.0696514	0.0682437	0.0666327	0.0643434	0.0622915	0.0600701	0.058832	0.0585433	0.0592041	0.0614246	0.0639165	0.0676629	0.0705955	0.074308	0.0782918	0.0829538	0.0872766	0.0912943	0.0948712	0.0982447	0.101618	0.105161	0.109348	0.113264	0.117316	0.121266	0.125182	0.128657	0.130911	0.132623	0.132979	0.133267	0.132944	0.132927	0.132333	0.131705	0.131281	0.132043	0.132399	0.132212	0.131211	0.129939	0.128193	0.126988	0.125818	0.125462	0.124664	0.124545	0.124799	0.124985	0.125748	0.126612	0.128493	0.1299	0.131917	0.133459	0.135409	0.137494	0.139307	0.14146	0.142697	0.143222	0.142222	0.139695	0.136355	0.132065	0.127063	0.121925	0.116313	0.111413	0.105665	0.100934	0.095356	0.0912696	0.0870136	0.0840462	0.0813501	0.0792303	0.078094	0.0769576	0.0778557	0.0788895	0.0812118	0.0829576	0.0853816	0.0880091	0.0903313	0.0926536	0.0948742	0.0980442	0.101892	0.106317	0.111081	0.115302	0.119591	0.124117	0.128542	0.132424	0.13539	0.138187	0.140306	0.142221	0.143696	0.145001	0.145221	0.145136	0.14444	0.142388	0.139421	0.134894	0.130434	0.124924	0.120193	0.115225	0.111512	0.107832	0.105679	0.103762	0.102829	0.10288	0.103439	0.104676	0.105981	0.108405	0.111643	0.115796	0.120424	0.125357	0.130257	0.134919	0.138733	0.141937	0.143649	0.144649	0.14436	0.1438	0.143478	0.143731	0.144731	0.145935	0.146527	0.147053	0.147374	0.148645	0.149408	0.14956	0.149102	0.148338	0.147812	0.147863	0.148727	0.149795	0.150218	0.150099	0.14937	0.148572	0.146893	0.144774	0.142451	0.141212	0.141297	0.142331	0.143669	0.145619	0.147466	0.149822	0.152518	0.155416	0.1574	0.158637	0.159196	0.160026	0.160416	0.161416	0.162246	0.162703	0.16177	0.159651	0.156175	0.152088	0.148137	0.14456	0.141762	0.139778	0.13915	0.138658	0.137827	0.136249	0.134503	0.133027	0.133179	0.134281	0.136332	0.138485	0.141248	0.143638	0.145892	0.148079	0.148909	0.148994	0.147484	0.146992	0.146263	0.146856	0.147211	0.148448	0.149923	0.152517	0.155246	0.158009	0.159653	0.160721	0.16111	0.161805	0.163618	0.166382	0.170365	0.173535	0.176095	0.178451	0.181045	0.183604	0.185181	0.18713	0.188774	0.190689	0.191655	0.19296	0.194299	0.195503	0.196706	0.196892	0.196129	0.19289	0.189177	0.184615	0.181411	0.179189	0.178121	0.177527	0.175611	0.172507	0.16815	0.163928	0.159841	0.155314	0.150617	0.145785	0.140885	0.137171	0.135018	0.135814	0.136882	0.138221	0.138339	0.138423	0.138813	0.140627	0.14417	0.148357	0.15268	0.155646	0.157222	0.156934	0.156035	0.156255	0.157289	0.159068	0.160441	0.161509	0.161661	0.161033	0.160643	0.160829	0.161557	0.160692	0.158674	0.155164	0.151519	0.149026	0.147991	0.148822	0.149279	0.148617	0.145718	0.141258	0.13646	0.132272	0.129169	0.126269	0.124014	0.121657	0.119232	0.11701	0.115942	0.116738	0.118688	0.1204	0.121569	0.121484	0.121127	0.119889	0.119126	0.117447	0.115937	0.112428	0.108782	0.103712	0.0998631	0.0965227	0.0947082	0.0933345	0.0916216	0.0894341	0.0866023	0.0837705	0.0811761	0.0792599	0.0779539	0.076648	0.0751726	0.0740362	0.0740188	0.0743744	0.0752386	0.0764419	0.0784251	0.0795267	0.0794754	0.0790172	0.079305	0.0794571	0.0800162	0.0806769	0.0824567	0.0837617	0.0849311	0.0852867	0.0850998	0.0844042	0.0832678	0.0819619	0.0797405	0.0772817	0.0749585	0.0731779	0.0718381	0.0700235	0.0681412	0.0653094	0.0623759	0.0590355	0.0560002	0.0529989	0.0506757	0.0484204	0.0461311	0.0432654	0.0413831	0.0406536	0.0418908	0.0431619	0.0447721	0.0455346	0.0465345	0.047297	0.0485681	0.0508904	0.0540943	0.0573321	0.0599595	0.0611967	0.0615523	0.0612637	0.0620601	0.0639415	0.0666029	0.06862	0.069586	0.0694668	0.0681609	0.0671263	0.0666342	0.0677697	0.0695833
0.00826345	0.00906527	0.0108843	0.0140936	0.0182185	0.0229876	0.0280279	0.0332378	0.038719	0.0441663	0.0481894	0.0514326	0.0537942	0.056088	0.0585174	0.0614555	0.06497	0.068281	0.0705409	0.0707662	0.0694657	0.0665037	0.0645929	0.062716	0.0623988	0.0616069	0.061222	0.0603284	0.0596043	0.0590159	0.0588005	0.0598396	0.0612518	0.0634439	0.0651612	0.0680993	0.0722241	0.0782139	0.0846106	0.0912446	0.0965224	0.100105	0.102331	0.103845	0.105392	0.107415	0.110353	0.114681	0.119111	0.1231	0.12553	0.126535	0.127066	0.127867	0.12911	0.129437	0.128849	0.127413	0.126485	0.126914	0.127648	0.127839	0.126471	0.12378	0.120581	0.118365	0.116861	0.116917	0.117278	0.118758	0.12034	0.121481	0.122588	0.123525	0.125141	0.126248	0.128338	0.130835	0.134417	0.137593	0.140497	0.143265	0.145424	0.14592	0.14462	0.140912	0.136187	0.130851	0.125685	0.121231	0.116947	0.113612	0.109463	0.105517	0.100724	0.0972876	0.0940883	0.0914992	0.0887746	0.0863551	0.0847156	0.0832116	0.0835726	0.0851882	0.0882958	0.0906574	0.0933242	0.0960249	0.0983187	0.100172	0.101618	0.103878	0.106646	0.109584	0.112963	0.116071	0.119822	0.124049	0.129089	0.133825	0.137644	0.140582	0.142774	0.145238	0.147125	0.149079	0.149678	0.15014	0.14962	0.147845	0.144781	0.140123	0.135229	0.130266	0.126626	0.122952	0.119854	0.116587	0.114778	0.113003	0.11177	0.111385	0.111407	0.112107	0.113078	0.115508	0.119022	0.123249	0.127102	0.130854	0.133691	0.135917	0.1376	0.139283	0.140356	0.140819	0.1404	0.140761	0.141597	0.143586	0.145778	0.147427	0.147822	0.147268	0.146747	0.146599	0.14713	0.147661	0.148564	0.149705	0.150676	0.152258	0.153433	0.155015	0.155681	0.155974	0.155453	0.154119	0.151835	0.149653	0.14798	0.148205	0.149854	0.15303	0.155086	0.156431	0.15591	0.155491	0.155276	0.155976	0.157524	0.158902	0.160178	0.160709	0.160595	0.159736	0.158401	0.15649	0.154376	0.151482	0.148045	0.144473	0.141646	0.139566	0.138333	0.138389	0.139055	0.139315	0.138319	0.13651	0.134735	0.134011	0.136271	0.140158	0.144249	0.146713	0.148769	0.149774	0.149966	0.149445	0.148484	0.147726	0.146425	0.146108	0.146503	0.147915	0.149361	0.151079	0.152253	0.153767	0.155044	0.156219	0.156749	0.156907	0.158082	0.160375	0.164093	0.16815	0.172241	0.175451	0.176659	0.177088	0.176974	0.177573	0.178137	0.180058	0.183166	0.18746	0.191246	0.194286	0.196545	0.197449	0.198217	0.197154	0.19548	0.191806	0.188166	0.183712	0.180377	0.178127	0.176962	0.175865	0.173547	0.169738	0.164402	0.159202	0.15468	0.150938	0.148044	0.145964	0.144087	0.142278	0.141147	0.141474	0.141191	0.141179	0.140455	0.14068	0.141719	0.144013	0.147358	0.150228	0.153438	0.155901	0.157754	0.157776	0.157696	0.158023	0.15913	0.160881	0.16287	0.164452	0.164914	0.164156	0.162924	0.160979	0.158356	0.154818	0.150669	0.146554	0.142744	0.140766	0.140279	0.141216	0.140967	0.139294	0.135586	0.130792	0.125728	0.121478	0.118753	0.116707	0.115779	0.115089	0.114873	0.114488	0.11529	0.116838	0.11903	0.120578	0.12138	0.120791	0.119423	0.117783	0.117025	0.116471	0.11534	0.112446	0.108229	0.102826	0.0978971	0.0937144	0.0914306	0.0895875	0.0876428	0.0851894	0.0821596	0.0789941	0.075727	0.0734431	0.0721765	0.0715881	0.0711692	0.0703434	0.0701958	0.070116	0.071223	0.0731777	0.0761836	0.0784096	0.0788045	0.0783178	0.0774581	0.0767001	0.0765864	0.0779986	0.0803263	0.0829253	0.0851512	0.0868347	0.0873652	0.0874889	0.0879855	0.0887195	0.0883685	0.0874071	0.0856997	0.0838905	0.0817084	0.0790516	0.0766999	0.0732971	0.0701656	0.0660168	0.0620714	0.0576175	0.0536043	0.0500319	0.0472056	0.0450574	0.0437569	0.0440162	0.0454283	0.0467727	0.0475067	0.0479355	0.0482965	0.0485897	0.0493237	0.051448	0.0547251	0.0577649	0.060296	0.061403	0.0615945	0.0609382	0.0607228	0.0608126	0.0612414	0.0615346	0.0614887	0.0610698	0.0604136	0.0608424	0.0629667	0.0659725	0.0691818
0.0244004	0.026236	0.0295637	0.0344511	0.0394064	0.0442599	0.0486726	0.0526106	0.0568538	0.0612326	0.0652045	0.0686	0.071046	0.0730851	0.0752938	0.0775703	0.0798807	0.0815807	0.0818227	0.0801998	0.0765084	0.0718676	0.0687527	0.0674688	0.0680838	0.0680206	0.0673809	0.0654528	0.0631178	0.0608505	0.0597362	0.0603851	0.0624242	0.0653111	0.0678927	0.0706439	0.0739038	0.078486	0.0841873	0.0899224	0.0944029	0.0963742	0.0969553	0.0966887	0.0977106	0.100597	0.104807	0.110304	0.114785	0.11818	0.118999	0.118631	0.118364	0.118606	0.118882	0.118242	0.116043	0.11303	0.110118	0.108597	0.107957	0.106572	0.103864	0.0993923	0.094175	0.0898733	0.0866227	0.0857797	0.0865981	0.0887051	0.0911511	0.0922069	0.0935678	0.0947254	0.09768	0.100872	0.105047	0.109087	0.112822	0.1152	0.117137	0.119516	0.122436	0.123967	0.123361	0.120483	0.116962	0.113542	0.110901	0.109312	0.108774	0.108643	0.107156	0.105058	0.101977	0.100185	0.0986296	0.0982274	0.0980964	0.0979993	0.0981735	0.0977712	0.0990643	0.101239	0.104499	0.106335	0.107492	0.108107	0.108688	0.109778	0.111647	0.11467	0.119117	0.123902	0.128722	0.132592	0.136598	0.140638	0.14505	0.148514	0.151061	0.15171	0.151478	0.151109	0.151521	0.15217	0.152208	0.151602	0.150319	0.147611	0.143207	0.137651	0.13223	0.127657	0.124644	0.121766	0.119465	0.117096	0.116185	0.115986	0.116466	0.11803	0.119696	0.122075	0.124114	0.126865	0.130023	0.133588	0.136543	0.138277	0.139163	0.139574	0.139816	0.140567	0.14203	0.143832	0.144853	0.145909	0.147575	0.149886	0.152162	0.15315	0.153019	0.1516	0.150384	0.149812	0.150562	0.15172	0.15325	0.154815	0.155226	0.155028	0.152896	0.151443	0.149413	0.148468	0.147828	0.147697	0.147465	0.147537	0.148695	0.151547	0.155282	0.159356	0.161666	0.162315	0.160522	0.158628	0.158124	0.159519	0.162745	0.165361	0.167874	0.16832	0.167579	0.165243	0.162603	0.160166	0.158103	0.156412	0.154416	0.152725	0.15134	0.151175	0.151417	0.152133	0.152036	0.150583	0.147909	0.144387	0.141848	0.140802	0.142841	0.145999	0.148886	0.149806	0.149845	0.149069	0.147752	0.146468	0.14576	0.145799	0.146075	0.146656	0.147847	0.149615	0.15179	0.15332	0.153732	0.153838	0.154453	0.155306	0.156192	0.15796	0.160847	0.163971	0.166993	0.169677	0.172224	0.173585	0.173827	0.173493	0.173464	0.173943	0.175914	0.179344	0.184502	0.189627	0.193836	0.195706	0.195609	0.192935	0.190735	0.18779	0.185658	0.182815	0.180039	0.176754	0.172826	0.169575	0.166697	0.163854	0.160196	0.155149	0.149355	0.143663	0.139192	0.136212	0.135098	0.135306	0.136362	0.136773	0.137151	0.13702	0.136177	0.135537	0.13544	0.136801	0.138874	0.141354	0.143597	0.144958	0.146692	0.148663	0.150567	0.151215	0.15183	0.152649	0.153942	0.156083	0.158902	0.161246	0.161793	0.160916	0.159293	0.156789	0.153369	0.149813	0.1468	0.144702	0.142774	0.141626	0.141223	0.14133	0.140046	0.137033	0.132426	0.126632	0.120567	0.115587	0.112913	0.112714	0.114652	0.11842	0.121883	0.124567	0.126097	0.127085	0.127531	0.127332	0.126692	0.1249	0.12226	0.119111	0.117047	0.115729	0.114581	0.112076	0.108046	0.102456	0.0965264	0.0910039	0.0873126	0.0846045	0.0826086	0.08085	0.0790236	0.0774345	0.0750316	0.0735782	0.0721926	0.0716547	0.0705065	0.0695617	0.0686169	0.0680111	0.0678123	0.0684951	0.0701952	0.0717596	0.0724085	0.0725148	0.0728246	0.073677	0.0755466	0.0786708	0.0826766	0.0864111	0.0891284	0.090659	0.0906975	0.0899222	0.0892487	0.0884395	0.0866809	0.0842781	0.0814005	0.079235	0.0769678	0.0752092	0.0733488	0.0702	0.0662713	0.0613253	0.0569897	0.0531287	0.0501494	0.0481874	0.0473443	0.0479932	0.0493203	0.0512916	0.0533646	0.0548612	0.0561883	0.0572441	0.0583338	0.0588131	0.0595298	0.0612977	0.0642184	0.0671731	0.0696191	0.0703697	0.0689163	0.0656997	0.0627882	0.0610296	0.060729	0.0614457	0.0628067	0.0639981	0.0650539	0.0665505	0.0701494	0.0741213	0.0778898
0.0237703	0.0261805	0.0295061	0.0334083	0.0364966	0.0386355	0.0407065	0.043015	0.0473579	0.0527181	0.0584851	0.0633706	0.0666285	0.0686995	0.0693803	0.0700273	0.070742	0.0720332	0.0717646	0.070004	0.0663106	0.0623799	0.0601446	0.0602151	0.062354	0.0635095	0.0639869	0.0632097	0.0616187	0.0605023	0.0607763	0.0632881	0.0667495	0.0703464	0.0733669	0.075438	0.0768987	0.0791732	0.0827362	0.0874521	0.0913543	0.0941374	0.0955981	0.097364	0.0994351	0.102964	0.106866	0.111413	0.114942	0.117318	0.117999	0.117561	0.117326	0.117532	0.118315	0.11808	0.116692	0.11422	0.111069	0.108122	0.10531	0.102769	0.0990421	0.0946706	0.090333	0.0873517	0.0853199	0.0847122	0.0856304	0.0872606	0.0896708	0.0916741	0.0951354	0.0990714	0.104228	0.109385	0.114135	0.118647	0.122108	0.124519	0.126183	0.127576	0.128799	0.128463	0.126532	0.123246	0.120604	0.118742	0.118134	0.117764	0.117427	0.116277	0.113329	0.110009	0.106316	0.104453	0.103473	0.103747	0.103987	0.103786	0.103856	0.103961	0.105964	0.109256	0.112548	0.114551	0.114893	0.114997	0.114694	0.115172	0.116599	0.118738	0.122402	0.125728	0.129121	0.131294	0.134111	0.13764	0.14178	0.145784	0.148872	0.150604	0.151115	0.15105	0.150578	0.149903	0.148481	0.146721	0.144994	0.142623	0.139235	0.134524	0.130627	0.12768	0.125682	0.123447	0.121008	0.118671	0.117114	0.116845	0.117492	0.118478	0.119532	0.121434	0.124352	0.128356	0.13253	0.136228	0.138231	0.138505	0.137593	0.137188	0.137293	0.138889	0.141231	0.144218	0.147205	0.150123	0.153212	0.156164	0.159083	0.160917	0.161971	0.161804	0.161501	0.160521	0.160693	0.161679	0.163614	0.16538	0.165925	0.16525	0.16237	0.159457	0.157188	0.156003	0.155599	0.154958	0.154892	0.155099	0.155881	0.157918	0.160837	0.164943	0.167794	0.169797	0.169799	0.168988	0.168109	0.167739	0.168793	0.168762	0.168595	0.166258	0.163209	0.159007	0.155144	0.152468	0.151385	0.151727	0.152476	0.153292	0.154109	0.155061	0.156148	0.157202	0.157442	0.156868	0.156057	0.155551	0.155893	0.157116	0.159696	0.162038	0.162923	0.162112	0.160554	0.158421	0.155575	0.152763	0.151003	0.150158	0.150296	0.150502	0.151488	0.152203	0.152952	0.152513	0.151262	0.149976	0.149944	0.150591	0.151815	0.153445	0.155584	0.157316	0.158064	0.158576	0.158884	0.158683	0.158007	0.157942	0.158826	0.160389	0.162697	0.166498	0.171824	0.177048	0.181459	0.183429	0.183431	0.180382	0.177503	0.174454	0.172557	0.170695	0.169307	0.167445	0.16365	0.1586	0.153279	0.147992	0.143078	0.137486	0.132708	0.128506	0.125491	0.123798	0.123292	0.123667	0.123975	0.123944	0.124421	0.124797	0.124901	0.125887	0.128162	0.131657	0.135661	0.139428	0.142346	0.143095	0.143369	0.142727	0.14212	0.140935	0.141175	0.142467	0.145284	0.14905	0.153936	0.157193	0.158485	0.157131	0.155235	0.152084	0.148798	0.145782	0.143649	0.142126	0.140636	0.139656	0.139285	0.138983	0.137595	0.134512	0.130242	0.124854	0.119668	0.115398	0.114079	0.115607	0.119747	0.12531	0.13023	0.134301	0.136474	0.13746	0.137802	0.138788	0.140079	0.139878	0.13805	0.134458	0.130765	0.126631	0.122632	0.117549	0.11155	0.104703	0.0975507	0.0910769	0.0854507	0.0817913	0.0790474	0.0770834	0.0747463	0.072172	0.0686821	0.064887	0.0610919	0.0585175	0.056757	0.0561493	0.0560841	0.0572058	0.0578866	0.0584657	0.0583666	0.0583693	0.0581685	0.0581033	0.0590554	0.0610248	0.0642487	0.0681847	0.073138	0.0786338	0.0832819	0.0867432	0.0877971	0.0882066	0.0879719	0.0878389	0.0868583	0.0855385	0.0831676	0.081407	0.0795108	0.078191	0.0760914	0.0725336	0.0679926	0.0626377	0.0586731	0.0565735	0.0556606	0.0560023	0.0569883	0.0593646	0.0612661	0.0626251	0.0633398	0.0633425	0.06304	0.0624662	0.0629775	0.0640652	0.0656955	0.067597	0.0702784	0.0734345	0.0759464	0.0772037	0.0761213	0.0737164	0.0707012	0.069178	0.0689433	0.0700311	0.0727803	0.0755634	0.079296	0.0815705	0.0854048	0.0886288	0.0919884
0.0360083	0.0375911	0.0400894	0.043605	0.0466798	0.0493138	0.0523547	0.0560398	0.0613865	0.0671739	0.0725206	0.0763075	0.0774834	0.0774386	0.0761731	0.0754841	0.075202	0.0761406	0.0763331	0.0754407	0.072751	0.0698919	0.0682195	0.0674626	0.0672822	0.0660507	0.064853	0.0639605	0.0636784	0.0652951	0.0683699	0.0729367	0.0770966	0.0805783	0.0822967	0.0821502	0.0809526	0.0806026	0.0815073	0.0838022	0.0864701	0.0901213	0.0933656	0.097695	0.102431	0.10788	0.112345	0.11542	0.117274	0.117839	0.118201	0.118801	0.120045	0.121593	0.122498	0.121775	0.11878	0.114395	0.109332	0.105184	0.101444	0.0986523	0.0946742	0.0908995	0.0875656	0.0853168	0.0837123	0.0829215	0.083521	0.0846969	0.086551	0.0887442	0.0927006	0.0976064	0.103903	0.110165	0.115037	0.118586	0.11922	0.118598	0.116892	0.115796	0.115005	0.114181	0.113424	0.112599	0.112215	0.111526	0.11138	0.110623	0.109697	0.108058	0.105436	0.102984	0.100566	0.100216	0.100307	0.101618	0.10276	0.104004	0.104875	0.105135	0.106006	0.107148	0.107781	0.108076	0.108336	0.109783	0.111671	0.114407	0.117244	0.120319	0.123835	0.127757	0.131883	0.13584	0.140101	0.144532	0.14815	0.150614	0.151892	0.152322	0.152073	0.150672	0.148525	0.146039	0.142739	0.139575	0.136817	0.13484	0.132421	0.129766	0.128297	0.127235	0.125766	0.123381	0.121234	0.120037	0.120331	0.122456	0.125497	0.128199	0.12951	0.131059	0.132846	0.13548	0.137266	0.137967	0.137278	0.134894	0.132509	0.131278	0.131742	0.133087	0.134941	0.137372	0.139938	0.142436	0.144629	0.147263	0.149389	0.151446	0.153063	0.154544	0.155415	0.155438	0.156003	0.156128	0.156762	0.156615	0.15657	0.155305	0.153158	0.151248	0.150457	0.150819	0.151894	0.152866	0.153872	0.154201	0.154665	0.155366	0.157186	0.159515	0.161674	0.16346	0.164568	0.165846	0.16709	0.168469	0.169001	0.167973	0.166199	0.163475	0.160277	0.156909	0.15388	0.152106	0.151078	0.151678	0.153159	0.155182	0.157104	0.158924	0.161287	0.163073	0.16408	0.163492	0.162837	0.162182	0.162002	0.161686	0.161098	0.159257	0.156635	0.154149	0.152578	0.152228	0.152149	0.153224	0.153857	0.154117	0.153598	0.153011	0.15283	0.152616	0.152944	0.152458	0.152549	0.152911	0.155308	0.15784	0.160203	0.161684	0.162453	0.162239	0.160634	0.159199	0.158239	0.158432	0.160252	0.164106	0.16986	0.1748	0.179434	0.183391	0.187924	0.191168	0.193056	0.192876	0.191407	0.188208	0.184841	0.181676	0.178749	0.175178	0.170657	0.165052	0.158225	0.150585	0.143691	0.137135	0.131598	0.126026	0.121675	0.118612	0.117245	0.117132	0.11685	0.1165	0.115302	0.114546	0.114976	0.116694	0.119328	0.12203	0.125274	0.127976	0.13044	0.132193	0.133843	0.134273	0.134398	0.134421	0.134919	0.13579	0.136728	0.138141	0.140945	0.144189	0.148349	0.149796	0.150091	0.147876	0.145864	0.144022	0.143639	0.143967	0.14382	0.142419	0.139458	0.135955	0.132553	0.129355	0.126326	0.122653	0.119218	0.11568	0.113499	0.112471	0.113512	0.116247	0.119763	0.12338	0.125743	0.128207	0.129553	0.130593	0.13143	0.133284	0.135375	0.136348	0.135625	0.13263	0.128313	0.122809	0.117712	0.111597	0.104703	0.0976394	0.0912877	0.0864958	0.0824837	0.0798619	0.0771723	0.0739062	0.0697924	0.0659499	0.0624804	0.0590787	0.0559483	0.0540386	0.0525696	0.0520841	0.0515646	0.0526388	0.0530687	0.0530918	0.0527757	0.0525614	0.0527879	0.0535569	0.0565978	0.0611646	0.0664773	0.0714849	0.0766959	0.0817713	0.0854564	0.088226	0.0893342	0.0904423	0.0912113	0.092455	0.0930545	0.0923316	0.0893368	0.0862064	0.0831437	0.0804541	0.0764421	0.0715484	0.0657392	0.0611507	0.0589019	0.0603491	0.0634917	0.0670073	0.0705907	0.0735299	0.0753162	0.0750001	0.0741755	0.0728422	0.0722549	0.0720405	0.0736912	0.0759861	0.0782471	0.0798977	0.0810398	0.0823174	0.0822726	0.0816853	0.0794365	0.0768486	0.074532	0.0750297	0.0774603	0.0811115	0.0860852	0.0914657	0.0966767	0.0991751	0.101775	0.104104	0.106636
0.0303018	0.0314004	0.033584	0.0377005	0.042529	0.0477644	0.0533727	0.0588116	0.0635723	0.0667392	0.0681091	0.06836	0.0667459	0.0656404	0.0647384	0.0657692	0.0677833	0.0711198	0.0734391	0.0741307	0.0725506	0.0700209	0.0678982	0.0658433	0.0641614	0.0622761	0.0620861	0.0637272	0.0670299	0.0719601	0.0770937	0.0820579	0.0846145	0.0860522	0.0853197	0.0843499	0.0835157	0.0845464	0.0870013	0.0904396	0.0940474	0.0972144	0.0997032	0.102667	0.105834	0.10917	0.111896	0.113911	0.115959	0.117905	0.120529	0.123391	0.126287	0.12847	0.128857	0.126497	0.122272	0.116555	0.111109	0.107088	0.10466	0.103825	0.101974	0.0997835	0.0970165	0.0940461	0.0912452	0.0885799	0.0876101	0.0878949	0.0897733	0.0928047	0.0973958	0.102801	0.108613	0.113678	0.117083	0.118893	0.117991	0.116276	0.113644	0.111962	0.110586	0.110294	0.11068	0.111474	0.11203	0.111094	0.109412	0.106815	0.104082	0.101111	0.098785	0.0977813	0.0976591	0.0987577	0.100128	0.101735	0.102087	0.102169	0.10164	0.100941	0.100582	0.101341	0.102168	0.103267	0.104874	0.108211	0.112022	0.115799	0.118525	0.120913	0.123266	0.126026	0.129091	0.132936	0.13746	0.142458	0.146167	0.148486	0.149348	0.149056	0.147679	0.144709	0.140823	0.137513	0.134102	0.131539	0.129111	0.128107	0.126934	0.126032	0.126045	0.126432	0.12614	0.125068	0.124438	0.124655	0.126398	0.12892	0.131545	0.132643	0.132487	0.131958	0.131395	0.131511	0.13166	0.131877	0.131687	0.13092	0.129984	0.129523	0.130079	0.130669	0.131022	0.131917	0.13349	0.136318	0.139655	0.144347	0.149006	0.154004	0.15846	0.162441	0.164658	0.16518	0.165228	0.163614	0.162746	0.161437	0.162061	0.162752	0.164359	0.166102	0.167947	0.169079	0.170008	0.170124	0.169934	0.169235	0.168299	0.167635	0.167648	0.168509	0.169337	0.170198	0.170652	0.171174	0.171357	0.171167	0.169892	0.167397	0.16463	0.161964	0.159604	0.157041	0.154783	0.152355	0.150096	0.148482	0.14853	0.150239	0.153779	0.158268	0.16408	0.169553	0.174144	0.176463	0.177392	0.177643	0.177656	0.176992	0.175615	0.173153	0.170454	0.168263	0.166785	0.166629	0.166202	0.166215	0.164703	0.162444	0.159474	0.156707	0.15533	0.154428	0.154883	0.155235	0.156809	0.158111	0.159684	0.160206	0.160287	0.159284	0.158178	0.156835	0.155459	0.154794	0.155011	0.15672	0.15948	0.163427	0.167713	0.171083	0.173674	0.175891	0.179024	0.182361	0.18563	0.187745	0.188674	0.187603	0.184734	0.180407	0.174758	0.167888	0.160408	0.152148	0.143956	0.135424	0.12869	0.12277	0.118477	0.114353	0.110807	0.10787	0.105646	0.104574	0.102926	0.101583	0.100037	0.100491	0.102472	0.106384	0.110467	0.11438	0.117716	0.120375	0.122999	0.12542	0.128079	0.129991	0.13153	0.132629	0.133728	0.134657	0.13528	0.135769	0.137003	0.138034	0.139743	0.140027	0.140787	0.140156	0.140034	0.13981	0.139925	0.139295	0.136392	0.131285	0.124619	0.118393	0.113287	0.10957	0.107041	0.105155	0.10405	0.103317	0.103738	0.104497	0.105664	0.106932	0.1082	0.108892	0.108871	0.109665	0.111407	0.114269	0.117775	0.121892	0.125635	0.127853	0.127934	0.125947	0.122536	0.118446	0.114086	0.108911	0.102584	0.0965277	0.0907768	0.0862466	0.082259	0.0792885	0.0762503	0.0719914	0.0670543	0.0627953	0.0604013	0.058889	0.0579191	0.0573901	0.0569967	0.0562643	0.0548875	0.0543585	0.0542364	0.0544872	0.0549077	0.055735	0.0578169	0.0606787	0.0648968	0.0697931	0.0749607	0.0802639	0.0856011	0.0904974	0.0941391	0.0962888	0.097523	0.0986894	0.100364	0.102921	0.1048	0.105084	0.102114	0.0980923	0.0936638	0.0897779	0.085112	0.0802767	0.0749326	0.0711484	0.0693987	0.0706329	0.0734608	0.0758818	0.0780315	0.0787232	0.0795166	0.0790554	0.0787638	0.0779296	0.0775701	0.0772106	0.0778684	0.0790348	0.0800994	0.0799434	0.0791092	0.0786819	0.0779833	0.0778273	0.0771966	0.0776848	0.0786138	0.0818147	0.0857277	0.0901832	0.0949439	0.0998063	0.104533	0.107056	0.109748	0.111898	0.114895
0.0261251	0.0288751	0.0334222	0.040716	0.0487557	0.0567276	0.0629023	0.066873	0.0682667	0.067965	0.0664764	0.0657678	0.0653304	0.0666902	0.0685586	0.0717155	0.075381	0.0790805	0.0814914	0.0819017	0.0802436	0.0775005	0.0749947	0.0734723	0.0728654	0.0737504	0.0756866	0.0792843	0.0826108	0.0862424	0.0886194	0.0902505	0.0899826	0.0894096	0.0878872	0.0875855	0.0882331	0.0905763	0.0939705	0.0975682	0.100725	0.102322	0.103411	0.104737	0.107148	0.110169	0.114106	0.117941	0.121505	0.124187	0.126292	0.127822	0.128436	0.128236	0.126408	0.122953	0.118311	0.113601	0.109671	0.108182	0.108288	0.10958	0.108939	0.106365	0.101893	0.0967081	0.0922017	0.0888143	0.0881735	0.0896011	0.0925885	0.0960166	0.0998856	0.103416	0.106674	0.108475	0.109902	0.11072	0.110452	0.109709	0.10839	0.10836	0.108906	0.110774	0.112778	0.113968	0.112649	0.108957	0.104722	0.101131	0.0993032	0.0985946	0.0998865	0.101653	0.103488	0.105288	0.106445	0.106618	0.104959	0.103098	0.100931	0.0986628	0.0970047	0.0966013	0.0973846	0.0982697	0.100545	0.103261	0.106452	0.108931	0.110155	0.111413	0.1124	0.11498	0.118171	0.123125	0.127909	0.132287	0.134664	0.135346	0.134739	0.13264	0.130371	0.127154	0.124071	0.122176	0.120687	0.120148	0.118863	0.118392	0.117751	0.118026	0.119521	0.121932	0.12458	0.126584	0.129131	0.132186	0.136598	0.141111	0.144607	0.146238	0.146038	0.144617	0.141976	0.139945	0.138422	0.137476	0.136734	0.135516	0.134401	0.132743	0.131763	0.130614	0.129566	0.129773	0.131099	0.133849	0.1367	0.140332	0.144201	0.148545	0.152515	0.155977	0.157948	0.158426	0.157717	0.155483	0.154231	0.153421	0.154543	0.156378	0.159297	0.162319	0.164357	0.165784	0.166466	0.166876	0.167083	0.16729	0.167734	0.167636	0.167571	0.167371	0.166663	0.165751	0.164669	0.164198	0.163828	0.163357	0.162106	0.160583	0.158891	0.157742	0.156898	0.155714	0.154429	0.152161	0.15013	0.148607	0.14895	0.151496	0.155806	0.161167	0.167071	0.17216	0.175928	0.177321	0.17763	0.176989	0.176145	0.174487	0.173235	0.171849	0.170835	0.169685	0.168468	0.168438	0.167526	0.166851	0.164379	0.162009	0.158961	0.156251	0.155068	0.154698	0.15538	0.155316	0.155624	0.155424	0.155089	0.154549	0.154146	0.154014	0.15456	0.155614	0.156669	0.157825	0.159117	0.16146	0.163634	0.166079	0.168456	0.170833	0.173752	0.176604	0.18088	0.185495	0.189771	0.192283	0.192355	0.19029	0.185376	0.178598	0.170837	0.163312	0.155788	0.147925	0.140435	0.133419	0.127794	0.122304	0.117153	0.111833	0.106377	0.101769	0.0981106	0.0965542	0.0961847	0.0972392	0.0990059	0.101315	0.103489	0.106205	0.108751	0.111162	0.113438	0.116086	0.119209	0.122467	0.12637	0.130341	0.133634	0.136248	0.137879	0.139069	0.139005	0.138669	0.13874	0.138846	0.139866	0.140548	0.142213	0.142962	0.142864	0.141748	0.139311	0.135652	0.130094	0.123452	0.116843	0.111116	0.106813	0.103934	0.102615	0.102246	0.102283	0.102354	0.102358	0.102226	0.102127	0.103114	0.104406	0.105054	0.10465	0.104654	0.1052	0.106661	0.108563	0.110228	0.110978	0.111083	0.110849	0.110717	0.109974	0.10913	0.10754	0.105136	0.10124	0.096835	0.0919217	0.0869745	0.0827055	0.0788773	0.0763376	0.0732215	0.0704105	0.0682099	0.0671961	0.0668605	0.0661857	0.0652058	0.0631069	0.0598891	0.0559931	0.0534873	0.0529143	0.0539689	0.0565832	0.059774	0.0637448	0.0670373	0.0704994	0.0744362	0.0786103	0.0832592	0.0879759	0.0926926	0.0963921	0.0988708	0.101316	0.10332	0.105527	0.107124	0.107941	0.107097	0.103608	0.0996443	0.0958839	0.0940563	0.0922625	0.0907401	0.088336	0.0865762	0.0849182	0.0846503	0.0856032	0.0866917	0.0884245	0.0894452	0.0916526	0.0928768	0.0941348	0.0943756	0.0942434	0.0930261	0.0914359	0.089337	0.0867973	0.0835455	0.0800903	0.0777202	0.0762316	0.0765064	0.0770184	0.0783443	0.0795684	0.082454	0.0848311	0.0875811	0.0902972	0.0939288	0.0973231	0.100073	0.103433	0.10676	0.110561
0.0158666	0.0213676	0.0285978	0.0376252	0.0459067	0.0528657	0.0568747	0.0584422	0.0579075	0.0564573	0.0552104	0.0559981	0.0586847	0.0627615	0.066567	0.0697283	0.0721097	0.0734399	0.0742276	0.0747779	0.074684	0.0740476	0.0732076	0.0737241	0.075529	0.0794363	0.0838522	0.0884037	0.0909546	0.0920814	0.0917162	0.0914527	0.0911214	0.0920108	0.0930698	0.0953834	0.0977308	0.100078	0.102053	0.102976	0.103425	0.102992	0.103576	0.104771	0.107321	0.111229	0.116153	0.121349	0.125697	0.129096	0.130494	0.13023	0.128271	0.125838	0.122523	0.119614	0.11752	0.116883	0.116349	0.116899	0.116771	0.116406	0.11421	0.110894	0.106765	0.102331	0.0995924	0.0981083	0.0995741	0.102227	0.106032	0.108651	0.110693	0.111515	0.111489	0.110818	0.110691	0.111377	0.111757	0.11207	0.112519	0.113476	0.114332	0.114848	0.114652	0.113474	0.110497	0.106504	0.103053	0.101467	0.101577	0.102432	0.104373	0.106042	0.106694	0.106092	0.105048	0.1037	0.101877	0.100562	0.0998576	0.099662	0.100178	0.10161	0.103483	0.104678	0.10594	0.106999	0.108465	0.110033	0.111532	0.11388	0.116668	0.120507	0.123804	0.127203	0.12911	0.130101	0.129464	0.128184	0.126564	0.124571	0.122985	0.121501	0.120356	0.120126	0.119829	0.119396	0.118115	0.116529	0.115554	0.114985	0.116214	0.118629	0.122638	0.126884	0.131097	0.134936	0.138165	0.14075	0.141606	0.141274	0.139722	0.137628	0.134719	0.133066	0.132701	0.133793	0.134988	0.135335	0.134427	0.132299	0.130001	0.128551	0.127507	0.129007	0.131592	0.136245	0.140627	0.14528	0.149459	0.153603	0.157443	0.160604	0.162714	0.163638	0.163679	0.162704	0.162847	0.163397	0.165033	0.166804	0.169219	0.171363	0.172117	0.172701	0.17315	0.174277	0.175776	0.177446	0.178945	0.178818	0.177232	0.174764	0.172059	0.169829	0.167633	0.165199	0.162834	0.16057	0.158848	0.157466	0.156592	0.155989	0.155522	0.153869	0.152045	0.149713	0.148602	0.148169	0.1495	0.152763	0.157755	0.163595	0.168316	0.17202	0.173859	0.174985	0.175604	0.175781	0.176229	0.17539	0.175635	0.175371	0.175718	0.175353	0.174343	0.172825	0.170256	0.167551	0.164507	0.162277	0.160081	0.158461	0.15735	0.156374	0.155195	0.152796	0.150294	0.147386	0.144071	0.141298	0.139543	0.139957	0.141728	0.144618	0.146729	0.14833	0.149592	0.15133	0.15266	0.153719	0.155252	0.157871	0.161745	0.166059	0.171119	0.175535	0.178866	0.180264	0.17922	0.175668	0.169538	0.16195	0.15443	0.147826	0.14268	0.138212	0.133608	0.128258	0.121824	0.114778	0.107462	0.100756	0.0944568	0.089887	0.0868092	0.0862066	0.0873334	0.0901556	0.0936898	0.0969189	0.099402	0.10158	0.103622	0.105868	0.108724	0.112767	0.117386	0.122786	0.127507	0.13216	0.135152	0.136753	0.136557	0.135819	0.135013	0.134919	0.135402	0.136427	0.138028	0.139325	0.140858	0.140798	0.13928	0.136474	0.132175	0.126724	0.120628	0.115109	0.111115	0.107698	0.105672	0.103679	0.102636	0.101151	0.0999046	0.0985561	0.0973432	0.0964693	0.0964093	0.0984855	0.101579	0.104198	0.105189	0.10557	0.104933	0.104568	0.104271	0.104346	0.104388	0.104294	0.104743	0.105293	0.105742	0.105648	0.104231	0.101832	0.0980417	0.0937092	0.0887325	0.0834167	0.0792877	0.0760403	0.0752004	0.0741909	0.073724	0.0728841	0.0720103	0.0706956	0.0684994	0.0658623	0.0626149	0.0593675	0.0567983	0.0560262	0.0571869	0.0600091	0.0636451	0.0675523	0.0721378	0.0762824	0.0806304	0.0845716	0.0889197	0.0932677	0.0980566	0.10271	0.106854	0.109744	0.111922	0.112439	0.112006	0.11103	0.110156	0.109215	0.107527	0.105806	0.104322	0.104058	0.103456	0.102005	0.099063	0.0957139	0.0923309	0.0901007	0.0891252	0.0892347	0.0903276	0.0921664	0.0955311	0.0978108	0.0993445	0.0983011	0.0961388	0.0921454	0.0883216	0.0847351	0.0820302	0.0796983	0.0780785	0.0778829	0.0785689	0.0803738	0.0819075	0.0839498	0.0854834	0.0881361	0.0901106	0.092865	0.0956193	0.0992214	0.103637	0.107951	0.112266	0.115664	0.118859
0.0355757	0.042161	0.0498992	0.0572304	0.0623916	0.0652131	0.0654236	0.0647525	0.0640136	0.0645971	0.0662657	0.0698671	0.0745874	0.0789687	0.081485	0.0820346	0.0813974	0.0803194	0.0794788	0.0799945	0.080951	0.0823145	0.0833049	0.0856177	0.0895243	0.0949567	0.0998127	0.103041	0.10376	0.102648	0.101028	0.100458	0.100906	0.102541	0.103769	0.105437	0.105478	0.105282	0.104136	0.103397	0.102828	0.103513	0.105555	0.108614	0.112249	0.116088	0.12013	0.123324	0.124925	0.125	0.123312	0.120945	0.11729	0.114381	0.111811	0.110564	0.109926	0.110171	0.109669	0.108727	0.10592	0.102841	0.0992538	0.0963109	0.0942156	0.0934428	0.0947723	0.0967122	0.0994319	0.101372	0.102769	0.102301	0.101224	0.0999421	0.0989997	0.0985321	0.09898	0.100547	0.101978	0.103104	0.103993	0.104678	0.10438	0.103031	0.1008	0.098196	0.0953209	0.0931578	0.0930971	0.094664	0.0969768	0.0984759	0.0990255	0.0978797	0.0954115	0.0928076	0.0911532	0.0909229	0.0910656	0.0922934	0.0939959	0.0962748	0.098486	0.100392	0.102603	0.104306	0.106381	0.108084	0.110227	0.112709	0.115632	0.119403	0.123208	0.127013	0.129428	0.130791	0.130255	0.128906	0.127218	0.126276	0.125876	0.125917	0.12667	0.127965	0.128786	0.128963	0.127783	0.126468	0.124813	0.123464	0.123471	0.12436	0.126944	0.129935	0.133842	0.137443	0.140502	0.142577	0.143195	0.142625	0.141242	0.140029	0.138578	0.137364	0.135472	0.135174	0.135113	0.135866	0.135195	0.133371	0.129615	0.125383	0.121626	0.120311	0.119877	0.121648	0.123621	0.126579	0.128315	0.130051	0.131449	0.132846	0.134345	0.13581	0.137886	0.139656	0.141664	0.1434	0.145747	0.147958	0.150406	0.15238	0.153845	0.154768	0.154979	0.156715	0.158723	0.162222	0.16579	0.169425	0.171331	0.171372	0.169955	0.167894	0.16512	0.16272	0.160964	0.159343	0.157282	0.155424	0.15421	0.153098	0.151681	0.149823	0.148508	0.146752	0.145097	0.14385	0.144773	0.147458	0.151636	0.156594	0.161755	0.166136	0.168449	0.169372	0.169243	0.169691	0.170546	0.172011	0.173781	0.174602	0.176	0.176854	0.177811	0.177716	0.177655	0.177357	0.177025	0.176151	0.17548	0.174877	0.1739	0.172958	0.172151	0.171311	0.169453	0.166069	0.161736	0.157911	0.155273	0.155043	0.156474	0.159296	0.161982	0.164193	0.164268	0.16302	0.161467	0.161305	0.162533	0.165015	0.168515	0.173269	0.178159	0.183049	0.187362	0.190455	0.191547	0.190096	0.186204	0.179938	0.172451	0.164354	0.157647	0.151517	0.146167	0.140511	0.133669	0.125775	0.116118	0.106936	0.0979915	0.0910474	0.0859343	0.0834661	0.0824559	0.0823613	0.083623	0.0857663	0.0876722	0.0882219	0.0882628	0.0886768	0.0901081	0.0925226	0.0965648	0.101489	0.106345	0.111031	0.115277	0.118946	0.121326	0.122419	0.123138	0.123653	0.124746	0.126923	0.129982	0.133481	0.136099	0.137666	0.13747	0.135069	0.131075	0.127386	0.124308	0.121331	0.11849	0.116123	0.114333	0.111695	0.109295	0.106386	0.10385	0.10067	0.0984049	0.0972591	0.0972662	0.0985618	0.101349	0.105595	0.109908	0.112594	0.113347	0.112507	0.110411	0.10913	0.108595	0.110161	0.111864	0.11438	0.116456	0.117989	0.118097	0.116816	0.113805	0.109642	0.104868	0.100433	0.0966421	0.093021	0.0910614	0.0897121	0.0894479	0.0880987	0.0858339	0.082518	0.0780831	0.0736482	0.0699931	0.0672876	0.0655992	0.0640126	0.0635789	0.0638233	0.0648477	0.0664145	0.0684222	0.0706333	0.0728105	0.0750556	0.0782161	0.0826313	0.0876907	0.0931909	0.0978435	0.102428	0.10569	0.107969	0.108553	0.107509	0.105888	0.104403	0.104004	0.104418	0.10534	0.106297	0.106643	0.106447	0.10547	0.103578	0.100907	0.0976587	0.0950209	0.0933326	0.092865	0.0934824	0.0948797	0.0970908	0.0992341	0.100157	0.09935	0.0967801	0.0929216	0.0884189	0.0843231	0.0817192	0.0801326	0.0793259	0.0783157	0.077882	0.0778552	0.0785743	0.0792935	0.0797753	0.0801553	0.0821291	0.0847471	0.088518	0.0924924	0.0972466	0.10217	0.106687	0.110594	0.113788	0.116745
0.0405525	0.0457413	0.0511673	0.0555083	0.0579505	0.058392	0.0578163	0.058563	0.0608695	0.064668	0.0687038	0.072638	0.0760973	0.0781326	0.079354	0.0795582	0.079525	0.0791867	0.0794587	0.0810531	0.0839022	0.0867851	0.0891594	0.0912964	0.0939081	0.0964519	0.0988263	0.100116	0.100998	0.101236	0.101983	0.103238	0.104459	0.106257	0.107106	0.108226	0.107412	0.106633	0.104803	0.103007	0.102126	0.103076	0.106128	0.109554	0.112776	0.115252	0.117016	0.11739	0.116644	0.115424	0.114408	0.114239	0.113935	0.114342	0.113733	0.113055	0.111496	0.110514	0.109124	0.107599	0.10465	0.101294	0.0981408	0.0964461	0.0963451	0.0974309	0.0996696	0.100891	0.101807	0.101028	0.100012	0.0972658	0.0947234	0.0930287	0.0927582	0.0940475	0.0955741	0.0968973	0.0964572	0.094593	0.0926609	0.0909323	0.0892038	0.0873056	0.0851023	0.0837806	0.0827302	0.0833752	0.0853426	0.0879882	0.0897861	0.0902276	0.0895502	0.0877538	0.0854149	0.0833133	0.0825002	0.0837895	0.0864351	0.0904709	0.0946424	0.0984069	0.100849	0.102003	0.102987	0.104446	0.107227	0.110924	0.115332	0.120385	0.126422	0.132696	0.137986	0.141852	0.143447	0.143651	0.141821	0.139821	0.137346	0.135448	0.134059	0.133415	0.133924	0.134773	0.135384	0.134401	0.132435	0.130266	0.129826	0.130471	0.132913	0.135559	0.138882	0.14163	0.143326	0.144174	0.144345	0.144345	0.143159	0.141634	0.140313	0.14011	0.13967	0.139637	0.138857	0.138994	0.137977	0.137232	0.134724	0.131944	0.12757	0.123977	0.121197	0.120893	0.121775	0.12476	0.127405	0.130085	0.130899	0.131782	0.131749	0.131749	0.132191	0.133277	0.135142	0.137245	0.140366	0.14352	0.146878	0.14915	0.151694	0.153356	0.155018	0.156036	0.157427	0.159666	0.162142	0.165229	0.168383	0.171232	0.171741	0.170657	0.167775	0.164419	0.160893	0.158758	0.158284	0.157946	0.156895	0.155438	0.153879	0.152015	0.149506	0.147303	0.14554	0.143846	0.142524	0.142694	0.145306	0.14941	0.154937	0.160737	0.166569	0.171453	0.17437	0.17593	0.176304	0.177797	0.179798	0.182715	0.185801	0.187735	0.189024	0.188991	0.18889	0.188009	0.187569	0.186383	0.185909	0.184893	0.184622	0.183809	0.182182	0.180759	0.178386	0.175538	0.171538	0.166791	0.162079	0.158045	0.156079	0.155842	0.156758	0.158217	0.159676	0.160321	0.15944	0.157542	0.155644	0.155271	0.157137	0.161614	0.167074	0.173381	0.178706	0.183454	0.185964	0.18627	0.184371	0.181083	0.17715	0.172709	0.168234	0.163454	0.158266	0.152231	0.145654	0.138704	0.131041	0.122565	0.113241	0.104154	0.0960845	0.0901173	0.0869646	0.0862872	0.0870678	0.0875772	0.087171	0.086324	0.084392	0.0831381	0.0827659	0.0845637	0.0879892	0.0921607	0.0969086	0.100944	0.103895	0.105557	0.10644	0.107492	0.108917	0.110782	0.113055	0.115599	0.118922	0.122992	0.127401	0.13103	0.132251	0.130658	0.127099	0.121708	0.116962	0.113707	0.112725	0.112658	0.112523	0.112727	0.111948	0.110083	0.10727	0.104388	0.100998	0.0977438	0.0958796	0.096389	0.0988311	0.102562	0.107106	0.111142	0.113957	0.114907	0.114501	0.113044	0.111824	0.11196	0.113216	0.116132	0.119456	0.122712	0.124341	0.123799	0.121494	0.117425	0.111458	0.10505	0.0990493	0.0956931	0.0940663	0.093694	0.0938982	0.0934242	0.091187	0.0867458	0.0810838	0.0754558	0.0704381	0.0662003	0.0635562	0.0617598	0.0619979	0.0624733	0.0639321	0.0646449	0.065629	0.0661384	0.0663086	0.066818	0.0680394	0.0713293	0.0760772	0.0824527	0.0888282	0.0947629	0.0984597	0.100359	0.100563	0.100598	0.100226	0.0999892	0.0999221	0.100499	0.101416	0.103146	0.105723	0.107894	0.107827	0.105522	0.10203	0.0982334	0.0952502	0.0929791	0.092912	0.0937604	0.0958296	0.0977292	0.0991202	0.0997312	0.0990877	0.0975287	0.0948168	0.0917318	0.088613	0.0863758	0.0851558	0.0853261	0.0862424	0.087396	0.0875324	0.0868889	0.0853637	0.0838047	0.0823474	0.0823481	0.0841121	0.088114	0.0927263	0.0974063	0.10134	0.104902	0.108632	0.111549	0.11433	0.116501	0.119045
0.0455749	0.0504275	0.0552122	0.0586067	0.0603396	0.0607841	0.0602452	0.0611643	0.0632025	0.066936	0.0705339	0.0734537	0.0753562	0.0757328	0.0759738	0.0764183	0.0784225	0.0804606	0.082431	0.0842996	0.0865411	0.0888166	0.0910243	0.0937406	0.0966943	0.0986985	0.100228	0.101079	0.102812	0.104681	0.108008	0.110961	0.112796	0.113173	0.112193	0.111654	0.109996	0.109457	0.109393	0.110143	0.110757	0.111337	0.112459	0.113039	0.113416	0.112809	0.11305	0.111935	0.110514	0.108551	0.107911	0.10866	0.109919	0.111414	0.111181	0.10898	0.10461	0.100171	0.0966823	0.0941428	0.0925867	0.0913696	0.0903899	0.089478	0.0891765	0.0903669	0.0917947	0.0922052	0.0913612	0.0896016	0.0871638	0.0839801	0.0817118	0.0811729	0.082499	0.0842659	0.0860327	0.0858329	0.0843446	0.0810252	0.0784179	0.0770652	0.077001	0.0778524	0.0779238	0.0780631	0.0776259	0.0784095	0.0801763	0.0819771	0.0829641	0.0825947	0.0817846	0.0805336	0.0804355	0.0817277	0.0845118	0.0885166	0.0927249	0.0972044	0.100938	0.104027	0.106269	0.107866	0.110481	0.11374	0.118626	0.123987	0.129959	0.135523	0.14119	0.146144	0.149708	0.151475	0.151614	0.151346	0.150163	0.149794	0.14956	0.14936	0.148075	0.145875	0.144048	0.142559	0.141173	0.139176	0.137043	0.135657	0.136033	0.138309	0.142212	0.14642	0.150188	0.152531	0.153111	0.151928	0.150541	0.149019	0.1477	0.145941	0.145232	0.145032	0.144866	0.143819	0.141347	0.138977	0.135183	0.132169	0.128544	0.126208	0.123296	0.120858	0.119505	0.119814	0.121106	0.122772	0.12403	0.123999	0.12224	0.12065	0.119772	0.119843	0.120559	0.122495	0.12511	0.128064	0.131119	0.133734	0.13584	0.136318	0.137881	0.13992	0.143416	0.146471	0.150137	0.154074	0.157502	0.160625	0.163104	0.165583	0.165485	0.164641	0.162509	0.160308	0.157701	0.155636	0.155029	0.154457	0.153206	0.15087	0.147448	0.143553	0.139013	0.135693	0.133764	0.133971	0.135467	0.138556	0.142595	0.1466	0.150537	0.154541	0.15875	0.162348	0.165708	0.168391	0.170971	0.17423	0.178099	0.183189	0.18777	0.191775	0.194186	0.194529	0.193888	0.191993	0.191115	0.189932	0.190004	0.189532	0.18957	0.188319	0.18622	0.184325	0.182532	0.180975	0.17908	0.177456	0.175425	0.173293	0.172584	0.173164	0.174558	0.174732	0.17426	0.172535	0.170334	0.168303	0.16668	0.167192	0.169501	0.174693	0.179817	0.185279	0.189013	0.191662	0.191903	0.190516	0.187705	0.184013	0.180456	0.177001	0.17358	0.169108	0.162974	0.15545	0.146095	0.136502	0.126673	0.117589	0.109692	0.102982	0.0976616	0.0939014	0.092447	0.0926202	0.0934376	0.0933056	0.0919529	0.0893795	0.0863314	0.0844023	0.0844059	0.08719	0.0917374	0.096556	0.100696	0.103752	0.10596	0.106709	0.107391	0.108751	0.111366	0.114692	0.118154	0.121142	0.12396	0.126269	0.128443	0.129973	0.129705	0.127708	0.123982	0.119984	0.116767	0.115075	0.115418	0.116845	0.117392	0.116344	0.113059	0.109027	0.104318	0.101269	0.0987299	0.0981571	0.0983642	0.100538	0.103119	0.106038	0.108721	0.110657	0.111644	0.112021	0.112465	0.112944	0.114405	0.116545	0.119499	0.122792	0.126118	0.128394	0.128465	0.126468	0.123013	0.118914	0.113831	0.109529	0.105904	0.104484	0.103707	0.103134	0.101477	0.0978181	0.0921591	0.084669	0.0772806	0.0708416	0.0667424	0.064542	0.0645456	0.0653969	0.0672995	0.0685238	0.0693751	0.0692092	0.0687721	0.0674533	0.0658632	0.0651209	0.0654975	0.0679764	0.0712692	0.0761895	0.0803639	0.0842331	0.0862373	0.0872243	0.0868549	0.0867908	0.0870996	0.0885274	0.0907689	0.0928749	0.0941671	0.0943402	0.0947508	0.0944492	0.0931304	0.090591	0.0888992	0.0881229	0.0891777	0.0909107	0.0937965	0.096072	0.0977033	0.0976391	0.096049	0.0934417	0.0898511	0.0869047	0.084433	0.0840297	0.0846437	0.0868175	0.0888556	0.0908599	0.0918129	0.0916809	0.0900231	0.087314	0.0847406	0.0829471	0.0822726	0.0830561	0.0858403	0.0902181	0.095308	0.0997875	0.103419	0.106102	0.108174	0.109805	0.112047	0.115	0.119005
0.0443627	0.0481529	0.052384	0.0564117	0.059456	0.0612457	0.0614756	0.0627906	0.0643429	0.0673872	0.0698211	0.0718143	0.0732649	0.0740712	0.075454	0.0770403	0.0798811	0.0821116	0.0843082	0.085691	0.0872094	0.0887618	0.0905175	0.0924768	0.0939952	0.0949711	0.0962182	0.0976688	0.0998993	0.102096	0.104496	0.10554	0.105193	0.10366	0.102228	0.101983	0.102451	0.104037	0.105759	0.106701	0.106592	0.106211	0.106543	0.106501	0.106358	0.105944	0.106174	0.105319	0.104396	0.1031	0.103635	0.104713	0.10674	0.108529	0.108895	0.107633	0.104336	0.102192	0.101405	0.102584	0.104171	0.10552	0.105037	0.103199	0.101089	0.100539	0.100803	0.10127	0.101738	0.102001	0.101078	0.098833	0.0965876	0.095156	0.0940974	0.0928014	0.0914037	0.0890905	0.0861669	0.0819888	0.0793026	0.07821	0.079152	0.0808061	0.0817481	0.0816389	0.0798343	0.0779958	0.0766998	0.0760481	0.0758033	0.0765757	0.0781959	0.0800195	0.0820465	0.0846161	0.0877622	0.0906369	0.0940542	0.098014	0.102449	0.106035	0.109385	0.112497	0.116287	0.120417	0.125292	0.130642	0.135551	0.139782	0.142962	0.145023	0.145558	0.145551	0.144865	0.145265	0.145054	0.145725	0.144734	0.142488	0.138751	0.135115	0.1327	0.130726	0.129498	0.128338	0.12772	0.127306	0.128451	0.130749	0.134336	0.137584	0.141035	0.143435	0.144648	0.144641	0.144396	0.144457	0.144314	0.144611	0.145078	0.145512	0.144589	0.142683	0.139996	0.136971	0.133505	0.130887	0.129218	0.128498	0.127338	0.125737	0.124407	0.122975	0.122832	0.123808	0.126276	0.128133	0.128872	0.129102	0.129976	0.131054	0.132945	0.13565	0.138288	0.140179	0.141223	0.142232	0.14331	0.144015	0.14655	0.150748	0.15664	0.162058	0.166967	0.170317	0.171835	0.172404	0.172736	0.173135	0.172077	0.17034	0.16745	0.164255	0.161535	0.160002	0.159486	0.158359	0.156487	0.153428	0.14925	0.144258	0.139435	0.136139	0.1343	0.134259	0.136015	0.139466	0.143392	0.146741	0.150464	0.154729	0.159231	0.163293	0.166846	0.169924	0.172493	0.175334	0.178785	0.182745	0.186908	0.190563	0.193438	0.19438	0.194678	0.193382	0.192153	0.189603	0.18773	0.18579	0.184766	0.18269	0.179698	0.176503	0.173309	0.170419	0.167631	0.16586	0.164191	0.162455	0.161125	0.160236	0.159516	0.157949	0.156517	0.155255	0.155417	0.156766	0.158624	0.16099	0.163797	0.168062	0.172869	0.17744	0.181128	0.182986	0.182843	0.180936	0.177809	0.175123	0.172979	0.171819	0.170218	0.16726	0.161861	0.154632	0.145977	0.137154	0.129008	0.121948	0.116515	0.111523	0.106735	0.102285	0.0989209	0.0969129	0.0961594	0.0954399	0.0940422	0.0915256	0.0890767	0.0871365	0.0872307	0.0895969	0.0941671	0.0987033	0.102121	0.10469	0.106514	0.107897	0.109178	0.111679	0.114758	0.118684	0.121728	0.124196	0.125545	0.126181	0.126581	0.126743	0.126735	0.12588	0.124686	0.123322	0.12223	0.121002	0.120214	0.119664	0.118606	0.117038	0.11459	0.112073	0.109285	0.108532	0.108965	0.111365	0.113426	0.115894	0.117175	0.117913	0.117329	0.115864	0.11389	0.11239	0.112281	0.113325	0.115962	0.118057	0.12005	0.120958	0.122036	0.12213	0.121004	0.118691	0.115157	0.11125	0.106733	0.103504	0.100411	0.0985044	0.0963608	0.0940136	0.0908866	0.0860642	0.0805636	0.0736049	0.0674601	0.0624681	0.0600871	0.0588928	0.0583089	0.0579285	0.0580906	0.0586935	0.0596694	0.0608826	0.0629436	0.0641907	0.0653362	0.0665494	0.0684408	0.0711121	0.0734105	0.0761157	0.077668	0.0790169	0.0797215	0.0806974	0.0808595	0.0818693	0.0835234	0.086432	0.0896119	0.0918764	0.092954	0.0919632	0.0906672	0.0885235	0.0870241	0.085796	0.0861276	0.0873409	0.0903173	0.0939381	0.0979318	0.100705	0.102054	0.101266	0.0988514	0.0956905	0.0926652	0.0905894	0.0893951	0.0891503	0.0897532	0.0915429	0.0934682	0.0948171	0.0947418	0.0937511	0.0921838	0.0906166	0.0898971	0.0899574	0.0911029	0.0932316	0.0968524	0.100609	0.104128	0.106223	0.107538	0.10848	0.109828	0.111584	0.114154	0.117775	0.12265
0.0559409	0.0602329	0.0652709	0.0696308	0.0723291	0.0736033	0.0728769	0.0716419	0.0698644	0.0692736	0.0691576	0.0697536	0.0714347	0.0734888	0.0756446	0.0770544	0.0787694	0.080654	0.0822673	0.0839144	0.0844427	0.0856829	0.0867537	0.0888756	0.0910992	0.0939332	0.0975471	0.100856	0.103961	0.105439	0.106374	0.105749	0.105158	0.103923	0.103638	0.104708	0.106457	0.108613	0.110532	0.112009	0.112063	0.111099	0.110508	0.110019	0.109937	0.109957	0.110281	0.109691	0.108354	0.106678	0.105545	0.104649	0.104126	0.103806	0.103521	0.102591	0.101254	0.100257	0.100615	0.101618	0.102587	0.102844	0.10144	0.0988822	0.096257	0.0960392	0.0977542	0.100893	0.103727	0.105578	0.104614	0.101379	0.0972614	0.0933476	0.0901459	0.0874528	0.0858109	0.0841012	0.0829001	0.0814955	0.0814473	0.0817381	0.0828428	0.0836762	0.0836958	0.0824946	0.0799372	0.076939	0.0751275	0.074808	0.0764552	0.0792892	0.08253	0.0845841	0.0858922	0.0874716	0.0903056	0.0938177	0.098415	0.103894	0.109746	0.114784	0.119584	0.124215	0.129152	0.133478	0.137159	0.140773	0.144184	0.147119	0.148665	0.149634	0.149687	0.149537	0.14854	0.147813	0.14651	0.145072	0.142718	0.139652	0.135874	0.132842	0.131064	0.130168	0.12951	0.128953	0.128498	0.127636	0.126909	0.126997	0.128678	0.131139	0.134244	0.13718	0.140081	0.141796	0.14263	0.142141	0.141313	0.140078	0.138877	0.137235	0.135186	0.132764	0.129969	0.127242	0.12438	0.122975	0.121876	0.121183	0.119304	0.116713	0.114664	0.112479	0.112228	0.112756	0.115386	0.117406	0.118816	0.119005	0.1195	0.119757	0.120895	0.122915	0.125749	0.128787	0.131451	0.133675	0.135763	0.13819	0.142652	0.148741	0.155644	0.161258	0.165279	0.167367	0.168472	0.169881	0.171257	0.172192	0.17133	0.169417	0.166724	0.163353	0.160389	0.157797	0.156121	0.154412	0.152634	0.149636	0.145417	0.140079	0.135555	0.132387	0.130779	0.130595	0.13153	0.133245	0.135062	0.136879	0.139713	0.143123	0.14711	0.150114	0.152846	0.154934	0.156988	0.159381	0.162419	0.166609	0.171647	0.176922	0.181859	0.18476	0.186713	0.186563	0.186243	0.184567	0.183909	0.182776	0.182117	0.180272	0.177918	0.175123	0.172226	0.170177	0.168196	0.167674	0.167015	0.166831	0.166444	0.166294	0.166517	0.16596	0.16581	0.165931	0.167375	0.169531	0.171619	0.173673	0.175964	0.179409	0.183497	0.187654	0.191132	0.192745	0.192222	0.189563	0.186022	0.182414	0.179246	0.176519	0.173724	0.170183	0.165422	0.159304	0.151932	0.144593	0.137729	0.131917	0.126748	0.121919	0.117191	0.112227	0.107804	0.104636	0.103367	0.103048	0.102661	0.101595	0.100123	0.098413	0.0974493	0.0983505	0.101252	0.1049	0.108446	0.111619	0.114589	0.117253	0.119579	0.122006	0.123551	0.125605	0.127015	0.128764	0.128919	0.1286	0.127297	0.126842	0.126454	0.126644	0.126561	0.125971	0.12443	0.122076	0.120095	0.118182	0.116201	0.114356	0.112917	0.112021	0.111024	0.111213	0.111572	0.11271	0.113001	0.113428	0.112667	0.1115	0.109316	0.107063	0.104845	0.103746	0.104206	0.106226	0.108891	0.11108	0.112422	0.11312	0.113513	0.11377	0.113857	0.113504	0.112302	0.110627	0.10834	0.106326	0.103531	0.100634	0.0970934	0.0931797	0.0891642	0.0845044	0.0801498	0.0747441	0.069847	0.0650855	0.0616803	0.0593602	0.0580913	0.0583822	0.058673	0.0597777	0.0611197	0.0630381	0.0649227	0.066163	0.067505	0.0687114	0.0701212	0.0713954	0.0723644	0.0731978	0.0739634	0.0757462	0.0775968	0.0797187	0.0802809	0.081216	0.0816425	0.0826793	0.0839535	0.0855668	0.0872479	0.0869962	0.0868802	0.0859842	0.0871228	0.0884309	0.0915022	0.0951161	0.0989673	0.102378	0.104771	0.105977	0.105319	0.102795	0.09939	0.0959171	0.093597	0.0919551	0.0906183	0.089112	0.0880805	0.0886426	0.089849	0.0913605	0.091787	0.0916032	0.0908429	0.0903199	0.090882	0.0922919	0.0947529	0.0966374	0.099234	0.100915	0.103105	0.104549	0.105823	0.107741	0.109863	0.113511	0.117091	0.121586	0.126251
0.065934	0.0698704	0.0733321	0.0759122	0.0766273	0.0766981	0.0760908	0.0758565	0.0758596	0.0758287	0.0758657	0.075767	0.0764821	0.0777059	0.0792009	0.0803229	0.0808007	0.0816175	0.0819936	0.0837938	0.0848141	0.0875637	0.089669	0.0924526	0.0945579	0.0962225	0.0982939	0.0993142	0.100674	0.101016	0.1019	0.10187	0.101771	0.101469	0.10198	0.103611	0.105411	0.107347	0.108401	0.108642	0.10817	0.107698	0.108549	0.109976	0.111573	0.112729	0.112562	0.111311	0.109076	0.107078	0.105386	0.103829	0.10268	0.102547	0.103262	0.104452	0.105608	0.106798	0.10775	0.108431	0.10857	0.108641	0.108169	0.107935	0.108175	0.109603	0.112013	0.114864	0.116597	0.11643	0.113551	0.109011	0.103554	0.0977251	0.0923707	0.0879656	0.0847474	0.0825125	0.0810914	0.0806197	0.0800124	0.0782522	0.0756443	0.0733416	0.0714119	0.06955	0.0679254	0.0663348	0.0658631	0.0662391	0.0684123	0.0715689	0.0747593	0.0770342	0.0780545	0.0795495	0.0818583	0.0859643	0.0911553	0.098313	0.106217	0.113883	0.120532	0.126333	0.130948	0.134579	0.137159	0.139739	0.142116	0.144052	0.144631	0.144465	0.143112	0.141996	0.139659	0.137729	0.135155	0.132107	0.12821	0.124551	0.12235	0.122319	0.123407	0.124902	0.125177	0.124942	0.123928	0.123253	0.122544	0.122886	0.124551	0.12764	0.131678	0.135478	0.139008	0.14152	0.143015	0.142747	0.14197	0.140922	0.139908	0.13869	0.137439	0.137543	0.138123	0.138906	0.138502	0.137522	0.134982	0.131696	0.127223	0.123564	0.120854	0.11889	0.11808	0.118083	0.119476	0.120937	0.122025	0.122333	0.122574	0.122306	0.122207	0.122447	0.12401	0.126489	0.129815	0.133141	0.137281	0.141929	0.147561	0.153633	0.158926	0.163168	0.165443	0.166802	0.167483	0.168165	0.168066	0.166882	0.164613	0.161904	0.159499	0.156925	0.154894	0.153337	0.152662	0.152292	0.151549	0.149484	0.146164	0.14186	0.138303	0.135424	0.133698	0.132582	0.132653	0.1333	0.135541	0.138867	0.143482	0.147859	0.151931	0.155155	0.157464	0.159196	0.160725	0.162695	0.165173	0.168262	0.172199	0.176067	0.1798	0.182448	0.184723	0.185133	0.184729	0.183003	0.18209	0.179923	0.177756	0.174775	0.171862	0.168305	0.163968	0.160376	0.156989	0.155228	0.154418	0.155201	0.156797	0.158631	0.160465	0.161757	0.162879	0.16373	0.165394	0.167364	0.169571	0.171202	0.173816	0.176972	0.180841	0.184235	0.187459	0.188954	0.188855	0.186587	0.183877	0.180964	0.17839	0.175952	0.173683	0.171278	0.168264	0.163926	0.158775	0.152675	0.146642	0.140779	0.135357	0.130308	0.125699	0.120887	0.116279	0.112213	0.109639	0.107946	0.106593	0.104731	0.102361	0.100194	0.0989759	0.0998606	0.102407	0.10597	0.109737	0.112656	0.115338	0.117172	0.118837	0.120196	0.120369	0.120677	0.120748	0.122175	0.12306	0.124216	0.124354	0.124832	0.124394	0.123685	0.122637	0.120741	0.118812	0.116373	0.115054	0.11404	0.113466	0.113673	0.11432	0.115137	0.11575	0.117313	0.119181	0.120608	0.12112	0.120614	0.119498	0.11767	0.115842	0.114048	0.111915	0.109782	0.107445	0.106126	0.105146	0.10542	0.106101	0.10763	0.108922	0.109773	0.110216	0.109338	0.107476	0.10419	0.101378	0.0990758	0.0969765	0.0944364	0.0914555	0.0882034	0.0851886	0.0822416	0.0798711	0.0762459	0.0718748	0.0661473	0.0606912	0.0559131	0.0527627	0.0522232	0.0533452	0.0563322	0.0599974	0.0635608	0.0669208	0.0696365	0.0722166	0.0739828	0.0756474	0.0771085	0.0785018	0.0792169	0.079559	0.0797316	0.0793617	0.0792291	0.078554	0.0783536	0.077848	0.0778171	0.0780576	0.0791796	0.0815562	0.0838311	0.0864112	0.0880418	0.0904185	0.0926256	0.0955786	0.0991082	0.102434	0.105387	0.107967	0.110107	0.110856	0.109808	0.1072	0.103473	0.100458	0.0979857	0.0961917	0.093855	0.0920609	0.0914536	0.091694	0.0923413	0.0929208	0.0937377	0.0944189	0.0953036	0.0959509	0.0968355	0.0978558	0.0986388	0.0999303	0.100951	0.102412	0.103602	0.104927	0.106931	0.108629	0.111006	0.113043	0.116607	0.120848
0.0755021	0.0780016	0.0790769	0.0788976	0.0773281	0.0755212	0.0739516	0.0730942	0.073254	0.0731425	0.0731666	0.0731569	0.0738592	0.0749684	0.0762472	0.0773564	0.0778553	0.078422	0.0788869	0.0813525	0.0845301	0.089471	0.0940389	0.0984033	0.10131	0.102656	0.103053	0.102433	0.102627	0.103295	0.105185	0.106667	0.108217	0.109563	0.111113	0.112731	0.113976	0.115323	0.116296	0.116795	0.115972	0.114436	0.113578	0.113908	0.11478	0.115448	0.114658	0.112139	0.108332	0.104999	0.102684	0.101352	0.101003	0.10123	0.101967	0.101753	0.101269	0.0999028	0.0986723	0.0976453	0.096754	0.0966425	0.0966666	0.0976741	0.0988851	0.10074	0.102833	0.104654	0.105017	0.10338	0.0998777	0.0957651	0.0916185	0.0877771	0.0845461	0.0823323	0.0813053	0.0805835	0.0800312	0.0791737	0.0775024	0.0744749	0.0710065	0.0684875	0.0670875	0.0662639	0.0660846	0.0661766	0.0670146	0.0685985	0.0707928	0.0733601	0.0758595	0.078359	0.0803838	0.0831884	0.0866712	0.0922224	0.0985196	0.106241	0.11403	0.121887	0.128557	0.134346	0.13793	0.140498	0.142319	0.144174	0.146267	0.147647	0.147773	0.146543	0.143888	0.140894	0.137324	0.134127	0.131473	0.128547	0.125689	0.123204	0.12177	0.121997	0.123106	0.125402	0.12658	0.12718	0.126492	0.12594	0.125252	0.125887	0.127911	0.13136	0.135046	0.137953	0.140045	0.140714	0.140772	0.139406	0.139328	0.139386	0.140936	0.141469	0.142205	0.143179	0.144525	0.146075	0.145625	0.144191	0.14018	0.135932	0.130565	0.127028	0.124713	0.124059	0.123947	0.123632	0.123453	0.122731	0.121874	0.120508	0.119447	0.118488	0.118274	0.118536	0.120561	0.123976	0.129018	0.134027	0.139137	0.143807	0.148409	0.152502	0.155646	0.157806	0.15922	0.160906	0.162727	0.164311	0.164302	0.1628	0.160383	0.157762	0.155785	0.153436	0.151629	0.149619	0.148558	0.147734	0.147385	0.14585	0.143094	0.139354	0.136123	0.134112	0.133255	0.134025	0.135134	0.136854	0.139082	0.141887	0.144488	0.14597	0.147351	0.148528	0.149908	0.151594	0.154059	0.158119	0.162551	0.167695	0.172433	0.177136	0.181094	0.183627	0.185075	0.184896	0.184717	0.183961	0.184528	0.183501	0.182101	0.179412	0.17669	0.173357	0.168804	0.164928	0.160646	0.158025	0.156252	0.156785	0.158369	0.160597	0.162826	0.165122	0.16718	0.168696	0.170179	0.17183	0.173346	0.174184	0.175158	0.176911	0.178461	0.179706	0.180239	0.179721	0.177609	0.173462	0.169451	0.165406	0.162786	0.160606	0.159036	0.157331	0.155016	0.152259	0.148553	0.144848	0.140905	0.13764	0.134341	0.131415	0.128659	0.125902	0.123146	0.120356	0.11821	0.116776	0.115444	0.113637	0.111152	0.109921	0.110013	0.112547	0.11647	0.12097	0.125165	0.127461	0.12952	0.130222	0.131433	0.132305	0.1326	0.132353	0.131733	0.132808	0.133612	0.134518	0.133254	0.132057	0.129335	0.126613	0.123314	0.119744	0.117055	0.114875	0.115001	0.115737	0.117457	0.118736	0.120353	0.121632	0.122979	0.123885	0.124248	0.123492	0.121923	0.119437	0.116444	0.112975	0.109846	0.107327	0.104706	0.102899	0.100991	0.100439	0.0996489	0.100182	0.100647	0.101485	0.101712	0.101567	0.101252	0.100055	0.098452	0.0952887	0.0928715	0.0907594	0.0903767	0.0895192	0.0885939	0.0863123	0.0833186	0.0795112	0.0760088	0.0720318	0.0677835	0.0627214	0.058168	0.0551743	0.0541134	0.0552565	0.0568743	0.0597129	0.0625175	0.0647796	0.0661601	0.067405	0.0683108	0.0690131	0.0699528	0.0717741	0.0736971	0.0749759	0.0755086	0.0750242	0.0735225	0.0713426	0.0693322	0.0681696	0.0679564	0.068557	0.0694967	0.0717249	0.0752755	0.0794026	0.0836313	0.0868768	0.0897832	0.0920792	0.0952229	0.0991804	0.102765	0.105976	0.108917	0.111484	0.112627	0.112414	0.110675	0.107512	0.104043	0.100846	0.0983611	0.0959438	0.0944082	0.0935507	0.0938462	0.094345	0.0955221	0.0962922	0.0972658	0.0979681	0.0983653	0.0988302	0.0994648	0.100642	0.102395	0.104454	0.106343	0.107927	0.109511	0.111739	0.113594	0.116229	0.119	0.123093	0.127627
0.0802913	0.0830018	0.0842203	0.0830653	0.081266	0.0787546	0.0777013	0.0781738	0.0797993	0.0806109	0.0806087	0.080437	0.0799941	0.0802293	0.0809053	0.0825646	0.0832406	0.0832724	0.0828972	0.0838106	0.085809	0.0892316	0.0931967	0.0971957	0.0998723	0.100786	0.100614	0.0996963	0.0997958	0.101286	0.104708	0.10786	0.110299	0.111992	0.112905	0.113005	0.112596	0.112662	0.112795	0.11225	0.111027	0.109771	0.108853	0.108647	0.108713	0.109016	0.1082	0.105926	0.103279	0.101276	0.101037	0.101069	0.102694	0.104048	0.105809	0.106112	0.105534	0.103938	0.101698	0.10017	0.0986755	0.0983681	0.0984677	0.1005	0.103177	0.106294	0.108496	0.109545	0.108932	0.106794	0.104113	0.101534	0.0996329	0.0979014	0.0954239	0.0922683	0.0891804	0.0865673	0.0842255	0.0814768	0.0781855	0.0738431	0.0693989	0.0654634	0.0630198	0.0611188	0.0608793	0.0613518	0.0624347	0.0634837	0.0642954	0.06548	0.0674106	0.0712062	0.0763581	0.082968	0.089205	0.0955437	0.100662	0.106051	0.11144	0.117033	0.122117	0.126523	0.129132	0.131401	0.133569	0.136449	0.138956	0.140175	0.139698	0.137119	0.133217	0.128807	0.124465	0.120665	0.118052	0.116252	0.115267	0.114756	0.114923	0.116142	0.11753	0.119461	0.120238	0.121152	0.121116	0.121995	0.122942	0.125483	0.128363	0.13165	0.134327	0.136088	0.136255	0.135914	0.135912	0.136452	0.137942	0.139432	0.142109	0.14387	0.145631	0.147392	0.149899	0.151999	0.152268	0.15091	0.147957	0.145005	0.141477	0.139576	0.137675	0.136621	0.134178	0.131327	0.127663	0.124575	0.121928	0.120434	0.120059	0.120972	0.123208	0.126088	0.129816	0.133883	0.138865	0.144051	0.14883	0.152761	0.155844	0.158284	0.159909	0.161229	0.162956	0.165023	0.16658	0.166816	0.165389	0.163081	0.160129	0.157923	0.156259	0.155375	0.155068	0.154659	0.154114	0.153129	0.152042	0.150107	0.147358	0.144304	0.142267	0.140604	0.140364	0.141244	0.143581	0.146359	0.149579	0.152459	0.153982	0.153912	0.15313	0.152857	0.153092	0.154277	0.156716	0.160681	0.165324	0.169832	0.173899	0.177355	0.180032	0.18159	0.182978	0.183586	0.183957	0.183039	0.182359	0.180186	0.178455	0.175672	0.173364	0.170005	0.166307	0.162812	0.159453	0.15701	0.155041	0.154869	0.156122	0.158527	0.160864	0.162931	0.164014	0.164622	0.165705	0.167873	0.170549	0.172683	0.174546	0.176002	0.176373	0.175625	0.174097	0.171789	0.168904	0.164833	0.161169	0.157403	0.154858	0.152177	0.150276	0.148103	0.146101	0.143996	0.141756	0.139075	0.135852	0.133001	0.130422	0.128894	0.127366	0.126618	0.125158	0.122782	0.119491	0.116098	0.113383	0.11121	0.109513	0.109443	0.110627	0.113304	0.11632	0.119268	0.121605	0.12279	0.124212	0.125227	0.127259	0.129088	0.130747	0.131152	0.131286	0.131928	0.133146	0.133721	0.132905	0.131275	0.128255	0.125201	0.121469	0.119161	0.118345	0.118987	0.120646	0.12234	0.124101	0.124404	0.124266	0.123721	0.123956	0.123886	0.123952	0.123475	0.122354	0.119809	0.116144	0.112005	0.108511	0.105186	0.101793	0.0983318	0.0947693	0.0920544	0.0901534	0.0897782	0.0899456	0.0897739	0.0887545	0.0871586	0.084749	0.0821698	0.0795228	0.0765367	0.0747713	0.0736162	0.074021	0.0733746	0.0722873	0.0700133	0.0670611	0.0638038	0.0610889	0.0586793	0.056134	0.0537243	0.0523658	0.0528723	0.0543282	0.0563266	0.0581894	0.0601879	0.0623558	0.06371	0.0656067	0.0678425	0.0703835	0.0723819	0.0742108	0.0763448	0.077699	0.078002	0.0764062	0.0736235	0.0697897	0.0667019	0.0649026	0.064697	0.066119	0.0684565	0.0713026	0.0745556	0.0785547	0.083164	0.0870952	0.0893988	0.0912616	0.0934635	0.0972252	0.101733	0.106173	0.110545	0.114645	0.117695	0.119015	0.118844	0.117485	0.115177	0.112361	0.110324	0.109203	0.108489	0.108351	0.10801	0.10794	0.107327	0.107054	0.106475	0.106541	0.106979	0.107554	0.108196	0.108872	0.110599	0.11236	0.114019	0.114865	0.115575	0.116522	0.118147	0.119502	0.121398	0.124007	0.12804	0.133361
0.0845324	0.0869721	0.0878182	0.0865958	0.084763	0.0818452	0.0799447	0.0793326	0.0799413	0.0807534	0.0813282	0.0819368	0.0821386	0.0826116	0.0835255	0.0850836	0.0857601	0.0856566	0.0853837	0.0856194	0.0869401	0.0889729	0.0920569	0.0949035	0.0972076	0.0988335	0.100527	0.101848	0.103677	0.105846	0.108319	0.11042	0.112046	0.113502	0.114145	0.114008	0.113701	0.113258	0.112748	0.111695	0.110303	0.10864	0.106977	0.105483	0.104193	0.102835	0.100561	0.0976435	0.0950309	0.0937746	0.094485	0.0961787	0.0992966	0.101431	0.103362	0.10353	0.103088	0.101323	0.0999647	0.0992509	0.0987067	0.0980947	0.0976522	0.0986338	0.10009	0.10253	0.1048	0.106562	0.107001	0.105982	0.105031	0.10391	0.103535	0.103161	0.102515	0.101089	0.0996631	0.0975591	0.0956246	0.091893	0.0881953	0.083616	0.0795792	0.0755764	0.0720143	0.0688591	0.066823	0.0653632	0.0644121	0.0639696	0.0640018	0.06478	0.0666433	0.0708123	0.0768124	0.0841689	0.0909149	0.0971185	0.102203	0.106609	0.110778	0.114235	0.117692	0.120437	0.12247	0.124639	0.127044	0.129552	0.131008	0.131447	0.130428	0.12785	0.12405	0.119607	0.115909	0.112957	0.111667	0.111496	0.112376	0.113696	0.114746	0.115762	0.116506	0.117318	0.117486	0.117857	0.117754	0.117955	0.118496	0.120054	0.122087	0.124018	0.125746	0.127067	0.127235	0.126589	0.12618	0.126483	0.12777	0.129125	0.131293	0.133123	0.135156	0.136883	0.13895	0.140474	0.140947	0.140878	0.139927	0.138942	0.137143	0.135683	0.13402	0.132085	0.129846	0.127301	0.12462	0.122042	0.12065	0.120445	0.121969	0.124782	0.130171	0.135866	0.141731	0.146544	0.152103	0.157527	0.162442	0.166916	0.171187	0.174881	0.17749	0.179116	0.180607	0.181385	0.181553	0.181415	0.180396	0.178496	0.175103	0.171745	0.168488	0.166316	0.165297	0.164889	0.163971	0.162308	0.160747	0.158643	0.156166	0.153078	0.151246	0.149582	0.14914	0.149443	0.150696	0.15178	0.152422	0.152963	0.153402	0.15296	0.151703	0.15021	0.149021	0.149054	0.150476	0.154204	0.159119	0.164204	0.169458	0.173898	0.177389	0.178947	0.180336	0.181317	0.182536	0.182738	0.182567	0.181006	0.179308	0.177374	0.175914	0.173878	0.171842	0.169602	0.167396	0.164818	0.16207	0.159999	0.158845	0.158843	0.159282	0.160332	0.16111	0.161854	0.163209	0.165649	0.168563	0.171138	0.172697	0.173373	0.171913	0.169538	0.165908	0.162109	0.157835	0.154137	0.150677	0.147318	0.144502	0.142194	0.140463	0.137952	0.135713	0.133982	0.133031	0.131808	0.130315	0.128889	0.127463	0.126817	0.126069	0.126576	0.126066	0.124572	0.122129	0.120161	0.118769	0.118259	0.118223	0.119476	0.121034	0.122626	0.12415	0.124759	0.124689	0.124349	0.125025	0.126075	0.128209	0.130344	0.132648	0.133562	0.134102	0.13444	0.135218	0.134538	0.132672	0.129584	0.125988	0.123037	0.119644	0.117981	0.11703	0.117672	0.11879	0.119873	0.120482	0.120005	0.119563	0.119595	0.120407	0.120677	0.12098	0.120436	0.119383	0.117313	0.114361	0.110969	0.107678	0.104557	0.101808	0.0993315	0.0978039	0.0967172	0.0963764	0.0959	0.0953558	0.0934891	0.0901644	0.0863311	0.0818535	0.0781897	0.0745599	0.0715742	0.0696398	0.0682478	0.0674324	0.0655318	0.0632922	0.0601709	0.0565071	0.0525043	0.04901	0.0461939	0.0441917	0.0434779	0.0444596	0.047001	0.0495764	0.0519143	0.0530995	0.0536403	0.0538082	0.0536708	0.0545508	0.0561767	0.0587181	0.0611239	0.0632246	0.0647827	0.0654591	0.0659322	0.0654897	0.0650133	0.0636553	0.063111	0.0631772	0.064837	0.0683957	0.0730055	0.0780562	0.0825982	0.0869029	0.0907668	0.0935456	0.094968	0.0966617	0.0995084	0.104627	0.110457	0.116152	0.121305	0.124897	0.126862	0.127539	0.127639	0.127468	0.126381	0.124921	0.12336	0.122069	0.120779	0.119692	0.118233	0.116468	0.114737	0.112735	0.110495	0.108425	0.107236	0.107302	0.108148	0.109978	0.112112	0.114077	0.114313	0.113531	0.112546	0.11268	0.114476	0.116916	0.120881	0.125525	0.130745	0.136813
0.0730193	0.0758205	0.077028	0.0763706	0.075035	0.0727839	0.071584	0.0711639	0.0717611	0.0726296	0.0735319	0.0744682	0.0750654	0.0765103	0.0785655	0.0810955	0.0821674	0.0823577	0.0821411	0.0818567	0.0818435	0.0827119	0.0849367	0.0879075	0.0905731	0.0935778	0.0969216	0.100333	0.103473	0.106512	0.109754	0.112827	0.115357	0.116937	0.117534	0.117521	0.117338	0.116884	0.116091	0.115129	0.114234	0.113271	0.112207	0.110736	0.109332	0.107827	0.106254	0.104444	0.103651	0.103163	0.103489	0.103917	0.105904	0.108027	0.11032	0.112172	0.11399	0.115401	0.116371	0.117307	0.117802	0.117755	0.11781	0.118543	0.119886	0.12089	0.121352	0.120999	0.12041	0.118633	0.117535	0.115928	0.115067	0.113325	0.111447	0.108958	0.106029	0.10232	0.0990516	0.0952746	0.091735	0.087212	0.0825873	0.0782339	0.0739822	0.0707817	0.0678863	0.0659403	0.0640961	0.0631335	0.0629508	0.063548	0.0654337	0.0691505	0.0753426	0.0827892	0.0899985	0.0966992	0.102179	0.106574	0.110393	0.113736	0.117182	0.119644	0.121598	0.123619	0.125166	0.12617	0.125885	0.124821	0.122841	0.120217	0.117186	0.11368	0.110649	0.1085	0.107639	0.107965	0.108732	0.110516	0.111859	0.112931	0.112646	0.111955	0.111297	0.111522	0.112424	0.114513	0.117111	0.11981	0.121696	0.12348	0.124789	0.126404	0.127103	0.127666	0.127755	0.128454	0.129119	0.130089	0.130754	0.131995	0.13405	0.136174	0.137991	0.138555	0.138881	0.139274	0.139702	0.140333	0.140591	0.140307	0.138768	0.136042	0.132807	0.129403	0.126033	0.123375	0.122108	0.121925	0.122692	0.125154	0.129617	0.135198	0.140576	0.145582	0.15079	0.15566	0.16036	0.164992	0.169523	0.173748	0.177194	0.17969	0.181271	0.180884	0.179752	0.177671	0.175555	0.173168	0.170104	0.166835	0.163194	0.160705	0.159336	0.158848	0.157953	0.156821	0.155316	0.153167	0.150882	0.149037	0.148956	0.14857	0.148896	0.149188	0.15026	0.150552	0.149962	0.149271	0.148817	0.148363	0.147333	0.145862	0.144594	0.143936	0.14494	0.147742	0.152137	0.156159	0.160384	0.163219	0.165342	0.16655	0.168673	0.17083	0.172478	0.172736	0.171977	0.170302	0.168255	0.166614	0.165312	0.164282	0.16376	0.16334	0.162784	0.161415	0.159604	0.158405	0.158527	0.159768	0.161383	0.162557	0.163527	0.164192	0.166044	0.168268	0.171002	0.173227	0.175214	0.176015	0.175052	0.172903	0.170041	0.167078	0.16442	0.162474	0.160019	0.156649	0.152872	0.149638	0.147082	0.144491	0.142444	0.140837	0.13984	0.13898	0.138254	0.137326	0.136024	0.134824	0.13359	0.133136	0.131902	0.129617	0.126722	0.123827	0.12205	0.121189	0.121108	0.121672	0.122099	0.122391	0.122073	0.121076	0.119775	0.11888	0.118155	0.117599	0.117552	0.117708	0.118204	0.118157	0.11872	0.118775	0.119372	0.119155	0.118973	0.118247	0.116674	0.115	0.112579	0.111379	0.110857	0.111149	0.111577	0.111564	0.11094	0.110283	0.109829	0.11046	0.111261	0.1124	0.113235	0.113764	0.113751	0.113433	0.112538	0.111643	0.110749	0.109549	0.107806	0.10508	0.102897	0.100612	0.0987677	0.0966522	0.0947741	0.0920144	0.0878983	0.0830702	0.0782081	0.0738208	0.0702133	0.0677927	0.0667284	0.0654606	0.0631417	0.0600429	0.0572831	0.0555745	0.053866	0.0524626	0.0509574	0.0497914	0.0494052	0.0502737	0.0528037	0.0559101	0.0586096	0.0607326	0.0618724	0.0626052	0.0627616	0.0627484	0.0636847	0.0654008	0.0681003	0.0699182	0.0707528	0.0702649	0.0697092	0.0691535	0.0685978	0.0684151	0.0681646	0.0687957	0.0699015	0.072228	0.0756735	0.0795259	0.0833105	0.0861795	0.0887095	0.0918159	0.0947867	0.0970793	0.099711	0.103665	0.109077	0.114795	0.120037	0.124602	0.127233	0.128102	0.127987	0.127296	0.127282	0.127269	0.127934	0.128905	0.130248	0.131218	0.131103	0.129869	0.127415	0.124723	0.121115	0.117779	0.11407	0.111378	0.109602	0.109351	0.110084	0.11102	0.111346	0.110282	0.108539	0.107204	0.106953	0.108466	0.11103	0.115289	0.120193	0.125639	0.131356
0.0574442	0.0590411	0.0592477	0.0587423	0.0578977	0.0572228	0.056853	0.0569239	0.0576392	0.0592361	0.0607651	0.0621925	0.0627382	0.0640638	0.0659658	0.0686139	0.0702446	0.0715702	0.0726585	0.0737467	0.0751063	0.0774152	0.0807414	0.084271	0.0873599	0.0906861	0.0944531	0.0982879	0.102191	0.105991	0.109826	0.113288	0.115563	0.116075	0.115637	0.114488	0.114593	0.114799	0.11565	0.115891	0.115656	0.114744	0.113221	0.111224	0.109193	0.107263	0.104927	0.102387	0.100423	0.0984596	0.0972082	0.0967027	0.0984691	0.101151	0.104443	0.107702	0.110892	0.113167	0.115273	0.11765	0.120365	0.122607	0.12417	0.125258	0.1256	0.125061	0.124691	0.12466	0.125138	0.124429	0.123754	0.122299	0.120777	0.118474	0.116748	0.114954	0.111905	0.10767	0.103638	0.0999453	0.0963542	0.0925257	0.0888668	0.0859199	0.0829731	0.0808401	0.0784357	0.0759297	0.0731863	0.0713245	0.0702426	0.0698728	0.0701812	0.0720493	0.0757146	0.0805667	0.0861986	0.0926105	0.0989884	0.104553	0.109472	0.114426	0.118973	0.12274	0.125727	0.128647	0.130108	0.130043	0.128758	0.127337	0.125712	0.124054	0.122735	0.12067	0.118808	0.117285	0.11756	0.118614	0.120041	0.121638	0.122387	0.122187	0.120664	0.119718	0.119552	0.120267	0.121559	0.12363	0.125905	0.127231	0.128082	0.129407	0.131038	0.132872	0.1343	0.135354	0.13512	0.134106	0.133092	0.132892	0.1332	0.133983	0.135546	0.136363	0.136603	0.135691	0.135864	0.13685	0.138685	0.140519	0.141573	0.141102	0.139477	0.137683	0.136534	0.135316	0.134471	0.134102	0.13458	0.135125	0.136112	0.138556	0.142086	0.146226	0.149552	0.152811	0.155832	0.158107	0.160823	0.164081	0.168458	0.173243	0.178027	0.181963	0.183187	0.182343	0.181125	0.179874	0.178215	0.175574	0.172559	0.168934	0.16514	0.162125	0.160026	0.158842	0.157014	0.155525	0.153562	0.151598	0.14933	0.147807	0.147403	0.146932	0.146698	0.146497	0.146161	0.144876	0.14298	0.141797	0.141461	0.141566	0.141705	0.141843	0.141745	0.142257	0.143854	0.146976	0.15037	0.152951	0.154988	0.156314	0.157097	0.158389	0.160291	0.162803	0.164671	0.166099	0.166475	0.166139	0.164345	0.162754	0.160994	0.160353	0.160255	0.160427	0.160431	0.159756	0.159182	0.159185	0.16007	0.161057	0.161704	0.162589	0.163677	0.164766	0.166498	0.1684	0.170573	0.17139	0.171597	0.170583	0.168552	0.165876	0.162556	0.160152	0.158154	0.157547	0.155855	0.153722	0.15125	0.14949	0.148238	0.146241	0.144176	0.141602	0.139842	0.138557	0.138594	0.138936	0.139617	0.139824	0.139691	0.139356	0.138036	0.135462	0.133058	0.131332	0.131098	0.130525	0.130087	0.129615	0.129415	0.129079	0.128472	0.127288	0.125427	0.123429	0.120788	0.117671	0.114724	0.112693	0.112323	0.112123	0.112431	0.111858	0.111081	0.109287	0.107832	0.10709	0.107161	0.107808	0.107811	0.10812	0.108089	0.108431	0.10874	0.108607	0.108068	0.107427	0.107396	0.108349	0.110081	0.112593	0.115445	0.117754	0.119588	0.120812	0.121629	0.121836	0.121161	0.119943	0.118251	0.116321	0.11507	0.113751	0.111957	0.109281	0.105859	0.101895	0.0963376	0.0901695	0.0838318	0.0781384	0.07353	0.0704475	0.0685519	0.0665205	0.063472	0.0598131	0.0563576	0.0539533	0.052261	0.0510774	0.0506059	0.05027	0.0508157	0.0515649	0.0533991	0.0556402	0.0574405	0.0591052	0.0594814	0.0596541	0.0585044	0.057999	0.0585447	0.0605485	0.0635017	0.0657428	0.0670006	0.0665969	0.0658202	0.0647383	0.0643346	0.0645073	0.0654938	0.0672941	0.069637	0.0721833	0.0750687	0.0782253	0.0820262	0.0847421	0.0872545	0.089733	0.0923471	0.0945882	0.0972024	0.101308	0.106567	0.111962	0.116475	0.119835	0.120991	0.121333	0.121404	0.12195	0.123344	0.124771	0.126673	0.128236	0.129494	0.130006	0.129127	0.126858	0.123335	0.119473	0.115339	0.111545	0.108225	0.106329	0.105959	0.106607	0.108102	0.108851	0.108346	0.106212	0.104283	0.103811	0.104696	0.107039	0.110297	0.11498	0.120035	0.126379	0.133741
0.0528873	0.0530923	0.0524835	0.0513661	0.0506555	0.0503179	0.0504551	0.051067	0.0521197	0.0537488	0.0552762	0.05738	0.0584327	0.060028	0.0615214	0.0635914	0.064678	0.0654933	0.0668173	0.0682429	0.0700755	0.0725524	0.0759447	0.0798118	0.0833059	0.0873425	0.0918877	0.096433	0.100707	0.104337	0.108272	0.11102	0.112649	0.112684	0.113093	0.113026	0.114045	0.1152	0.116625	0.116661	0.115679	0.114663	0.113478	0.112293	0.110734	0.109549	0.107448	0.105042	0.102535	0.10023	0.0984009	0.0972156	0.0974884	0.0986428	0.100713	0.1038	0.10787	0.111771	0.11513	0.117946	0.120796	0.123612	0.125682	0.126632	0.126736	0.12555	0.124704	0.124197	0.124775	0.124573	0.123625	0.121423	0.11844	0.115221	0.111899	0.108476	0.103527	0.0985439	0.0936965	0.0904428	0.0874604	0.0853257	0.0825807	0.0802425	0.0781757	0.076753	0.0749913	0.0729245	0.0709254	0.0701131	0.0698773	0.0705909	0.0720505	0.0744595	0.0783266	0.0827362	0.088197	0.0946072	0.101458	0.10814	0.114312	0.120858	0.126556	0.131576	0.135206	0.138497	0.139922	0.139856	0.138603	0.136604	0.134435	0.132301	0.130946	0.129862	0.128948	0.128	0.127663	0.127359	0.127157	0.126616	0.125974	0.125094	0.123976	0.124181	0.125641	0.12788	0.130187	0.133037	0.135514	0.137109	0.137653	0.138876	0.140064	0.141761	0.143153	0.14529	0.146648	0.147531	0.14777	0.148586	0.149638	0.150589	0.151811	0.152186	0.152323	0.151579	0.152157	0.153277	0.155245	0.156942	0.157859	0.156878	0.154743	0.152506	0.150982	0.149593	0.148679	0.148274	0.147869	0.146921	0.145396	0.145228	0.145433	0.147198	0.148183	0.149778	0.150967	0.152189	0.154259	0.157041	0.16084	0.16508	0.16932	0.172373	0.173019	0.171461	0.169428	0.167361	0.165735	0.164312	0.162856	0.160212	0.15662	0.152891	0.149977	0.147842	0.145775	0.144115	0.141811	0.13971	0.137609	0.137136	0.137884	0.139242	0.140667	0.141923	0.142671	0.142808	0.142267	0.142065	0.141524	0.14139	0.141663	0.142105	0.142073	0.141701	0.142415	0.144044	0.145639	0.146963	0.147473	0.147712	0.147171	0.148122	0.149446	0.151414	0.152128	0.152299	0.151419	0.150335	0.149082	0.14844	0.148272	0.14929	0.150987	0.153159	0.154619	0.154959	0.155096	0.156149	0.157778	0.159102	0.160087	0.161207	0.162531	0.163991	0.166298	0.168843	0.170777	0.171016	0.170204	0.168476	0.166579	0.16458	0.16275	0.161429	0.16038	0.159194	0.157263	0.154823	0.152587	0.150588	0.149402	0.147743	0.146015	0.14371	0.142152	0.141747	0.1428	0.144429	0.145888	0.145551	0.144298	0.1424	0.140605	0.138063	0.135793	0.133861	0.133151	0.132033	0.130543	0.128951	0.12763	0.127123	0.126209	0.12577	0.12489	0.12367	0.121264	0.118248	0.115774	0.113979	0.112997	0.111506	0.109914	0.107847	0.106018	0.104324	0.103715	0.104802	0.106397	0.108297	0.109825	0.111488	0.112981	0.114237	0.115256	0.115427	0.115225	0.115464	0.11611	0.117604	0.119131	0.121574	0.123474	0.125036	0.125546	0.125513	0.125311	0.124601	0.123348	0.121417	0.119316	0.11691	0.114741	0.112403	0.109319	0.105624	0.100574	0.0951498	0.0883357	0.0818269	0.0758944	0.0712166	0.0679629	0.0653196	0.0628119	0.0589818	0.0545414	0.050067	0.0469489	0.0455263	0.0457313	0.0468179	0.0482775	0.0502118	0.052553	0.0556063	0.0586935	0.0621875	0.0644948	0.0663613	0.0670749	0.0679581	0.068536	0.0696565	0.0714552	0.0739999	0.0765445	0.0778346	0.0774292	0.075837	0.0742788	0.0725171	0.0715692	0.0709603	0.0710297	0.0713025	0.0719483	0.072594	0.0731042	0.0734109	0.0743619	0.0751433	0.0767046	0.0797579	0.0836249	0.0882719	0.0925798	0.098244	0.103467	0.108114	0.110896	0.112458	0.112764	0.112359	0.111988	0.112294	0.114161	0.117011	0.120267	0.123761	0.125831	0.126579	0.125021	0.122411	0.119259	0.116311	0.11404	0.11194	0.110585	0.110281	0.110656	0.110996	0.11093	0.11066	0.109238	0.108086	0.107003	0.107818	0.108498	0.1105	0.113248	0.117624	0.122745	0.128376	0.134243
0.0658567	0.0661061	0.065779	0.0648076	0.0637345	0.0633057	0.0634533	0.0641773	0.0655117	0.0669818	0.0682484	0.0695828	0.0700356	0.0708613	0.0717549	0.0734962	0.0751358	0.0767415	0.0789236	0.0809022	0.0829826	0.0850969	0.0875164	0.0899698	0.0929996	0.0964702	0.100856	0.104259	0.107526	0.109708	0.111823	0.113055	0.11283	0.111316	0.109497	0.107983	0.107826	0.108075	0.108494	0.10776	0.106687	0.105681	0.104846	0.103603	0.101818	0.0997954	0.0967556	0.094055	0.0909135	0.0885519	0.0864276	0.0858292	0.0865533	0.0877521	0.0894255	0.0911329	0.0935863	0.0954632	0.0979166	0.100675	0.10401	0.107277	0.109832	0.112116	0.113756	0.115192	0.117001	0.119014	0.120789	0.121581	0.121457	0.119841	0.116937	0.113931	0.111163	0.108055	0.103795	0.0991953	0.0941211	0.0903353	0.087126	0.0859173	0.0841999	0.082313	0.0801549	0.0782002	0.0766185	0.0750368	0.074201	0.0741791	0.074598	0.0751525	0.0765208	0.0789064	0.0826143	0.086424	0.0911154	0.0963492	0.102024	0.107631	0.112966	0.118404	0.122722	0.127142	0.130579	0.13388	0.135621	0.136074	0.135781	0.134911	0.134889	0.134969	0.135659	0.135773	0.135683	0.134949	0.134486	0.134024	0.134273	0.134285	0.134365	0.1338	0.133948	0.135486	0.137905	0.13985	0.141083	0.142112	0.142259	0.141966	0.1413	0.142261	0.143189	0.144829	0.145824	0.147328	0.148662	0.14942	0.149703	0.149308	0.149049	0.14862	0.148632	0.148136	0.148182	0.148363	0.149697	0.15093	0.151892	0.152921	0.152933	0.151351	0.149329	0.147882	0.147759	0.147669	0.148088	0.149253	0.149739	0.149989	0.149831	0.150759	0.151483	0.152546	0.152897	0.153418	0.153769	0.153781	0.154674	0.155534	0.15714	0.158508	0.160147	0.161007	0.160002	0.158217	0.156432	0.156206	0.155777	0.155755	0.154377	0.151744	0.148094	0.14458	0.141336	0.13867	0.135935	0.134421	0.132704	0.1318	0.130558	0.130366	0.13048	0.131034	0.131962	0.133093	0.134122	0.135219	0.136689	0.139075	0.140884	0.142625	0.144265	0.145701	0.145713	0.145352	0.14516	0.146122	0.146642	0.148282	0.149277	0.150612	0.150691	0.15189	0.152309	0.153304	0.153113	0.153328	0.152527	0.152166	0.151872	0.152834	0.154507	0.156995	0.159821	0.162512	0.165168	0.166198	0.167634	0.169036	0.170879	0.1714	0.171751	0.172203	0.172487	0.172634	0.172748	0.173709	0.173552	0.173055	0.171202	0.169519	0.167428	0.166118	0.164299	0.162887	0.160763	0.158435	0.155192	0.151541	0.148366	0.145631	0.144253	0.142299	0.14109	0.139779	0.139791	0.139871	0.141036	0.14237	0.143807	0.143344	0.142372	0.141028	0.139819	0.138068	0.136724	0.136532	0.137121	0.137438	0.136433	0.134885	0.132082	0.129483	0.12641	0.123912	0.121619	0.119766	0.118184	0.11606	0.114003	0.112489	0.111721	0.109868	0.106829	0.10284	0.0990198	0.0952341	0.0924656	0.0917655	0.0924556	0.0936883	0.0952601	0.0974761	0.100167	0.102518	0.104667	0.106272	0.107471	0.108297	0.109733	0.112186	0.114979	0.117839	0.120123	0.121763	0.122317	0.121719	0.121459	0.120251	0.11911	0.117765	0.117269	0.116331	0.11475	0.112456	0.109314	0.105596	0.100217	0.094261	0.0867793	0.0795349	0.0729008	0.0681656	0.0650241	0.0625269	0.0595888	0.0558709	0.0511696	0.0457562	0.0408854	0.0379813	0.0371795	0.0374627	0.0389666	0.0415557	0.0446194	0.0476153	0.0506451	0.0543531	0.0574846	0.0604806	0.0626627	0.064777	0.0664165	0.0685647	0.0711198	0.074014	0.0765352	0.07848	0.078831	0.0775884	0.0753624	0.073306	0.0729789	0.0734656	0.0746644	0.0760666	0.0777401	0.0791084	0.0801715	0.0809973	0.08223	0.0827167	0.0843223	0.0868096	0.0905515	0.0951411	0.0999342	0.105575	0.110707	0.115432	0.118632	0.12078	0.121368	0.121719	0.121562	0.122082	0.123112	0.125056	0.127611	0.130099	0.130687	0.129546	0.126608	0.122924	0.119037	0.116065	0.114686	0.114359	0.114948	0.11635	0.117684	0.11773	0.117064	0.116059	0.11502	0.114116	0.113179	0.113665	0.114355	0.116232	0.118584	0.121953	0.125627	0.129674	0.133925
0.0757046	0.0744832	0.0726176	0.0706842	0.0685135	0.0668852	0.0655622	0.0650868	0.0656965	0.0671878	0.0693234	0.0720015	0.0736963	0.0748147	0.0752887	0.0755933	0.076949	0.0782708	0.0808811	0.0831523	0.085593	0.0877625	0.0893556	0.0907113	0.0923382	0.0948129	0.0984405	0.101593	0.104034	0.105051	0.105864	0.106779	0.107728	0.108676	0.109489	0.110133	0.110336	0.110064	0.109182	0.107791	0.106705	0.106162	0.105822	0.104465	0.102362	0.099649	0.0971731	0.0954092	0.09412	0.0934412	0.0924912	0.0925244	0.0929307	0.0939473	0.0947944	0.0950311	0.0957086	0.0964201	0.0979453	0.0994705	0.101335	0.103369	0.105776	0.108521	0.111742	0.114319	0.116454	0.117606	0.118521	0.118385	0.117842	0.115874	0.11289	0.109295	0.1057	0.102241	0.0986119	0.0948475	0.0907439	0.0874881	0.0848426	0.0836552	0.08162	0.0796866	0.0776176	0.0762606	0.0750732	0.0748352	0.0756144	0.0775127	0.0799534	0.0826654	0.0862591	0.0899205	0.0941584	0.097413	0.100871	0.104092	0.107821	0.111245	0.114601	0.117754	0.120093	0.123043	0.125246	0.127721	0.129144	0.129856	0.129821	0.128905	0.128633	0.128531	0.128801	0.129479	0.130428	0.131071	0.130664	0.129612	0.128797	0.128729	0.129339	0.130152	0.131135	0.132931	0.134965	0.136626	0.137541	0.138523	0.139031	0.139641	0.139505	0.140589	0.141335	0.142826	0.143368	0.14469	0.146283	0.147842	0.148485	0.148044	0.147229	0.146483	0.146347	0.146821	0.147837	0.149057	0.150447	0.15126	0.151497	0.1517	0.151394	0.150003	0.148476	0.147187	0.14739	0.147864	0.148711	0.149897	0.150711	0.151693	0.1521	0.153048	0.153828	0.154607	0.154538	0.154131	0.153961	0.153892	0.154739	0.155247	0.155959	0.155958	0.156161	0.155448	0.154193	0.152226	0.150123	0.14924	0.148528	0.149341	0.149137	0.148085	0.145643	0.142828	0.140216	0.138113	0.136282	0.135298	0.134551	0.134177	0.13377	0.133667	0.134006	0.134785	0.135836	0.137564	0.139937	0.14309	0.146175	0.148955	0.150616	0.151531	0.152174	0.152648	0.15275	0.15224	0.151765	0.151832	0.152238	0.153831	0.155458	0.157424	0.157797	0.158	0.1561	0.154438	0.15186	0.15091	0.150435	0.151451	0.153112	0.155723	0.158604	0.161621	0.164469	0.167486	0.17047	0.172334	0.174096	0.176164	0.178639	0.180164	0.18135	0.181892	0.182265	0.181823	0.180636	0.17938	0.17704	0.175378	0.172902	0.171477	0.169883	0.16917	0.167372	0.164964	0.160861	0.156079	0.151128	0.146346	0.142582	0.139495	0.13841	0.137663	0.137391	0.136814	0.136203	0.135049	0.133794	0.132912	0.13203	0.130707	0.129689	0.129586	0.130705	0.132026	0.133009	0.133415	0.132703	0.131278	0.12792	0.124088	0.11951	0.11622	0.113303	0.111912	0.111437	0.11147	0.111368	0.109943	0.108179	0.106076	0.103973	0.101226	0.0974957	0.0934599	0.0898311	0.0873212	0.0856591	0.0856245	0.0853865	0.0850129	0.084368	0.0845369	0.0860961	0.0881977	0.0911471	0.0942321	0.0972493	0.100606	0.103928	0.107861	0.111047	0.114234	0.116404	0.118539	0.120268	0.121251	0.121928	0.121249	0.120808	0.120265	0.119993	0.118907	0.116703	0.113514	0.109411	0.105206	0.100695	0.096456	0.0913352	0.0864518	0.081704	0.0775326	0.0739038	0.0700037	0.0656628	0.0608472	0.0561333	0.0521654	0.0498929	0.0497566	0.0514175	0.0534513	0.0555191	0.0577225	0.0596207	0.0614172	0.0632137	0.065824	0.0688073	0.0721297	0.075486	0.078944	0.0826394	0.0856227	0.0874531	0.0881645	0.0877909	0.0869425	0.08467	0.0817194	0.0788704	0.0775474	0.0784622	0.0806317	0.0822926	0.083377	0.083512	0.0834097	0.0830021	0.0825607	0.082187	0.0819151	0.0829317	0.0852369	0.088661	0.0930684	0.097815	0.102528	0.106935	0.110596	0.113444	0.114969	0.116393	0.117884	0.119409	0.12107	0.12307	0.125443	0.127443	0.12829	0.127171	0.124593	0.121134	0.117878	0.115232	0.113841	0.113264	0.113365	0.113704	0.11428	0.114279	0.113159	0.111565	0.109835	0.109089	0.109834	0.110952	0.112749	0.113969	0.115867	0.118003	0.120274	0.122375	0.124138	0.12529
0.0812945	0.0794672	0.0776399	0.0768637	0.0762232	0.0760235	0.0751796	0.073454	0.0718301	0.0707827	0.0707865	0.0714684	0.072286	0.0735443	0.0745992	0.0760271	0.0790487	0.0828163	0.0873977	0.0909618	0.093746	0.0953095	0.095415	0.0947067	0.0943375	0.0949855	0.0968542	0.0991976	0.101338	0.102969	0.103346	0.103892	0.104133	0.104713	0.104683	0.104585	0.104148	0.103304	0.102291	0.101514	0.101077	0.100573	0.0993556	0.0970535	0.0937343	0.0900081	0.0876722	0.0866587	0.0868659	0.0874122	0.0882975	0.0900984	0.0927131	0.0953956	0.0976373	0.0977767	0.0973736	0.0969704	0.0985339	0.101589	0.104713	0.108006	0.110722	0.113913	0.116324	0.118668	0.120096	0.120642	0.120747	0.119937	0.119704	0.118182	0.116693	0.114425	0.112225	0.109923	0.10718	0.103658	0.0990836	0.0946115	0.0908175	0.0887529	0.0874681	0.0872684	0.087306	0.0871063	0.0860928	0.0858931	0.0865072	0.0883081	0.0899734	0.0919099	0.0946942	0.0972749	0.100771	0.103793	0.107493	0.110039	0.112213	0.113404	0.114459	0.115209	0.115551	0.116911	0.117797	0.119225	0.120212	0.121301	0.122288	0.1228	0.123855	0.124537	0.125524	0.126375	0.127769	0.128689	0.129065	0.129239	0.130158	0.131993	0.133421	0.134137	0.134513	0.135568	0.137335	0.139238	0.14114	0.142467	0.142979	0.143152	0.143088	0.144007	0.144757	0.145303	0.144629	0.143412	0.142263	0.14108	0.140066	0.138849	0.137666	0.13689	0.136216	0.135711	0.135274	0.135447	0.136333	0.137523	0.138917	0.140481	0.141637	0.141675	0.141475	0.141242	0.142568	0.143962	0.14522	0.146038	0.146381	0.147571	0.149202	0.151885	0.154805	0.157284	0.159051	0.159631	0.159431	0.157875	0.156387	0.153814	0.151817	0.149922	0.149417	0.148709	0.147458	0.146004	0.144583	0.14401	0.143404	0.143441	0.142394	0.140838	0.138366	0.136336	0.134508	0.133563	0.133227	0.133706	0.134795	0.136053	0.137074	0.137383	0.137319	0.137424	0.138174	0.139839	0.142013	0.14473	0.147073	0.148331	0.148742	0.148881	0.149801	0.151059	0.152182	0.152796	0.152766	0.152939	0.153994	0.15593	0.15807	0.160075	0.160994	0.161066	0.158696	0.156224	0.153617	0.153282	0.154167	0.157257	0.160617	0.163639	0.165406	0.166664	0.168397	0.171385	0.175322	0.179056	0.182009	0.184522	0.186934	0.188497	0.189891	0.190539	0.191425	0.190716	0.188414	0.18462	0.18025	0.177134	0.174459	0.173174	0.171754	0.170672	0.167726	0.164	0.158578	0.153496	0.148753	0.144925	0.142521	0.140456	0.139884	0.138802	0.138297	0.137657	0.137695	0.137664	0.137431	0.136824	0.135607	0.13456	0.134157	0.134737	0.136097	0.137525	0.138444	0.138109	0.136383	0.134149	0.130457	0.126493	0.121614	0.117854	0.114637	0.112233	0.1101	0.107561	0.105022	0.10116	0.0975014	0.0940126	0.0916767	0.0895442	0.0866657	0.0834143	0.0795525	0.0764367	0.0734565	0.0719683	0.0702088	0.0686188	0.0667237	0.0659815	0.066799	0.0684982	0.0718928	0.0758977	0.0808521	0.0858404	0.0905235	0.0949353	0.0985333	0.102369	0.10617	0.110345	0.114655	0.11788	0.120054	0.119888	0.119315	0.117657	0.116068	0.113426	0.10987	0.10594	0.1014	0.0975723	0.0933714	0.0898487	0.0856139	0.0819556	0.0779581	0.0741302	0.0701328	0.0664066	0.0627144	0.0591239	0.0559402	0.0540112	0.053269	0.0536796	0.0547006	0.0558912	0.0572512	0.0585435	0.0602088	0.0618062	0.0640479	0.0670356	0.070871	0.074469	0.0775923	0.0801731	0.0826183	0.0845548	0.0855419	0.0862577	0.0861936	0.0862652	0.0851839	0.0835939	0.0814615	0.0808549	0.081842	0.0842193	0.0856811	0.0863969	0.0861972	0.0863705	0.0869846	0.0885142	0.089976	0.0912683	0.0928997	0.0948701	0.0976204	0.10071	0.104715	0.108109	0.112182	0.116051	0.120192	0.122705	0.124235	0.126035	0.127497	0.129569	0.131031	0.132391	0.132598	0.131415	0.129046	0.126472	0.124442	0.123021	0.121838	0.120791	0.119777	0.119171	0.1187	0.117957	0.116808	0.115422	0.11451	0.113598	0.112992	0.113131	0.113813	0.11497	0.116703	0.119216	0.122848	0.12553	0.126856	0.127538	0.127745
0.0729828	0.0710914	0.0701833	0.0710384	0.0727752	0.0740033	0.0734004	0.071136	0.0683629	0.0664376	0.0662077	0.0679783	0.0702915	0.0720961	0.0725782	0.0732299	0.0751023	0.078331	0.0823057	0.0860092	0.0886276	0.0901609	0.0903378	0.0904809	0.0906918	0.0919538	0.0939618	0.0965124	0.0985882	0.0993417	0.0988405	0.098068	0.098618	0.100558	0.103685	0.106134	0.107566	0.10781	0.107547	0.107147	0.106205	0.104992	0.102354	0.098598	0.0942312	0.0905426	0.0886512	0.0876414	0.0879879	0.0886396	0.0895626	0.0905533	0.0915441	0.092874	0.0937969	0.0942112	0.0945238	0.0956163	0.0981669	0.101667	0.105167	0.10809	0.110166	0.11136	0.111741	0.111918	0.111891	0.112068	0.112551	0.112626	0.112667	0.111895	0.111258	0.110045	0.108662	0.107109	0.105014	0.101902	0.0983494	0.0947287	0.0923625	0.0909458	0.0907498	0.091571	0.0925279	0.0925353	0.0911864	0.0906174	0.0912691	0.0936501	0.0972179	0.10143	0.105506	0.10782	0.109997	0.112039	0.114759	0.11731	0.119589	0.120953	0.121537	0.121781	0.122365	0.124	0.125534	0.127067	0.128193	0.128709	0.128649	0.12808	0.127545	0.127451	0.128136	0.13028	0.13283	0.134262	0.134778	0.134853	0.135539	0.136733	0.137724	0.13902	0.139739	0.14073	0.142026	0.144068	0.146313	0.148118	0.149244	0.149523	0.148717	0.147944	0.147273	0.146908	0.145729	0.144481	0.1432	0.142292	0.141316	0.140985	0.140789	0.140559	0.139447	0.138573	0.138038	0.137638	0.13768	0.138501	0.140238	0.141737	0.142558	0.142295	0.141624	0.140851	0.141876	0.14385	0.145621	0.146374	0.146178	0.146762	0.147482	0.149015	0.150955	0.152794	0.153377	0.152741	0.151765	0.150958	0.150321	0.149515	0.149692	0.149835	0.150555	0.150189	0.149417	0.147322	0.144888	0.142827	0.141681	0.141689	0.14173	0.141839	0.141067	0.1406	0.140404	0.14136	0.142351	0.143308	0.144163	0.14573	0.147704	0.149543	0.151008	0.152406	0.153533	0.154591	0.155853	0.157013	0.157157	0.156248	0.155306	0.154704	0.155152	0.156549	0.158422	0.159446	0.159318	0.158614	0.15835	0.158018	0.158704	0.159118	0.159668	0.159404	0.158089	0.156333	0.154578	0.154449	0.155406	0.157821	0.159863	0.161125	0.160997	0.161343	0.162572	0.165631	0.168961	0.172258	0.174401	0.176003	0.177909	0.179713	0.181857	0.183492	0.1855	0.186457	0.185718	0.182708	0.178579	0.174822	0.171269	0.167988	0.16457	0.161085	0.15682	0.152521	0.148222	0.145042	0.142269	0.139937	0.13774	0.135408	0.133788	0.13227	0.130955	0.129809	0.12985	0.130638	0.131595	0.131568	0.130389	0.129209	0.128539	0.128817	0.129232	0.129544	0.129247	0.127796	0.12543	0.123403	0.120867	0.117992	0.11427	0.111293	0.108283	0.105612	0.102466	0.0989126	0.0952918	0.0913998	0.0884233	0.0856503	0.0834875	0.0813927	0.0787892	0.0760161	0.0733109	0.0713177	0.0701722	0.0698745	0.0694411	0.0692112	0.0686761	0.0686157	0.0688605	0.0702582	0.0729783	0.0767156	0.0810633	0.0866995	0.0919967	0.0969886	0.101201	0.106057	0.11071	0.114718	0.118117	0.119955	0.120403	0.118987	0.117672	0.116187	0.114567	0.112303	0.109021	0.10557	0.101373	0.0971753	0.0926051	0.0885775	0.0844142	0.0810308	0.0773761	0.0738232	0.0701346	0.0669885	0.064012	0.0610694	0.058805	0.0580325	0.0579722	0.0582509	0.059106	0.0609445	0.0629186	0.064791	0.066426	0.0679932	0.0692214	0.0704834	0.0723897	0.0747029	0.076677	0.0784816	0.080354	0.0820229	0.0830137	0.0838349	0.084724	0.0851044	0.0843658	0.0826439	0.0804134	0.0790306	0.0784277	0.0793845	0.0795615	0.0798063	0.0790338	0.0793125	0.079693	0.0814975	0.0836073	0.0865647	0.08959	0.0922084	0.0946233	0.0970382	0.100165	0.103021	0.10686	0.110733	0.11464	0.116953	0.118859	0.121342	0.1243	0.128003	0.131537	0.134596	0.136028	0.135289	0.133466	0.131371	0.130666	0.130775	0.131359	0.131468	0.130764	0.129889	0.128744	0.127802	0.126385	0.12524	0.123653	0.122067	0.12021	0.119335	0.120021	0.12091	0.122206	0.123977	0.127205	0.129926	0.131493	0.132721	0.13361
0.0616698	0.0619181	0.0635905	0.0672296	0.0712756	0.0738635	0.073671	0.0709353	0.0672502	0.0644807	0.0640847	0.0659944	0.0693284	0.0721537	0.0739956	0.0756341	0.0776795	0.0807761	0.0844152	0.0875796	0.0897945	0.0912974	0.0924951	0.0942354	0.0964842	0.0993095	0.101524	0.103231	0.103818	0.10349	0.101704	0.100426	0.100234	0.10177	0.104562	0.107557	0.109839	0.110495	0.109861	0.108346	0.105611	0.102638	0.0993254	0.0967254	0.0941593	0.0928477	0.0924518	0.0928357	0.0929144	0.0921454	0.0911051	0.0903701	0.090381	0.0907988	0.0919287	0.0937706	0.0965959	0.100506	0.105705	0.111752	0.116408	0.119539	0.120092	0.119154	0.117096	0.115954	0.115728	0.116654	0.117818	0.118744	0.118925	0.117851	0.116403	0.114244	0.112017	0.109926	0.108512	0.106828	0.104601	0.101492	0.0991974	0.0977164	0.097456	0.0978399	0.0981899	0.0969123	0.0944479	0.0929329	0.0934864	0.0959048	0.100019	0.104438	0.108348	0.109817	0.110947	0.11228	0.114393	0.116947	0.119569	0.122259	0.124609	0.12696	0.129446	0.131966	0.1333	0.133514	0.132982	0.132247	0.131614	0.131659	0.132551	0.134563	0.136846	0.139637	0.141784	0.142439	0.142213	0.141919	0.142303	0.143059	0.143782	0.145014	0.14689	0.149037	0.151455	0.153806	0.155648	0.155727	0.153771	0.150289	0.146808	0.144174	0.142896	0.142331	0.141765	0.140623	0.138803	0.136745	0.134484	0.133003	0.131624	0.130821	0.129611	0.12891	0.128955	0.12961	0.131011	0.132752	0.134594	0.13535	0.135497	0.134287	0.133349	0.132614	0.134184	0.13667	0.139123	0.140863	0.141789	0.142682	0.143337	0.144806	0.14675	0.148863	0.150061	0.150682	0.151134	0.151789	0.152003	0.15137	0.150262	0.148476	0.146588	0.143818	0.140981	0.137635	0.134729	0.132435	0.131394	0.131066	0.130772	0.129799	0.128115	0.126702	0.125933	0.126147	0.127514	0.129797	0.133063	0.137211	0.141732	0.146286	0.149586	0.152242	0.153813	0.154231	0.153801	0.153133	0.152093	0.151731	0.151708	0.153109	0.155392	0.158149	0.160636	0.161359	0.161166	0.159855	0.159221	0.15913	0.160667	0.162102	0.163707	0.164396	0.16383	0.16218	0.160834	0.160845	0.161365	0.162427	0.163286	0.164144	0.164358	0.165353	0.166754	0.169545	0.172099	0.174179	0.174732	0.173895	0.173771	0.174256	0.176912	0.179602	0.18263	0.184303	0.184348	0.18151	0.176435	0.171393	0.166284	0.161446	0.156405	0.151668	0.147	0.142739	0.139935	0.138793	0.137719	0.136068	0.133604	0.131173	0.128946	0.127025	0.12534	0.124808	0.12604	0.128831	0.132199	0.134041	0.133984	0.132571	0.131327	0.130355	0.129179	0.127901	0.127031	0.126194	0.125255	0.124859	0.123785	0.122067	0.118212	0.114459	0.110503	0.107259	0.103065	0.0983964	0.0935584	0.0891273	0.0859509	0.0833169	0.0812255	0.0783881	0.0743979	0.0701024	0.0659765	0.0629696	0.0614546	0.0615672	0.0625276	0.0637253	0.0648552	0.0658494	0.0667758	0.0679057	0.0701207	0.073692	0.07845	0.0847001	0.0904076	0.0960812	0.100602	0.105089	0.108762	0.111384	0.113124	0.113169	0.112603	0.110715	0.109743	0.108974	0.109086	0.108216	0.105616	0.102134	0.0971264	0.0915086	0.0850769	0.0794251	0.0743159	0.0699526	0.0660979	0.0624807	0.0595755	0.0569415	0.0548162	0.0519788	0.0489041	0.0458971	0.0428563	0.0410701	0.0404706	0.0424143	0.0453074	0.04915	0.0532299	0.0570046	0.0606776	0.0629943	0.0649041	0.0665426	0.0684184	0.0706673	0.0728483	0.0750294	0.0770748	0.079188	0.0814708	0.0831432	0.0837984	0.0837754	0.0829386	0.0823052	0.0823161	0.0827678	0.0827788	0.0822132	0.0816138	0.0823707	0.0835006	0.0862919	0.0890833	0.0930276	0.0972771	0.101933	0.106556	0.11067	0.11397	0.115778	0.117348	0.119021	0.120897	0.122196	0.123123	0.124863	0.127519	0.131361	0.134932	0.137859	0.139667	0.140119	0.139893	0.139395	0.14005	0.141384	0.143259	0.145203	0.146503	0.147768	0.147508	0.14684	0.144613	0.142692	0.139617	0.137424	0.135197	0.13436	0.134405	0.134449	0.135172	0.136675	0.140043	0.142834	0.144643	0.145467	0.145885
0.0619561	0.0629798	0.064512	0.0667563	0.0690685	0.0701599	0.0691151	0.0666801	0.0645502	0.0641158	0.0660549	0.0698929	0.0740022	0.0760092	0.0761173	0.0749707	0.0738921	0.0738306	0.0748542	0.0767934	0.079275	0.0825705	0.0863746	0.0910264	0.095407	0.0986686	0.0996244	0.0989526	0.0971957	0.0950658	0.0936141	0.0943665	0.096916	0.100754	0.105304	0.109108	0.110912	0.110511	0.108551	0.106523	0.103952	0.101856	0.0997602	0.098105	0.0970942	0.0973379	0.0983615	0.0989443	0.0981708	0.0956679	0.0922835	0.0894755	0.0881933	0.0897934	0.0933262	0.0983849	0.10324	0.107689	0.110984	0.113805	0.115269	0.115649	0.114875	0.11322	0.112107	0.1113	0.111611	0.112838	0.11454	0.115632	0.115062	0.112694	0.109276	0.105519	0.102643	0.101632	0.103028	0.105069	0.106805	0.106879	0.106513	0.105061	0.103168	0.101412	0.100435	0.0995593	0.0992605	0.100318	0.103241	0.106773	0.111323	0.115263	0.117779	0.117344	0.1163	0.115492	0.115939	0.117878	0.120733	0.124537	0.127765	0.131264	0.133915	0.136227	0.136505	0.135324	0.133432	0.131641	0.130834	0.131247	0.133525	0.137092	0.140353	0.143276	0.144808	0.145018	0.14438	0.144251	0.144969	0.146468	0.148746	0.15116	0.154048	0.156157	0.158232	0.159357	0.159431	0.157844	0.154426	0.150193	0.146063	0.143526	0.141973	0.141945	0.14107	0.13989	0.137353	0.134613	0.130855	0.127505	0.124697	0.123109	0.122607	0.123359	0.125638	0.127272	0.128499	0.128573	0.128037	0.126755	0.125269	0.123817	0.123247	0.123898	0.126447	0.130048	0.134089	0.13786	0.140477	0.141975	0.14188	0.14209	0.142401	0.143798	0.144415	0.145269	0.146157	0.147757	0.148814	0.149058	0.147878	0.144968	0.141719	0.138233	0.136035	0.133702	0.132047	0.130459	0.129381	0.128878	0.128647	0.128077	0.127066	0.126022	0.125791	0.126475	0.128652	0.132218	0.136599	0.141522	0.146377	0.151775	0.155647	0.158536	0.159932	0.160685	0.161267	0.16202	0.162874	0.164915	0.167057	0.169742	0.171885	0.173417	0.174882	0.174719	0.174284	0.173273	0.172534	0.172438	0.172987	0.173773	0.17439	0.174396	0.172945	0.17051	0.167905	0.166793	0.166189	0.166738	0.167863	0.170005	0.172216	0.175003	0.176603	0.177728	0.177362	0.176995	0.176527	0.176329	0.178133	0.180615	0.184554	0.187104	0.188602	0.18871	0.187123	0.183637	0.17815	0.172799	0.166329	0.160062	0.154033	0.149529	0.145874	0.143371	0.142258	0.141044	0.137965	0.133427	0.128585	0.125268	0.123477	0.123619	0.124134	0.124717	0.124486	0.124289	0.124736	0.125082	0.124817	0.124416	0.124253	0.124124	0.123486	0.123153	0.123329	0.123742	0.123986	0.124365	0.123083	0.120614	0.116213	0.111947	0.108257	0.106602	0.105659	0.104682	0.102518	0.0988961	0.0945961	0.0895162	0.0850467	0.079526	0.0739036	0.0684846	0.0639812	0.0608002	0.0587042	0.0585072	0.0592595	0.0604188	0.061205	0.0616861	0.0628115	0.0646828	0.0674018	0.0709686	0.0756882	0.0817303	0.0871959	0.0923902	0.0966351	0.0998628	0.101259	0.100927	0.0998141	0.0982946	0.0977245	0.098036	0.0999074	0.102016	0.103582	0.10308	0.0997633	0.095192	0.0895357	0.0841507	0.0789691	0.0748047	0.0709794	0.0672559	0.0633628	0.0593341	0.0561531	0.0532772	0.0507405	0.0475934	0.0439715	0.0400445	0.0361175	0.0346319	0.0356556	0.0398666	0.0447557	0.0494754	0.05233	0.0533197	0.0540721	0.0547566	0.0565601	0.0595844	0.0634224	0.067396	0.0703524	0.0724611	0.0738916	0.0748474	0.0751929	0.0747245	0.0737815	0.072974	0.0717258	0.0706132	0.0707891	0.0721518	0.0739553	0.0757249	0.0777997	0.0799084	0.0812033	0.082905	0.0851494	0.0889874	0.0936392	0.0989353	0.103926	0.107595	0.1095	0.109676	0.10958	0.109621	0.110441	0.11221	0.115506	0.119785	0.124674	0.129665	0.134113	0.138324	0.141925	0.144915	0.146753	0.147708	0.148732	0.150095	0.152305	0.155295	0.158252	0.160835	0.161486	0.160882	0.158549	0.155571	0.151339	0.14809	0.14657	0.147458	0.149228	0.150184	0.150326	0.150298	0.150847	0.151532	0.152623	0.153749	0.15484
0.0596555	0.0599487	0.0597333	0.0600605	0.0611675	0.0625119	0.0631782	0.0637766	0.065121	0.0679234	0.071811	0.0758341	0.07884	0.0797775	0.0793587	0.0780922	0.0774021	0.0773562	0.0779208	0.0788243	0.0810165	0.0842597	0.0876047	0.0906106	0.0929384	0.0939437	0.0935588	0.0922244	0.0914326	0.0909799	0.0920191	0.0947198	0.0983022	0.101512	0.103602	0.104166	0.102832	0.100107	0.0970777	0.0947939	0.0932222	0.0926677	0.0923845	0.0928812	0.0932762	0.0940442	0.0948799	0.0954784	0.0949578	0.0929453	0.0911701	0.0912599	0.0942319	0.0997809	0.107331	0.114711	0.120701	0.124486	0.126441	0.12687	0.126383	0.125422	0.1248	0.124042	0.12403	0.123882	0.123938	0.123892	0.1231	0.121766	0.119279	0.115876	0.111829	0.108189	0.105973	0.105758	0.108119	0.111023	0.113283	0.113034	0.111327	0.108365	0.105267	0.103255	0.1027	0.103299	0.104711	0.106564	0.108247	0.109388	0.110461	0.110755	0.11037	0.108764	0.107837	0.107486	0.108321	0.110717	0.11396	0.118323	0.121634	0.124673	0.125611	0.125667	0.123519	0.121065	0.119392	0.12016	0.123267	0.127664	0.132874	0.137778	0.14092	0.142841	0.14327	0.143902	0.144161	0.145743	0.147901	0.150941	0.154761	0.158106	0.161824	0.164253	0.166276	0.167145	0.166455	0.164206	0.159853	0.155738	0.152166	0.150255	0.148582	0.14718	0.144116	0.139866	0.134632	0.129635	0.124808	0.120897	0.118003	0.116363	0.116182	0.116916	0.118091	0.118282	0.118135	0.117207	0.116178	0.11464	0.11412	0.114616	0.116775	0.120391	0.125024	0.130099	0.134427	0.138043	0.14088	0.14297	0.14384	0.144947	0.14619	0.148653	0.150743	0.152562	0.153771	0.15359	0.152255	0.149361	0.145552	0.140691	0.136406	0.132325	0.129499	0.127012	0.125304	0.123733	0.122229	0.120962	0.119933	0.11887	0.117807	0.117049	0.117105	0.118009	0.12054	0.124393	0.129162	0.133491	0.136904	0.140486	0.143153	0.145752	0.148012	0.150814	0.154159	0.157674	0.161561	0.165449	0.168624	0.170749	0.172093	0.172251	0.172408	0.17182	0.171876	0.172101	0.172767	0.17418	0.175219	0.175919	0.174822	0.17247	0.168084	0.163461	0.159685	0.158079	0.158305	0.160056	0.162689	0.165898	0.169854	0.173979	0.176747	0.178465	0.178826	0.179661	0.180429	0.181842	0.184644	0.187447	0.190486	0.191424	0.190937	0.188687	0.184572	0.179474	0.173834	0.169312	0.16418	0.159929	0.15595	0.15309	0.149992	0.147064	0.144306	0.140903	0.136992	0.133216	0.130796	0.13031	0.131722	0.134117	0.135767	0.135789	0.13381	0.130882	0.128124	0.125467	0.123421	0.122358	0.122753	0.123622	0.124899	0.126752	0.128808	0.130627	0.130683	0.129349	0.125539	0.121865	0.118293	0.116145	0.115319	0.116121	0.116516	0.114639	0.110422	0.103934	0.0967675	0.0893296	0.0835872	0.0782516	0.0731874	0.0688691	0.0651611	0.0632164	0.0619499	0.0620736	0.0623329	0.0622532	0.0618683	0.0620259	0.0645232	0.0689871	0.0751126	0.0815433	0.0882452	0.094235	0.0984955	0.101535	0.103456	0.104394	0.104823	0.104845	0.104799	0.104516	0.105385	0.10673	0.109057	0.110266	0.110763	0.108852	0.104737	0.100046	0.0952529	0.091545	0.0880405	0.0855871	0.0824895	0.0788155	0.0736834	0.0679071	0.0626054	0.0577107	0.0537315	0.0497523	0.0458748	0.0420652	0.0386624	0.0371924	0.0371127	0.0383214	0.0398354	0.0416206	0.0436092	0.045191	0.0482308	0.0517454	0.0565484	0.0616566	0.0675448	0.0726191	0.0760997	0.0776476	0.0777713	0.0772846	0.0757807	0.0744464	0.0734172	0.0740156	0.0751905	0.0765688	0.0786252	0.080207	0.081314	0.0810987	0.0819344	0.0829398	0.085098	0.0875274	0.0908385	0.0945226	0.0982745	0.102569	0.106219	0.109157	0.1104	0.109744	0.108681	0.107312	0.106961	0.107424	0.10965	0.112893	0.116849	0.120533	0.123403	0.125799	0.127448	0.129471	0.13112	0.133618	0.136725	0.140477	0.144534	0.148523	0.151462	0.152874	0.152455	0.150578	0.148226	0.145841	0.143625	0.142562	0.142618	0.14481	0.146629	0.148279	0.148843	0.149238	0.149124	0.148197	0.147337	0.146647	0.146839
0.0669345	0.0652426	0.0630421	0.0618928	0.0627779	0.065562	0.0688885	0.0721812	0.0759146	0.0798515	0.0833477	0.085996	0.0872881	0.0869865	0.0852607	0.0833993	0.0825212	0.0824908	0.0827317	0.0833796	0.0851124	0.0871844	0.0888155	0.0899719	0.0908232	0.0904538	0.090559	0.0905626	0.0922954	0.0936553	0.0961681	0.0992234	0.101736	0.103164	0.102794	0.101713	0.0995463	0.097617	0.0965016	0.0967086	0.0974242	0.0983433	0.0987537	0.0987912	0.0980148	0.0969333	0.0963265	0.0959571	0.0958589	0.0965406	0.0983074	0.101125	0.10513	0.110457	0.116836	0.121722	0.124201	0.124103	0.122343	0.119125	0.116653	0.114758	0.11527	0.115647	0.116328	0.115247	0.113012	0.110202	0.106713	0.103936	0.101023	0.0987887	0.0966899	0.0958119	0.0960189	0.0974126	0.0998237	0.10193	0.103493	0.103293	0.102313	0.100621	0.0988277	0.0983565	0.099513	0.102534	0.1062	0.10956	0.110988	0.110958	0.109673	0.10832	0.106866	0.105784	0.106194	0.107486	0.109355	0.111969	0.114279	0.117402	0.118626	0.119579	0.118735	0.117789	0.11664	0.116033	0.117189	0.119838	0.124419	0.128797	0.132801	0.135619	0.137183	0.138203	0.138648	0.140211	0.142351	0.146254	0.15036	0.155009	0.159421	0.16268	0.165159	0.16584	0.165979	0.165678	0.1648	0.16382	0.161484	0.159928	0.157524	0.155628	0.152173	0.148718	0.143601	0.138044	0.132351	0.127641	0.124017	0.121274	0.11965	0.118398	0.117724	0.117015	0.116307	0.114683	0.112381	0.110112	0.108692	0.108933	0.110937	0.114874	0.119828	0.124884	0.12916	0.132893	0.136287	0.139207	0.141754	0.144402	0.146474	0.147936	0.148617	0.150486	0.152592	0.154019	0.154057	0.151958	0.148842	0.144099	0.139728	0.135561	0.133292	0.131261	0.129773	0.127708	0.124796	0.121442	0.118021	0.116363	0.115553	0.115658	0.116272	0.116886	0.117771	0.11886	0.121203	0.123919	0.126907	0.129657	0.131864	0.134479	0.136313	0.13903	0.14239	0.14731	0.152671	0.157354	0.161291	0.163634	0.165367	0.166388	0.168019	0.168362	0.16867	0.168267	0.167966	0.16841	0.169159	0.170791	0.170794	0.170086	0.167783	0.16521	0.161958	0.159453	0.157828	0.157561	0.158209	0.160111	0.162725	0.165882	0.169921	0.174672	0.179728	0.184241	0.1875	0.190792	0.19361	0.196496	0.19945	0.201488	0.202203	0.199664	0.194751	0.188617	0.182042	0.177265	0.173504	0.171372	0.167916	0.164122	0.159514	0.155381	0.151451	0.148098	0.144982	0.141255	0.137122	0.13343	0.131568	0.131504	0.133033	0.134936	0.136533	0.135994	0.133522	0.129762	0.126375	0.123293	0.121465	0.121096	0.122083	0.123036	0.124022	0.125586	0.126742	0.128272	0.128546	0.128652	0.126756	0.125098	0.123712	0.123715	0.124194	0.124672	0.12376	0.120373	0.115629	0.10902	0.102819	0.096244	0.0916699	0.0872314	0.083912	0.0810672	0.0783242	0.0760559	0.0733806	0.0712819	0.0690814	0.0673895	0.0667488	0.0677018	0.071503	0.077644	0.0850396	0.0915874	0.0970502	0.100818	0.103296	0.104487	0.105101	0.105104	0.105854	0.1064	0.106607	0.105695	0.105529	0.105634	0.106214	0.105234	0.103407	0.0997821	0.0956828	0.0924311	0.0906375	0.0906411	0.0902038	0.0894953	0.0866844	0.0829919	0.077638	0.071911	0.066184	0.0615422	0.0583583	0.0565647	0.0549407	0.0533166	0.0513535	0.0500346	0.0491904	0.0485497	0.0479429	0.0468953	0.0463563	0.0463598	0.048364	0.0521314	0.0574924	0.0632943	0.0688588	0.072694	0.0744608	0.0744982	0.073654	0.0726403	0.0712536	0.0704773	0.0705826	0.0709252	0.0715391	0.0712035	0.0711054	0.071075	0.072028	0.0737269	0.0761719	0.0787186	0.0818417	0.0852021	0.0892747	0.0934829	0.0965382	0.0987457	0.0991901	0.0994988	0.0993667	0.0992685	0.100052	0.101581	0.104196	0.107183	0.110612	0.113769	0.116214	0.117675	0.11873	0.120225	0.122026	0.124539	0.127187	0.130887	0.134925	0.139303	0.143308	0.146804	0.148944	0.149659	0.149358	0.147971	0.146279	0.144689	0.144014	0.144255	0.144768	0.145788	0.146029	0.146168	0.145595	0.145836	0.14567	0.145572	0.145338	0.145952	0.146804
0.063833	0.063046	0.0628694	0.0641169	0.0667546	0.0707148	0.0753192	0.0802966	0.0855114	0.0906245	0.0948559	0.0976293	0.0995889	0.100565	0.101134	0.10167	0.102816	0.104063	0.104599	0.104117	0.103499	0.102204	0.100908	0.0994768	0.0992663	0.0992253	0.10088	0.102466	0.105341	0.106826	0.107904	0.108338	0.10806	0.107069	0.104417	0.101969	0.0994523	0.0978855	0.0973697	0.0976678	0.098305	0.09823	0.097816	0.0972325	0.0965133	0.0955907	0.0949054	0.0953391	0.0970614	0.099733	0.103456	0.107314	0.11158	0.114421	0.11733	0.11912	0.120537	0.120496	0.120218	0.118651	0.117796	0.116839	0.117205	0.116859	0.116038	0.113352	0.109683	0.10581	0.101972	0.0993875	0.0973798	0.0964233	0.0958398	0.0958666	0.0962324	0.0961236	0.0960826	0.0956008	0.0957293	0.0949762	0.0945283	0.0941482	0.0942089	0.0950496	0.0961614	0.0984601	0.100182	0.101091	0.0998968	0.0986351	0.0981872	0.0985531	0.0997667	0.101421	0.103449	0.105137	0.106011	0.107428	0.108676	0.110127	0.110323	0.110282	0.109563	0.108946	0.109006	0.109915	0.112349	0.115631	0.120032	0.123958	0.126528	0.127911	0.128989	0.131254	0.134434	0.139005	0.143813	0.149265	0.153225	0.156948	0.159484	0.161545	0.162725	0.163091	0.163118	0.162534	0.161442	0.160078	0.158206	0.156199	0.153682	0.150827	0.146649	0.142302	0.13731	0.132793	0.128887	0.12593	0.124091	0.122355	0.121059	0.119153	0.11718	0.114867	0.112554	0.110411	0.108335	0.107616	0.107778	0.109534	0.112274	0.116132	0.120465	0.124493	0.12842	0.132312	0.136408	0.1403	0.144227	0.14839	0.152316	0.154683	0.155354	0.155381	0.155306	0.154858	0.153562	0.150843	0.147207	0.142758	0.138919	0.135149	0.132497	0.129438	0.126108	0.121828	0.117006	0.113167	0.110447	0.110101	0.110704	0.112291	0.114318	0.116041	0.117627	0.118536	0.119444	0.120149	0.121566	0.123695	0.12596	0.128835	0.131778	0.135908	0.140004	0.145049	0.14928	0.152494	0.154454	0.155566	0.156746	0.15762	0.159546	0.160759	0.16221	0.162983	0.16362	0.164088	0.16425	0.164752	0.16444	0.16372	0.161848	0.160485	0.159562	0.159623	0.159989	0.160219	0.161026	0.16207	0.163555	0.16548	0.168762	0.173638	0.179463	0.185763	0.191046	0.195311	0.197305	0.198043	0.197494	0.195927	0.193546	0.189911	0.185191	0.179724	0.174461	0.170826	0.167903	0.165251	0.161548	0.1572	0.152141	0.147048	0.142531	0.138658	0.135938	0.133592	0.132499	0.131848	0.131807	0.131664	0.131386	0.130463	0.128998	0.127024	0.124983	0.123348	0.121781	0.120214	0.118715	0.117555	0.117514	0.117338	0.11733	0.117493	0.117994	0.119344	0.120286	0.121432	0.121628	0.121791	0.121275	0.121437	0.120582	0.118812	0.114363	0.107812	0.100785	0.0940984	0.089378	0.0856071	0.083396	0.0811848	0.0789737	0.076593	0.0741445	0.0727472	0.071655	0.0716479	0.0717425	0.0722101	0.0741019	0.0768075	0.081378	0.086491	0.0926892	0.0981752	0.102949	0.105892	0.108089	0.109506	0.110482	0.111526	0.113723	0.116802	0.118965	0.118856	0.117662	0.115654	0.113986	0.111843	0.110174	0.107895	0.105548	0.103642	0.102143	0.101254	0.0989755	0.0962896	0.091671	0.0864759	0.0807044	0.0750007	0.0702125	0.0663738	0.0641965	0.0629009	0.0616053	0.0600045	0.0577595	0.0553449	0.0528625	0.051126	0.0506442	0.0515865	0.0540208	0.0577098	0.0623142	0.0673933	0.0719978	0.0761275	0.0794773	0.0815725	0.082447	0.0826434	0.0835518	0.0852401	0.0876744	0.0898714	0.0918309	0.0925359	0.0931392	0.0925895	0.0919382	0.0906425	0.0901268	0.090018	0.090723	0.0925469	0.0951847	0.0983989	0.100935	0.103301	0.103972	0.10366	0.101754	0.100764	0.100519	0.100885	0.101488	0.102702	0.104017	0.104553	0.104207	0.104098	0.105074	0.105881	0.107535	0.109291	0.111692	0.114092	0.117001	0.121266	0.125735	0.129797	0.132435	0.134123	0.135099	0.136042	0.137425	0.139079	0.141073	0.143066	0.145094	0.146545	0.146368	0.145174	0.143268	0.14221	0.141219	0.141111	0.1409	0.140927	0.14075	0.140913	0.140499
0.0690535	0.0701479	0.071412	0.0733541	0.0751607	0.0772724	0.0794519	0.0813263	0.0842179	0.0873469	0.090408	0.0926893	0.0948688	0.0963702	0.097329	0.0976775	0.0985007	0.0991883	0.0997741	0.0998174	0.0998268	0.0987851	0.0985232	0.0989056	0.100949	0.102519	0.104427	0.105216	0.105395	0.104489	0.102939	0.10227	0.100923	0.100492	0.0994159	0.0991201	0.09896	0.0985964	0.0989788	0.0990899	0.0993706	0.0985323	0.098067	0.0975677	0.0974076	0.0976205	0.0988506	0.101437	0.104905	0.108814	0.113197	0.116293	0.118099	0.117702	0.117101	0.116195	0.116102	0.115806	0.115612	0.114469	0.113054	0.111945	0.111072	0.110505	0.109904	0.108422	0.106532	0.104677	0.102889	0.101203	0.0989406	0.0969155	0.0955346	0.0943911	0.0933833	0.0921042	0.0909268	0.0901224	0.0903352	0.0911245	0.0927615	0.0941273	0.0945436	0.0943156	0.0936808	0.0945379	0.0954628	0.0972354	0.0981264	0.100103	0.10218	0.105174	0.107726	0.109431	0.110051	0.109348	0.108205	0.107095	0.106969	0.107487	0.108242	0.109201	0.110363	0.11156	0.113095	0.114935	0.117318	0.120142	0.123305	0.126773	0.129936	0.13276	0.135753	0.139696	0.14513	0.151142	0.156542	0.161265	0.164157	0.16637	0.166922	0.167813	0.168229	0.168747	0.168079	0.166664	0.164435	0.16163	0.158656	0.155308	0.152436	0.149359	0.145741	0.142257	0.138537	0.135393	0.132757	0.130563	0.128402	0.12519	0.121944	0.118461	0.115385	0.112919	0.111606	0.111005	0.110472	0.110583	0.111406	0.113043	0.115494	0.118894	0.123278	0.127322	0.131401	0.135513	0.140507	0.145535	0.150325	0.154675	0.158109	0.159373	0.158467	0.156306	0.154179	0.15229	0.150807	0.149359	0.147503	0.144461	0.140842	0.136952	0.134045	0.131376	0.128503	0.125189	0.121401	0.118766	0.117758	0.118784	0.120727	0.122431	0.124543	0.125468	0.12585	0.125216	0.124818	0.124861	0.126363	0.12939	0.13296	0.136767	0.139828	0.143805	0.147239	0.151114	0.153666	0.155541	0.156059	0.156339	0.156891	0.158461	0.160742	0.162616	0.163745	0.163618	0.162068	0.160416	0.158933	0.158739	0.158545	0.158792	0.158327	0.158031	0.157464	0.157338	0.157211	0.156983	0.157332	0.158698	0.161081	0.164447	0.168763	0.175147	0.182548	0.190119	0.195723	0.199327	0.199574	0.197922	0.19471	0.191532	0.188117	0.184362	0.180404	0.176243	0.172353	0.169073	0.165556	0.161327	0.155979	0.149647	0.143079	0.136645	0.131704	0.128391	0.126739	0.125256	0.123773	0.121884	0.1203	0.118919	0.117097	0.11514	0.11281	0.110683	0.108522	0.107955	0.108066	0.108381	0.108017	0.107111	0.106069	0.104451	0.103477	0.104029	0.105395	0.107812	0.11033	0.112713	0.113638	0.112732	0.110232	0.107631	0.104961	0.102767	0.0996905	0.0950883	0.0900454	0.0846634	0.0813497	0.0789177	0.0779777	0.0763256	0.0739275	0.0707495	0.0673342	0.0656482	0.0650133	0.0663791	0.0680161	0.0699243	0.0721717	0.0740121	0.0767681	0.0793545	0.0829582	0.086528	0.0908777	0.0949222	0.0988649	0.102028	0.104275	0.106251	0.108533	0.111288	0.113163	0.113647	0.113283	0.112682	0.112183	0.11182	0.111253	0.110177	0.108152	0.105754	0.102711	0.0999742	0.0963215	0.0924992	0.0877954	0.0831254	0.0793371	0.0757861	0.0728455	0.0695997	0.0668286	0.0642949	0.0618968	0.0600413	0.0583213	0.0572796	0.0566108	0.0572984	0.0591388	0.0609454	0.0629554	0.0652366	0.0679587	0.0710877	0.0733689	0.075718	0.0770498	0.0784156	0.0793066	0.0811131	0.0838691	0.0876084	0.0912799	0.0936968	0.0954016	0.0957162	0.0967429	0.0975322	0.0989996	0.100467	0.102545	0.104826	0.106429	0.107863	0.10794	0.108119	0.107179	0.106849	0.105638	0.103918	0.101927	0.101089	0.10164	0.102735	0.103524	0.104585	0.105306	0.105553	0.105189	0.105402	0.106361	0.107829	0.110347	0.113374	0.116809	0.119531	0.122388	0.12511	0.127358	0.128791	0.129513	0.130472	0.132719	0.13656	0.141418	0.145971	0.149914	0.152636	0.154918	0.15591	0.156123	0.15481	0.152717	0.151099	0.149515	0.149761	0.1495	0.150357	0.149756	0.148714	0.145366
0.0761154	0.0800862	0.0835822	0.0865697	0.0880651	0.0890519	0.0897336	0.0900761	0.0913681	0.0932027	0.095478	0.097143	0.0981976	0.0979977	0.0965431	0.0946477	0.0933288	0.0931966	0.09398	0.0950685	0.0964623	0.0968048	0.0980629	0.0994227	0.101868	0.103092	0.103061	0.101234	0.0982534	0.094866	0.0912413	0.088939	0.0873488	0.087454	0.0880679	0.0887495	0.0886513	0.086722	0.0845214	0.0821513	0.0814088	0.0813106	0.0830773	0.0850474	0.0870515	0.0890556	0.0913309	0.0950304	0.0991368	0.103108	0.107011	0.109557	0.111527	0.111463	0.111331	0.110961	0.111846	0.112596	0.113108	0.112637	0.110911	0.109253	0.106849	0.105903	0.106178	0.10747	0.108897	0.109443	0.109413	0.107687	0.104842	0.101048	0.098271	0.0961043	0.0944124	0.0933308	0.0928595	0.0931682	0.093782	0.0947689	0.0962304	0.0967086	0.0963052	0.0951219	0.0945828	0.095061	0.0966921	0.0991709	0.102057	0.105587	0.108811	0.111934	0.113871	0.114722	0.113572	0.111643	0.109985	0.108904	0.109144	0.109521	0.11044	0.110884	0.111566	0.112349	0.113065	0.114628	0.117378	0.121925	0.127117	0.132952	0.13872	0.143607	0.147442	0.15148	0.156604	0.161965	0.16597	0.168855	0.170452	0.171948	0.17263	0.174261	0.175485	0.176777	0.176306	0.174444	0.171023	0.166415	0.16218	0.158284	0.156015	0.153917	0.152089	0.149719	0.14606	0.141825	0.138336	0.135932	0.133867	0.130988	0.127364	0.123264	0.119063	0.116083	0.114696	0.114157	0.113618	0.113316	0.113727	0.114985	0.117463	0.121672	0.127406	0.133275	0.139348	0.14515	0.150341	0.153973	0.156249	0.157947	0.159205	0.159819	0.159755	0.158267	0.156032	0.153425	0.151461	0.149803	0.147535	0.144453	0.139913	0.13466	0.129374	0.125376	0.122294	0.120399	0.119114	0.118948	0.119799	0.121159	0.123163	0.12415	0.125306	0.125716	0.126093	0.126164	0.126032	0.126476	0.127599	0.129637	0.13198	0.134832	0.137785	0.141756	0.145388	0.150003	0.154075	0.158046	0.160559	0.162664	0.16399	0.164841	0.165048	0.165221	0.164818	0.163431	0.161061	0.158691	0.156863	0.156358	0.156735	0.156806	0.155521	0.152812	0.149458	0.145834	0.142887	0.141161	0.141877	0.145034	0.149784	0.155247	0.160913	0.166986	0.172653	0.177742	0.18134	0.183175	0.181957	0.179486	0.175895	0.17305	0.170748	0.169497	0.168585	0.166994	0.164455	0.160287	0.155306	0.149376	0.144564	0.140262	0.137688	0.135589	0.134101	0.132578	0.130717	0.128042	0.125197	0.122284	0.120457	0.119578	0.118972	0.1185	0.117215	0.116168	0.114306	0.113869	0.113228	0.112723	0.110624	0.107881	0.105511	0.10409	0.104907	0.107963	0.112171	0.116074	0.118688	0.119031	0.117407	0.113545	0.108665	0.104125	0.100466	0.0983675	0.0962009	0.0929831	0.0888497	0.0845468	0.081329	0.0790946	0.07764	0.0758463	0.0730354	0.0700889	0.0681596	0.0690447	0.0717269	0.0758333	0.0793633	0.0815708	0.0826593	0.0825272	0.0827341	0.0830428	0.0851147	0.0883734	0.093497	0.0981798	0.102422	0.104426	0.105345	0.105687	0.106132	0.107356	0.108241	0.109703	0.111503	0.113982	0.116393	0.119007	0.12013	0.119998	0.117356	0.113596	0.108174	0.101837	0.0952281	0.0895011	0.0849609	0.0811327	0.078254	0.0755787	0.0729713	0.0695161	0.0655862	0.0616224	0.0588793	0.0574926	0.0570552	0.0574317	0.0574691	0.0577439	0.0577473	0.0581238	0.0591106	0.0607078	0.0627458	0.0648177	0.0658045	0.0667235	0.0680155	0.0711047	0.0749737	0.0796904	0.0837629	0.0873946	0.0894326	0.0906567	0.0921183	0.0944614	0.0989069	0.104539	0.11068	0.115905	0.119639	0.121914	0.122664	0.122633	0.121077	0.118639	0.114573	0.110305	0.106205	0.102987	0.101295	0.101129	0.10232	0.103442	0.103683	0.102974	0.101554	0.099726	0.0986784	0.0991905	0.1015	0.104114	0.107135	0.109682	0.112229	0.113961	0.11566	0.117224	0.11855	0.119875	0.120964	0.123002	0.126261	0.131011	0.136169	0.141089	0.145975	0.14998	0.153951	0.156667	0.158908	0.15959	0.159492	0.159665	0.159092	0.158519	0.156488	0.154626	0.151069	0.146292	0.139751
0.0864003	0.0887884	0.0908036	0.0926492	0.0936132	0.0943399	0.0940832	0.0932501	0.0927899	0.0930758	0.093226	0.0927319	0.0909833	0.0886243	0.0857567	0.0835672	0.0828019	0.0835963	0.0858489	0.0888474	0.0922867	0.0946071	0.096351	0.0972471	0.0977364	0.0972424	0.0956633	0.0936434	0.0907079	0.088315	0.0860238	0.084716	0.0831708	0.0820664	0.0814028	0.0809765	0.0807538	0.0797172	0.0786806	0.0777118	0.0780994	0.0799789	0.0841303	0.0894007	0.0940946	0.0976018	0.0999221	0.102209	0.104224	0.106985	0.110119	0.11305	0.115302	0.116707	0.116993	0.115922	0.114411	0.113069	0.111965	0.110657	0.108502	0.106651	0.10419	0.10312	0.102999	0.104777	0.106826	0.108163	0.107838	0.105411	0.101154	0.0966584	0.0936551	0.0922455	0.0916159	0.0919695	0.0925605	0.0926768	0.0919115	0.0913497	0.091839	0.0921248	0.0927158	0.0934086	0.0954916	0.0982188	0.102167	0.107098	0.112606	0.117266	0.119586	0.120991	0.121006	0.120511	0.118763	0.116777	0.115299	0.113992	0.113938	0.114258	0.114442	0.113813	0.112844	0.112045	0.11189	0.11343	0.116869	0.122648	0.129106	0.136444	0.143614	0.14946	0.153781	0.157322	0.161609	0.166134	0.169471	0.171622	0.172891	0.173788	0.175125	0.17792	0.180918	0.182933	0.182066	0.179402	0.175144	0.170276	0.166154	0.163591	0.162046	0.160128	0.157599	0.153816	0.148575	0.142316	0.137279	0.133902	0.131476	0.128845	0.125673	0.121516	0.116716	0.112865	0.110879	0.110419	0.109891	0.109431	0.109411	0.110206	0.113069	0.118543	0.12622	0.133932	0.140627	0.146474	0.150862	0.153657	0.155096	0.156365	0.157329	0.158531	0.159935	0.160764	0.160609	0.158894	0.157247	0.155193	0.15314	0.149967	0.146014	0.142095	0.138787	0.136767	0.135323	0.134999	0.134539	0.134214	0.134195	0.134074	0.133987	0.132611	0.131235	0.129724	0.128857	0.128973	0.130005	0.131613	0.133188	0.134152	0.134946	0.13608	0.138129	0.142213	0.147313	0.15316	0.158295	0.16248	0.164834	0.16607	0.166796	0.167625	0.167945	0.16823	0.167736	0.166022	0.16329	0.161032	0.159792	0.16001	0.160703	0.160616	0.158155	0.15305	0.146961	0.141346	0.138479	0.13846	0.141255	0.146016	0.151253	0.156489	0.161115	0.165606	0.169723	0.173095	0.175551	0.176752	0.175377	0.173357	0.17076	0.168944	0.166856	0.164802	0.162443	0.159406	0.155114	0.150043	0.144937	0.140543	0.137778	0.135859	0.134823	0.133345	0.130986	0.127576	0.123522	0.118518	0.113446	0.109019	0.107168	0.107929	0.109707	0.111925	0.11255	0.111853	0.108951	0.10666	0.104335	0.102417	0.100194	0.0979362	0.0965267	0.0964056	0.0990989	0.104234	0.109572	0.11352	0.114789	0.112769	0.108477	0.103033	0.0983339	0.0953646	0.0941246	0.0941391	0.0936112	0.0906757	0.0862483	0.0811427	0.0782412	0.0768316	0.0770497	0.0773016	0.0767397	0.0758727	0.075243	0.0768174	0.0791716	0.0818311	0.0829307	0.0820298	0.0796029	0.0766336	0.0752918	0.0765271	0.080136	0.0851012	0.0904733	0.0949976	0.0982674	0.0988245	0.0982966	0.0978025	0.0979527	0.0990524	0.100695	0.103252	0.106251	0.109249	0.112044	0.114365	0.114956	0.114292	0.112001	0.109099	0.105554	0.101465	0.0978517	0.0947467	0.092625	0.0904695	0.0886191	0.0860227	0.0822396	0.0773035	0.0719606	0.0672958	0.0644621	0.0638663	0.0646269	0.0661334	0.0660802	0.0643654	0.0603788	0.0561888	0.0534907	0.0525558	0.0534859	0.0549247	0.0555835	0.0556998	0.0564265	0.0595945	0.0640511	0.0690502	0.0721843	0.0739282	0.0740106	0.0742287	0.0763455	0.0807004	0.0883104	0.0967343	0.105429	0.111785	0.115699	0.116968	0.116711	0.116285	0.115893	0.115602	0.114498	0.11302	0.111068	0.109252	0.108487	0.108772	0.109838	0.11026	0.110274	0.109204	0.108065	0.106995	0.107993	0.110347	0.11321	0.115598	0.117579	0.118849	0.119541	0.119217	0.119537	0.119619	0.120922	0.123276	0.126919	0.131104	0.13529	0.139645	0.143491	0.146964	0.150573	0.154351	0.159045	0.163332	0.167348	0.1696	0.170056	0.169223	0.167305	0.165149	0.161942	0.158193	0.153189	0.14727	0.14074
0.0783999	0.0797007	0.0815101	0.083862	0.0865192	0.089278	0.0904771	0.0903876	0.0894505	0.0894627	0.0889325	0.088097	0.0864139	0.0850359	0.0834206	0.0829242	0.0833434	0.0853224	0.0875726	0.0900263	0.0922426	0.0931025	0.0922671	0.0903127	0.0882566	0.0863022	0.0845512	0.083241	0.0819987	0.0800782	0.0774456	0.0744401	0.0714684	0.0687002	0.0672883	0.066758	0.0671433	0.0674947	0.0677443	0.0688077	0.0705154	0.074122	0.0797291	0.0867265	0.0930118	0.0972287	0.0997163	0.101865	0.10381	0.107145	0.110989	0.115138	0.117897	0.11974	0.120295	0.119867	0.118658	0.117246	0.116241	0.115304	0.114096	0.11248	0.110458	0.109114	0.108652	0.109579	0.110541	0.110723	0.109989	0.10834	0.105572	0.102939	0.101493	0.101709	0.102094	0.102581	0.102831	0.101894	0.100177	0.0989006	0.099591	0.101027	0.103685	0.106613	0.110762	0.114063	0.1175	0.1207	0.124374	0.126625	0.127349	0.127633	0.128018	0.128166	0.127229	0.125885	0.124439	0.122722	0.120835	0.118847	0.115739	0.112361	0.109084	0.107537	0.10782	0.110274	0.114558	0.119827	0.125264	0.130871	0.136309	0.140492	0.14342	0.145874	0.149481	0.153664	0.157304	0.160266	0.162618	0.164597	0.166271	0.168284	0.170398	0.170953	0.169779	0.166909	0.163768	0.160321	0.157587	0.156378	0.155238	0.153283	0.150447	0.146831	0.142097	0.136175	0.131372	0.128333	0.126819	0.125678	0.124707	0.122177	0.118052	0.11308	0.109566	0.10873	0.10898	0.110687	0.112565	0.116273	0.121032	0.127419	0.134586	0.140668	0.145021	0.148085	0.150538	0.152178	0.152835	0.154136	0.156352	0.159518	0.163023	0.165883	0.166845	0.165263	0.161681	0.157082	0.153059	0.14924	0.146607	0.144483	0.143241	0.141795	0.140214	0.138802	0.137356	0.135741	0.134193	0.133053	0.131404	0.12972	0.128444	0.128253	0.128604	0.130007	0.132494	0.135219	0.137537	0.138431	0.139054	0.13988	0.142334	0.147602	0.15487	0.162648	0.168797	0.172472	0.174112	0.173819	0.173051	0.172046	0.171685	0.171935	0.172659	0.17257	0.171734	0.170085	0.168199	0.166888	0.165816	0.16437	0.161195	0.155917	0.150504	0.146312	0.146087	0.148676	0.152961	0.157517	0.161123	0.163509	0.164301	0.164076	0.163919	0.163965	0.164995	0.165753	0.16546	0.164523	0.162772	0.160309	0.157541	0.154773	0.152242	0.149134	0.145824	0.142309	0.139168	0.137248	0.13709	0.137984	0.1382	0.137331	0.13463	0.130404	0.125364	0.120256	0.116674	0.11455	0.114732	0.116575	0.119131	0.121211	0.121393	0.119846	0.116399	0.113495	0.111032	0.110367	0.110277	0.110459	0.110912	0.112348	0.115073	0.118883	0.121744	0.122807	0.12109	0.116694	0.111383	0.106648	0.102998	0.101214	0.100039	0.0994748	0.0978256	0.0942436	0.0899156	0.0854859	0.0832602	0.0829673	0.0847428	0.0866539	0.087853	0.0880009	0.0877419	0.0876525	0.0874613	0.0874736	0.0875197	0.0864808	0.0851029	0.0837249	0.0838728	0.0856822	0.0890175	0.0927936	0.0958915	0.0969211	0.0964925	0.0942329	0.0920073	0.0909684	0.0914554	0.0936378	0.0973461	0.101529	0.105339	0.107148	0.107534	0.106732	0.105151	0.103773	0.102124	0.100576	0.0984182	0.0954126	0.0926783	0.0905883	0.0898207	0.0886122	0.0867935	0.0838557	0.079799	0.0749285	0.0699901	0.0661368	0.0642502	0.0642286	0.0648851	0.0663216	0.0658591	0.0634978	0.0586612	0.0542654	0.0519719	0.0519163	0.0539292	0.0558742	0.0561917	0.0548815	0.0545208	0.0561946	0.0594621	0.0631703	0.0656918	0.0667892	0.0670049	0.0686787	0.0728617	0.0787062	0.0860766	0.0932096	0.100207	0.104627	0.10681	0.106483	0.105546	0.105558	0.106655	0.10877	0.110172	0.110626	0.109349	0.107531	0.105983	0.10508	0.104787	0.104189	0.103726	0.102586	0.10192	0.101627	0.103199	0.105788	0.108581	0.109984	0.110301	0.109974	0.11002	0.110541	0.111944	0.114092	0.117428	0.122153	0.127625	0.133164	0.138025	0.141801	0.144594	0.147387	0.151061	0.155414	0.160444	0.165068	0.169285	0.171637	0.17226	0.17061	0.167469	0.163039	0.158915	0.15479	0.151039	0.146575	0.14184
0.0697632	0.0694334	0.0704259	0.0724019	0.0754968	0.0784221	0.080025	0.079763	0.0792975	0.0789677	0.0790108	0.0787488	0.0790971	0.0801236	0.0817944	0.0840076	0.0862887	0.0884342	0.090071	0.0918435	0.093616	0.0944729	0.0936684	0.0917787	0.0900925	0.0886437	0.0883139	0.0881536	0.0877559	0.0861715	0.0841462	0.0816123	0.0788071	0.0756968	0.0741802	0.0740538	0.076301	0.0796671	0.0834402	0.0866707	0.0889857	0.0916398	0.0954468	0.100983	0.106791	0.110971	0.113828	0.115838	0.117882	0.120671	0.123902	0.127607	0.129583	0.13061	0.13011	0.12917	0.127891	0.126747	0.125807	0.124901	0.124299	0.123224	0.121232	0.118461	0.115283	0.112173	0.1093	0.107783	0.107114	0.106649	0.104861	0.103208	0.101861	0.101498	0.100896	0.100024	0.0986091	0.0965161	0.094796	0.0941949	0.0955943	0.0982484	0.102428	0.107049	0.111806	0.115341	0.117419	0.118378	0.11876	0.118633	0.118575	0.119262	0.120289	0.120739	0.119968	0.118282	0.115409	0.112163	0.109154	0.106654	0.103544	0.10101	0.0991884	0.0990959	0.100292	0.103183	0.106482	0.110255	0.113282	0.116987	0.120184	0.123279	0.126272	0.130011	0.135445	0.141389	0.146857	0.150969	0.154064	0.155464	0.15666	0.15789	0.160001	0.160994	0.160969	0.160334	0.159699	0.158691	0.157073	0.155726	0.152683	0.148556	0.143445	0.139046	0.134647	0.130079	0.12612	0.123383	0.121595	0.120892	0.120732	0.119385	0.116783	0.11313	0.110529	0.110063	0.111564	0.115371	0.119517	0.123901	0.127979	0.131956	0.136068	0.139366	0.141512	0.143759	0.14665	0.150491	0.154162	0.158241	0.161742	0.164871	0.167661	0.170146	0.171206	0.169723	0.166986	0.163096	0.160257	0.157723	0.157834	0.158453	0.159446	0.158404	0.155667	0.151471	0.146699	0.142131	0.138851	0.136317	0.133783	0.131826	0.130682	0.13042	0.129921	0.130303	0.131431	0.133271	0.135112	0.136783	0.138182	0.139649	0.142236	0.147026	0.153478	0.159251	0.163194	0.164153	0.16328	0.160645	0.158992	0.158222	0.158672	0.159902	0.162149	0.16426	0.165016	0.164448	0.16283	0.160771	0.158813	0.15767	0.156933	0.155857	0.15512	0.155977	0.159547	0.164507	0.169399	0.173342	0.174944	0.174615	0.172149	0.169479	0.167183	0.165971	0.166353	0.167312	0.16766	0.16733	0.166255	0.164128	0.160678	0.157364	0.154661	0.153178	0.15156	0.150654	0.149442	0.148604	0.147189	0.145876	0.142867	0.138977	0.133764	0.128653	0.124593	0.121551	0.120611	0.121298	0.122935	0.124911	0.126209	0.12693	0.126091	0.123931	0.121329	0.119643	0.119516	0.120746	0.123502	0.125308	0.126233	0.125869	0.125133	0.124871	0.123591	0.122007	0.11927	0.115651	0.111625	0.108548	0.106218	0.105142	0.103524	0.101702	0.0987611	0.0946674	0.090472	0.0865818	0.0845226	0.0845658	0.086779	0.089128	0.0903579	0.0894516	0.087189	0.0837396	0.0806292	0.078604	0.0781724	0.0776052	0.0775466	0.0771829	0.0776329	0.0785577	0.0804997	0.0822722	0.0829596	0.0822567	0.0812148	0.0795625	0.078758	0.0796149	0.0825403	0.0862455	0.090595	0.0936899	0.0950894	0.0933015	0.0903268	0.0871147	0.084886	0.0838102	0.083243	0.0830149	0.0823459	0.0812362	0.0807368	0.0808817	0.0815691	0.0811036	0.080299	0.078545	0.076079	0.0726974	0.0697905	0.0673922	0.065367	0.0638503	0.0624015	0.0611901	0.059097	0.0568344	0.0547413	0.0531907	0.0526235	0.0530397	0.0547782	0.0562455	0.0563565	0.0554502	0.0552221	0.0564859	0.0585975	0.0621671	0.0660419	0.0702218	0.0741644	0.0790904	0.0843554	0.0899595	0.0949194	0.0991332	0.102533	0.104577	0.105502	0.105002	0.105147	0.107293	0.1111	0.115687	0.119358	0.121775	0.122089	0.120844	0.118785	0.117031	0.115819	0.114574	0.112921	0.111473	0.110397	0.109592	0.109398	0.110153	0.111214	0.111528	0.110927	0.110292	0.110098	0.111463	0.114151	0.118094	0.12207	0.126522	0.130702	0.134542	0.137942	0.141207	0.14515	0.149533	0.154764	0.15986	0.16465	0.167948	0.170467	0.171324	0.170858	0.167477	0.162501	0.156882	0.152313	0.148525	0.146025	0.143694	0.141364
0.0595401	0.0596847	0.0615587	0.0642126	0.0675447	0.0701646	0.0718352	0.0714034	0.0711412	0.0711841	0.0728546	0.0753051	0.0787727	0.0826134	0.0858098	0.0878534	0.0886762	0.0888209	0.0885925	0.0884659	0.0885767	0.0883484	0.0872045	0.0857216	0.0843065	0.0834339	0.0834429	0.0831807	0.0818673	0.0782481	0.0743916	0.0710437	0.0693573	0.0689255	0.0705961	0.0731143	0.076955	0.080321	0.083653	0.0856626	0.0873332	0.0893767	0.0931835	0.0982788	0.104052	0.108707	0.113497	0.118151	0.12267	0.126884	0.130453	0.133107	0.133726	0.133261	0.1331	0.133787	0.135356	0.13645	0.136663	0.135722	0.134307	0.131705	0.127917	0.123755	0.12	0.116584	0.113677	0.112262	0.11217	0.112213	0.11117	0.10962	0.108103	0.106891	0.105544	0.104163	0.102815	0.102519	0.103037	0.10525	0.107972	0.111507	0.11528	0.119087	0.122351	0.124259	0.124268	0.122649	0.120488	0.119039	0.119048	0.119939	0.120389	0.11972	0.117796	0.11533	0.112355	0.109956	0.108507	0.108041	0.107338	0.107076	0.10695	0.107094	0.107239	0.108231	0.109529	0.111403	0.11209	0.113828	0.115397	0.118899	0.122875	0.128208	0.134049	0.139619	0.144002	0.146826	0.148767	0.149489	0.150006	0.150626	0.152296	0.153865	0.155163	0.156121	0.156503	0.1558	0.153469	0.150427	0.145858	0.141154	0.136585	0.132864	0.12955	0.126202	0.123261	0.120354	0.118295	0.117863	0.118347	0.118288	0.11711	0.115254	0.113772	0.114323	0.117452	0.12309	0.129304	0.135077	0.140206	0.143369	0.145752	0.14688	0.147804	0.149271	0.15162	0.155155	0.15842	0.161413	0.16349	0.165059	0.166967	0.168909	0.170206	0.169605	0.167986	0.165045	0.162647	0.160384	0.160122	0.159859	0.159563	0.156961	0.152562	0.146264	0.140272	0.135127	0.132762	0.131822	0.132	0.131975	0.13212	0.131485	0.129798	0.12801	0.127036	0.127757	0.12936	0.132353	0.135787	0.139526	0.143129	0.147105	0.151726	0.155532	0.158017	0.157755	0.15617	0.153059	0.150763	0.148975	0.14895	0.150722	0.153952	0.157013	0.158209	0.157336	0.155141	0.1522	0.150582	0.150286	0.152261	0.154305	0.156959	0.160087	0.164369	0.168752	0.172287	0.17467	0.17495	0.17384	0.170866	0.16745	0.164102	0.16167	0.160933	0.160636	0.160883	0.160315	0.158934	0.156231	0.152917	0.150857	0.150188	0.151248	0.152309	0.153233	0.152869	0.15159	0.1497	0.148013	0.145378	0.14186	0.138105	0.135029	0.132698	0.131554	0.131597	0.132725	0.133107	0.133693	0.134109	0.134558	0.133889	0.132745	0.131805	0.131645	0.133044	0.135189	0.137741	0.138225	0.136776	0.133767	0.129707	0.126088	0.122164	0.119121	0.116519	0.114154	0.111926	0.109731	0.107502	0.105273	0.103213	0.101459	0.0992302	0.0964588	0.0931787	0.0904073	0.0874663	0.0869667	0.0884338	0.0912233	0.0926904	0.0917161	0.0888768	0.0842743	0.0808586	0.0792061	0.0806732	0.0825133	0.0849637	0.0863291	0.0869145	0.0863471	0.0860171	0.0861617	0.0860351	0.0849591	0.0836457	0.082061	0.0809511	0.0801802	0.0813422	0.0830127	0.0857005	0.0877779	0.0887364	0.0866431	0.0826171	0.0788623	0.0765316	0.0759981	0.0759393	0.0763892	0.0755166	0.073525	0.0716691	0.0710678	0.0713481	0.0713571	0.0715696	0.0720872	0.0722997	0.0712576	0.0699103	0.0679187	0.0652829	0.0620707	0.0590958	0.0566634	0.0540276	0.0518665	0.0511634	0.0508673	0.0511476	0.0515635	0.0534036	0.0549046	0.0556257	0.0557025	0.0562541	0.0574838	0.0588153	0.0620456	0.0661576	0.0717954	0.0772976	0.0839865	0.0897261	0.0948892	0.098289	0.101519	0.104478	0.107675	0.110871	0.113254	0.115094	0.116561	0.118503	0.120512	0.122285	0.123108	0.122879	0.121464	0.119473	0.117684	0.117083	0.116584	0.115541	0.11433	0.112881	0.111059	0.108728	0.10694	0.106203	0.1055	0.104933	0.105111	0.106205	0.109029	0.112428	0.117185	0.1215	0.125951	0.129724	0.133632	0.13727	0.140873	0.145188	0.150284	0.15582	0.160305	0.163671	0.165307	0.166334	0.166207	0.165843	0.163478	0.15969	0.155121	0.151027	0.14734	0.144264	0.141085	0.137771
0.0569356	0.057149	0.0590239	0.0605597	0.0622311	0.0631227	0.0646585	0.065923	0.0678996	0.0704188	0.0745655	0.0797295	0.0856395	0.091719	0.0968152	0.0994021	0.099819	0.0987777	0.0983469	0.0982551	0.0989771	0.0998347	0.100828	0.10155	0.101831	0.101265	0.100461	0.0986058	0.095903	0.0923865	0.0895481	0.0877948	0.0867536	0.0863566	0.0871464	0.0887501	0.0910997	0.0933136	0.0954598	0.0965887	0.097921	0.0994908	0.102485	0.106462	0.111287	0.115806	0.119953	0.123422	0.125941	0.127036	0.127656	0.127598	0.127507	0.126974	0.127662	0.128927	0.131107	0.132337	0.132076	0.130424	0.12823	0.125561	0.121943	0.117748	0.113316	0.109088	0.105469	0.103954	0.104099	0.104618	0.104255	0.102739	0.100782	0.0989269	0.0973092	0.0967427	0.0966509	0.098085	0.0998242	0.102343	0.104184	0.106093	0.108036	0.110691	0.11382	0.117255	0.119401	0.120021	0.11881	0.117803	0.117271	0.117518	0.116782	0.115096	0.111919	0.108131	0.103868	0.100759	0.0997176	0.100474	0.10184	0.103104	0.103996	0.103768	0.10249	0.101449	0.100679	0.101875	0.102563	0.104642	0.105974	0.108731	0.111589	0.116041	0.121001	0.126335	0.130753	0.13395	0.136402	0.138141	0.140423	0.14301	0.145427	0.147641	0.14938	0.151153	0.15157	0.150699	0.148233	0.144886	0.140793	0.136938	0.133862	0.131464	0.129474	0.127415	0.124645	0.120925	0.117306	0.116028	0.11658	0.118048	0.119177	0.120577	0.121672	0.123479	0.126812	0.131976	0.13809	0.143254	0.147875	0.150259	0.151523	0.152177	0.153103	0.155249	0.158378	0.162356	0.165756	0.167292	0.166861	0.165854	0.165559	0.166722	0.168325	0.169556	0.170176	0.169338	0.167721	0.165323	0.163841	0.162529	0.160979	0.158547	0.154861	0.149717	0.144234	0.139327	0.136929	0.13521	0.134576	0.133331	0.13212	0.129926	0.127664	0.125877	0.125277	0.1261	0.127806	0.130867	0.134709	0.138618	0.141883	0.14386	0.145362	0.146355	0.146942	0.146816	0.14591	0.14514	0.144743	0.144618	0.144695	0.146231	0.148615	0.150625	0.151212	0.150543	0.149875	0.148597	0.148606	0.149159	0.152017	0.155689	0.160175	0.164423	0.168129	0.170581	0.171879	0.172228	0.171797	0.170654	0.167918	0.164198	0.159935	0.156283	0.15375	0.151827	0.150345	0.148931	0.147211	0.14539	0.142891	0.141578	0.140605	0.14092	0.140896	0.140567	0.139628	0.137366	0.134595	0.131587	0.129325	0.127843	0.127277	0.127829	0.128687	0.129816	0.130063	0.130446	0.130558	0.131483	0.132849	0.13486	0.136769	0.138711	0.140722	0.143105	0.14593	0.148415	0.15012	0.149927	0.14797	0.14425	0.139445	0.134843	0.131361	0.129404	0.129041	0.128678	0.127738	0.1249	0.121112	0.117223	0.113808	0.11158	0.109318	0.107463	0.104557	0.10182	0.0982355	0.0962449	0.0953054	0.0958578	0.0960712	0.0953013	0.0933784	0.0904383	0.0884816	0.0876438	0.0886371	0.0904441	0.0928276	0.0940244	0.0931866	0.090789	0.0881541	0.0861973	0.0851222	0.0846574	0.0850403	0.0848468	0.0845855	0.0833747	0.0824013	0.0813262	0.0806579	0.0803627	0.0798301	0.0782463	0.0762895	0.0749431	0.0742749	0.0740814	0.0742269	0.0749829	0.0753658	0.0751044	0.0751822	0.0757346	0.0756768	0.0754493	0.0754932	0.0764525	0.0769372	0.0764385	0.0753973	0.0725589	0.0686354	0.0634574	0.0594661	0.0555766	0.0526365	0.0507137	0.0505201	0.0505301	0.0495906	0.0476677	0.0457449	0.0441272	0.0439676	0.0450626	0.0469036	0.0485072	0.0498735	0.0525282	0.0567767	0.0631614	0.0698513	0.0770159	0.0822138	0.0866996	0.0889814	0.0912632	0.0937823	0.0976239	0.102652	0.107748	0.112234	0.115194	0.117849	0.120029	0.122345	0.12405	0.125416	0.126138	0.12547	0.124531	0.123455	0.122719	0.121441	0.120366	0.119019	0.116656	0.113817	0.11125	0.110887	0.111236	0.112602	0.114172	0.115911	0.118057	0.120644	0.124249	0.127751	0.131016	0.133434	0.136088	0.138947	0.142687	0.147579	0.15332	0.158992	0.163343	0.165658	0.166448	0.165509	0.164637	0.16346	0.161842	0.158733	0.155047	0.15075	0.145843	0.141377	0.136979	0.133293
0.0634649	0.0632931	0.0640369	0.0638651	0.0642019	0.0641996	0.0657911	0.0688406	0.073009	0.0782965	0.0836517	0.089007	0.0932433	0.0967675	0.0997831	0.100934	0.101067	0.100014	0.0997402	0.0992293	0.0992948	0.099496	0.100036	0.100509	0.0996249	0.0977916	0.0946359	0.0908698	0.0866629	0.0824221	0.0797411	0.0784164	0.0781768	0.0780728	0.0780366	0.0776953	0.076981	0.0764701	0.0767391	0.0781949	0.0808714	0.08426	0.0883606	0.0924613	0.097274	0.102019	0.106832	0.110288	0.112456	0.113234	0.114045	0.114416	0.115634	0.11709	0.119258	0.121494	0.123594	0.124405	0.123284	0.120501	0.117617	0.114698	0.112289	0.109472	0.107096	0.104754	0.103057	0.102037	0.101492	0.101117	0.10003	0.0983999	0.0969057	0.0957166	0.0956805	0.0968311	0.0995076	0.102761	0.105776	0.108487	0.110044	0.111229	0.112074	0.114005	0.116139	0.119052	0.121085	0.122371	0.12186	0.121349	0.12077	0.120293	0.119104	0.117271	0.11537	0.113062	0.111534	0.110989	0.111868	0.113595	0.114916	0.116066	0.116437	0.115824	0.114364	0.112972	0.112325	0.113001	0.11405	0.116964	0.120285	0.124826	0.128655	0.133027	0.136416	0.140042	0.142718	0.145225	0.147664	0.150239	0.153119	0.154846	0.155726	0.155995	0.156331	0.156397	0.156022	0.155138	0.153067	0.149471	0.145332	0.141328	0.13841	0.135797	0.134133	0.132232	0.129856	0.126124	0.123171	0.122186	0.123472	0.125843	0.127842	0.12967	0.130211	0.130717	0.131461	0.133086	0.136034	0.139694	0.144608	0.148166	0.151419	0.153452	0.155552	0.157313	0.159379	0.161445	0.162697	0.16239	0.160896	0.159401	0.15845	0.159024	0.160141	0.161563	0.162374	0.161897	0.161013	0.158773	0.155889	0.152292	0.148424	0.145709	0.143401	0.14167	0.139735	0.13824	0.13739	0.136574	0.136131	0.135383	0.135483	0.134904	0.135275	0.135272	0.135677	0.136014	0.136859	0.138722	0.141263	0.144414	0.147328	0.149157	0.149833	0.150102	0.150405	0.150911	0.151824	0.153348	0.154431	0.154496	0.153307	0.152796	0.153133	0.154555	0.155841	0.156992	0.157668	0.157632	0.157392	0.157152	0.15871	0.160573	0.16308	0.164976	0.167042	0.167888	0.167106	0.165747	0.16449	0.163878	0.162112	0.159702	0.156818	0.15373	0.150812	0.148063	0.146602	0.145617	0.144869	0.143612	0.141711	0.139301	0.136722	0.134108	0.131834	0.129899	0.128778	0.127962	0.127417	0.126771	0.126667	0.126698	0.127442	0.128593	0.129709	0.130657	0.13001	0.129058	0.12831	0.12919	0.130781	0.13339	0.135795	0.138098	0.139113	0.139654	0.139753	0.139174	0.138257	0.137034	0.135234	0.132011	0.12777	0.123292	0.119424	0.11637	0.115011	0.114229	0.113481	0.11141	0.108967	0.106455	0.104215	0.10289	0.101498	0.100512	0.097899	0.0949467	0.0913163	0.0888726	0.0874123	0.0880543	0.0898153	0.0920171	0.0933373	0.0941149	0.0947569	0.094992	0.0959053	0.0974289	0.0996985	0.10112	0.101457	0.100573	0.0989435	0.0973136	0.0962263	0.0955798	0.0951028	0.0947276	0.0940132	0.0924512	0.089838	0.0871909	0.0850185	0.0838973	0.0834881	0.0833502	0.083348	0.0834135	0.0829366	0.0825274	0.0827286	0.0837775	0.0847247	0.0859431	0.0875007	0.089126	0.089022	0.0879686	0.08661	0.0852853	0.0845371	0.0832124	0.0813791	0.0774435	0.0726941	0.0676395	0.0636021	0.0603447	0.0578332	0.0562033	0.0553195	0.0543	0.0527718	0.0504638	0.048461	0.0472719	0.0480495	0.0504548	0.0526227	0.0537055	0.054144	0.0551251	0.0573608	0.0614275	0.0664437	0.0720363	0.07651	0.0805428	0.0843383	0.0881677	0.0927091	0.097488	0.103386	0.109216	0.113655	0.116095	0.117347	0.118498	0.119852	0.121341	0.122085	0.122252	0.120826	0.1194	0.117668	0.116038	0.114273	0.111897	0.109758	0.106501	0.104159	0.102326	0.102866	0.103949	0.105438	0.106962	0.108859	0.111162	0.114347	0.118278	0.123939	0.12943	0.134649	0.13797	0.141087	0.1439	0.147729	0.152304	0.156642	0.16037	0.161453	0.161891	0.160702	0.1607	0.16046	0.159983	0.157981	0.154452	0.149635	0.143563	0.138135	0.133081	0.129077
0.0557148	0.055159	0.0548745	0.0543526	0.0550854	0.0565302	0.0602129	0.0654216	0.0713423	0.0769917	0.0814544	0.084425	0.0862429	0.0876198	0.0897767	0.0919336	0.0938192	0.0948232	0.0958272	0.0970347	0.097937	0.0985002	0.0987243	0.0986432	0.0975788	0.0946833	0.0912454	0.0869257	0.0836234	0.0807618	0.0796296	0.0791756	0.0786198	0.0773858	0.0757111	0.074172	0.0726328	0.0718397	0.0719621	0.0739833	0.0774966	0.0813828	0.0848282	0.0876971	0.0910747	0.0951983	0.0995931	0.103344	0.106213	0.108234	0.110662	0.113226	0.116332	0.119065	0.121324	0.122328	0.122823	0.122369	0.121068	0.118681	0.116837	0.115603	0.115895	0.11544	0.115224	0.11399	0.11262	0.111047	0.109508	0.108918	0.108905	0.109434	0.109862	0.110086	0.110514	0.111585	0.112929	0.114339	0.115343	0.116619	0.117284	0.117813	0.118003	0.118973	0.12052	0.122914	0.125037	0.126312	0.12596	0.124997	0.123424	0.121614	0.120075	0.119078	0.11859	0.117831	0.117004	0.116041	0.114638	0.112997	0.111492	0.110902	0.111228	0.112266	0.113371	0.11485	0.116295	0.118316	0.120778	0.124529	0.128415	0.132233	0.135001	0.137802	0.14006	0.143336	0.146917	0.15121	0.155707	0.160373	0.164259	0.166009	0.165657	0.163982	0.161934	0.160565	0.15984	0.159555	0.158287	0.15546	0.151547	0.146888	0.142501	0.1393	0.137286	0.135917	0.134276	0.132432	0.130926	0.129896	0.12951	0.129666	0.129517	0.129266	0.128338	0.126832	0.125361	0.124534	0.125843	0.128746	0.133412	0.13835	0.142609	0.14541	0.146414	0.146265	0.145777	0.146544	0.148361	0.150722	0.152234	0.152865	0.15214	0.15172	0.151198	0.151219	0.150697	0.149802	0.148602	0.146554	0.144032	0.140696	0.137122	0.134803	0.133874	0.133657	0.132864	0.131393	0.129718	0.12801	0.127589	0.128695	0.13153	0.134467	0.13737	0.139493	0.140361	0.14045	0.140267	0.140491	0.14119	0.142329	0.144113	0.145592	0.146291	0.147024	0.147349	0.148591	0.150103	0.152803	0.154417	0.15515	0.154594	0.154784	0.155721	0.157674	0.160136	0.162869	0.164992	0.165725	0.165034	0.164173	0.164261	0.165299	0.166235	0.16768	0.168921	0.169993	0.168725	0.166881	0.164901	0.163633	0.16206	0.160487	0.159287	0.157952	0.156412	0.154399	0.152961	0.152032	0.151341	0.150141	0.147585	0.143638	0.138844	0.133642	0.129764	0.127818	0.12794	0.128605	0.128049	0.126544	0.124394	0.123228	0.123215	0.124694	0.126545	0.129177	0.130927	0.132643	0.134359	0.136584	0.139046	0.141813	0.145021	0.147382	0.147606	0.146168	0.14368	0.141123	0.139347	0.138893	0.138269	0.136289	0.132614	0.128159	0.124043	0.12074	0.118964	0.117187	0.115343	0.112414	0.109043	0.105707	0.101659	0.0989668	0.096207	0.09538	0.0935357	0.0915218	0.0890672	0.0865108	0.084497	0.083263	0.083894	0.0851354	0.0865124	0.0878555	0.0891985	0.0897278	0.0900537	0.0908542	0.0927398	0.0947272	0.0963754	0.0971082	0.096688	0.095115	0.0933046	0.0912908	0.089989	0.0892976	0.0893861	0.0891016	0.0874268	0.0851078	0.0825175	0.0806732	0.0801174	0.0810536	0.0834139	0.0852657	0.0859306	0.0855104	0.0854633	0.0859925	0.0877086	0.0908828	0.0952098	0.0987569	0.0996592	0.0984931	0.0962419	0.0940924	0.0929602	0.092167	0.0906957	0.0867491	0.0813444	0.0752616	0.0704334	0.0666563	0.0643373	0.0627642	0.0615303	0.0597199	0.0570618	0.0537934	0.0507284	0.0494266	0.0504306	0.0532656	0.0555582	0.0565622	0.0571254	0.0576546	0.0597776	0.0632569	0.0682621	0.0734368	0.0779673	0.0821926	0.0862484	0.0904737	0.0949024	0.099738	0.104845	0.110494	0.114923	0.11847	0.120492	0.122072	0.123347	0.123944	0.123728	0.122968	0.121463	0.119992	0.117673	0.11515	0.112255	0.109088	0.106735	0.104247	0.102809	0.101609	0.1018	0.102329	0.102858	0.103523	0.105205	0.107837	0.111723	0.115813	0.120852	0.125484	0.12937	0.132002	0.135312	0.138859	0.143118	0.146631	0.149839	0.152098	0.152457	0.152817	0.152668	0.153367	0.153252	0.152629	0.150581	0.147278	0.143094	0.138775	0.135066	0.131458	0.127817
0.0619902	0.0614321	0.0614504	0.0625877	0.0652848	0.0686261	0.0734255	0.0779197	0.0819731	0.0840938	0.0847564	0.0839609	0.0823516	0.0809797	0.0810997	0.0826778	0.0847646	0.0865122	0.0875817	0.0883799	0.088127	0.0872637	0.0855527	0.083706	0.0814186	0.0785886	0.0760299	0.0733355	0.0715228	0.0695406	0.0688468	0.0684582	0.0680357	0.0670029	0.0656649	0.065005	0.0647182	0.0651773	0.0664503	0.0693169	0.0737094	0.0785088	0.0831386	0.0871581	0.0915845	0.09635	0.101726	0.107305	0.112545	0.117718	0.122585	0.127283	0.130827	0.133118	0.134085	0.133765	0.133139	0.132275	0.131582	0.129972	0.128431	0.126957	0.126569	0.12557	0.124401	0.122385	0.120199	0.117675	0.114946	0.1131	0.112169	0.112051	0.112341	0.112563	0.113157	0.113922	0.114042	0.114704	0.114723	0.116131	0.11659	0.117863	0.118424	0.119426	0.120122	0.120751	0.121074	0.120516	0.119823	0.119163	0.11891	0.118148	0.117827	0.118015	0.118915	0.119815	0.120342	0.120157	0.118649	0.116125	0.114007	0.112906	0.113162	0.114367	0.116691	0.119591	0.122628	0.12546	0.128802	0.133364	0.137621	0.142217	0.145761	0.149272	0.151529	0.154124	0.157262	0.160535	0.163944	0.166845	0.169237	0.169425	0.168222	0.165901	0.163308	0.161631	0.160734	0.160549	0.158838	0.155533	0.151279	0.146652	0.142262	0.138822	0.137179	0.136349	0.135859	0.135437	0.135319	0.134863	0.133287	0.131983	0.130272	0.128629	0.126172	0.123207	0.120648	0.118801	0.119362	0.121551	0.125536	0.129895	0.134253	0.137154	0.138325	0.138445	0.13843	0.140109	0.14284	0.146385	0.149218	0.150694	0.150746	0.150154	0.149291	0.148224	0.146886	0.145616	0.144583	0.143042	0.140246	0.136432	0.132111	0.128569	0.126315	0.124909	0.124114	0.122911	0.122387	0.122541	0.124424	0.127393	0.131209	0.13472	0.137417	0.138893	0.138945	0.138455	0.13732	0.136932	0.13695	0.138528	0.140615	0.142973	0.144144	0.144773	0.144249	0.143826	0.144251	0.146101	0.148357	0.150715	0.152564	0.154583	0.157077	0.16052	0.164506	0.168661	0.171629	0.173241	0.172751	0.172023	0.171906	0.17267	0.172858	0.173283	0.1732	0.173252	0.171066	0.168745	0.166593	0.166306	0.16663	0.168411	0.170362	0.172042	0.17223	0.170994	0.169554	0.167775	0.166098	0.163438	0.160167	0.156184	0.152506	0.148659	0.145728	0.144152	0.143187	0.142493	0.140308	0.137885	0.134512	0.132055	0.130853	0.131346	0.132958	0.135926	0.1392	0.14227	0.144187	0.145562	0.145546	0.145869	0.146125	0.146652	0.145111	0.142213	0.13806	0.133433	0.129484	0.125739	0.1224	0.118316	0.114435	0.110011	0.105384	0.101231	0.0981979	0.0961817	0.0945386	0.0932345	0.0915234	0.0895073	0.086033	0.0830674	0.0799323	0.0789333	0.0783074	0.0784614	0.0790222	0.0787015	0.078279	0.0774157	0.0781122	0.0789104	0.0797764	0.0805068	0.0813728	0.0812894	0.0809009	0.0805462	0.0815818	0.083092	0.085111	0.0861465	0.086097	0.0845895	0.0819291	0.0787261	0.0762352	0.0751684	0.0747799	0.0741878	0.0729855	0.0711388	0.0687497	0.0662249	0.0648868	0.0645661	0.0659746	0.0676545	0.069436	0.0704038	0.0716089	0.072814	0.0744599	0.0773266	0.0809731	0.0845179	0.0858247	0.0854361	0.0843355	0.0838113	0.0845417	0.0855094	0.0857651	0.0841219	0.0806477	0.0764953	0.0724107	0.0695807	0.0668185	0.0649041	0.0634304	0.0626689	0.0621786	0.0618578	0.0617744	0.0626404	0.0642185	0.0665426	0.0684259	0.0699023	0.0717178	0.0736349	0.0761286	0.0790969	0.0829808	0.0878141	0.0925118	0.097379	0.102382	0.107554	0.111777	0.115695	0.119172	0.124005	0.128059	0.13279	0.135826	0.137506	0.13766	0.137	0.135967	0.134324	0.133054	0.131953	0.130615	0.127718	0.124413	0.120091	0.116786	0.113244	0.110753	0.10833	0.106755	0.105586	0.104655	0.105114	0.107371	0.110746	0.114732	0.11848	0.122669	0.126553	0.130098	0.132625	0.135458	0.138223	0.141937	0.145007	0.147908	0.149994	0.150793	0.150811	0.150253	0.149762	0.149272	0.148138	0.146461	0.143258	0.139749	0.13536	0.131173	0.126173	0.120834
0.0561555	0.0572946	0.0586371	0.0612681	0.0643739	0.0681239	0.0731285	0.0779975	0.0816458	0.0831578	0.0834153	0.0829606	0.0822687	0.0820853	0.0828175	0.0847703	0.0870284	0.0891169	0.0901542	0.0911576	0.0907708	0.0899093	0.0879627	0.08605	0.0840356	0.0814447	0.0792947	0.0768395	0.0757745	0.0752182	0.0754417	0.0755974	0.0751428	0.0744847	0.0736232	0.0737789	0.0746467	0.0758875	0.0770266	0.0790811	0.0822886	0.0862082	0.090772	0.0952341	0.100306	0.105006	0.110112	0.115693	0.120969	0.126177	0.130775	0.135644	0.138953	0.140872	0.141536	0.141421	0.141102	0.140274	0.14026	0.139433	0.138164	0.135743	0.134102	0.132596	0.131565	0.13033	0.129198	0.127387	0.125237	0.123731	0.123717	0.124381	0.124876	0.124761	0.124204	0.123512	0.121769	0.12084	0.1193	0.119557	0.118865	0.118987	0.118261	0.117942	0.117589	0.118084	0.11885	0.119481	0.119908	0.119962	0.120084	0.11929	0.11931	0.119703	0.120673	0.121439	0.121391	0.12036	0.117905	0.115246	0.113876	0.113387	0.113814	0.114207	0.115482	0.116892	0.118472	0.12012	0.122819	0.126704	0.130149	0.133425	0.135954	0.138449	0.140436	0.143101	0.147495	0.151584	0.155572	0.158203	0.160393	0.160616	0.159924	0.157944	0.155692	0.153644	0.152104	0.150158	0.146617	0.142467	0.138587	0.135827	0.13327	0.131629	0.130835	0.130719	0.130468	0.130285	0.130305	0.129647	0.127429	0.125042	0.122688	0.121148	0.119778	0.118476	0.11758	0.117261	0.118977	0.121065	0.123866	0.12626	0.128179	0.128843	0.128558	0.128849	0.12992	0.132755	0.136335	0.140357	0.143734	0.146331	0.147504	0.147693	0.146832	0.14553	0.143447	0.141636	0.140063	0.138591	0.13617	0.133307	0.130378	0.128194	0.126756	0.12508	0.123574	0.121391	0.121139	0.121838	0.124197	0.126388	0.128612	0.130226	0.130653	0.130639	0.130354	0.130374	0.129444	0.128956	0.128908	0.130318	0.131695	0.133376	0.133973	0.134569	0.134149	0.134576	0.135749	0.138515	0.141621	0.145303	0.149155	0.153414	0.157672	0.161965	0.166393	0.170618	0.173893	0.176083	0.17729	0.178531	0.18028	0.182233	0.183576	0.183935	0.183243	0.181601	0.178502	0.175165	0.172235	0.17117	0.170953	0.17216	0.172994	0.173726	0.172491	0.170375	0.167784	0.165431	0.16223	0.158011	0.153047	0.148455	0.144271	0.140832	0.138682	0.137583	0.136722	0.134911	0.132049	0.128305	0.124256	0.121428	0.121177	0.122655	0.125523	0.129239	0.133295	0.136739	0.138591	0.14017	0.140665	0.141363	0.141587	0.141777	0.139932	0.1369	0.132783	0.129074	0.125059	0.120772	0.116249	0.111996	0.107676	0.103492	0.0997139	0.0972587	0.0952443	0.0938741	0.0924701	0.0905574	0.0873901	0.0834768	0.0794618	0.0763284	0.074314	0.0740628	0.0751341	0.0770869	0.0794806	0.0811961	0.0820639	0.081711	0.0813581	0.0807	0.0803471	0.0803672	0.0813706	0.0823402	0.0833097	0.0840418	0.0859608	0.0880154	0.0893579	0.0890728	0.0877705	0.0856543	0.0828261	0.0795232	0.0775766	0.0765455	0.0761926	0.0750938	0.0741305	0.07215	0.0698643	0.0676465	0.0668528	0.0673136	0.0689952	0.0713211	0.0737487	0.0751251	0.0762981	0.0775389	0.0794578	0.0820889	0.0852285	0.0878256	0.0888291	0.0890865	0.0892083	0.0901778	0.0907066	0.0909301	0.0900008	0.0874438	0.0833271	0.0788374	0.075331	0.0730114	0.0710309	0.0693556	0.0683584	0.0670561	0.0658216	0.0641801	0.0633186	0.0632031	0.0639691	0.0653456	0.0666542	0.0681323	0.0704921	0.0736656	0.0773817	0.0814708	0.0856955	0.0901237	0.0936025	0.0970812	0.100628	0.104717	0.108365	0.112013	0.115865	0.120836	0.125705	0.13115	0.135002	0.137023	0.137009	0.136317	0.135693	0.134289	0.13319	0.131921	0.130992	0.128978	0.126861	0.124338	0.122629	0.121056	0.119584	0.118146	0.116504	0.1151	0.113832	0.114021	0.115906	0.1183	0.121067	0.12346	0.125447	0.127197	0.129082	0.132154	0.136141	0.140603	0.144421	0.146848	0.14836	0.149194	0.149757	0.150387	0.15095	0.151241	0.151024	0.150569	0.149538	0.147965	0.146696	0.145021	0.142464	0.13811	0.132569
0.062121	0.0647184	0.0663324	0.0682178	0.0702727	0.0730057	0.0773324	0.0815913	0.085579	0.0874643	0.0886715	0.0891327	0.0897634	0.0905976	0.0917708	0.0934188	0.0947955	0.0953584	0.0947684	0.0939411	0.093385	0.0926594	0.0919677	0.0913438	0.0906521	0.0891127	0.086963	0.0851184	0.0840198	0.0836672	0.0834502	0.0835384	0.0824737	0.0812394	0.0801069	0.0803986	0.0821483	0.0841353	0.0860885	0.0876347	0.0896218	0.0921853	0.0959017	0.0998893	0.104691	0.10939	0.114328	0.119265	0.123422	0.127715	0.131397	0.135351	0.137982	0.139732	0.139854	0.139366	0.138504	0.138084	0.137867	0.136938	0.134517	0.131079	0.12703	0.123626	0.12073	0.118851	0.117516	0.115739	0.114165	0.11266	0.11207	0.111378	0.11106	0.110402	0.109846	0.109154	0.107818	0.107431	0.106774	0.107981	0.108205	0.108632	0.107737	0.107486	0.107065	0.107662	0.108429	0.109975	0.111623	0.113406	0.115665	0.117821	0.119605	0.120778	0.121918	0.123159	0.123654	0.12286	0.121287	0.119748	0.119904	0.120399	0.121674	0.121999	0.122562	0.12265	0.122739	0.122861	0.12383	0.126597	0.129229	0.131826	0.133101	0.134613	0.13616	0.138554	0.142575	0.145647	0.147973	0.147723	0.146861	0.144881	0.143308	0.141294	0.13972	0.138249	0.136845	0.134254	0.130443	0.126496	0.124211	0.123282	0.12354	0.123526	0.123919	0.124041	0.124062	0.124353	0.125052	0.125717	0.1255	0.125486	0.125167	0.125357	0.125208	0.125432	0.126402	0.128016	0.130986	0.132634	0.133672	0.133557	0.133713	0.133563	0.133991	0.135503	0.138236	0.141444	0.144584	0.147012	0.148999	0.149697	0.149955	0.149128	0.147826	0.145913	0.143967	0.14236	0.141058	0.140095	0.138318	0.136473	0.133815	0.131869	0.129787	0.127908	0.12647	0.124795	0.124985	0.12565	0.127501	0.128675	0.12978	0.130241	0.129753	0.129299	0.129285	0.129746	0.129563	0.129685	0.130146	0.130913	0.131103	0.130818	0.130025	0.129638	0.129726	0.130764	0.131937	0.133924	0.136216	0.139899	0.143683	0.147908	0.151896	0.156121	0.160176	0.164096	0.167643	0.17119	0.174397	0.177707	0.181661	0.184767	0.187127	0.187045	0.185642	0.183085	0.180054	0.177904	0.175551	0.174113	0.172234	0.171407	0.169935	0.168701	0.166246	0.163724	0.16093	0.157695	0.15351	0.148818	0.144294	0.140924	0.138367	0.136929	0.135865	0.133986	0.13126	0.127279	0.124011	0.120674	0.118897	0.117765	0.119074	0.120789	0.123285	0.125645	0.128683	0.132366	0.134929	0.137289	0.137581	0.137534	0.136401	0.135574	0.134204	0.132766	0.130854	0.128806	0.12574	0.12176	0.117541	0.113561	0.110224	0.107294	0.104907	0.102859	0.100506	0.0982546	0.0960709	0.0941924	0.0919748	0.0896894	0.0875736	0.0858307	0.0853425	0.0861427	0.0883332	0.0914054	0.0947827	0.0978209	0.0996723	0.0999979	0.0996113	0.0983093	0.0977193	0.0973667	0.0983026	0.0993402	0.100717	0.102229	0.104216	0.105593	0.105274	0.102752	0.0997202	0.0960784	0.0921994	0.0879134	0.0849837	0.0831052	0.0819049	0.080535	0.0790974	0.076812	0.0737806	0.0712239	0.0697523	0.0694675	0.0696574	0.0709663	0.0729195	0.0750761	0.0777074	0.0805422	0.0836821	0.0858726	0.0874189	0.08788	0.0878326	0.0877852	0.0881785	0.0888431	0.0889652	0.0882057	0.0868698	0.0852625	0.0835197	0.0819125	0.0808478	0.0803934	0.0796339	0.0783658	0.0771993	0.0755921	0.073951	0.0717673	0.070194	0.0690276	0.0684715	0.0686614	0.0688174	0.0697194	0.0717065	0.0750838	0.078868	0.0820757	0.0844697	0.0866941	0.0882743	0.0899561	0.0922823	0.0957952	0.0992742	0.102279	0.105418	0.11005	0.115191	0.12101	0.125133	0.127934	0.128463	0.128822	0.128571	0.127642	0.126103	0.124597	0.123363	0.121959	0.120284	0.11827	0.116799	0.115327	0.114703	0.114622	0.115286	0.115239	0.114886	0.115314	0.117741	0.120373	0.12314	0.125568	0.127419	0.128558	0.129732	0.131719	0.134384	0.137253	0.139545	0.141464	0.142671	0.14398	0.145289	0.146734	0.147907	0.149182	0.149779	0.149968	0.14826	0.145703	0.143112	0.140691	0.137728	0.133374	0.128545
0.0499271	0.0540985	0.0572188	0.0601016	0.0624759	0.0657317	0.0701744	0.0754648	0.0807551	0.0841127	0.0862835	0.0871319	0.0883194	0.0896085	0.0917115	0.0945266	0.0970704	0.0982918	0.0979533	0.097208	0.0968018	0.0963956	0.0967014	0.097482	0.0981608	0.097212	0.0948052	0.091788	0.0890421	0.087483	0.0864664	0.0867723	0.0864678	0.0867736	0.0866386	0.0872496	0.0886406	0.0900654	0.0914902	0.091796	0.0921019	0.0922721	0.094036	0.0965459	0.101056	0.106415	0.112417	0.117775	0.121777	0.125406	0.127848	0.129849	0.131037	0.132292	0.132869	0.132971	0.133108	0.133617	0.134499	0.13467	0.133789	0.131823	0.128941	0.126432	0.124534	0.123382	0.122976	0.121925	0.121485	0.120672	0.120503	0.120165	0.119725	0.118471	0.116471	0.11386	0.111081	0.109182	0.108369	0.109455	0.110371	0.110541	0.109321	0.108237	0.106915	0.106306	0.105967	0.106409	0.106986	0.107427	0.108479	0.109497	0.110549	0.112041	0.11445	0.117163	0.119062	0.119572	0.119505	0.119166	0.120218	0.121745	0.124695	0.126968	0.128867	0.129173	0.128292	0.12697	0.126768	0.12904	0.131923	0.134365	0.135247	0.136265	0.137487	0.139658	0.143151	0.145695	0.147865	0.147527	0.146714	0.144714	0.14346	0.142003	0.141495	0.141122	0.141157	0.139632	0.137191	0.134275	0.132513	0.131496	0.13126	0.131023	0.131261	0.131567	0.132144	0.133603	0.136045	0.138385	0.139335	0.139709	0.138794	0.138049	0.137032	0.136727	0.137339	0.138255	0.140561	0.141308	0.142326	0.142428	0.143446	0.143887	0.144465	0.144669	0.144669	0.144907	0.145586	0.147113	0.148741	0.149556	0.149285	0.147421	0.145217	0.142505	0.140573	0.13915	0.138404	0.1381	0.137558	0.137084	0.135762	0.135186	0.13478	0.134408	0.133459	0.131086	0.129391	0.127188	0.126612	0.126138	0.127156	0.12753	0.126988	0.125531	0.123531	0.122005	0.120141	0.119328	0.118244	0.116684	0.114176	0.111667	0.109871	0.10977	0.111296	0.114078	0.116214	0.117944	0.119098	0.120862	0.122965	0.126356	0.130629	0.135411	0.139888	0.143517	0.14684	0.149825	0.153861	0.158676	0.164679	0.169054	0.172581	0.173734	0.174006	0.173295	0.17221	0.171804	0.170008	0.167635	0.163668	0.160041	0.156108	0.152752	0.149362	0.146175	0.143124	0.139903	0.13614	0.132072	0.127359	0.123494	0.119494	0.116883	0.115019	0.113765	0.113189	0.112173	0.112377	0.112513	0.114447	0.11638	0.119805	0.122858	0.125944	0.128556	0.130794	0.134152	0.136323	0.139104	0.140834	0.142971	0.144769	0.145854	0.146432	0.145754	0.144636	0.143144	0.141145	0.138873	0.135856	0.133009	0.129211	0.125516	0.121821	0.118668	0.115583	0.11243	0.109684	0.106904	0.104667	0.102328	0.100464	0.0987013	0.0978542	0.0982618	0.0990085	0.100772	0.101587	0.103283	0.104403	0.105319	0.105625	0.106134	0.108067	0.110204	0.112646	0.114546	0.116378	0.117395	0.118244	0.118414	0.116957	0.113804	0.110719	0.107769	0.105261	0.1016	0.0986502	0.0960399	0.0944469	0.0933964	0.0921763	0.0899051	0.0864811	0.0835995	0.0816674	0.080956	0.0800072	0.0801096	0.0804155	0.0813656	0.0821122	0.083571	0.0855383	0.0870649	0.0877776	0.0874053	0.0873042	0.0869319	0.0869665	0.0863229	0.0853402	0.0833403	0.0815438	0.0799847	0.0787307	0.0772394	0.0759855	0.0750028	0.0736811	0.0718846	0.0699525	0.0672066	0.0636469	0.0596124	0.0567987	0.0552396	0.0542908	0.054495	0.0546313	0.0558865	0.0576165	0.0610758	0.0650777	0.0690795	0.0725389	0.075693	0.0786437	0.0814927	0.085325	0.0899033	0.0945155	0.0982121	0.102078	0.106589	0.111404	0.115881	0.119171	0.12202	0.12297	0.123784	0.123548	0.122836	0.121108	0.119616	0.118668	0.1186	0.118296	0.118161	0.117992	0.118128	0.118875	0.120266	0.121894	0.122132	0.121624	0.12115	0.122914	0.125254	0.128578	0.131529	0.133869	0.134955	0.135702	0.137059	0.138755	0.140519	0.141062	0.141741	0.142148	0.143471	0.145032	0.147508	0.149882	0.152154	0.153037	0.152936	0.150427	0.146969	0.143511	0.141376	0.139443	0.137376	0.134799
0.0502473	0.0540583	0.057564	0.0612394	0.0638635	0.0668607	0.06979	0.0730246	0.0759878	0.0775608	0.0788965	0.0795879	0.0816356	0.0840902	0.0880368	0.0919495	0.0949128	0.0954007	0.094261	0.0923076	0.0907271	0.0893162	0.0889903	0.0900208	0.0918651	0.0930651	0.0926036	0.0909893	0.0888663	0.0872858	0.0864174	0.0864984	0.0863421	0.0865588	0.0864703	0.08706	0.0883956	0.0901043	0.0920503	0.0924026	0.0928227	0.0925986	0.0934595	0.0946595	0.0983349	0.103231	0.109415	0.114854	0.119174	0.122544	0.123913	0.1243	0.123465	0.123207	0.123356	0.123878	0.125146	0.126956	0.128868	0.13017	0.130149	0.129891	0.128141	0.126255	0.123861	0.122111	0.121582	0.121256	0.121947	0.122062	0.122177	0.121546	0.120678	0.119267	0.117449	0.115224	0.112864	0.11186	0.112517	0.11504	0.117562	0.119068	0.118979	0.117636	0.11592	0.114136	0.112895	0.112026	0.111802	0.112595	0.11427	0.117064	0.119145	0.121769	0.124122	0.126306	0.127404	0.127112	0.127532	0.127749	0.130102	0.132828	0.137622	0.142077	0.145752	0.147427	0.147305	0.146775	0.14706	0.149006	0.150918	0.151915	0.151182	0.150551	0.15053	0.151527	0.152862	0.152808	0.151702	0.148731	0.145388	0.142349	0.140192	0.139188	0.139168	0.139723	0.139567	0.137274	0.134236	0.130824	0.129719	0.129189	0.129915	0.130538	0.131942	0.133447	0.135122	0.137542	0.139692	0.14096	0.140295	0.139528	0.137642	0.136367	0.135702	0.136461	0.139018	0.142083	0.146029	0.148348	0.149752	0.149663	0.149473	0.148876	0.148245	0.14697	0.145762	0.144995	0.144839	0.145056	0.145645	0.144302	0.14201	0.13809	0.135051	0.13225	0.130432	0.129767	0.12934	0.129522	0.129603	0.130091	0.130003	0.13022	0.130775	0.131297	0.131819	0.130747	0.129947	0.128705	0.128922	0.129478	0.130203	0.130114	0.128737	0.126309	0.123372	0.12091	0.118787	0.11741	0.116135	0.114114	0.111821	0.109291	0.107813	0.10769	0.108687	0.11026	0.110917	0.111202	0.11169	0.113059	0.115717	0.119834	0.124831	0.129083	0.132216	0.134433	0.136786	0.139648	0.143526	0.148456	0.15403	0.158994	0.163246	0.166175	0.168257	0.170203	0.171301	0.171891	0.170344	0.167747	0.16403	0.161059	0.157953	0.155593	0.153198	0.150533	0.146816	0.141913	0.136297	0.130919	0.125371	0.121519	0.11787	0.115103	0.112912	0.111128	0.110361	0.109798	0.110659	0.112232	0.115263	0.118464	0.121766	0.124662	0.127218	0.130079	0.132704	0.136955	0.140088	0.142882	0.143811	0.14457	0.145193	0.14558	0.146474	0.146488	0.145958	0.145022	0.143645	0.1422	0.140043	0.137514	0.134238	0.13008	0.125957	0.121562	0.117438	0.112975	0.109191	0.105339	0.102504	0.100041	0.0979863	0.0963041	0.0953679	0.0959575	0.0968185	0.098188	0.0987438	0.0999777	0.101042	0.102242	0.1029	0.103828	0.105605	0.107381	0.108819	0.110019	0.11132	0.112114	0.11233	0.112038	0.110458	0.107182	0.103703	0.100257	0.0973882	0.0939088	0.0910399	0.0885439	0.0866582	0.0854847	0.0837347	0.0815439	0.0785731	0.0767214	0.0753105	0.0744082	0.0731329	0.0727392	0.0730237	0.0744611	0.0760002	0.0775393	0.0794514	0.0804819	0.080902	0.080983	0.0817083	0.0825015	0.0831929	0.0838164	0.0845417	0.0843515	0.0839578	0.0833607	0.0828653	0.0818274	0.0809251	0.079955	0.0787475	0.0766923	0.0741963	0.071463	0.0681193	0.0648095	0.0616014	0.0597497	0.0581692	0.0575382	0.0569411	0.0572934	0.0584595	0.0610498	0.0645216	0.0679935	0.0713298	0.0745982	0.077731	0.0803552	0.0833523	0.0870615	0.0909064	0.0944122	0.0979858	0.102271	0.106557	0.109961	0.112721	0.11521	0.116884	0.117949	0.118199	0.11845	0.117921	0.117561	0.117472	0.118706	0.119703	0.121411	0.122747	0.124049	0.125283	0.126415	0.128191	0.128985	0.130218	0.131554	0.134314	0.137413	0.141088	0.14439	0.146743	0.147842	0.148363	0.149089	0.149916	0.150539	0.150654	0.150837	0.151495	0.152762	0.154607	0.156654	0.157583	0.157495	0.155643	0.15291	0.148481	0.143815	0.139556	0.136076	0.132665	0.128914	0.124824
0.0499973	0.0529769	0.0560243	0.0590039	0.0610001	0.0630981	0.0650943	0.0677688	0.0700024	0.0715578	0.0725707	0.0737532	0.0761224	0.0793733	0.0834718	0.0868583	0.089058	0.0893249	0.0883372	0.0865358	0.084836	0.0838144	0.0841491	0.0856029	0.0879043	0.0894258	0.089591	0.0879591	0.0856829	0.0835423	0.0825207	0.082652	0.0840379	0.086068	0.087793	0.0892128	0.0905309	0.0921203	0.0940487	0.0955363	0.0970239	0.0977995	0.098575	0.0996897	0.102195	0.105818	0.110222	0.114524	0.117978	0.120314	0.120547	0.119254	0.117181	0.115956	0.116867	0.119338	0.12303	0.126213	0.129091	0.130545	0.131049	0.131316	0.132023	0.132833	0.133439	0.13357	0.134583	0.135698	0.137457	0.138809	0.139279	0.138936	0.137405	0.135434	0.13231	0.129288	0.12647	0.125516	0.125986	0.127711	0.129097	0.129025	0.127359	0.123964	0.120704	0.117919	0.11666	0.115808	0.115499	0.115427	0.115592	0.115927	0.116634	0.118088	0.12005	0.121538	0.122585	0.122886	0.124814	0.127692	0.132299	0.137245	0.143039	0.14846	0.151915	0.153301	0.153161	0.152987	0.153796	0.156165	0.159111	0.161141	0.161374	0.160997	0.160518	0.160039	0.15878	0.156334	0.153787	0.150832	0.148081	0.145636	0.1438	0.14288	0.142639	0.14277	0.141986	0.138726	0.134178	0.129461	0.126811	0.125654	0.125616	0.126866	0.128591	0.130621	0.132448	0.135021	0.137051	0.138064	0.137924	0.138225	0.138322	0.139165	0.140822	0.142988	0.144951	0.146269	0.147824	0.148735	0.149375	0.149201	0.149434	0.14926	0.148781	0.14759	0.146603	0.145378	0.143813	0.141775	0.139634	0.136341	0.13203	0.127957	0.125273	0.124421	0.124349	0.125633	0.126375	0.126947	0.126671	0.126972	0.127985	0.129608	0.132113	0.134517	0.137123	0.138509	0.13959	0.139687	0.139547	0.139034	0.138182	0.136448	0.133528	0.12976	0.126772	0.124665	0.12344	0.122757	0.121871	0.120172	0.117929	0.116128	0.114699	0.114152	0.113436	0.113872	0.114478	0.115763	0.118132	0.120501	0.123888	0.127749	0.13239	0.136149	0.138858	0.140684	0.142986	0.145626	0.149521	0.153891	0.158295	0.161919	0.165238	0.168183	0.1714	0.174041	0.175494	0.175015	0.172841	0.169954	0.166695	0.16452	0.161702	0.159052	0.155013	0.15077	0.14534	0.139707	0.133735	0.127898	0.121926	0.116971	0.112491	0.108113	0.10465	0.102	0.101453	0.101992	0.103717	0.106594	0.109642	0.113774	0.116822	0.12031	0.123527	0.127049	0.129317	0.131279	0.132461	0.133644	0.134318	0.135704	0.137429	0.138814	0.139624	0.139484	0.138021	0.135813	0.132655	0.129158	0.12539	0.121012	0.116464	0.111136	0.106384	0.101904	0.0984748	0.0954527	0.092227	0.0879502	0.0836395	0.079634	0.0762727	0.073454	0.0718899	0.0719194	0.0725932	0.074047	0.0751616	0.0768188	0.0783064	0.0800992	0.081892	0.0843629	0.0869695	0.089271	0.0909281	0.092314	0.0937677	0.094272	0.0943694	0.0937208	0.0921906	0.0898805	0.0880451	0.0865148	0.0852898	0.0839291	0.083111	0.0824624	0.0811695	0.0799106	0.0778039	0.0753921	0.0726751	0.0710092	0.0697163	0.0687287	0.0682157	0.0690251	0.0708858	0.0730176	0.0748443	0.0761285	0.0767684	0.0770354	0.0776075	0.0791968	0.081227	0.0831215	0.0850838	0.0863341	0.0870757	0.0861898	0.0855072	0.0837058	0.0814635	0.0783735	0.0756225	0.0732785	0.0708328	0.0688278	0.066789	0.0653266	0.0636268	0.0621644	0.0600578	0.0580867	0.0562853	0.0560436	0.0574295	0.0602056	0.0638633	0.067928	0.0717214	0.0751757	0.0787317	0.0829998	0.0867593	0.0899424	0.0933628	0.0972579	0.101051	0.104336	0.108096	0.112228	0.115954	0.11873	0.120522	0.121773	0.122311	0.123222	0.124235	0.126062	0.127753	0.12941	0.130931	0.132283	0.133635	0.134784	0.13556	0.135928	0.136263	0.136937	0.137746	0.13903	0.140688	0.143226	0.145189	0.14749	0.149825	0.152568	0.15453	0.155984	0.157268	0.159196	0.160616	0.162239	0.163117	0.16413	0.165041	0.166427	0.167541	0.168317	0.167126	0.164816	0.161319	0.157652	0.154257	0.150896	0.148077	0.144478	0.140202	0.135484	0.130631
0.0696344	0.0705069	0.0709385	0.0708955	0.0693943	0.0675541	0.0656122	0.0648909	0.0649835	0.0665341	0.0684238	0.07089	0.0731527	0.0755849	0.0776102	0.0780419	0.0780327	0.0769724	0.0760138	0.0746822	0.0739949	0.073884	0.0744173	0.0755271	0.0771456	0.0784928	0.0788227	0.078271	0.077448	0.0775067	0.0791929	0.0816251	0.0847695	0.0877442	0.0908885	0.0939311	0.0966685	0.0994059	0.101906	0.104203	0.105957	0.107168	0.107803	0.108371	0.10948	0.110692	0.11248	0.113624	0.114462	0.114521	0.114037	0.113824	0.114256	0.116417	0.119629	0.123519	0.12646	0.128859	0.130273	0.131485	0.132086	0.132925	0.13434	0.136331	0.138797	0.141196	0.144103	0.146501	0.148052	0.148076	0.146575	0.144192	0.141403	0.139054	0.137282	0.136832	0.137399	0.138916	0.13972	0.139813	0.138956	0.13698	0.13375	0.129434	0.125797	0.123346	0.122218	0.121904	0.121657	0.122021	0.121842	0.121494	0.120298	0.119441	0.118889	0.118779	0.119108	0.120218	0.12343	0.12827	0.134364	0.140798	0.14713	0.152647	0.155927	0.158021	0.159707	0.161461	0.163384	0.165579	0.168079	0.169155	0.16857	0.166763	0.165262	0.163998	0.162023	0.159335	0.155697	0.152501	0.14883	0.145904	0.143115	0.141207	0.138688	0.135763	0.131854	0.126352	0.120646	0.115619	0.113745	0.114007	0.115049	0.116701	0.117099	0.116954	0.116606	0.117817	0.119232	0.120342	0.121316	0.123274	0.125977	0.129325	0.133792	0.138292	0.141606	0.142987	0.142741	0.141307	0.138992	0.136508	0.135312	0.13493	0.135124	0.13464	0.13436	0.132587	0.130171	0.126567	0.12371	0.120208	0.116537	0.113781	0.112077	0.112474	0.112974	0.115067	0.116923	0.118914	0.120227	0.121676	0.12421	0.127355	0.131787	0.136458	0.141569	0.145866	0.149247	0.151815	0.152688	0.152916	0.151483	0.149337	0.146175	0.143453	0.142528	0.142112	0.141764	0.1405	0.139101	0.137091	0.135386	0.133851	0.132384	0.130951	0.128805	0.127813	0.127261	0.127828	0.129515	0.131438	0.134752	0.138032	0.141956	0.144626	0.146922	0.148812	0.152295	0.156559	0.161331	0.165289	0.168128	0.169645	0.170212	0.170508	0.171787	0.173236	0.173871	0.172607	0.170055	0.166791	0.163899	0.161924	0.159914	0.157735	0.153995	0.149951	0.144551	0.139116	0.133071	0.127705	0.123118	0.119752	0.117267	0.113765	0.110671	0.106796	0.105227	0.104336	0.104904	0.106285	0.1077	0.109894	0.110733	0.11303	0.115462	0.119284	0.122191	0.124827	0.126988	0.128267	0.128801	0.128758	0.128884	0.128671	0.12734	0.125161	0.121964	0.118971	0.115537	0.11173	0.108161	0.103709	0.0998347	0.0951461	0.0918479	0.0879053	0.0844714	0.0803593	0.0759082	0.0710501	0.0664294	0.0637415	0.0621047	0.0622651	0.0637479	0.0667566	0.0699009	0.0728757	0.0757487	0.0786557	0.081427	0.0834862	0.0847656	0.0851633	0.0846455	0.0841617	0.0844577	0.0859744	0.0876267	0.0884313	0.0886934	0.0878366	0.0858946	0.0829354	0.0812648	0.0797975	0.0787372	0.0770326	0.075735	0.0740643	0.0716137	0.0694683	0.0673908	0.0662965	0.0653718	0.0658374	0.0663368	0.0672432	0.0684887	0.0705818	0.0731836	0.075175	0.0774716	0.0788866	0.0797251	0.0801907	0.0820126	0.0855638	0.0890472	0.0924288	0.0951663	0.0969881	0.097691	0.096902	0.0962147	0.0938319	0.0909405	0.0871675	0.0841405	0.0818256	0.079748	0.0781791	0.0763389	0.0748377	0.0726584	0.0705809	0.0681303	0.0664257	0.0657384	0.066543	0.0690431	0.0719161	0.0752978	0.0782386	0.08101	0.0837813	0.08679	0.0903412	0.0926378	0.0948666	0.0974344	0.101257	0.105283	0.109105	0.112758	0.115733	0.117758	0.11897	0.119707	0.120308	0.121214	0.123002	0.125061	0.128206	0.130706	0.133104	0.134417	0.135527	0.136603	0.137035	0.137432	0.137016	0.137177	0.137642	0.139023	0.141015	0.143379	0.145845	0.146684	0.147862	0.149446	0.15276	0.15526	0.157794	0.159921	0.162692	0.164582	0.166472	0.167175	0.167199	0.166173	0.165282	0.164358	0.163433	0.161457	0.158769	0.155301	0.152071	0.149179	0.146491	0.143363	0.139149	0.133918	0.12889	0.124643
0.0786586	0.0784744	0.0774086	0.0760715	0.0745988	0.0740755	0.0740608	0.0753008	0.0769476	0.0795439	0.0810551	0.0824307	0.0828908	0.0836899	0.083777	0.0826094	0.0816114	0.0806812	0.0803614	0.0801094	0.0809085	0.0816399	0.0825407	0.0823565	0.0822062	0.08131	0.0804815	0.0797209	0.0797401	0.0809461	0.0838815	0.0878341	0.0919902	0.0957054	0.0988443	0.101949	0.104139	0.105718	0.106788	0.108231	0.109844	0.111423	0.112663	0.113802	0.114567	0.114959	0.114877	0.113845	0.11227	0.110458	0.109562	0.109683	0.11133	0.114638	0.118489	0.122306	0.12497	0.127261	0.128773	0.129402	0.129625	0.130051	0.131393	0.133345	0.135229	0.13691	0.137811	0.138847	0.138798	0.138648	0.137277	0.136008	0.13501	0.134521	0.134811	0.13561	0.136952	0.13809	0.137974	0.136467	0.133808	0.130639	0.126997	0.123896	0.12144	0.120747	0.120699	0.121159	0.121042	0.120519	0.118877	0.116184	0.11349	0.111577	0.110884	0.111174	0.112448	0.115756	0.120659	0.127019	0.132972	0.138586	0.143556	0.147983	0.151732	0.155346	0.159604	0.163455	0.166797	0.169495	0.17182	0.172517	0.171011	0.168317	0.16542	0.163439	0.160881	0.158663	0.156173	0.154903	0.153329	0.151314	0.148247	0.144503	0.139368	0.13386	0.128623	0.123997	0.11988	0.116915	0.115374	0.115326	0.115074	0.114856	0.11362	0.112012	0.111353	0.112525	0.114782	0.117006	0.119602	0.123148	0.127677	0.132036	0.135955	0.13906	0.140198	0.139573	0.137524	0.135	0.133053	0.132021	0.133159	0.134433	0.135198	0.133997	0.131744	0.128067	0.124255	0.12068	0.117986	0.11509	0.112498	0.111229	0.111214	0.112149	0.113287	0.114663	0.115869	0.11643	0.116856	0.117791	0.120252	0.12373	0.128191	0.132991	0.137046	0.140727	0.143052	0.144665	0.144345	0.143822	0.143502	0.142809	0.141811	0.140949	0.14185	0.142445	0.142804	0.142077	0.140469	0.137707	0.135048	0.13327	0.132408	0.131884	0.131463	0.131584	0.131773	0.132436	0.133778	0.135628	0.137682	0.139769	0.142434	0.145471	0.148813	0.152121	0.157023	0.161756	0.166522	0.169797	0.172393	0.173362	0.173347	0.172925	0.173419	0.173744	0.17356	0.172019	0.16919	0.165818	0.162413	0.159279	0.155568	0.150874	0.145061	0.139485	0.134079	0.129928	0.126421	0.123693	0.121305	0.11834	0.115647	0.112208	0.109073	0.10577	0.1045	0.103808	0.103962	0.10466	0.105832	0.107479	0.108244	0.110196	0.11225	0.114507	0.115781	0.116885	0.118362	0.11967	0.121385	0.123235	0.125391	0.126224	0.125022	0.122566	0.119161	0.115348	0.111332	0.106469	0.101775	0.0959619	0.0908271	0.0858958	0.081846	0.0779997	0.0748994	0.0719008	0.0686988	0.0655645	0.0631085	0.0621105	0.0613498	0.0615047	0.062236	0.0639846	0.065428	0.0673461	0.0695694	0.072437	0.0755419	0.0785111	0.0813109	0.0832629	0.0845707	0.0855054	0.0865758	0.0870359	0.0869534	0.0862606	0.0858051	0.0851123	0.0844534	0.0841335	0.08517	0.0859014	0.0860902	0.0846514	0.0832804	0.0815025	0.0795211	0.0772346	0.0743716	0.071407	0.0687135	0.0675799	0.0679382	0.0690765	0.0706216	0.0717937	0.0726607	0.0734598	0.0754118	0.0781438	0.0804688	0.0832685	0.0866786	0.0904278	0.0929223	0.0943318	0.0954361	0.095591	0.0957459	0.0953243	0.0955131	0.0937691	0.0911435	0.0876024	0.0851802	0.0840127	0.0828452	0.0818811	0.0794589	0.0770707	0.074479	0.0730402	0.072483	0.07257	0.0734709	0.0752195	0.0779175	0.0810224	0.0840595	0.0875035	0.0904388	0.0938489	0.0971912	0.101178	0.104249	0.107218	0.10995	0.112716	0.114905	0.116484	0.117995	0.118964	0.119899	0.121173	0.122684	0.12467	0.127029	0.130032	0.132764	0.135428	0.137414	0.139535	0.140809	0.141337	0.141628	0.141477	0.141904	0.142431	0.143637	0.145454	0.146389	0.147222	0.147173	0.147464	0.147618	0.148587	0.150404	0.153	0.154918	0.156429	0.157737	0.159723	0.161336	0.162949	0.162832	0.162038	0.160023	0.158889	0.157959	0.157062	0.155725	0.153981	0.151458	0.148255	0.144477	0.140258	0.135665	0.13165	0.128108	0.126195	0.124214
0.0845711	0.0838887	0.0826299	0.0818797	0.08096	0.0810575	0.0807481	0.0809813	0.0805024	0.080939	0.08046	0.0802524	0.0794683	0.0792945	0.0792225	0.0786419	0.0784681	0.0782265	0.0782562	0.0787268	0.0803501	0.0821092	0.0832239	0.0831858	0.0832833	0.0836182	0.0842922	0.0855087	0.087878	0.0919089	0.0968893	0.101802	0.105595	0.108338	0.109893	0.111686	0.113004	0.113984	0.113878	0.113568	0.113835	0.114306	0.115115	0.115654	0.116429	0.11673	0.116353	0.11445	0.11153	0.108203	0.105926	0.105481	0.106698	0.109474	0.112013	0.114111	0.114989	0.115697	0.11671	0.11796	0.119176	0.120325	0.122016	0.12442	0.126552	0.12848	0.129798	0.130947	0.131011	0.1306	0.130222	0.129981	0.130655	0.131397	0.133291	0.134915	0.136979	0.138161	0.137547	0.135033	0.130926	0.127362	0.123729	0.121148	0.118974	0.118088	0.117473	0.117028	0.116346	0.115867	0.114371	0.112061	0.109615	0.108729	0.108556	0.10923	0.110412	0.113494	0.117728	0.122912	0.128197	0.133347	0.138361	0.14324	0.148525	0.153709	0.159232	0.164314	0.168718	0.171833	0.173457	0.173588	0.172058	0.169002	0.166285	0.164552	0.163293	0.161424	0.159046	0.157041	0.155036	0.15198	0.147941	0.143088	0.137286	0.132229	0.128393	0.126761	0.125469	0.125227	0.12563	0.126778	0.127113	0.127245	0.126834	0.125914	0.125367	0.12638	0.128783	0.131492	0.133997	0.13735	0.141075	0.144123	0.146424	0.147946	0.148959	0.148412	0.147289	0.145691	0.144738	0.143615	0.143136	0.141707	0.139533	0.135799	0.131793	0.127483	0.123579	0.12032	0.118654	0.117361	0.116272	0.115251	0.114738	0.11375	0.113	0.112284	0.112788	0.113089	0.11417	0.116166	0.11935	0.12338	0.128259	0.132731	0.135744	0.137063	0.137296	0.137325	0.136846	0.137147	0.138228	0.13897	0.139237	0.138521	0.137567	0.135562	0.132744	0.12945	0.125818	0.122864	0.120927	0.120177	0.120037	0.120067	0.120334	0.120635	0.120664	0.120253	0.119706	0.11994	0.120919	0.123119	0.126641	0.131452	0.136601	0.141683	0.146596	0.149847	0.151776	0.152178	0.153395	0.154306	0.155862	0.157417	0.160261	0.162495	0.163847	0.163504	0.161499	0.158443	0.154709	0.151212	0.14758	0.143134	0.137874	0.133088	0.128744	0.125688	0.122937	0.120492	0.117402	0.113091	0.108781	0.104809	0.102058	0.100189	0.100626	0.101537	0.103228	0.104479	0.106407	0.107997	0.10884	0.110226	0.111951	0.11449	0.116894	0.119534	0.121802	0.122951	0.123353	0.123824	0.124464	0.12412	0.121878	0.118415	0.114987	0.112371	0.110841	0.109108	0.106967	0.103504	0.0994991	0.0955276	0.0909119	0.0862961	0.0820195	0.0792687	0.0784168	0.0791925	0.081121	0.0829479	0.083181	0.0827699	0.0821893	0.082219	0.0820113	0.082041	0.0823759	0.0837958	0.0855888	0.0886024	0.091616	0.0952061	0.0983554	0.101267	0.102755	0.102107	0.0995932	0.0965711	0.094668	0.0942569	0.094897	0.0956727	0.0962449	0.0949861	0.0925405	0.0887724	0.0857843	0.0831692	0.0816391	0.0803803	0.0784433	0.0754551	0.0731452	0.0724628	0.0739166	0.0758452	0.0774686	0.0776339	0.0761378	0.0746755	0.0748069	0.0771763	0.0808003	0.0857128	0.0906592	0.0945884	0.0963135	0.096038	0.0950504	0.093656	0.0938552	0.0950717	0.096729	0.0965553	0.0947539	0.0921388	0.0897271	0.0885361	0.0875825	0.0870357	0.0852344	0.0825175	0.0794615	0.0771516	0.0767744	0.0776179	0.0793769	0.0812037	0.0820472	0.0822465	0.0816658	0.0825771	0.0836241	0.0862308	0.0891427	0.0936822	0.0981879	0.102524	0.105911	0.107432	0.107971	0.107932	0.108776	0.109586	0.111141	0.113443	0.116388	0.119402	0.122111	0.124717	0.126748	0.128676	0.129859	0.131686	0.132834	0.133949	0.134759	0.136755	0.140176	0.144613	0.148949	0.152675	0.154298	0.154159	0.153341	0.152963	0.154417	0.156549	0.159529	0.161695	0.162776	0.162195	0.16114	0.16039	0.160012	0.160042	0.158987	0.157694	0.154842	0.152701	0.150968	0.149912	0.14906	0.147937	0.145695	0.141961	0.136565	0.130763	0.125265	0.121836	0.120442	0.121014	0.120942
0.0758364	0.0747061	0.0741183	0.0747511	0.0755196	0.0765933	0.0767176	0.0759602	0.0743212	0.0731909	0.072264	0.0714049	0.070851	0.0706701	0.0707604	0.0710881	0.0719245	0.073405	0.0748856	0.0763662	0.0782537	0.0797004	0.0802654	0.0793724	0.0790898	0.0800279	0.0825935	0.0860069	0.0899289	0.0940882	0.0974338	0.100542	0.10287	0.104724	0.105492	0.106023	0.106656	0.106442	0.105786	0.104689	0.105322	0.106362	0.10747	0.107526	0.106464	0.104926	0.102406	0.0997834	0.0968559	0.0942336	0.0929676	0.0926511	0.0928431	0.092764	0.0931256	0.0945044	0.0969005	0.0993645	0.101794	0.103377	0.104179	0.104914	0.10653	0.109164	0.111661	0.113651	0.115538	0.117595	0.119347	0.12154	0.12441	0.12779	0.131203	0.133667	0.135656	0.136221	0.136651	0.136809	0.13656	0.135464	0.132943	0.130694	0.128106	0.126161	0.124692	0.123595	0.123109	0.122216	0.122171	0.122228	0.121945	0.120984	0.120701	0.121877	0.1239	0.125889	0.128319	0.131224	0.13518	0.13961	0.144618	0.148811	0.15236	0.155943	0.160712	0.166398	0.17232	0.178243	0.182707	0.186426	0.188245	0.189489	0.188935	0.186889	0.184334	0.181339	0.178106	0.17345	0.169064	0.165018	0.162294	0.158756	0.155082	0.15029	0.145192	0.140535	0.136997	0.135528	0.134432	0.134183	0.134544	0.135381	0.136149	0.136443	0.137076	0.138184	0.139529	0.14145	0.143337	0.14475	0.145281	0.146355	0.148107	0.150164	0.151916	0.153159	0.15447	0.154628	0.154583	0.153622	0.153238	0.152107	0.150807	0.147778	0.144376	0.140228	0.136385	0.132915	0.12958	0.126721	0.124437	0.122697	0.120888	0.118741	0.116898	0.114954	0.113552	0.11232	0.1118	0.111755	0.112185	0.113869	0.115993	0.118729	0.121226	0.122741	0.123204	0.122956	0.123283	0.124526	0.126753	0.129149	0.131884	0.133399	0.134066	0.133274	0.131907	0.129691	0.127137	0.12404	0.121044	0.1191	0.118648	0.119654	0.120897	0.122344	0.123621	0.124288	0.123903	0.123756	0.123779	0.125768	0.128198	0.132459	0.137195	0.142473	0.147209	0.151165	0.153527	0.153787	0.153165	0.152849	0.15416	0.156556	0.160037	0.163722	0.167576	0.170582	0.172368	0.171543	0.168073	0.163789	0.159573	0.156205	0.152328	0.148044	0.142912	0.138663	0.134514	0.131824	0.128829	0.124918	0.119447	0.112654	0.106438	0.101713	0.0992265	0.0993847	0.101577	0.104109	0.10603	0.106969	0.107839	0.108845	0.110427	0.11245	0.114439	0.116259	0.118553	0.121085	0.12304	0.124046	0.124035	0.123922	0.122554	0.120576	0.117615	0.114891	0.112133	0.110155	0.109228	0.108301	0.10656	0.102717	0.0976533	0.0925217	0.0869833	0.0831064	0.0801111	0.0797945	0.0811056	0.0840442	0.0872541	0.0885991	0.0876722	0.0848803	0.0816815	0.0781437	0.0751823	0.073645	0.0738032	0.0758263	0.078392	0.082314	0.085863	0.0901579	0.0940121	0.0974594	0.0988382	0.0976401	0.0950178	0.0926328	0.091672	0.09261	0.0946671	0.0971988	0.0983742	0.0975151	0.0948589	0.0912871	0.0880884	0.0860425	0.0855564	0.0854094	0.0841095	0.0814872	0.079543	0.0782431	0.0784352	0.0785934	0.078582	0.0774855	0.075304	0.0745467	0.0754508	0.0790337	0.0833626	0.088607	0.0927325	0.0948573	0.0945747	0.0918845	0.0886518	0.0851818	0.0839836	0.084447	0.0854529	0.0856788	0.0851588	0.0844354	0.083678	0.0830563	0.082265	0.0813381	0.079394	0.0774159	0.0762516	0.0761046	0.0771783	0.0787606	0.0809194	0.0830781	0.0836093	0.0836996	0.0829084	0.083643	0.084208	0.085926	0.0875761	0.0907182	0.0942672	0.097511	0.0997037	0.0998279	0.0994775	0.098754	0.0998616	0.101613	0.104654	0.107898	0.111243	0.114182	0.116171	0.11755	0.118081	0.118646	0.119516	0.121099	0.122579	0.124263	0.12588	0.129022	0.133317	0.139375	0.144721	0.148745	0.149581	0.149197	0.148744	0.149615	0.152757	0.156713	0.16094	0.163031	0.164037	0.163415	0.162522	0.161561	0.16155	0.161877	0.161154	0.159752	0.157028	0.154949	0.153106	0.152383	0.151625	0.150631	0.147873	0.143826	0.138356	0.132987	0.128974	0.127471	0.128273	0.129516	0.128691
0.0736483	0.0708885	0.0688068	0.0675051	0.0661016	0.0641894	0.0619721	0.0591445	0.05591	0.0533875	0.0519501	0.0516316	0.051754	0.0524528	0.0531517	0.0533758	0.0529556	0.0528406	0.0534716	0.0549164	0.056802	0.0588911	0.0604376	0.0615433	0.0634629	0.0671795	0.0725916	0.0787497	0.0844669	0.0894721	0.0928497	0.0956847	0.0978416	0.0998289	0.101647	0.103329	0.105655	0.107168	0.107935	0.107718	0.107908	0.108437	0.108153	0.106817	0.103888	0.10106	0.0981307	0.0959473	0.09373	0.0918518	0.0908552	0.0903672	0.0897436	0.0886114	0.087547	0.0877033	0.0889785	0.0911015	0.0931227	0.0950084	0.0963175	0.0976606	0.100123	0.104178	0.109794	0.114969	0.120754	0.125318	0.129849	0.133294	0.137282	0.140999	0.143969	0.145685	0.146248	0.145862	0.145273	0.144513	0.143144	0.140994	0.137997	0.135068	0.131664	0.128124	0.124855	0.121417	0.1192	0.117491	0.117173	0.116888	0.116604	0.115879	0.115798	0.116564	0.118721	0.12081	0.123543	0.125734	0.12901	0.133201	0.13858	0.143653	0.147607	0.151832	0.156362	0.162147	0.167627	0.173446	0.177536	0.181117	0.183376	0.185295	0.186265	0.185845	0.185052	0.182936	0.180346	0.176162	0.171605	0.166946	0.162898	0.158917	0.154767	0.150482	0.146671	0.143877	0.141761	0.14107	0.141023	0.141959	0.143505	0.145493	0.147582	0.149569	0.151048	0.152696	0.153632	0.155484	0.157234	0.159357	0.161039	0.163332	0.165794	0.167747	0.169429	0.169891	0.170895	0.170305	0.169308	0.166684	0.163857	0.160554	0.157218	0.15317	0.149698	0.146361	0.143737	0.141147	0.138353	0.135797	0.133308	0.131566	0.129348	0.126928	0.124032	0.121713	0.119564	0.118364	0.118418	0.1201	0.122664	0.126042	0.130267	0.134357	0.138006	0.140061	0.141811	0.142849	0.144259	0.146721	0.149896	0.153239	0.155464	0.15657	0.15659	0.155458	0.153139	0.149905	0.14667	0.143334	0.140472	0.13856	0.137903	0.138025	0.137673	0.137354	0.136358	0.13492	0.132601	0.131198	0.130235	0.130866	0.132582	0.135688	0.139575	0.143088	0.146737	0.149368	0.150847	0.150528	0.149362	0.148434	0.14859	0.149763	0.152056	0.154687	0.157489	0.159137	0.159598	0.15772	0.154214	0.150675	0.148152	0.146613	0.144362	0.142077	0.138944	0.135879	0.131763	0.12785	0.123903	0.119007	0.113467	0.107215	0.102454	0.0984736	0.0964597	0.0959378	0.0973826	0.0989292	0.0997297	0.099886	0.100042	0.101589	0.104085	0.1077	0.110942	0.114387	0.117832	0.12104	0.122926	0.123591	0.122628	0.121293	0.118228	0.114959	0.111114	0.108015	0.105323	0.103309	0.101736	0.100367	0.0982513	0.0946098	0.0904598	0.0866149	0.0828378	0.0798406	0.0774198	0.0769658	0.0783088	0.0815847	0.0854709	0.0878651	0.0881571	0.0867196	0.0845023	0.0819121	0.0793557	0.0778505	0.0774642	0.0787395	0.0801843	0.0824429	0.0842268	0.0871635	0.0901681	0.0937152	0.0961773	0.0969778	0.0962864	0.0949507	0.0944288	0.0945173	0.0953179	0.0959149	0.0960712	0.0952103	0.0936372	0.0920981	0.0907624	0.0905118	0.0916853	0.093164	0.0938629	0.0933749	0.0928869	0.0919242	0.0908598	0.0899988	0.0897821	0.0903453	0.0906033	0.092082	0.0940016	0.097447	0.100621	0.104134	0.106732	0.107736	0.107011	0.104149	0.101355	0.0977478	0.0957001	0.0943983	0.0935373	0.0927442	0.0919171	0.090751	0.0886693	0.0858077	0.0828784	0.0807289	0.078749	0.0775828	0.0764506	0.0757592	0.0754068	0.0757326	0.0764993	0.0779102	0.0779647	0.0781549	0.0779382	0.0789761	0.0794715	0.0800347	0.0804622	0.0818053	0.0843352	0.0867294	0.0888863	0.0894156	0.0904196	0.0914575	0.0939873	0.0970597	0.100709	0.103883	0.106345	0.108366	0.109234	0.109831	0.109716	0.111161	0.113454	0.116696	0.119226	0.121857	0.124557	0.127697	0.130905	0.134825	0.13905	0.142428	0.144381	0.145758	0.147678	0.150242	0.153483	0.156827	0.159527	0.160429	0.160178	0.158436	0.156151	0.153492	0.151852	0.150753	0.149451	0.147912	0.145356	0.142528	0.13909	0.1365	0.134147	0.132235	0.129577	0.126817	0.123888	0.121331	0.119521	0.118626	0.119698	0.120668	0.120756
0.0768714	0.0747702	0.0729742	0.070907	0.0681616	0.0648736	0.0618908	0.0590776	0.0567051	0.0547396	0.0534183	0.05247	0.0515556	0.0506074	0.0493878	0.0478631	0.0465757	0.0463056	0.0474257	0.0499361	0.0529551	0.0562453	0.0586879	0.0602488	0.061708	0.0637776	0.0671695	0.0709345	0.0745638	0.0776846	0.0801949	0.082807	0.085453	0.0889128	0.092983	0.0972905	0.101055	0.103023	0.103397	0.102822	0.102179	0.102011	0.101232	0.0997071	0.0963513	0.0929956	0.0898432	0.0872334	0.0845897	0.0827598	0.0824219	0.0825926	0.082119	0.0812046	0.0798155	0.079342	0.07975	0.0821587	0.0843638	0.0872472	0.0893168	0.091861	0.0946427	0.0985772	0.104614	0.110312	0.117027	0.122453	0.128083	0.132831	0.13758	0.142532	0.146364	0.149112	0.149961	0.149725	0.149014	0.147421	0.145151	0.141829	0.138609	0.135287	0.132134	0.129084	0.126711	0.124441	0.122882	0.122035	0.121664	0.121258	0.120716	0.120582	0.121634	0.122958	0.125705	0.128284	0.131981	0.135203	0.139646	0.144903	0.150737	0.155858	0.159962	0.164066	0.168374	0.173766	0.179091	0.184484	0.188689	0.192556	0.195609	0.197848	0.199104	0.199342	0.198869	0.197005	0.194056	0.190158	0.185479	0.180801	0.176089	0.171614	0.167038	0.161919	0.157173	0.152325	0.148427	0.145478	0.144394	0.144158	0.144702	0.145516	0.146806	0.14813	0.14908	0.150777	0.152575	0.154746	0.156477	0.158072	0.159599	0.161329	0.163026	0.163807	0.164215	0.163606	0.163302	0.161946	0.160557	0.158253	0.155711	0.152931	0.150695	0.147915	0.145814	0.142831	0.140222	0.136934	0.13351	0.13029	0.127137	0.125545	0.124359	0.123886	0.122802	0.122125	0.120634	0.119652	0.118873	0.11979	0.121113	0.123183	0.126236	0.129797	0.133155	0.135632	0.138108	0.140992	0.14418	0.147877	0.150998	0.153237	0.15412	0.154087	0.15402	0.154055	0.154667	0.154329	0.153686	0.151822	0.149721	0.147721	0.146536	0.146571	0.146776	0.146946	0.146337	0.145253	0.143593	0.14339	0.144138	0.146343	0.148989	0.151533	0.154688	0.156893	0.159369	0.160354	0.161101	0.161136	0.160798	0.160528	0.160427	0.160937	0.161549	0.162296	0.162772	0.162908	0.162265	0.16013	0.15708	0.154707	0.153148	0.15159	0.148607	0.145624	0.14254	0.139998	0.137218	0.134575	0.131931	0.128474	0.124609	0.120236	0.117253	0.114237	0.111898	0.109763	0.108815	0.108341	0.10763	0.107428	0.107836	0.109634	0.112212	0.115231	0.11703	0.118387	0.118931	0.119644	0.119713	0.119579	0.118257	0.116461	0.112868	0.109072	0.104665	0.101038	0.0973766	0.0933088	0.0887662	0.0840202	0.0797489	0.0750029	0.0711724	0.0679522	0.0658511	0.0642246	0.0628016	0.061955	0.0611085	0.0610079	0.0612464	0.0619257	0.0619608	0.0612499	0.0598947	0.0588107	0.0581676	0.0591521	0.061086	0.0636303	0.0655642	0.0672608	0.0685166	0.070247	0.0716045	0.0735384	0.0756419	0.0776775	0.0792385	0.0799178	0.0807327	0.0808356	0.0812776	0.0817873	0.0831109	0.0843667	0.0852155	0.0852845	0.0850822	0.0849477	0.0861017	0.0870862	0.088308	0.0895299	0.0914977	0.093296	0.0942805	0.094892	0.0951305	0.0965897	0.0975742	0.0998133	0.101306	0.103206	0.103682	0.103785	0.103854	0.103787	0.103823	0.103112	0.103045	0.10169	0.100029	0.0975552	0.095081	0.0934207	0.0928454	0.0928126	0.092339	0.0902718	0.087662	0.0856286	0.0845786	0.0848849	0.0853269	0.0860401	0.0864143	0.0864154	0.0862809	0.0867907	0.0869614	0.0878441	0.0888965	0.0912373	0.093239	0.0948338	0.0959201	0.0964298	0.0974821	0.0985005	0.100163	0.101351	0.103116	0.104778	0.106678	0.108476	0.11058	0.112717	0.114787	0.116619	0.117604	0.117944	0.117979	0.11876	0.12005	0.121577	0.123002	0.125004	0.127955	0.130872	0.133077	0.134706	0.13664	0.138642	0.140338	0.142509	0.145461	0.14831	0.150617	0.152314	0.153942	0.154486	0.154487	0.154047	0.153879	0.153134	0.151982	0.14978	0.146288	0.142458	0.138661	0.135712	0.132289	0.129035	0.125679	0.12256	0.119645	0.117646	0.116867	0.116801	0.116598	0.115887	0.115482	0.114533	0.113042
0.0818492	0.0791841	0.0755357	0.0714125	0.0671537	0.0639122	0.0618574	0.0609556	0.0597146	0.0577955	0.0551982	0.0526688	0.0500037	0.0473725	0.0457924	0.0442463	0.0429715	0.042273	0.0425919	0.0451487	0.0480445	0.0522289	0.0559386	0.0592413	0.0620694	0.0648974	0.0687427	0.0731306	0.0782983	0.0837034	0.0895832	0.0947509	0.0991726	0.102611	0.105236	0.107657	0.109841	0.112024	0.11336	0.114324	0.114778	0.115368	0.115212	0.114039	0.111645	0.108845	0.105942	0.102497	0.0982383	0.0946916	0.091823	0.0900056	0.0881882	0.0869812	0.0849943	0.0828717	0.0808169	0.0805254	0.0806069	0.0823499	0.0849067	0.0888198	0.0933093	0.0987483	0.105645	0.111796	0.118253	0.123353	0.129131	0.13379	0.13872	0.143617	0.14831	0.152324	0.154881	0.156285	0.156468	0.154787	0.151409	0.146845	0.142112	0.137921	0.134137	0.131065	0.128468	0.126854	0.125714	0.125287	0.123843	0.121483	0.117936	0.114898	0.114166	0.114722	0.117618	0.120751	0.124902	0.128374	0.132592	0.137455	0.142826	0.147451	0.151534	0.154972	0.158682	0.162832	0.167322	0.172049	0.176437	0.180282	0.183381	0.185531	0.186426	0.185965	0.18486	0.183653	0.183022	0.182087	0.180405	0.177028	0.171921	0.166103	0.160182	0.154499	0.149698	0.144998	0.141418	0.138515	0.137817	0.138339	0.139574	0.140571	0.141228	0.14192	0.142476	0.143643	0.145081	0.147095	0.149381	0.152514	0.15602	0.159764	0.162354	0.163317	0.163602	0.162904	0.162443	0.161032	0.16013	0.15889	0.157038	0.155187	0.153743	0.1524	0.150922	0.148155	0.145388	0.141875	0.139074	0.136952	0.135406	0.134639	0.133771	0.133514	0.132578	0.131575	0.12935	0.127126	0.125071	0.124237	0.124624	0.126265	0.129636	0.133888	0.138615	0.142663	0.146339	0.14954	0.151961	0.153738	0.15443	0.154613	0.154356	0.153623	0.1534	0.153481	0.154207	0.154187	0.153014	0.150925	0.148056	0.145052	0.142726	0.141723	0.142075	0.142564	0.142916	0.142862	0.142028	0.141567	0.141174	0.141866	0.143168	0.144504	0.14662	0.148295	0.15075	0.15212	0.154236	0.155877	0.157078	0.156583	0.155952	0.155118	0.154895	0.155146	0.155837	0.156394	0.155797	0.154692	0.153518	0.152786	0.151274	0.148948	0.145571	0.142567	0.139562	0.137304	0.13508	0.132618	0.129851	0.127017	0.123809	0.119889	0.11675	0.113881	0.111657	0.108992	0.107344	0.106408	0.105676	0.10535	0.105873	0.107344	0.108748	0.109949	0.11003	0.110145	0.109244	0.108918	0.108898	0.109522	0.109739	0.109075	0.106816	0.103202	0.0984683	0.0938704	0.0897133	0.0855902	0.0811957	0.0774795	0.0744753	0.0717424	0.0696876	0.068718	0.0679178	0.0664056	0.064283	0.0624995	0.0609195	0.0597803	0.059387	0.060384	0.0615167	0.0625815	0.0628664	0.06366	0.0639788	0.0647384	0.0652268	0.0661899	0.0666783	0.0677431	0.068774	0.0703135	0.071514	0.0734265	0.0759155	0.0778958	0.0789945	0.0787708	0.078615	0.0778148	0.0774555	0.0773674	0.0782288	0.0792936	0.0799854	0.0799991	0.0805214	0.0805689	0.0820746	0.0825968	0.0840007	0.0850317	0.0868425	0.0892975	0.0911761	0.0932582	0.0943908	0.0968798	0.0984871	0.100637	0.101871	0.103072	0.103357	0.103438	0.104232	0.105364	0.106395	0.106375	0.106796	0.10647	0.105975	0.104802	0.103154	0.10249	0.101791	0.101805	0.101717	0.10112	0.0999132	0.0983671	0.0972957	0.0966651	0.0958988	0.095336	0.0951463	0.0949226	0.0943598	0.09417	0.0934377	0.0933496	0.0933972	0.0948011	0.0959337	0.0962186	0.0961305	0.0958051	0.0964969	0.0972227	0.0989657	0.100403	0.10235	0.10372	0.104819	0.105917	0.107287	0.109369	0.112197	0.115568	0.118769	0.121021	0.122967	0.12488	0.126589	0.128094	0.129905	0.132326	0.135833	0.139407	0.142472	0.144961	0.147416	0.150685	0.15375	0.156883	0.15944	0.161387	0.162079	0.16199	0.161733	0.160967	0.159963	0.158078	0.156701	0.154918	0.152287	0.148163	0.142921	0.137815	0.133149	0.129162	0.125581	0.122068	0.118691	0.115042	0.112242	0.110017	0.109251	0.109061	0.108939	0.108309	0.107339	0.106539	0.105976
0.0766337	0.0758828	0.0747928	0.073635	0.0719347	0.0709464	0.0694834	0.0680882	0.0658453	0.0628565	0.0590538	0.0550138	0.0513467	0.0476458	0.0451316	0.0440416	0.0445792	0.046541	0.0485706	0.0523294	0.0561222	0.0608984	0.0641826	0.0665512	0.0688181	0.0716276	0.0757595	0.0807391	0.0870411	0.093004	0.0983566	0.10198	0.104348	0.1057	0.106204	0.107589	0.108839	0.110868	0.112186	0.113435	0.114142	0.114544	0.114607	0.113958	0.112156	0.109811	0.107094	0.104647	0.101421	0.0990766	0.0970372	0.0958794	0.093806	0.0913936	0.0872519	0.0824659	0.077612	0.0752335	0.075432	0.0792587	0.084713	0.0914898	0.0983343	0.105654	0.112498	0.117715	0.122254	0.126148	0.130145	0.133802	0.137968	0.142879	0.148062	0.153076	0.156564	0.157983	0.157232	0.154379	0.149932	0.144705	0.139444	0.135031	0.13133	0.129053	0.127929	0.127314	0.125953	0.124117	0.121874	0.119631	0.116947	0.114806	0.114734	0.116526	0.120386	0.124857	0.129735	0.133053	0.136236	0.13952	0.144059	0.148394	0.15256	0.15598	0.158857	0.161632	0.16434	0.167319	0.170061	0.172192	0.173611	0.174115	0.173873	0.17319	0.172913	0.17318	0.174429	0.174764	0.173741	0.169871	0.163898	0.157044	0.150596	0.1452	0.140617	0.136204	0.132673	0.129921	0.129204	0.129437	0.131534	0.133055	0.134373	0.1343	0.134634	0.135884	0.138829	0.143367	0.148924	0.155022	0.16007	0.16393	0.165621	0.165582	0.164695	0.163537	0.162888	0.162137	0.162132	0.161958	0.160902	0.159405	0.158179	0.157666	0.156203	0.153519	0.150225	0.146795	0.143569	0.141123	0.140372	0.141215	0.14199	0.142527	0.142217	0.141195	0.138816	0.136133	0.133347	0.131409	0.130184	0.130416	0.132378	0.135527	0.139252	0.141518	0.143311	0.144459	0.146047	0.147297	0.148242	0.148949	0.149656	0.150058	0.150053	0.150387	0.151298	0.152106	0.150915	0.148604	0.145717	0.143067	0.140994	0.140718	0.142544	0.145387	0.148163	0.150124	0.150323	0.149742	0.148279	0.148511	0.14993	0.153045	0.156804	0.159681	0.161575	0.1614	0.161022	0.160509	0.159622	0.157244	0.153984	0.151063	0.148752	0.148272	0.148471	0.15006	0.15036	0.150626	0.150214	0.148887	0.145525	0.14057	0.135614	0.131676	0.12906	0.128105	0.127321	0.125722	0.122157	0.118184	0.114212	0.110579	0.107963	0.10589	0.104969	0.104219	0.104654	0.105938	0.107188	0.108132	0.108636	0.108936	0.108524	0.107434	0.105429	0.103898	0.102367	0.102396	0.103171	0.104556	0.105162	0.103495	0.0999979	0.0954492	0.0907988	0.0867249	0.0831257	0.0801707	0.0772158	0.074939	0.073103	0.0711992	0.0689224	0.0674255	0.066132	0.0653133	0.0646302	0.0649644	0.0653663	0.0657683	0.0661024	0.0670469	0.0678897	0.068156	0.0667948	0.0646536	0.0626142	0.0619311	0.0625704	0.0641931	0.0663583	0.0683878	0.0702139	0.0708872	0.0708822	0.0703009	0.070635	0.0710031	0.0715407	0.0717731	0.0726837	0.0738995	0.0750813	0.0761614	0.0769703	0.0773384	0.0766214	0.0745141	0.0730172	0.0712151	0.0711763	0.0707984	0.0723193	0.0752305	0.0798032	0.0849184	0.0887451	0.0918597	0.0933468	0.0950033	0.0963208	0.0978079	0.098888	0.0994256	0.0997937	0.099314	0.0988004	0.0980495	0.0974003	0.0963781	0.095729	0.0954867	0.0952783	0.0944935	0.0932	0.0929916	0.0931223	0.094372	0.0956895	0.0963966	0.0959509	0.0944201	0.0938048	0.0942407	0.0958633	0.0986728	0.102262	0.105411	0.106593	0.106249	0.104616	0.102644	0.100673	0.0993793	0.099137	0.0989625	0.0991949	0.0995969	0.100847	0.102537	0.10494	0.107376	0.109338	0.110113	0.109735	0.109459	0.109793	0.111551	0.115039	0.118764	0.122251	0.12384	0.125531	0.12678	0.127487	0.127754	0.128834	0.131576	0.135606	0.140755	0.146107	0.151494	0.155897	0.160029	0.16294	0.164936	0.166185	0.167198	0.168278	0.168951	0.170167	0.170603	0.170564	0.168897	0.167434	0.165598	0.162338	0.157145	0.150393	0.143776	0.137701	0.132847	0.129858	0.127548	0.125271	0.121434	0.117462	0.113253	0.11006	0.108156	0.107406	0.107774	0.10726	0.107052	0.106165
0.0607985	0.0599448	0.0603117	0.0621368	0.0637922	0.0654138	0.0651026	0.0637063	0.0609876	0.0577264	0.0543296	0.0510005	0.0484175	0.0457666	0.0444042	0.0443643	0.0457485	0.0482178	0.0500089	0.0528172	0.0552187	0.0585018	0.0609372	0.0634404	0.067266	0.0727192	0.0798339	0.0878641	0.0965047	0.104162	0.110259	0.113882	0.115368	0.115124	0.114169	0.114163	0.114903	0.117202	0.119434	0.120954	0.12088	0.119382	0.117037	0.114284	0.111904	0.110101	0.108671	0.107512	0.10537	0.103126	0.100916	0.0995874	0.0977842	0.0947943	0.0900072	0.0842367	0.0791783	0.0767309	0.0778778	0.0826867	0.0900388	0.0983742	0.105998	0.112638	0.11765	0.121645	0.12564	0.130381	0.135767	0.141254	0.146334	0.151109	0.155545	0.15954	0.162281	0.162885	0.161455	0.157923	0.153068	0.148179	0.1439	0.141012	0.138395	0.136117	0.133399	0.130069	0.12613	0.121716	0.118285	0.11516	0.112678	0.110943	0.111513	0.114017	0.117673	0.121125	0.12373	0.124131	0.124295	0.125034	0.127843	0.131262	0.13563	0.139964	0.144264	0.148158	0.151543	0.154419	0.155871	0.156611	0.156842	0.156972	0.156457	0.155535	0.155089	0.155557	0.157552	0.158834	0.158828	0.155635	0.150339	0.144365	0.138866	0.135808	0.133768	0.132677	0.131382	0.130528	0.130353	0.130788	0.133189	0.135489	0.137348	0.137308	0.137946	0.139907	0.143597	0.149084	0.155317	0.161686	0.165884	0.168387	0.168754	0.168138	0.166708	0.165617	0.165712	0.166113	0.166514	0.165932	0.164129	0.161579	0.159166	0.15821	0.15695	0.15535	0.153038	0.152117	0.151602	0.152274	0.153828	0.155619	0.156223	0.155404	0.153872	0.151763	0.149452	0.147038	0.145574	0.144822	0.145223	0.146675	0.14911	0.151749	0.153404	0.153331	0.152409	0.151657	0.151753	0.153137	0.155233	0.157669	0.159901	0.161895	0.162805	0.162866	0.161911	0.160718	0.158067	0.155111	0.152155	0.148962	0.145972	0.144067	0.144909	0.14748	0.150661	0.152282	0.1517	0.149829	0.147483	0.147036	0.147776	0.150381	0.152715	0.154337	0.154805	0.154121	0.152928	0.152007	0.150712	0.148638	0.146055	0.144218	0.142991	0.142646	0.142029	0.141854	0.140356	0.139027	0.137462	0.135455	0.131753	0.127305	0.123467	0.121223	0.119963	0.119346	0.117509	0.113909	0.10824	0.102402	0.0970383	0.0925903	0.0892951	0.0880006	0.0891474	0.0918202	0.0949337	0.0970978	0.0971935	0.0950852	0.0923665	0.0906311	0.0898113	0.0895679	0.088782	0.0889116	0.0890412	0.0904932	0.092047	0.0938042	0.0946459	0.0927749	0.0885981	0.0833024	0.0791596	0.0769495	0.0762992	0.0769374	0.0772366	0.0778748	0.0771567	0.0754892	0.0723975	0.0704248	0.0690963	0.0689547	0.0698302	0.0719604	0.0746332	0.0769329	0.0793005	0.0813628	0.0832218	0.0846399	0.0847017	0.0831698	0.0809258	0.0792244	0.0788453	0.0798227	0.081546	0.0830658	0.0832971	0.0821382	0.0805385	0.0791761	0.0787971	0.0786555	0.0794971	0.0810848	0.0837236	0.0864303	0.0881197	0.0885883	0.0873955	0.0860671	0.0845691	0.0830711	0.0822513	0.0822791	0.0840363	0.0859631	0.0883645	0.0908338	0.0932692	0.094823	0.0953256	0.0960655	0.0969072	0.0983253	0.100083	0.102823	0.106038	0.109287	0.111587	0.112293	0.110558	0.107195	0.103289	0.0995196	0.0968349	0.095642	0.0956021	0.0954604	0.0944372	0.0938886	0.0932044	0.0927915	0.0921412	0.0915587	0.0908745	0.0894443	0.0890653	0.0893645	0.0913929	0.0943369	0.0979591	0.101446	0.10283	0.102485	0.0998678	0.0972508	0.0948034	0.0937123	0.0935367	0.093768	0.0938637	0.0938577	0.0942586	0.0944899	0.0951281	0.0958681	0.0971506	0.0981618	0.0991391	0.10093	0.10384	0.107429	0.111898	0.116029	0.119753	0.121002	0.121674	0.122516	0.12373	0.12542	0.128092	0.132732	0.137981	0.143808	0.14943	0.155189	0.159387	0.163044	0.165174	0.166727	0.167094	0.168004	0.169931	0.17223	0.174428	0.174558	0.173704	0.170104	0.166029	0.161174	0.15659	0.150922	0.144948	0.139177	0.134458	0.130247	0.12763	0.12542	0.123176	0.119305	0.114857	0.110002	0.10613	0.103852	0.103745	0.105739	0.107598	0.109661	0.110909
0.057365	0.058796	0.0616851	0.0645403	0.0654967	0.0648254	0.0614754	0.0577185	0.0535207	0.0501029	0.0471259	0.0445218	0.0427994	0.0413822	0.0409822	0.0418707	0.0438443	0.0459874	0.0471472	0.0487817	0.0509588	0.0544921	0.0583646	0.0634238	0.0697716	0.0771027	0.0845694	0.0919684	0.0990282	0.104698	0.108706	0.111358	0.112721	0.113779	0.114498	0.116404	0.117699	0.119266	0.119815	0.11972	0.117591	0.114139	0.109908	0.106558	0.104835	0.104707	0.105832	0.107162	0.107677	0.106803	0.105318	0.103595	0.101228	0.098014	0.0938163	0.0897881	0.086472	0.0858686	0.0877743	0.092325	0.0979946	0.10363	0.108486	0.112291	0.115655	0.119018	0.123264	0.128798	0.134603	0.140747	0.145332	0.149035	0.151178	0.152439	0.152446	0.150487	0.147713	0.143922	0.140403	0.136713	0.134075	0.132116	0.130292	0.127721	0.124134	0.119699	0.11506	0.111168	0.109886	0.110266	0.112104	0.114688	0.118188	0.122976	0.127458	0.131568	0.133779	0.134362	0.134539	0.135868	0.138791	0.143308	0.148808	0.155156	0.16069	0.165139	0.167621	0.168374	0.167838	0.166455	0.165987	0.165451	0.165594	0.165228	0.164794	0.164224	0.163044	0.161288	0.157836	0.153028	0.147067	0.141818	0.137248	0.135186	0.134311	0.134895	0.134834	0.134773	0.134136	0.133261	0.133573	0.134156	0.135587	0.136442	0.138585	0.142017	0.147042	0.153254	0.1595	0.164254	0.166703	0.167117	0.166547	0.165435	0.163679	0.162295	0.161827	0.162038	0.161807	0.160526	0.158125	0.155318	0.152985	0.151703	0.150659	0.149818	0.149011	0.149323	0.149364	0.149914	0.150395	0.150233	0.149087	0.146923	0.144896	0.143275	0.143113	0.144306	0.14689	0.149474	0.152126	0.153998	0.15553	0.156419	0.156324	0.155416	0.154507	0.15448	0.155165	0.157206	0.15979	0.162442	0.164416	0.16622	0.167074	0.166505	0.164308	0.161568	0.158964	0.15714	0.156299	0.155357	0.153668	0.152115	0.151681	0.153417	0.155832	0.1575	0.157914	0.157718	0.15803	0.159054	0.159908	0.160458	0.159787	0.15881	0.157393	0.156688	0.155135	0.153955	0.152063	0.150646	0.148516	0.146896	0.145445	0.144536	0.142712	0.140752	0.13808	0.135883	0.13355	0.132235	0.130512	0.129299	0.127474	0.126328	0.125216	0.123697	0.120517	0.115471	0.109883	0.104499	0.100674	0.0980024	0.0961443	0.0945914	0.0945983	0.0963685	0.0988507	0.10079	0.100967	0.100024	0.0974202	0.0954605	0.093738	0.0925243	0.0907679	0.0891133	0.0875604	0.0862449	0.0836748	0.0804943	0.0766696	0.0726414	0.0680368	0.0642459	0.0622183	0.0620218	0.0620965	0.062273	0.0614661	0.0602184	0.0578517	0.0550103	0.0523723	0.0507856	0.0506229	0.0521218	0.0552483	0.0601719	0.0654007	0.0705616	0.0747054	0.0772215	0.078483	0.0785916	0.0775135	0.0750451	0.0729497	0.0723801	0.073506	0.07531	0.0770802	0.0780365	0.0777722	0.0771348	0.0767009	0.0765044	0.0762739	0.0765182	0.078017	0.0803297	0.0826763	0.084243	0.084962	0.0845959	0.0836533	0.0832194	0.0836333	0.0845896	0.0854781	0.0874517	0.090273	0.0932638	0.0954409	0.0971771	0.0983708	0.0980386	0.0974013	0.0978151	0.10006	0.102746	0.10594	0.109439	0.112668	0.11498	0.116004	0.115062	0.111508	0.106632	0.102706	0.100238	0.0988882	0.0984882	0.0986646	0.0982307	0.096983	0.0954641	0.0941824	0.0927652	0.0908732	0.0891169	0.0885474	0.0890629	0.0916468	0.0948072	0.0987136	0.102213	0.105441	0.108059	0.108948	0.108378	0.106995	0.106188	0.105991	0.106642	0.108006	0.109335	0.11002	0.109417	0.108474	0.106921	0.105606	0.104561	0.104331	0.104711	0.105362	0.106691	0.108733	0.110842	0.112748	0.113602	0.113813	0.112192	0.110775	0.110375	0.111636	0.11439	0.118161	0.123355	0.12872	0.134389	0.140432	0.146576	0.15211	0.156627	0.159821	0.16227	0.163904	0.166081	0.168902	0.171419	0.172917	0.171772	0.169744	0.165411	0.161009	0.155964	0.152105	0.148077	0.143744	0.139275	0.135043	0.131286	0.128377	0.125603	0.122932	0.119378	0.116028	0.112441	0.11021	0.10903	0.11002	0.1124	0.114781	0.11628	0.116049
0.0684553	0.0695648	0.0705388	0.0709023	0.0690958	0.0661024	0.061278	0.0571318	0.0532229	0.0509755	0.0493724	0.0485492	0.0481328	0.0478861	0.0479784	0.0485793	0.0494515	0.0506289	0.0513315	0.0530853	0.0555851	0.0599499	0.0654336	0.0724093	0.0798936	0.0866319	0.092726	0.0978028	0.102473	0.106092	0.109337	0.11282	0.116168	0.119922	0.122965	0.125532	0.12654	0.126531	0.125301	0.123358	0.120467	0.116524	0.111869	0.107892	0.10612	0.105432	0.105118	0.103989	0.102386	0.0997657	0.0965349	0.0930669	0.0898701	0.0873514	0.0863587	0.0862136	0.0876961	0.0899247	0.0928653	0.0955685	0.0984413	0.101111	0.103305	0.104923	0.107423	0.111449	0.117204	0.124349	0.131698	0.138945	0.143852	0.146793	0.147563	0.146774	0.145069	0.141703	0.138845	0.135614	0.133299	0.130611	0.128363	0.126014	0.123191	0.119248	0.114729	0.11004	0.1063	0.103612	0.103433	0.10417	0.106364	0.109576	0.113636	0.11817	0.12145	0.124221	0.125703	0.127627	0.130466	0.13439	0.138653	0.143458	0.149315	0.155341	0.16113	0.165427	0.16813	0.169274	0.170214	0.171425	0.173755	0.176323	0.178314	0.179017	0.178261	0.176624	0.173258	0.169383	0.164965	0.16065	0.156605	0.153815	0.152382	0.152033	0.152431	0.153371	0.1537	0.153623	0.152562	0.150858	0.149085	0.147787	0.147913	0.148955	0.151251	0.153683	0.156149	0.157869	0.159453	0.15958	0.158994	0.157357	0.15572	0.154083	0.152344	0.151385	0.15107	0.150959	0.149865	0.147685	0.144895	0.142038	0.140062	0.138662	0.138415	0.138473	0.138667	0.138556	0.137937	0.137113	0.135781	0.132822	0.130066	0.127242	0.126148	0.125664	0.127621	0.130833	0.135604	0.140003	0.143893	0.146223	0.146417	0.145662	0.144093	0.143778	0.144718	0.146879	0.148904	0.150793	0.152378	0.15308	0.15341	0.153367	0.153832	0.153314	0.152016	0.150243	0.148911	0.148088	0.147841	0.147086	0.145992	0.144388	0.143701	0.143963	0.145004	0.145741	0.146918	0.148503	0.15107	0.153333	0.153967	0.152839	0.149676	0.147191	0.145419	0.145782	0.145807	0.146408	0.14667	0.147474	0.147736	0.147625	0.147683	0.147165	0.145935	0.143959	0.142288	0.14082	0.139285	0.138903	0.138215	0.138579	0.137755	0.137543	0.136414	0.134811	0.132089	0.127875	0.124339	0.121108	0.119234	0.117461	0.115689	0.113373	0.111329	0.109998	0.109446	0.108928	0.108308	0.10779	0.106526	0.105736	0.104676	0.103819	0.10147	0.0987815	0.0953473	0.0914384	0.0856985	0.0790431	0.0725571	0.067631	0.0634169	0.0611018	0.0601768	0.0606082	0.0607344	0.059979	0.0587828	0.057044	0.0555766	0.0545499	0.0550491	0.0564299	0.0588958	0.061972	0.0660655	0.0715831	0.0767956	0.0821098	0.0854234	0.0873128	0.0876764	0.0877687	0.0880305	0.0882246	0.0891307	0.0900707	0.090909	0.0912725	0.091297	0.0915589	0.0906339	0.0906923	0.0905812	0.0913177	0.0911048	0.0912989	0.0917981	0.0924668	0.0921522	0.0906508	0.0889121	0.0863934	0.08418	0.0833568	0.0849749	0.0888989	0.0925176	0.0968824	0.0999586	0.102764	0.103771	0.104067	0.104092	0.103438	0.103462	0.104063	0.106258	0.1093	0.112275	0.114978	0.115884	0.115061	0.112102	0.107684	0.102283	0.0971875	0.0942619	0.0932014	0.0929885	0.0925044	0.0920202	0.0905866	0.0883732	0.0860919	0.084421	0.0832926	0.0816555	0.0808662	0.0807551	0.0822715	0.0850765	0.0883562	0.0907543	0.0912535	0.0904302	0.0891662	0.0886821	0.0894186	0.0922236	0.0962153	0.100784	0.10447	0.106868	0.107503	0.106917	0.10528	0.103338	0.100989	0.0987415	0.0970027	0.0966542	0.0969839	0.0981613	0.0997455	0.102449	0.104406	0.105176	0.104862	0.104005	0.103419	0.103172	0.105197	0.108409	0.113282	0.118156	0.122521	0.12675	0.13047	0.136022	0.141302	0.147227	0.152371	0.15738	0.162186	0.166211	0.170135	0.173042	0.174525	0.173973	0.171454	0.169071	0.165366	0.161728	0.157107	0.154012	0.150781	0.147584	0.143879	0.140275	0.136638	0.132797	0.128854	0.125047	0.121511	0.119297	0.11783	0.118363	0.11893	0.120243	0.121047	0.121343	0.12052	0.11929
0.0842516	0.082948	0.0804575	0.0764752	0.0707974	0.0648822	0.0587297	0.0537639	0.0494425	0.0468164	0.0447329	0.0432258	0.0420917	0.0409916	0.0398575	0.0390964	0.0388778	0.0403208	0.042781	0.0469366	0.051533	0.0569432	0.0626925	0.0694591	0.0763274	0.082314	0.0873174	0.0915069	0.0955608	0.0993434	0.102956	0.107587	0.112014	0.116949	0.120834	0.124447	0.126432	0.126587	0.125554	0.124352	0.123727	0.12283	0.121798	0.120426	0.119258	0.117209	0.114515	0.111312	0.107872	0.104738	0.101366	0.0981632	0.0955711	0.0942336	0.0949644	0.0966786	0.0992406	0.101904	0.103958	0.105333	0.106369	0.107981	0.110475	0.113783	0.118142	0.123417	0.128997	0.134542	0.139241	0.143261	0.145823	0.146926	0.147047	0.146354	0.145525	0.143373	0.140985	0.138867	0.137225	0.135243	0.132651	0.129516	0.125771	0.12128	0.117433	0.114875	0.113775	0.113692	0.113982	0.114035	0.114223	0.115428	0.117346	0.120145	0.123487	0.127473	0.131222	0.135818	0.140856	0.146198	0.150286	0.153763	0.157139	0.160142	0.162907	0.164893	0.165793	0.166761	0.168645	0.171614	0.175295	0.17823	0.1793	0.178572	0.17598	0.173151	0.168524	0.163965	0.158932	0.154407	0.150899	0.148714	0.148021	0.146514	0.145481	0.14411	0.142908	0.141672	0.14064	0.139709	0.138711	0.13778	0.138206	0.139784	0.142007	0.143721	0.144927	0.145488	0.146524	0.147187	0.148359	0.148988	0.149109	0.148687	0.148027	0.147605	0.147149	0.145744	0.144033	0.141577	0.139833	0.138834	0.139395	0.13955	0.13967	0.139486	0.139165	0.137014	0.133303	0.128846	0.124626	0.119864	0.117136	0.115697	0.11636	0.11743	0.119687	0.122181	0.125251	0.128084	0.130952	0.132496	0.132617	0.132229	0.131908	0.132978	0.135235	0.137797	0.139952	0.141327	0.142295	0.14167	0.140875	0.139605	0.140099	0.141067	0.142679	0.144461	0.145599	0.146432	0.146281	0.145452	0.144691	0.144099	0.144796	0.146036	0.147886	0.149091	0.15006	0.150689	0.151894	0.153371	0.153661	0.152019	0.147934	0.143783	0.140478	0.139514	0.139465	0.140229	0.141232	0.14142	0.140286	0.137592	0.135305	0.133154	0.131443	0.130546	0.130769	0.131262	0.130976	0.130961	0.130471	0.130795	0.129898	0.129069	0.127766	0.126801	0.12604	0.124533	0.123874	0.123825	0.124589	0.124812	0.124152	0.121763	0.119002	0.116138	0.115309	0.1156	0.117788	0.120486	0.122438	0.123033	0.121899	0.119713	0.11546	0.110325	0.104681	0.0990368	0.0924435	0.085884	0.080308	0.076529	0.0736656	0.072362	0.0716348	0.0708059	0.0691293	0.0669779	0.0653691	0.0640655	0.0642199	0.0657307	0.0688351	0.0723126	0.0760613	0.0800813	0.0843386	0.0895454	0.0945148	0.099925	0.103267	0.105422	0.105848	0.106002	0.104868	0.103463	0.101854	0.100414	0.0986022	0.097163	0.0966732	0.097404	0.0981688	0.100053	0.102004	0.103617	0.104008	0.103451	0.101978	0.0989107	0.0947588	0.0903695	0.0870653	0.0847105	0.0842207	0.0857654	0.0890055	0.093568	0.0969437	0.0999125	0.100949	0.101883	0.102071	0.102836	0.10377	0.104942	0.106588	0.108506	0.110932	0.113223	0.115073	0.115465	0.114195	0.110653	0.106908	0.102282	0.0988079	0.095741	0.0945391	0.0940493	0.0932204	0.0915438	0.0892229	0.0864612	0.0833605	0.0811413	0.0801428	0.080772	0.0816724	0.0830814	0.0838462	0.0847806	0.0855114	0.0871917	0.0873462	0.086992	0.0857222	0.085775	0.0870484	0.0895425	0.0940372	0.0987692	0.103501	0.106301	0.107913	0.107254	0.105475	0.102307	0.0993077	0.0965799	0.094632	0.0939048	0.0936524	0.0932304	0.0917233	0.0900467	0.0886413	0.0873377	0.0863053	0.0864258	0.0875636	0.0899899	0.0929248	0.0974534	0.101473	0.106307	0.110497	0.114415	0.118265	0.122082	0.128442	0.135378	0.143874	0.151725	0.159611	0.166682	0.172228	0.176113	0.177793	0.177778	0.17644	0.174696	0.173392	0.17175	0.169768	0.167549	0.165465	0.162737	0.157907	0.151585	0.143975	0.136974	0.130788	0.126399	0.122823	0.119892	0.117944	0.116267	0.115574	0.114576	0.114289	0.113732	0.112394	0.110141	0.107583
0.0912746	0.089235	0.08628	0.0825112	0.0777251	0.073312	0.0688989	0.0648927	0.0608526	0.0578975	0.0549425	0.0526995	0.0512365	0.0504855	0.0498362	0.049153	0.0489106	0.0505332	0.0537495	0.0584577	0.0633355	0.0680099	0.0720399	0.0763074	0.0812191	0.0863681	0.0915172	0.0955473	0.0994078	0.102861	0.106112	0.109667	0.112612	0.116235	0.119519	0.123142	0.12585	0.127439	0.127705	0.12753	0.127559	0.12708	0.12643	0.124425	0.121538	0.116887	0.111491	0.106094	0.101376	0.0982852	0.0952624	0.0925108	0.0895218	0.0878892	0.0877147	0.0885574	0.090892	0.0931928	0.0959004	0.0982012	0.101112	0.104261	0.108189	0.112863	0.11825	0.124314	0.12987	0.134884	0.138371	0.141215	0.143278	0.144697	0.145845	0.146077	0.145733	0.143728	0.141519	0.139581	0.138559	0.137875	0.136514	0.134542	0.131486	0.128158	0.125406	0.123672	0.122853	0.121593	0.12013	0.11843	0.117577	0.117945	0.119262	0.12136	0.124203	0.127657	0.131619	0.136531	0.141612	0.146049	0.148553	0.150074	0.151764	0.153353	0.155823	0.158429	0.160832	0.162827	0.165094	0.168039	0.170814	0.172607	0.1725	0.171579	0.169608	0.167772	0.164783	0.161217	0.157143	0.153307	0.151064	0.149668	0.149324	0.14698	0.144533	0.141205	0.138793	0.137601	0.137697	0.13854	0.138976	0.13931	0.139881	0.14069	0.141974	0.142715	0.143591	0.14362	0.144734	0.145441	0.146487	0.146788	0.146206	0.145116	0.143619	0.142766	0.141405	0.139738	0.13814	0.137524	0.138367	0.139888	0.141816	0.14215	0.141772	0.14041	0.139049	0.136196	0.132596	0.128353	0.12533	0.122951	0.123082	0.123823	0.125683	0.126322	0.126521	0.125091	0.123934	0.123454	0.124093	0.125173	0.126016	0.127062	0.127464	0.128374	0.129421	0.130501	0.130869	0.130592	0.130011	0.128548	0.12739	0.126232	0.12721	0.129341	0.132422	0.13513	0.136481	0.13651	0.135488	0.13433	0.134562	0.135608	0.138452	0.140922	0.14329	0.143998	0.144162	0.143377	0.142457	0.141773	0.140785	0.139051	0.136028	0.133242	0.130999	0.130587	0.130854	0.131663	0.131759	0.130296	0.127578	0.123979	0.121363	0.118883	0.117488	0.117008	0.117715	0.117846	0.116789	0.115021	0.112473	0.11023	0.107818	0.105948	0.105061	0.105395	0.107187	0.109115	0.111178	0.112937	0.113779	0.113774	0.11265	0.110814	0.108809	0.107413	0.107544	0.108454	0.110382	0.111734	0.112881	0.1123	0.110532	0.107441	0.102858	0.097801	0.0929471	0.0893478	0.0863928	0.0839803	0.0820086	0.080342	0.0785399	0.0775176	0.0771057	0.0767277	0.0762819	0.0756665	0.0760684	0.0768094	0.0791779	0.0829367	0.0880858	0.0934722	0.0986891	0.103465	0.107393	0.11122	0.115148	0.12006	0.123989	0.126866	0.128251	0.128958	0.128004	0.126303	0.12406	0.122156	0.119845	0.118077	0.117191	0.117728	0.11813	0.118362	0.11812	0.117471	0.116652	0.114884	0.112166	0.10799	0.103069	0.0993675	0.0977688	0.0978655	0.0988438	0.100466	0.102157	0.104288	0.105639	0.107398	0.108139	0.109185	0.1104	0.112803	0.115782	0.119405	0.12235	0.124583	0.125765	0.12698	0.127721	0.127343	0.125406	0.121433	0.117732	0.113455	0.110601	0.107307	0.104759	0.101804	0.098883	0.0957923	0.0927355	0.0895432	0.086249	0.0842434	0.0830855	0.0833857	0.0838215	0.0842234	0.0835063	0.0820771	0.0807158	0.0803378	0.0793494	0.0789375	0.0782882	0.0798091	0.0821776	0.0858008	0.0898309	0.0933863	0.0961617	0.0972757	0.0975758	0.0964858	0.0953279	0.0936953	0.0926052	0.0913795	0.0899842	0.089301	0.0886517	0.0878668	0.0858612	0.0837539	0.0820874	0.0806243	0.0801785	0.0811907	0.0840001	0.0883693	0.0931114	0.0986674	0.103003	0.108084	0.112656	0.117534	0.122514	0.127561	0.134406	0.14125	0.148773	0.155075	0.160698	0.164898	0.168046	0.170313	0.172275	0.173253	0.173825	0.174057	0.174527	0.174488	0.173364	0.17146	0.168234	0.163922	0.157441	0.149976	0.141901	0.134877	0.129039	0.124932	0.121502	0.118275	0.11471	0.111213	0.108054	0.105133	0.10272	0.101189	0.100032	0.0992128	0.0987669
0.0853662	0.0834261	0.0814522	0.0782237	0.0737745	0.0694948	0.0654864	0.0619187	0.058419	0.0550209	0.0513855	0.0478518	0.0460813	0.0457011	0.045999	0.0465343	0.0468661	0.0480796	0.0501069	0.0533887	0.0570436	0.0602576	0.0634039	0.0667197	0.0710866	0.0762673	0.0819228	0.0872392	0.0923182	0.097838	0.102476	0.106233	0.107751	0.109338	0.111331	0.115088	0.119353	0.123177	0.126052	0.127266	0.127564	0.126912	0.126736	0.125474	0.122923	0.118542	0.113381	0.108185	0.103295	0.0999651	0.0978217	0.0966276	0.0954675	0.094443	0.0931134	0.0925636	0.0926242	0.0948888	0.0980689	0.102538	0.106803	0.111	0.11591	0.121226	0.127526	0.133588	0.139345	0.143712	0.146485	0.14814	0.149048	0.149956	0.151272	0.152621	0.153258	0.152301	0.150293	0.148692	0.147702	0.148033	0.148128	0.148629	0.147876	0.146784	0.145352	0.144667	0.143643	0.142008	0.139254	0.136737	0.134662	0.133942	0.134647	0.135793	0.137719	0.139712	0.142519	0.145801	0.149218	0.152297	0.153748	0.154249	0.154615	0.155727	0.158127	0.161205	0.163809	0.165836	0.166812	0.167348	0.166832	0.165332	0.163257	0.161419	0.160428	0.159946	0.158311	0.155218	0.151074	0.146964	0.143905	0.141592	0.140466	0.138221	0.136213	0.133425	0.13196	0.131444	0.132115	0.133328	0.134372	0.135009	0.134697	0.134215	0.133801	0.134031	0.135211	0.137577	0.141164	0.144107	0.146134	0.146432	0.145238	0.143467	0.142206	0.142232	0.141954	0.141743	0.141736	0.14261	0.143518	0.144325	0.144996	0.144446	0.14349	0.142092	0.14178	0.140823	0.139358	0.137146	0.135715	0.135267	0.135531	0.135965	0.135822	0.134492	0.131636	0.127696	0.124773	0.12368	0.124724	0.126684	0.128779	0.130501	0.13046	0.129842	0.12797	0.126538	0.125073	0.124862	0.125093	0.125255	0.124773	0.124088	0.124758	0.127091	0.130712	0.133689	0.134868	0.13442	0.133192	0.132812	0.133822	0.136358	0.140148	0.14343	0.145525	0.145857	0.144629	0.142316	0.139834	0.138775	0.138497	0.137337	0.134956	0.131795	0.128227	0.125338	0.123262	0.121933	0.12006	0.116968	0.113434	0.110036	0.107757	0.105918	0.105606	0.106175	0.106778	0.105754	0.103136	0.0998393	0.0961022	0.0934501	0.0920187	0.0915028	0.0916651	0.093082	0.0959909	0.0996458	0.10269	0.104921	0.106033	0.1065	0.10673	0.106791	0.107258	0.108031	0.109346	0.110458	0.111502	0.110986	0.109453	0.106326	0.10225	0.0972581	0.091656	0.0863252	0.0821472	0.0801055	0.0796235	0.0797858	0.0793039	0.0776012	0.0744066	0.0710424	0.0684243	0.067671	0.0684098	0.070437	0.0728034	0.0749663	0.07757	0.0810553	0.0857613	0.0905013	0.095309	0.0988961	0.100957	0.101798	0.103282	0.106327	0.110423	0.114722	0.118546	0.121184	0.120905	0.119101	0.115669	0.113763	0.112467	0.112731	0.113131	0.113327	0.112811	0.111176	0.109236	0.106822	0.105288	0.103247	0.100832	0.097739	0.0946122	0.0933165	0.0935127	0.0952687	0.0980419	0.100747	0.102775	0.103785	0.104557	0.106313	0.108408	0.111758	0.115142	0.119305	0.12279	0.126513	0.128405	0.129584	0.129068	0.128417	0.127494	0.126978	0.127141	0.127099	0.127737	0.127526	0.126671	0.124256	0.121028	0.117121	0.11396	0.111851	0.110216	0.108479	0.106098	0.104837	0.103609	0.103805	0.104408	0.104909	0.104122	0.101606	0.0990554	0.097285	0.0967691	0.0978469	0.100349	0.10458	0.108235	0.110737	0.111374	0.111333	0.110851	0.110912	0.111413	0.111507	0.110788	0.109289	0.107824	0.105951	0.10391	0.102241	0.100267	0.0979201	0.0943864	0.0912257	0.0882684	0.0860911	0.0855074	0.0868904	0.0905113	0.0942679	0.0984314	0.102086	0.105945	0.11021	0.115662	0.122233	0.129177	0.135612	0.141674	0.147703	0.153155	0.158064	0.16138	0.163204	0.1634	0.163359	0.16403	0.164769	0.165711	0.165839	0.165629	0.164299	0.16202	0.159503	0.155597	0.151046	0.144189	0.137197	0.129764	0.123619	0.118593	0.114822	0.111695	0.107585	0.102627	0.0969913	0.0915588	0.0868383	0.0839488	0.0831956	0.0834257	0.0836558	0.0837503
0.0886695	0.0890313	0.0890879	0.0872117	0.0840809	0.0804415	0.0765647	0.0729592	0.0689468	0.0655787	0.0618036	0.0592493	0.0587294	0.0607188	0.0636915	0.0666642	0.0685518	0.069524	0.0697501	0.0699423	0.0704058	0.0709032	0.0721466	0.0747124	0.0789397	0.0838791	0.0888863	0.0935205	0.0980191	0.102518	0.106135	0.108395	0.109164	0.109899	0.111719	0.114929	0.11858	0.121959	0.123847	0.124107	0.122604	0.120253	0.118241	0.115754	0.112725	0.108069	0.103717	0.0992639	0.095455	0.0919173	0.089329	0.0871477	0.084695	0.082378	0.0802645	0.0795073	0.0800386	0.0825705	0.0862214	0.0908895	0.0957272	0.0998867	0.104521	0.108884	0.114535	0.119848	0.12533	0.129455	0.132428	0.134519	0.135898	0.137006	0.137503	0.137899	0.13704	0.135299	0.133898	0.133853	0.135503	0.13756	0.13938	0.140861	0.14146	0.141618	0.141132	0.140748	0.139787	0.138149	0.136205	0.135142	0.135029	0.1359	0.137313	0.138386	0.138646	0.138364	0.138861	0.140274	0.143044	0.146423	0.15004	0.153657	0.156935	0.160179	0.163287	0.166633	0.169131	0.17051	0.170634	0.169911	0.168001	0.165074	0.162553	0.160914	0.160802	0.160485	0.159355	0.156394	0.152958	0.149895	0.148154	0.147431	0.147759	0.148256	0.148923	0.148471	0.148155	0.147906	0.148437	0.148697	0.148618	0.148268	0.147545	0.146347	0.145183	0.144459	0.144685	0.145691	0.146935	0.147364	0.146573	0.144867	0.143262	0.142369	0.142358	0.143533	0.144031	0.145138	0.145297	0.146744	0.146563	0.146213	0.144235	0.142291	0.140686	0.14003	0.141172	0.142144	0.14376	0.144766	0.146315	0.147355	0.147378	0.146553	0.144812	0.142325	0.139025	0.135793	0.133238	0.13221	0.13169	0.131713	0.131261	0.130741	0.129136	0.127395	0.124943	0.123134	0.121258	0.120535	0.120185	0.120818	0.120467	0.119676	0.118614	0.118704	0.119982	0.121293	0.122807	0.123983	0.125769	0.128402	0.131748	0.135331	0.138338	0.140429	0.140723	0.140135	0.138463	0.137129	0.135693	0.135343	0.135501	0.135117	0.133784	0.131195	0.127827	0.124629	0.12204	0.120096	0.117745	0.115361	0.112772	0.110591	0.108952	0.107483	0.106488	0.104714	0.102261	0.0983167	0.0937617	0.0892407	0.0854657	0.083386	0.0827645	0.0828211	0.0833185	0.0847314	0.0870259	0.0903716	0.09348	0.0965544	0.0993915	0.102635	0.106151	0.109056	0.111554	0.113577	0.114583	0.114233	0.111983	0.108107	0.102874	0.0974709	0.0927464	0.0887679	0.0850267	0.0806753	0.0763916	0.0734981	0.0719271	0.0708648	0.0694633	0.0677227	0.0654058	0.0633939	0.0623316	0.0634732	0.065666	0.0689778	0.0719166	0.0745502	0.0767431	0.0793089	0.0826546	0.0860681	0.090465	0.0945227	0.0976989	0.0993153	0.10066	0.102548	0.10508	0.107612	0.110856	0.113795	0.11575	0.117129	0.117457	0.118972	0.120113	0.121662	0.122159	0.121402	0.119187	0.114903	0.110043	0.105081	0.101611	0.0993281	0.0975198	0.0971356	0.096514	0.0976895	0.0989668	0.100549	0.101996	0.102867	0.104449	0.105828	0.108089	0.111095	0.114611	0.118668	0.122455	0.126546	0.129316	0.132051	0.132582	0.13291	0.131712	0.131091	0.130808	0.131339	0.132481	0.133487	0.134358	0.13438	0.132979	0.130492	0.127429	0.123993	0.121609	0.120377	0.119687	0.118693	0.116376	0.114194	0.111063	0.10878	0.106565	0.104519	0.101897	0.0992073	0.0980092	0.0982354	0.100021	0.102485	0.105662	0.109075	0.111743	0.113427	0.113958	0.11415	0.114207	0.114569	0.115541	0.116072	0.116163	0.115575	0.114445	0.112399	0.109641	0.106714	0.10399	0.101198	0.0991865	0.0977511	0.0967904	0.0960671	0.0957507	0.096282	0.0975593	0.0995148	0.102216	0.105562	0.110535	0.116661	0.124212	0.131796	0.13938	0.145371	0.149903	0.152706	0.154526	0.1556	0.155352	0.15395	0.152413	0.152097	0.15273	0.152786	0.152538	0.15117	0.149565	0.146943	0.144626	0.142207	0.139382	0.136692	0.133561	0.13104	0.127842	0.124847	0.121411	0.117737	0.113759	0.108695	0.103055	0.0976527	0.0932673	0.0894583	0.0864971	0.0841801	0.0830838	0.082157	0.0818406
0.092507	0.0919789	0.0907047	0.0876673	0.0838839	0.0800667	0.0770632	0.0741954	0.0708867	0.0677476	0.0650832	0.0639447	0.0643999	0.0667878	0.0689384	0.0705125	0.0702896	0.0694223	0.0681821	0.0675522	0.0679056	0.0685642	0.0700706	0.0719499	0.0747108	0.0773701	0.0803684	0.0842144	0.0888742	0.0937713	0.0976513	0.100446	0.103139	0.10607	0.110051	0.114101	0.118116	0.120335	0.12062	0.119109	0.116784	0.114221	0.111726	0.109502	0.106906	0.103123	0.0987966	0.0939282	0.0890259	0.0837844	0.0803741	0.0780487	0.076605	0.0747205	0.0742263	0.0754953	0.0781884	0.0827804	0.0878471	0.093219	0.0973023	0.100809	0.105028	0.108806	0.112585	0.115346	0.118412	0.121173	0.123594	0.126084	0.127828	0.129538	0.130061	0.131397	0.132192	0.133155	0.134323	0.136541	0.139336	0.140944	0.141331	0.141041	0.140614	0.140662	0.141592	0.143845	0.146131	0.147841	0.148431	0.148649	0.148392	0.148644	0.149167	0.148571	0.146381	0.143581	0.142036	0.141813	0.143726	0.147504	0.152571	0.1574	0.160534	0.162583	0.162699	0.162612	0.161745	0.162268	0.162859	0.163348	0.162006	0.159477	0.157016	0.154996	0.154264	0.153397	0.152021	0.149289	0.146794	0.145215	0.145093	0.146057	0.147869	0.15046	0.153289	0.155202	0.156234	0.155943	0.155822	0.155633	0.155647	0.15539	0.155133	0.154334	0.152585	0.150395	0.148205	0.146931	0.145454	0.144383	0.143278	0.142886	0.143138	0.144373	0.146218	0.147996	0.148993	0.14955	0.149327	0.149003	0.146576	0.143776	0.140263	0.138243	0.136935	0.137221	0.138388	0.139352	0.139977	0.139788	0.139836	0.139104	0.138339	0.138014	0.138469	0.139297	0.13904	0.138614	0.137238	0.136133	0.134113	0.132127	0.129463	0.126934	0.123693	0.120893	0.118229	0.116819	0.116732	0.117661	0.118456	0.119047	0.118484	0.117549	0.116038	0.116323	0.118678	0.122456	0.126776	0.131165	0.135655	0.139535	0.142432	0.144548	0.145648	0.146306	0.145473	0.144538	0.142586	0.141312	0.140004	0.139747	0.14027	0.140454	0.139654	0.137261	0.133579	0.129253	0.125775	0.123484	0.122379	0.120868	0.119085	0.117031	0.114977	0.112855	0.11036	0.107085	0.103133	0.0990101	0.0961083	0.0939186	0.0923054	0.0910991	0.0902996	0.0897036	0.0889381	0.0894611	0.0908318	0.0937623	0.0970319	0.101556	0.107165	0.113453	0.120181	0.125519	0.129874	0.130973	0.130072	0.126356	0.121691	0.115839	0.110056	0.105357	0.101912	0.0996887	0.0967531	0.0927324	0.0873214	0.0824191	0.0782288	0.0746828	0.0717471	0.0691166	0.0668252	0.0651781	0.0641752	0.0648338	0.0662723	0.0688977	0.0709126	0.0731649	0.0747052	0.0766862	0.0780569	0.0797667	0.0826633	0.085865	0.0896771	0.0919633	0.0938766	0.0945013	0.0954651	0.0968697	0.0998341	0.103951	0.108204	0.112695	0.115761	0.118352	0.119112	0.119262	0.118802	0.117257	0.11527	0.111657	0.107331	0.101988	0.097526	0.0942173	0.0915869	0.0906518	0.0905644	0.0917317	0.0922886	0.0918621	0.0922495	0.0931116	0.096788	0.101448	0.107905	0.113717	0.118716	0.122562	0.125289	0.127779	0.128946	0.130622	0.13084	0.130888	0.129445	0.128137	0.127201	0.127318	0.128993	0.131042	0.132718	0.132902	0.131628	0.129811	0.128062	0.126551	0.126396	0.126919	0.127035	0.126201	0.123741	0.121313	0.118174	0.115747	0.113795	0.111741	0.109009	0.106073	0.104053	0.10322	0.104082	0.105724	0.108349	0.110228	0.11187	0.113139	0.11434	0.115338	0.116302	0.116791	0.117246	0.116548	0.115512	0.113695	0.11137	0.108298	0.105397	0.102359	0.100339	0.0987259	0.0983333	0.0983477	0.0983621	0.0984103	0.0984925	0.0994902	0.10137	0.10447	0.108451	0.113823	0.119907	0.126127	0.132584	0.138939	0.14543	0.150768	0.154444	0.156798	0.157999	0.159133	0.15969	0.159738	0.159583	0.159292	0.158187	0.155252	0.151366	0.1466	0.14207	0.137473	0.134199	0.131704	0.12948	0.126816	0.123202	0.119825	0.115974	0.112699	0.10878	0.104828	0.100773	0.096074	0.0917142	0.0878291	0.0846561	0.0817544	0.0789204	0.0759848	0.0731508	0.0704186	0.069314
0.0880364	0.0859553	0.0830264	0.0788091	0.0747274	0.0707813	0.0676151	0.0643811	0.061181	0.0589304	0.0575274	0.0572435	0.057502	0.0588456	0.0598163	0.0607191	0.0610794	0.0614058	0.0618678	0.0620924	0.0627918	0.0627113	0.0630376	0.0641439	0.0663013	0.0687978	0.0711587	0.0747403	0.0787966	0.0830224	0.0871465	0.0915758	0.0974632	0.103486	0.109645	0.114311	0.117418	0.118355	0.117969	0.117584	0.117401	0.117253	0.115714	0.113125	0.10928	0.104893	0.100676	0.0960179	0.0918006	0.0876172	0.0852648	0.0832854	0.0825606	0.082514	0.0844341	0.0881852	0.0926484	0.0975185	0.101168	0.104275	0.107178	0.110285	0.114273	0.117312	0.119741	0.120881	0.12175	0.122314	0.122776	0.123577	0.12448	0.125993	0.126998	0.128613	0.129821	0.131707	0.134644	0.138565	0.14235	0.144304	0.144732	0.144244	0.143723	0.143778	0.144715	0.146601	0.148725	0.151018	0.152531	0.153671	0.153455	0.153171	0.152785	0.152433	0.151675	0.15095	0.151242	0.152179	0.154404	0.157342	0.161093	0.164437	0.166933	0.168277	0.167349	0.166048	0.164611	0.164869	0.165501	0.165997	0.165204	0.162377	0.158838	0.154485	0.150776	0.147034	0.1438	0.141312	0.140417	0.141184	0.143444	0.145635	0.147962	0.149339	0.150649	0.151281	0.151031	0.149729	0.148869	0.149161	0.150268	0.151306	0.15248	0.153044	0.15215	0.150035	0.147072	0.143431	0.139248	0.136319	0.135187	0.136124	0.138247	0.141219	0.143749	0.145567	0.146301	0.146966	0.146512	0.146059	0.144283	0.143151	0.142427	0.143024	0.143995	0.145847	0.147428	0.147924	0.147776	0.146881	0.146801	0.145974	0.146368	0.147305	0.149361	0.151417	0.152557	0.152714	0.150768	0.147907	0.143893	0.140083	0.136476	0.133683	0.130822	0.128164	0.125574	0.123459	0.12209	0.120246	0.117555	0.114321	0.111121	0.109142	0.107806	0.108913	0.111952	0.116449	0.121929	0.127511	0.132788	0.135929	0.137985	0.139125	0.140231	0.141541	0.142952	0.14433	0.144419	0.143762	0.142495	0.141397	0.140604	0.139371	0.138002	0.136158	0.134009	0.131555	0.13005	0.129427	0.12972	0.128893	0.127117	0.123748	0.119497	0.114771	0.109333	0.103759	0.0988973	0.0950868	0.0927684	0.0912637	0.0900981	0.0884578	0.0861393	0.0839565	0.0825535	0.0825069	0.0834097	0.0859062	0.089047	0.0940866	0.0999401	0.10637	0.112257	0.117026	0.120404	0.121239	0.120514	0.117619	0.114114	0.109591	0.105916	0.102682	0.100194	0.0983507	0.0955575	0.0913063	0.0851901	0.079379	0.0742801	0.0705035	0.068965	0.0688844	0.0703637	0.0719786	0.0732544	0.0733434	0.0726186	0.0728433	0.0729323	0.0748185	0.0763994	0.079608	0.0814264	0.0838212	0.0871315	0.0912895	0.0964987	0.0996733	0.102204	0.102157	0.102246	0.10281	0.105645	0.110414	0.11586	0.121002	0.124312	0.125656	0.124727	0.122612	0.120531	0.118721	0.117183	0.114966	0.1118	0.107922	0.103874	0.100742	0.0977789	0.0959012	0.094227	0.09357	0.0925062	0.091171	0.0910227	0.0925358	0.0973381	0.102717	0.108774	0.112762	0.115666	0.117077	0.118455	0.120476	0.1226	0.125537	0.127491	0.129445	0.130382	0.131149	0.131442	0.130717	0.130501	0.129708	0.129526	0.128869	0.128788	0.129182	0.129848	0.130954	0.131789	0.132421	0.131323	0.129344	0.126143	0.12335	0.12093	0.119052	0.117819	0.115941	0.113759	0.111745	0.110647	0.109787	0.109028	0.10871	0.108901	0.109397	0.110842	0.114017	0.117497	0.120027	0.121168	0.12085	0.119548	0.11706	0.115081	0.112627	0.110003	0.106701	0.104044	0.101488	0.0997122	0.0985127	0.0982287	0.097843	0.0973217	0.096902	0.0969911	0.0983686	0.100729	0.105091	0.110097	0.116018	0.121159	0.126097	0.130221	0.134244	0.138198	0.142458	0.146006	0.148468	0.149812	0.150681	0.150973	0.150316	0.149727	0.148494	0.146311	0.142433	0.138283	0.134812	0.132188	0.130582	0.130094	0.129539	0.128068	0.124766	0.120278	0.115654	0.110962	0.107117	0.103273	0.100276	0.097483	0.0954697	0.0935921	0.0924265	0.0905488	0.0882981	0.0845555	0.0801347	0.0755444	0.0721069	0.0705684
0.0811768	0.0772527	0.0727521	0.0676412	0.0630389	0.0601659	0.0587171	0.05737	0.0555821	0.0537264	0.052481	0.0511339	0.0498546	0.0488805	0.0476691	0.046695	0.04606	0.0464422	0.0479095	0.0495802	0.0515562	0.0530235	0.0545247	0.0562293	0.0577305	0.0597065	0.0625301	0.0668457	0.0718734	0.0762907	0.0808436	0.0852949	0.0911702	0.0970117	0.102514	0.106898	0.109721	0.111392	0.112249	0.113886	0.115726	0.117804	0.117949	0.1165	0.112949	0.108278	0.103507	0.0985991	0.0958957	0.0945147	0.0951004	0.0955165	0.0965091	0.097773	0.0998167	0.103047	0.106617	0.110627	0.113451	0.116105	0.118793	0.12199	0.125898	0.129298	0.131952	0.132776	0.132039	0.131132	0.130023	0.129795	0.129668	0.131509	0.13423	0.137427	0.14042	0.143346	0.14678	0.149705	0.151783	0.152538	0.152344	0.151505	0.150972	0.151185	0.152957	0.155442	0.157757	0.159461	0.159606	0.159378	0.1582	0.158074	0.158965	0.160602	0.162442	0.164045	0.165783	0.167353	0.169091	0.17066	0.171517	0.171221	0.170247	0.168832	0.165993	0.163493	0.161773	0.162053	0.16247	0.161529	0.15886	0.153851	0.149011	0.144239	0.141231	0.139544	0.138909	0.139495	0.140759	0.142871	0.145219	0.146687	0.147578	0.146976	0.146443	0.145673	0.1448	0.143724	0.143191	0.144455	0.145854	0.147084	0.147297	0.146899	0.14501	0.142035	0.138755	0.13534	0.132636	0.131357	0.131943	0.133512	0.134979	0.136107	0.136557	0.136193	0.135592	0.135466	0.135882	0.136942	0.138037	0.139877	0.141989	0.14427	0.145805	0.147204	0.147315	0.146545	0.145164	0.143884	0.143826	0.144208	0.146286	0.149109	0.15312	0.156859	0.158937	0.158742	0.156514	0.153641	0.150836	0.148607	0.147226	0.146353	0.144803	0.14254	0.139125	0.135743	0.132667	0.129523	0.125802	0.122013	0.118767	0.117285	0.116989	0.11849	0.121144	0.123798	0.126486	0.128632	0.130811	0.132244	0.133508	0.135077	0.13746	0.140555	0.143752	0.146338	0.147432	0.146288	0.143585	0.140237	0.13733	0.134491	0.132364	0.131323	0.13045	0.129307	0.128095	0.127562	0.126757	0.124359	0.120808	0.116138	0.111264	0.106696	0.102772	0.0995596	0.0970935	0.0951361	0.0943654	0.0937304	0.0926546	0.090358	0.0875529	0.0858328	0.0855708	0.0872076	0.0902686	0.0943468	0.0985946	0.103046	0.107463	0.111236	0.114162	0.116341	0.117401	0.116868	0.115453	0.113564	0.111369	0.108462	0.105691	0.102546	0.0987579	0.0941556	0.0888412	0.0832217	0.0774326	0.0725251	0.0690079	0.0667792	0.0659746	0.0656109	0.0654845	0.0649512	0.0638415	0.0620197	0.0607065	0.0603427	0.0606571	0.0627009	0.0658297	0.0703148	0.0740879	0.0780644	0.0820748	0.0859835	0.0903669	0.0941739	0.0982182	0.101178	0.104917	0.109266	0.114769	0.120339	0.125299	0.128631	0.130064	0.129158	0.127065	0.124599	0.12298	0.122108	0.121948	0.121686	0.120101	0.1175	0.114423	0.110974	0.106914	0.102651	0.0995744	0.0973796	0.0957951	0.094109	0.0942538	0.0955516	0.0989517	0.102386	0.106328	0.10844	0.109297	0.10856	0.108468	0.109426	0.111572	0.11487	0.117795	0.120585	0.122222	0.12335	0.123665	0.123267	0.123276	0.122946	0.12282	0.122422	0.122431	0.122882	0.123162	0.124121	0.124842	0.125123	0.124115	0.12253	0.121454	0.121497	0.122219	0.122669	0.122848	0.121907	0.120153	0.117721	0.115899	0.113738	0.112086	0.11057	0.11085	0.111538	0.113853	0.117151	0.12072	0.122798	0.123045	0.12146	0.118384	0.114934	0.112333	0.110952	0.110147	0.109343	0.108029	0.105631	0.102962	0.100326	0.0987755	0.0978014	0.0976411	0.0979894	0.0994567	0.102314	0.106664	0.1122	0.118652	0.124527	0.128639	0.130548	0.131574	0.132634	0.134543	0.13801	0.142123	0.14637	0.149194	0.151238	0.152298	0.151731	0.150146	0.147511	0.144807	0.141765	0.139333	0.137647	0.136944	0.136478	0.13642	0.135208	0.132064	0.126275	0.119197	0.112357	0.106873	0.103322	0.101195	0.0996445	0.0975175	0.0951532	0.0921107	0.0894072	0.0855848	0.0828136	0.0798728	0.078051	0.0762631	0.0756959	0.0758408
0.0640483	0.0603122	0.0573221	0.0549762	0.0539189	0.0544553	0.0556359	0.0558671	0.0556575	0.0553122	0.0552722	0.0544522	0.0535305	0.0527783	0.0522636	0.0525287	0.0532346	0.0550934	0.0567487	0.0576581	0.0575841	0.0571032	0.0576056	0.0593966	0.0622388	0.0660642	0.0710426	0.0766991	0.0822539	0.0862828	0.0900066	0.0929844	0.0960299	0.0984652	0.100765	0.103471	0.105601	0.107731	0.109794	0.113077	0.116258	0.118863	0.119128	0.117223	0.11352	0.109377	0.106659	0.105194	0.106002	0.107691	0.10972	0.1109	0.112013	0.113329	0.114374	0.115521	0.117007	0.119035	0.12086	0.122854	0.125934	0.129726	0.133653	0.136664	0.138794	0.139127	0.137731	0.13569	0.13426	0.13422	0.135333	0.137836	0.140983	0.143317	0.144362	0.144796	0.145333	0.146242	0.146507	0.147349	0.148495	0.150117	0.152009	0.153936	0.156439	0.158128	0.159072	0.158625	0.156652	0.153899	0.150807	0.149173	0.148896	0.150517	0.153394	0.156609	0.159044	0.160394	0.161269	0.16167	0.161257	0.160064	0.159685	0.159645	0.158995	0.157937	0.157321	0.157247	0.15602	0.153369	0.150074	0.145897	0.142398	0.139408	0.13852	0.138717	0.140068	0.143011	0.146701	0.150391	0.153064	0.154109	0.154442	0.153791	0.153548	0.153847	0.153874	0.15336	0.152065	0.151652	0.150696	0.149368	0.14709	0.145456	0.143754	0.142222	0.14086	0.139701	0.138949	0.139078	0.13992	0.14032	0.139466	0.136985	0.134164	0.131174	0.130083	0.130484	0.132478	0.134913	0.137145	0.139241	0.140591	0.141704	0.142241	0.142845	0.143008	0.142697	0.142555	0.142922	0.14434	0.1463	0.148668	0.150323	0.151572	0.151532	0.150644	0.148094	0.14541	0.143098	0.141871	0.14122	0.140739	0.139716	0.137709	0.134753	0.130644	0.12606	0.12151	0.117266	0.113597	0.111082	0.109652	0.109374	0.109605	0.110786	0.112407	0.113588	0.114599	0.115441	0.117164	0.118921	0.121763	0.124978	0.129482	0.13385	0.138625	0.142179	0.143868	0.142438	0.139516	0.136627	0.134383	0.132851	0.131862	0.131449	0.130154	0.127571	0.12414	0.120539	0.116498	0.111846	0.107263	0.102645	0.0986037	0.0951049	0.0925556	0.0913288	0.0907123	0.0902314	0.0889706	0.0872351	0.0848554	0.0826451	0.0813166	0.0822598	0.0853732	0.0897073	0.0943466	0.0983755	0.101557	0.104094	0.105715	0.107167	0.108009	0.109121	0.109454	0.110262	0.111002	0.112318	0.112515	0.111865	0.109485	0.105444	0.0998089	0.094174	0.0888781	0.0844638	0.0806938	0.0782124	0.0765786	0.0755891	0.0752778	0.0750003	0.0745873	0.0732587	0.0716927	0.0698894	0.0685608	0.0682834	0.0683789	0.0700682	0.0724356	0.0761933	0.0796797	0.0829287	0.0861438	0.0899015	0.0946425	0.0995869	0.104803	0.109442	0.114217	0.118449	0.122444	0.125049	0.126162	0.125274	0.123267	0.120481	0.118643	0.117722	0.118224	0.11893	0.119433	0.118918	0.116979	0.11443	0.111134	0.107602	0.10373	0.101011	0.099852	0.100049	0.100823	0.102275	0.104574	0.107247	0.10992	0.111134	0.111298	0.109257	0.10725	0.105447	0.106119	0.108317	0.111939	0.115629	0.118708	0.121516	0.123714	0.124861	0.125533	0.125527	0.126436	0.12643	0.12639	0.125841	0.125089	0.124269	0.122805	0.121442	0.119164	0.117056	0.114947	0.113992	0.113918	0.115268	0.117127	0.118918	0.120302	0.120431	0.120052	0.118588	0.118039	0.117185	0.11762	0.117851	0.119439	0.12106	0.123529	0.125693	0.127281	0.127376	0.126048	0.123905	0.121831	0.120841	0.120937	0.121744	0.122179	0.122003	0.120641	0.118295	0.115135	0.111603	0.108918	0.107386	0.107753	0.109611	0.11303	0.117127	0.121834	0.125558	0.129044	0.130055	0.130354	0.129059	0.128816	0.129556	0.13172	0.135104	0.138658	0.142009	0.143529	0.143862	0.142432	0.139882	0.136451	0.13319	0.130539	0.128803	0.128356	0.128723	0.129327	0.129457	0.12884	0.126427	0.122216	0.116954	0.112065	0.108092	0.105746	0.104722	0.10475	0.10393	0.101652	0.0985264	0.0944851	0.0907151	0.0865382	0.0844297	0.0829655	0.083095	0.0830549	0.0835234	0.0825678
0.0599533	0.0579196	0.0564624	0.0555477	0.0556163	0.0570073	0.0582966	0.0579584	0.0574166	0.0568071	0.0569774	0.0564696	0.0567077	0.0572511	0.0589134	0.0604401	0.0619328	0.0635273	0.0642402	0.0637663	0.0620717	0.0609874	0.061429	0.0638034	0.067568	0.0726551	0.0787593	0.0845924	0.0899846	0.0928676	0.0950385	0.095921	0.0966677	0.0973467	0.0985682	0.101553	0.104707	0.107861	0.109999	0.112	0.113493	0.114036	0.113766	0.112003	0.110105	0.107563	0.106784	0.107768	0.110515	0.113263	0.114721	0.114926	0.114011	0.112384	0.11035	0.108452	0.10825	0.109132	0.111473	0.113949	0.117374	0.120766	0.123547	0.125684	0.127652	0.128839	0.128603	0.128163	0.128774	0.130979	0.13376	0.13705	0.139899	0.14129	0.14102	0.140105	0.139292	0.139055	0.139293	0.140888	0.143737	0.147129	0.150249	0.152759	0.155167	0.156999	0.158526	0.159001	0.158731	0.157748	0.157274	0.158021	0.159582	0.161854	0.164195	0.165891	0.165621	0.163892	0.161655	0.159859	0.157961	0.156198	0.155351	0.155081	0.154539	0.153455	0.152065	0.150744	0.148269	0.14532	0.142235	0.140066	0.138914	0.138914	0.140339	0.142476	0.144851	0.147293	0.149328	0.150584	0.151364	0.151738	0.152485	0.15313	0.154555	0.156149	0.157473	0.158491	0.15839	0.15795	0.155374	0.152289	0.148661	0.146221	0.144357	0.143204	0.142629	0.14246	0.141579	0.140224	0.138088	0.135614	0.132427	0.129207	0.127207	0.125716	0.126022	0.126701	0.128973	0.131551	0.134163	0.136266	0.136674	0.136505	0.135794	0.135727	0.13627	0.137593	0.139459	0.141698	0.143394	0.144785	0.145362	0.145058	0.144516	0.143974	0.14384	0.1434	0.142926	0.14296	0.143504	0.14364	0.142352	0.139302	0.135098	0.130521	0.12608	0.122283	0.119164	0.117096	0.116182	0.116522	0.117234	0.117235	0.116287	0.114456	0.112796	0.111406	0.110661	0.111001	0.112934	0.116462	0.12104	0.126059	0.130672	0.134301	0.136539	0.137252	0.13688	0.135558	0.134542	0.134034	0.134035	0.134307	0.133901	0.132579	0.129596	0.124918	0.118917	0.112543	0.106304	0.100337	0.0959978	0.0929469	0.0916592	0.0909818	0.0905757	0.0908817	0.0898313	0.0889844	0.0871202	0.0862394	0.0860029	0.0873939	0.0900396	0.0943806	0.0999424	0.105402	0.109981	0.112728	0.114289	0.114493	0.113612	0.112833	0.112495	0.11314	0.113853	0.115346	0.116228	0.117043	0.115382	0.112602	0.108093	0.10277	0.096905	0.0919552	0.0881922	0.0855481	0.0828702	0.0808704	0.0783959	0.0758196	0.0724296	0.0693787	0.0665312	0.0642601	0.0637184	0.0654146	0.068501	0.0720622	0.075013	0.0783708	0.0817285	0.0848489	0.087698	0.0901062	0.0930571	0.09672	0.101943	0.108589	0.115847	0.123036	0.129174	0.133753	0.135856	0.135687	0.13406	0.132196	0.130874	0.129994	0.130062	0.130775	0.132437	0.132947	0.132575	0.130168	0.126947	0.123252	0.119455	0.11576	0.111522	0.108743	0.107692	0.108236	0.109186	0.110509	0.111798	0.112274	0.112004	0.111462	0.111395	0.110446	0.110142	0.109973	0.111432	0.112925	0.114383	0.115571	0.116386	0.117573	0.11832	0.118626	0.119712	0.121713	0.124935	0.127208	0.128192	0.127549	0.124972	0.12165	0.11765	0.114395	0.111311	0.109379	0.10843	0.108838	0.110263	0.112501	0.11491	0.116911	0.118166	0.118099	0.117286	0.115287	0.11427	0.11383	0.115933	0.118104	0.120953	0.122446	0.12265	0.121024	0.118583	0.115973	0.113058	0.110244	0.108041	0.107024	0.106449	0.10689	0.107705	0.108858	0.108622	0.107266	0.105334	0.103063	0.102013	0.102285	0.105202	0.109001	0.113715	0.117852	0.122295	0.124703	0.126671	0.127146	0.128334	0.128911	0.130573	0.132914	0.135729	0.138273	0.140647	0.142988	0.143667	0.142888	0.140922	0.139058	0.137024	0.135838	0.135195	0.135026	0.134484	0.133061	0.131061	0.128417	0.125332	0.12123	0.117162	0.113263	0.11028	0.107907	0.107162	0.107231	0.107367	0.105672	0.102248	0.0975021	0.092281	0.0878398	0.0844158	0.0837385	0.0841462	0.0854694	0.0858093	0.0851658	0.0825896
0.0612325	0.0612107	0.0617653	0.0622522	0.0630442	0.0636666	0.0635092	0.0620294	0.0617024	0.0625283	0.064541	0.0663842	0.0689394	0.0716981	0.0743211	0.0761643	0.076719	0.076765	0.0759972	0.0741444	0.072122	0.0703369	0.0710611	0.0734807	0.0779687	0.0832706	0.0878942	0.0908224	0.0925978	0.0935932	0.0945548	0.0954824	0.0967152	0.0987957	0.100842	0.103567	0.105919	0.107999	0.109164	0.109753	0.109663	0.10859	0.10728	0.10597	0.10588	0.107079	0.109431	0.112834	0.115321	0.116418	0.115718	0.11434	0.112793	0.111381	0.110511	0.110659	0.1124	0.115057	0.118325	0.120676	0.121977	0.122226	0.121357	0.119945	0.118838	0.11807	0.117676	0.117959	0.119666	0.122866	0.125964	0.128553	0.129413	0.129493	0.127877	0.126092	0.123866	0.123268	0.124399	0.127666	0.132731	0.138304	0.143165	0.146466	0.148784	0.150797	0.152979	0.155093	0.157649	0.159831	0.161267	0.161517	0.160613	0.159845	0.159654	0.159768	0.159068	0.157181	0.154854	0.153204	0.152301	0.152449	0.153444	0.155355	0.156622	0.156905	0.155561	0.153742	0.150635	0.147934	0.146759	0.147823	0.150005	0.152391	0.154742	0.155839	0.155682	0.154813	0.154214	0.153853	0.153933	0.154658	0.156196	0.157971	0.160594	0.163726	0.166145	0.167107	0.165898	0.164181	0.160972	0.157797	0.154316	0.15226	0.150339	0.1493	0.148024	0.147086	0.144793	0.14138	0.137052	0.13269	0.128463	0.124983	0.123503	0.123617	0.125392	0.127066	0.129146	0.130176	0.130086	0.129658	0.12872	0.128834	0.129524	0.131096	0.132939	0.134952	0.137066	0.138774	0.139295	0.139103	0.138403	0.136652	0.134087	0.131489	0.130246	0.130258	0.130881	0.13191	0.132905	0.132375	0.129268	0.12382	0.11817	0.113028	0.109242	0.106338	0.104248	0.102667	0.101763	0.101809	0.102262	0.102037	0.1011	0.0996197	0.0982754	0.0980502	0.0990117	0.101906	0.105919	0.110746	0.115913	0.120333	0.123634	0.125545	0.12688	0.127366	0.127819	0.128577	0.13059	0.132603	0.134005	0.134424	0.133656	0.131363	0.127136	0.12135	0.114784	0.108286	0.102771	0.0984087	0.0954708	0.093618	0.0924094	0.0918451	0.0907382	0.0906486	0.0896774	0.0895538	0.0889556	0.0896459	0.0917264	0.0952311	0.0997869	0.104648	0.109509	0.112607	0.114009	0.114021	0.114237	0.114893	0.115787	0.117257	0.119168	0.120502	0.120989	0.120968	0.120539	0.119941	0.118223	0.116201	0.112788	0.108867	0.104268	0.101737	0.0997482	0.0992178	0.0972971	0.0946305	0.0898615	0.0837023	0.0779161	0.0736897	0.0722776	0.0726627	0.0755571	0.0794008	0.0827699	0.0853929	0.0868292	0.0883672	0.0891592	0.0906293	0.092303	0.0941461	0.0966674	0.100138	0.105101	0.110538	0.116111	0.120803	0.123494	0.124625	0.123993	0.123361	0.12222	0.121995	0.122719	0.123918	0.125456	0.125909	0.126768	0.125458	0.123368	0.118972	0.115525	0.112587	0.110396	0.109356	0.108555	0.108906	0.108681	0.108489	0.107789	0.10753	0.107882	0.108877	0.109974	0.111173	0.112643	0.113232	0.11399	0.115358	0.117608	0.119587	0.120244	0.120018	0.119115	0.118279	0.118495	0.119389	0.122181	0.125143	0.128648	0.129983	0.129249	0.126446	0.122559	0.119146	0.115666	0.113542	0.111486	0.111159	0.111001	0.112031	0.113128	0.114327	0.11522	0.115978	0.116872	0.117562	0.118185	0.118638	0.119735	0.121273	0.124371	0.127028	0.129278	0.129866	0.128658	0.126737	0.124749	0.123811	0.123044	0.122581	0.122627	0.122978	0.122448	0.121341	0.119251	0.117127	0.114867	0.113658	0.113331	0.114123	0.115661	0.117877	0.121348	0.124446	0.127713	0.129116	0.130484	0.130123	0.129118	0.127638	0.127515	0.128917	0.131879	0.135655	0.138787	0.140223	0.13993	0.138925	0.136767	0.134473	0.132315	0.131547	0.130847	0.130453	0.129074	0.127696	0.125097	0.122092	0.118069	0.114181	0.109853	0.105152	0.10218	0.100768	0.10156	0.102386	0.103856	0.104479	0.10327	0.0999593	0.0957668	0.0920829	0.0893146	0.0878008	0.0873382	0.0879607	0.0884814	0.088324	0.086878	0.0840757	0.0801545
0.0667465	0.066524	0.0659624	0.0639088	0.0611771	0.0582419	0.0553406	0.052914	0.0526915	0.0545374	0.0574684	0.0601959	0.0636694	0.066736	0.0693956	0.0705634	0.0707138	0.070254	0.0697263	0.0691647	0.0687387	0.0685162	0.0694465	0.0718011	0.0750033	0.0784429	0.0804244	0.0809818	0.081607	0.0823339	0.0842815	0.087009	0.0909572	0.0954819	0.0989214	0.101615	0.102749	0.103069	0.102372	0.101708	0.101181	0.100958	0.101787	0.103395	0.106157	0.109122	0.112019	0.114305	0.115168	0.114776	0.113773	0.113246	0.112921	0.113106	0.113901	0.116425	0.120068	0.123812	0.126608	0.127742	0.126909	0.124482	0.121445	0.119086	0.118457	0.118879	0.120148	0.121858	0.123976	0.125957	0.126616	0.12636	0.124917	0.124118	0.123251	0.123062	0.123009	0.123804	0.12626	0.129462	0.133919	0.138105	0.141171	0.142712	0.143134	0.144505	0.146317	0.149757	0.153739	0.158297	0.161398	0.162532	0.161868	0.160629	0.159999	0.159573	0.158876	0.157501	0.156159	0.155496	0.155409	0.155831	0.155744	0.155725	0.154519	0.152906	0.150751	0.148799	0.14722	0.146184	0.146945	0.149197	0.151518	0.153533	0.154565	0.154885	0.15368	0.151863	0.150081	0.149282	0.149907	0.151651	0.154142	0.156394	0.158885	0.161002	0.16261	0.163371	0.163386	0.163163	0.161924	0.161057	0.15958	0.158408	0.15588	0.153148	0.149975	0.146328	0.141562	0.135677	0.13013	0.125635	0.122293	0.120816	0.121272	0.12366	0.125777	0.127522	0.128011	0.12789	0.126447	0.125852	0.125867	0.127645	0.130406	0.133744	0.136878	0.139809	0.142571	0.14462	0.14555	0.14526	0.144427	0.142645	0.140184	0.138199	0.137807	0.138974	0.140074	0.140767	0.140985	0.139712	0.136811	0.132926	0.129821	0.126818	0.124629	0.12322	0.121641	0.119452	0.116483	0.113988	0.112138	0.110457	0.109862	0.109131	0.108773	0.108618	0.109447	0.111632	0.114461	0.118104	0.121272	0.123762	0.124557	0.124707	0.12479	0.125144	0.126583	0.129209	0.133394	0.136325	0.137425	0.135575	0.132538	0.128179	0.123277	0.118036	0.113066	0.108639	0.104619	0.100972	0.0980366	0.0957456	0.0941668	0.0934357	0.0928062	0.0926176	0.0920221	0.0920709	0.093069	0.0956948	0.100186	0.105456	0.110489	0.114505	0.11747	0.119045	0.11967	0.11999	0.121565	0.123614	0.125969	0.127136	0.128304	0.127912	0.126367	0.123568	0.120565	0.118341	0.116254	0.114709	0.112893	0.111314	0.108989	0.10741	0.105187	0.103134	0.0989777	0.0936011	0.0868004	0.0796945	0.0741823	0.070908	0.0705838	0.0717515	0.0750554	0.0788341	0.0816633	0.0832041	0.0837275	0.0845223	0.0854526	0.0875359	0.0908737	0.0949915	0.0997874	0.103939	0.108023	0.110988	0.113885	0.116138	0.117644	0.119083	0.119641	0.121249	0.123366	0.126501	0.129873	0.132159	0.133395	0.132189	0.129864	0.12581	0.121688	0.117532	0.115275	0.114612	0.115135	0.116201	0.116521	0.115722	0.113364	0.110157	0.106781	0.103812	0.102131	0.101739	0.10267	0.104685	0.10765	0.110615	0.113139	0.115256	0.116187	0.116269	0.115301	0.114129	0.113025	0.112395	0.113529	0.115443	0.118136	0.12005	0.121319	0.120995	0.118806	0.116312	0.113987	0.11312	0.112321	0.113116	0.114385	0.115858	0.115975	0.115176	0.114377	0.11351	0.112948	0.113302	0.114233	0.115672	0.116602	0.118312	0.120396	0.122784	0.124901	0.125899	0.125812	0.1242	0.1214	0.119482	0.118988	0.120665	0.122612	0.124933	0.125965	0.125743	0.12274	0.119431	0.116055	0.114239	0.113135	0.113252	0.113639	0.114536	0.116111	0.118533	0.122176	0.125209	0.128173	0.129375	0.129661	0.129133	0.128436	0.128892	0.130873	0.134516	0.138261	0.140616	0.141207	0.139662	0.136998	0.133961	0.13089	0.128837	0.127428	0.127205	0.126237	0.125031	0.122706	0.120245	0.11653	0.112646	0.108354	0.104707	0.101161	0.0978871	0.0962065	0.0953058	0.0958293	0.096624	0.0978256	0.0981796	0.0966685	0.0943437	0.0921884	0.0909147	0.0907939	0.0914191	0.0928581	0.0938563	0.0941424	0.0924618	0.0892893	0.0850656	0.0808758
0.0659707	0.0649693	0.0638322	0.0608981	0.0571162	0.0537412	0.0520277	0.0522809	0.0544668	0.0579074	0.0613819	0.0642799	0.066805	0.0692622	0.0706005	0.0717692	0.0722259	0.0730216	0.0738512	0.0747487	0.07568	0.076374	0.0773054	0.0786776	0.0801176	0.0814897	0.0820481	0.0814875	0.0818085	0.0825364	0.0850276	0.0882647	0.0927564	0.0968073	0.098756	0.0992465	0.097906	0.0965655	0.0948859	0.0948679	0.0955619	0.0972053	0.0994252	0.102628	0.105764	0.108187	0.109627	0.110152	0.110235	0.10998	0.110403	0.111978	0.114198	0.117232	0.120876	0.12574	0.13108	0.135233	0.13752	0.1374	0.134839	0.130922	0.127309	0.125155	0.124391	0.124034	0.123643	0.122913	0.121606	0.12013	0.117603	0.11477	0.112243	0.111682	0.112173	0.113036	0.113357	0.114119	0.11617	0.119237	0.123254	0.127169	0.130576	0.132796	0.134473	0.137032	0.140337	0.144388	0.148473	0.151812	0.153252	0.152352	0.150164	0.148044	0.147178	0.147465	0.148803	0.149531	0.150327	0.150682	0.151342	0.151459	0.15056	0.149694	0.148048	0.146708	0.145062	0.143959	0.143568	0.143923	0.146109	0.148939	0.151227	0.152124	0.151563	0.15002	0.148103	0.14683	0.146608	0.14815	0.151082	0.15554	0.159625	0.163201	0.165421	0.166725	0.166911	0.165943	0.164874	0.164144	0.16382	0.163599	0.162564	0.161325	0.159306	0.157118	0.154252	0.150809	0.147027	0.142736	0.138954	0.135376	0.132679	0.131067	0.131151	0.132896	0.134336	0.135132	0.1343	0.133095	0.131212	0.131296	0.132668	0.136007	0.139447	0.142176	0.143514	0.143971	0.144733	0.145596	0.146833	0.147561	0.148458	0.14827	0.146591	0.144131	0.141909	0.141281	0.140652	0.139888	0.137938	0.134495	0.129458	0.124761	0.12203	0.120588	0.119315	0.117771	0.114837	0.110919	0.105985	0.102101	0.0996416	0.0986063	0.0995376	0.101045	0.102282	0.102976	0.10428	0.106771	0.110314	0.114161	0.118077	0.120975	0.122652	0.123414	0.124108	0.125717	0.128141	0.131446	0.134378	0.135614	0.134341	0.131034	0.127184	0.123504	0.120028	0.116924	0.114193	0.1117	0.10924	0.106883	0.104457	0.102099	0.100182	0.0996217	0.0997053	0.0998907	0.100042	0.0999902	0.101125	0.102429	0.104785	0.107412	0.110547	0.113513	0.115394	0.116766	0.117528	0.11873	0.120882	0.123916	0.127391	0.129678	0.131288	0.130693	0.128607	0.125028	0.122196	0.120652	0.120905	0.121938	0.122056	0.12119	0.118493	0.116068	0.112998	0.110403	0.106926	0.102195	0.0969885	0.091206	0.0880345	0.0863888	0.0872185	0.088455	0.0907427	0.0923522	0.0923341	0.0909258	0.089348	0.0887196	0.0891423	0.0910909	0.0943619	0.0977686	0.101514	0.104446	0.107277	0.108852	0.110631	0.111664	0.113036	0.114409	0.116052	0.118442	0.121373	0.124611	0.127271	0.128169	0.127778	0.124945	0.121468	0.117822	0.115329	0.113717	0.113631	0.114495	0.115935	0.116798	0.117119	0.116152	0.114031	0.110758	0.107892	0.105771	0.106126	0.10777	0.110464	0.112413	0.11426	0.115429	0.116156	0.116613	0.11629	0.115763	0.11483	0.114167	0.11364	0.113385	0.114655	0.116435	0.118417	0.119145	0.118754	0.116396	0.112648	0.109748	0.109119	0.110966	0.113356	0.116254	0.118643	0.119982	0.119692	0.118792	0.1183	0.117671	0.116839	0.116211	0.116871	0.11804	0.119514	0.121428	0.123886	0.126275	0.12741	0.127392	0.126187	0.124745	0.12354	0.124437	0.126895	0.130674	0.133742	0.136131	0.136622	0.135519	0.13211	0.128362	0.124648	0.122188	0.121424	0.122118	0.122982	0.123608	0.124302	0.125165	0.126198	0.127062	0.128875	0.129637	0.129856	0.129838	0.130193	0.130989	0.132327	0.134581	0.136597	0.136884	0.135306	0.131864	0.127437	0.122842	0.119162	0.117177	0.116175	0.11514	0.112511	0.108695	0.10393	0.0999786	0.0962306	0.0937711	0.0910065	0.0890556	0.0873082	0.0868154	0.0871025	0.0883052	0.0901859	0.0924058	0.0940154	0.0945059	0.0931993	0.0909433	0.0889924	0.0882623	0.0891258	0.0903624	0.091565	0.0914791	0.0911898	0.0898154	0.0880002	0.0854051	0.0823691
0.063495	0.0599125	0.0568046	0.0535612	0.0499108	0.0475489	0.0466451	0.046996	0.0482284	0.0502746	0.0528634	0.0550113	0.0571932	0.0593411	0.0612517	0.0633319	0.0656494	0.0688485	0.0717763	0.0748059	0.0763774	0.0773046	0.0769434	0.0768534	0.0767295	0.0767751	0.0771598	0.0774428	0.0788109	0.0793312	0.0804958	0.0824403	0.0854699	0.0878213	0.088206	0.0876752	0.0857542	0.0835958	0.0822173	0.0831106	0.0860384	0.0894749	0.0927758	0.0953984	0.0975464	0.0987449	0.100418	0.102193	0.104917	0.107676	0.110671	0.114854	0.118392	0.122337	0.125977	0.13016	0.133901	0.13588	0.136603	0.135767	0.134287	0.132637	0.132073	0.132491	0.13352	0.133905	0.132798	0.130368	0.12743	0.124898	0.122401	0.119395	0.117067	0.115824	0.116717	0.118255	0.120742	0.122788	0.125004	0.12722	0.129605	0.132533	0.134952	0.137541	0.139655	0.142311	0.144968	0.148032	0.150654	0.152395	0.152848	0.152656	0.15199	0.151425	0.151233	0.151991	0.152986	0.153337	0.153179	0.152479	0.151032	0.148162	0.144715	0.141302	0.13877	0.136443	0.135132	0.134669	0.135528	0.13693	0.138366	0.139802	0.139915	0.139249	0.137667	0.136085	0.134808	0.13482	0.136392	0.140404	0.145604	0.151991	0.157055	0.161101	0.163453	0.165024	0.16568	0.165285	0.16506	0.164224	0.163727	0.16245	0.161173	0.159557	0.15784	0.155071	0.151454	0.147329	0.143035	0.139215	0.135802	0.133338	0.131112	0.129428	0.128423	0.12796	0.127158	0.126254	0.125045	0.124345	0.124119	0.125317	0.128008	0.131682	0.13583	0.139301	0.141957	0.143393	0.144185	0.145044	0.147057	0.149103	0.151183	0.15228	0.153037	0.152981	0.152959	0.15331	0.153356	0.152655	0.150327	0.147457	0.143501	0.139987	0.13715	0.134754	0.132935	0.130776	0.128008	0.124086	0.119622	0.115802	0.113508	0.11274	0.113837	0.115679	0.117149	0.117941	0.118597	0.1201	0.12313	0.126736	0.130274	0.132897	0.134672	0.136006	0.137408	0.139556	0.141907	0.14392	0.144542	0.143909	0.141852	0.138779	0.135569	0.132461	0.130031	0.127297	0.12463	0.121454	0.11899	0.11612	0.114165	0.112481	0.112018	0.111759	0.111567	0.111172	0.1102	0.109262	0.10863	0.109184	0.109806	0.111513	0.113526	0.116216	0.11833	0.120173	0.121846	0.123587	0.125261	0.126188	0.126912	0.126686	0.126426	0.125387	0.12411	0.122087	0.119997	0.118483	0.118121	0.117862	0.116551	0.114054	0.110742	0.107838	0.105239	0.102843	0.100244	0.0968987	0.0932144	0.0897336	0.088016	0.0872139	0.0873273	0.0871356	0.087995	0.0885154	0.0889001	0.088844	0.0893305	0.090156	0.0913884	0.092553	0.093582	0.0944414	0.0958773	0.0975845	0.100478	0.103101	0.106707	0.109126	0.112054	0.114711	0.117774	0.120872	0.124139	0.126829	0.127892	0.126886	0.124931	0.122909	0.121361	0.12066	0.120367	0.120379	0.120255	0.119927	0.119329	0.117611	0.115385	0.112616	0.110186	0.107757	0.106243	0.105746	0.10708	0.109329	0.11202	0.11332	0.114146	0.113852	0.114	0.113808	0.114125	0.114815	0.116013	0.117822	0.119461	0.12066	0.121112	0.12126	0.121238	0.121114	0.120481	0.118696	0.116809	0.115939	0.117171	0.119523	0.122281	0.124802	0.126543	0.126589	0.125346	0.124171	0.124047	0.124601	0.125257	0.125879	0.127179	0.127971	0.12839	0.128164	0.12821	0.128221	0.127419	0.126549	0.125171	0.124335	0.123397	0.124053	0.125082	0.126484	0.126258	0.12566	0.12401	0.121885	0.119185	0.117365	0.117072	0.117863	0.119469	0.120905	0.121425	0.120725	0.119787	0.119324	0.119641	0.12067	0.123055	0.125712	0.128436	0.130686	0.132664	0.133931	0.134926	0.134836	0.134	0.131434	0.128293	0.12471	0.121602	0.118901	0.116336	0.114076	0.111409	0.107725	0.102379	0.0962191	0.0908055	0.0861718	0.0827249	0.0805326	0.0794253	0.0793692	0.0792453	0.0805795	0.0812694	0.082434	0.0825813	0.083746	0.0845715	0.0852275	0.0854426	0.0855561	0.0863816	0.0873767	0.0887108	0.0890617	0.0886665	0.0875253	0.0869606	0.0862603	0.0851869	0.083605	0.0817517
0.0481715	0.0454484	0.0436748	0.0426133	0.0415856	0.0415075	0.0423109	0.0438942	0.045681	0.0477051	0.0503056	0.0525671	0.0548964	0.0572257	0.0594194	0.0621556	0.065197	0.0691539	0.0727378	0.0757452	0.0772946	0.0782337	0.0786641	0.0795693	0.080644	0.081956	0.0832681	0.0836307	0.0839255	0.083576	0.0835317	0.0838943	0.0847317	0.0853995	0.0854569	0.0851074	0.0844528	0.0839677	0.0843981	0.0855746	0.0878021	0.089928	0.0917826	0.0926199	0.0930164	0.0936503	0.0955049	0.0991227	0.104266	0.109546	0.11391	0.117968	0.12084	0.123305	0.125363	0.127896	0.129954	0.131266	0.132273	0.133313	0.133947	0.1337	0.133181	0.132255	0.131736	0.13003	0.127171	0.122787	0.118673	0.115306	0.112583	0.110199	0.108798	0.108144	0.108608	0.109072	0.109706	0.11034	0.111449	0.114117	0.117735	0.122913	0.128056	0.132895	0.136682	0.139554	0.142188	0.14462	0.147254	0.149244	0.150997	0.152309	0.153384	0.153916	0.154787	0.155591	0.156394	0.155705	0.154135	0.151717	0.148588	0.144881	0.141853	0.140215	0.140205	0.140194	0.139743	0.138783	0.137654	0.136796	0.135633	0.134639	0.133577	0.132889	0.132878	0.132936	0.13401	0.135628	0.138567	0.142694	0.147295	0.15254	0.156904	0.160183	0.162682	0.164604	0.166662	0.167093	0.167387	0.166055	0.16479	0.1621	0.15975	0.157536	0.155898	0.154057	0.151435	0.149594	0.147752	0.146793	0.145053	0.143449	0.141099	0.138308	0.136161	0.134083	0.133055	0.132095	0.132492	0.133193	0.135082	0.137242	0.140147	0.142748	0.145484	0.14761	0.149295	0.150437	0.151512	0.152926	0.155493	0.158229	0.161372	0.163769	0.165522	0.165715	0.164484	0.163049	0.16131	0.159536	0.157084	0.154124	0.149875	0.145151	0.140258	0.136416	0.132845	0.129444	0.125534	0.121896	0.118495	0.116348	0.11532	0.115819	0.117232	0.118714	0.119348	0.119168	0.119293	0.12013	0.122697	0.126078	0.130068	0.133652	0.136117	0.138141	0.139589	0.141342	0.143095	0.144102	0.143616	0.141809	0.139289	0.136973	0.134555	0.132612	0.130669	0.12859	0.125901	0.122771	0.11998	0.117359	0.115789	0.115033	0.115599	0.116504	0.1169	0.116347	0.114336	0.112529	0.110823	0.110406	0.110124	0.111029	0.112409	0.114196	0.115644	0.11682	0.117963	0.118732	0.119027	0.118643	0.11843	0.118216	0.118002	0.118195	0.118761	0.119124	0.118944	0.118289	0.117397	0.115284	0.112155	0.108787	0.105759	0.103884	0.103026	0.102269	0.101309	0.099468	0.0975249	0.0947001	0.0925196	0.0903052	0.0888367	0.0873683	0.0871545	0.0874832	0.0884561	0.0897004	0.0919619	0.0941894	0.0959423	0.0961354	0.0947008	0.0929272	0.0918318	0.0924317	0.0948289	0.0981754	0.102064	0.104936	0.107978	0.111426	0.11484	0.117644	0.119567	0.121014	0.121275	0.120349	0.118847	0.117819	0.118046	0.119155	0.120501	0.121203	0.121124	0.120572	0.119849	0.119161	0.118845	0.119174	0.119774	0.119933	0.119346	0.118454	0.118071	0.118365	0.119067	0.119057	0.118741	0.118019	0.118246	0.118947	0.120565	0.122385	0.123697	0.124772	0.125236	0.124853	0.123452	0.122086	0.121804	0.122709	0.123852	0.124553	0.125221	0.125753	0.126726	0.12736	0.128028	0.128865	0.129431	0.129523	0.129919	0.131367	0.133764	0.135788	0.137168	0.137938	0.138572	0.138765	0.138449	0.137523	0.137072	0.136485	0.135864	0.135413	0.135403	0.135562	0.135111	0.134727	0.133598	0.13196	0.128695	0.1257	0.12274	0.120865	0.119803	0.119555	0.119986	0.120009	0.120033	0.119412	0.118859	0.118103	0.118058	0.117946	0.118275	0.118807	0.12056	0.122347	0.124473	0.125954	0.127266	0.127324	0.127042	0.125404	0.124037	0.121687	0.119643	0.117191	0.11501	0.111812	0.10753	0.102603	0.0980485	0.0933248	0.0887368	0.0842505	0.0807476	0.0780585	0.0768952	0.0764101	0.0766032	0.0765589	0.0757686	0.0754531	0.0747306	0.075568	0.0761001	0.0776495	0.0790972	0.0802736	0.0813483	0.0816092	0.0817684	0.081012	0.0799166	0.078109	0.0763693	0.0750705	0.0750262	0.0753549	0.0760227	0.0764192	0.0761036
0.0491679	0.0461607	0.0443065	0.0436051	0.0431749	0.043389	0.0436371	0.0440207	0.0443705	0.0460427	0.0487321	0.0517945	0.0554673	0.0590383	0.0626433	0.0661126	0.0698193	0.0744415	0.0786907	0.0829399	0.0854937	0.0873015	0.0880921	0.0891539	0.0903853	0.0914471	0.0922038	0.0920449	0.0917504	0.0906082	0.0887539	0.0872048	0.0862321	0.0862767	0.0866265	0.0864676	0.0859357	0.0844544	0.0840921	0.0838315	0.084283	0.0848362	0.0859659	0.0871972	0.0888694	0.0915588	0.0957402	0.100735	0.106171	0.111133	0.115518	0.119224	0.121541	0.123179	0.124919	0.127642	0.130196	0.132343	0.134151	0.135925	0.137054	0.136997	0.135821	0.133356	0.131027	0.12819	0.12542	0.122277	0.119982	0.118772	0.117596	0.116352	0.114735	0.113559	0.112654	0.112394	0.112947	0.113907	0.11507	0.116675	0.119025	0.122461	0.125489	0.128382	0.130495	0.132269	0.134043	0.13619	0.138811	0.141535	0.144054	0.146269	0.147806	0.148155	0.147963	0.146753	0.144491	0.141586	0.13807	0.136046	0.133514	0.131727	0.130043	0.129409	0.129318	0.128685	0.127678	0.126027	0.123902	0.121946	0.120091	0.11922	0.118892	0.119479	0.120982	0.122789	0.125343	0.128134	0.131943	0.135955	0.139763	0.14347	0.147516	0.151154	0.154929	0.158296	0.16163	0.163065	0.163076	0.161527	0.15974	0.157716	0.156303	0.155737	0.155171	0.153961	0.151463	0.148998	0.146093	0.143831	0.141367	0.139648	0.137285	0.134278	0.13161	0.129247	0.128376	0.128319	0.129754	0.131053	0.132284	0.132939	0.134306	0.135639	0.137888	0.140577	0.143775	0.147075	0.149765	0.152285	0.154771	0.157596	0.160353	0.163144	0.165766	0.167641	0.168398	0.167968	0.167165	0.165751	0.164778	0.163399	0.161104	0.156706	0.151529	0.146555	0.142734	0.139693	0.137364	0.13551	0.133452	0.131734	0.130795	0.130602	0.130443	0.129945	0.129786	0.129763	0.130215	0.131073	0.132643	0.134722	0.136564	0.138575	0.139773	0.140801	0.141659	0.142246	0.143579	0.143387	0.143262	0.141984	0.141045	0.139767	0.137811	0.135753	0.132882	0.129773	0.126393	0.123793	0.122447	0.121237	0.120603	0.120309	0.120828	0.121008	0.120816	0.120657	0.119921	0.11983	0.119332	0.119784	0.119761	0.120314	0.121037	0.120979	0.120854	0.119746	0.119418	0.118276	0.11754	0.116703	0.116443	0.116826	0.117108	0.117967	0.118622	0.118564	0.117151	0.114483	0.11134	0.107485	0.104037	0.101878	0.100973	0.101289	0.102011	0.102565	0.102168	0.100924	0.0994432	0.0976567	0.095599	0.0932699	0.0912461	0.0894936	0.0890973	0.0889724	0.0903394	0.0923506	0.0957521	0.0984755	0.100182	0.100294	0.0984397	0.0969584	0.0959518	0.0970815	0.0987536	0.101341	0.103319	0.104584	0.105544	0.107318	0.109329	0.111341	0.113318	0.115295	0.116628	0.116944	0.116717	0.116796	0.11762	0.11892	0.119608	0.119246	0.118036	0.116555	0.116023	0.116305	0.117604	0.119276	0.120982	0.122315	0.122665	0.122066	0.120618	0.119679	0.119046	0.119362	0.119745	0.120265	0.121394	0.122354	0.12345	0.124003	0.124184	0.124567	0.124578	0.124046	0.122904	0.122236	0.12245	0.123478	0.124947	0.126518	0.128698	0.130031	0.131771	0.132833	0.134099	0.135059	0.135951	0.137013	0.138617	0.141171	0.143725	0.145295	0.144967	0.144401	0.14336	0.142896	0.142127	0.141765	0.142013	0.141854	0.141695	0.141197	0.140835	0.139184	0.136313	0.133238	0.130027	0.126715	0.12269	0.119819	0.118066	0.118077	0.119274	0.121184	0.12289	0.122934	0.122267	0.120786	0.120152	0.11979	0.121089	0.123236	0.125993	0.128581	0.131168	0.133451	0.135157	0.135744	0.135687	0.13424	0.132351	0.129039	0.126744	0.12411	0.122629	0.120673	0.118513	0.114285	0.108091	0.10115	0.0946165	0.0889306	0.0839228	0.0804748	0.0780102	0.0756812	0.0739964	0.0724134	0.0716442	0.0698916	0.0672574	0.0644198	0.0614127	0.0599314	0.0593317	0.060563	0.0628117	0.0654672	0.068767	0.0712869	0.0735694	0.0737835	0.0729126	0.0708209	0.069204	0.0683331	0.0680725	0.067744	0.0671783	0.0670194	0.0664536
0.047771	0.0469478	0.0471418	0.0472003	0.0469196	0.0460964	0.0454427	0.0453316	0.0464411	0.0488392	0.0518137	0.0543475	0.0572203	0.0611103	0.0660854	0.0719422	0.0771207	0.0826723	0.0870031	0.0912662	0.0934947	0.0951468	0.0961886	0.0971964	0.0983399	0.0991782	0.0999487	0.099295	0.0984718	0.0976147	0.096961	0.09607	0.0949755	0.0944575	0.093736	0.0926415	0.0912419	0.089571	0.0888834	0.0884332	0.088322	0.0882448	0.0891509	0.0912099	0.0940149	0.0977015	0.102371	0.107211	0.11161	0.114957	0.117762	0.119787	0.121711	0.123397	0.125659	0.128396	0.131032	0.13326	0.134946	0.136802	0.137335	0.136071	0.132705	0.128321	0.123937	0.119655	0.116289	0.112991	0.110133	0.107513	0.104485	0.101933	0.0993124	0.097845	0.0964792	0.0958595	0.0958162	0.0965866	0.0979675	0.100332	0.103917	0.108213	0.112341	0.115349	0.117612	0.118891	0.121153	0.123823	0.128086	0.132552	0.13729	0.140671	0.142934	0.144077	0.144543	0.143719	0.141676	0.139021	0.135587	0.133035	0.130312	0.128981	0.128191	0.128792	0.129258	0.128943	0.127272	0.12455	0.12115	0.118394	0.11713	0.11712	0.118264	0.119238	0.121093	0.123051	0.126703	0.130186	0.13445	0.137526	0.140195	0.141881	0.14455	0.14722	0.150127	0.152525	0.155228	0.156846	0.157176	0.156488	0.15614	0.156469	0.157511	0.159028	0.159968	0.159958	0.158525	0.156786	0.154742	0.152427	0.149908	0.147457	0.145176	0.142793	0.141665	0.141588	0.143172	0.14479	0.147086	0.148162	0.148458	0.147329	0.14654	0.145785	0.145741	0.146681	0.147994	0.150392	0.152316	0.15485	0.156875	0.159239	0.161162	0.163018	0.163958	0.164084	0.16299	0.161217	0.159444	0.157265	0.155662	0.153075	0.149675	0.14502	0.140569	0.137168	0.134175	0.131656	0.129409	0.12784	0.125728	0.12382	0.12259	0.121936	0.121316	0.119917	0.119534	0.119932	0.121855	0.124355	0.127126	0.129558	0.131346	0.132659	0.133158	0.133183	0.133071	0.132655	0.133222	0.132975	0.133407	0.132617	0.131591	0.130361	0.128656	0.127392	0.124941	0.122897	0.120718	0.119827	0.119614	0.120147	0.121087	0.122163	0.123069	0.123127	0.123287	0.12382	0.124591	0.125904	0.127352	0.129106	0.130691	0.131936	0.133011	0.132358	0.130958	0.128609	0.126633	0.123572	0.121223	0.119416	0.118389	0.117939	0.117523	0.118327	0.118657	0.118715	0.11779	0.115543	0.112312	0.108132	0.105037	0.103434	0.103323	0.104365	0.105508	0.106516	0.106507	0.106531	0.106895	0.107157	0.106944	0.105985	0.104484	0.101965	0.0994463	0.0969955	0.0953585	0.0947726	0.0960178	0.0984837	0.100746	0.10267	0.103304	0.104312	0.105151	0.10687	0.108048	0.108852	0.108199	0.107104	0.106281	0.106373	0.106635	0.106965	0.108176	0.110303	0.112497	0.114285	0.115225	0.115623	0.115579	0.116011	0.116476	0.116941	0.11761	0.118957	0.121423	0.124262	0.127542	0.130584	0.133389	0.136092	0.137914	0.13821	0.136335	0.133918	0.131773	0.131187	0.13094	0.131405	0.132142	0.13298	0.132937	0.131775	0.130002	0.128128	0.126084	0.124515	0.123929	0.123818	0.123503	0.122375	0.121619	0.121508	0.12333	0.125423	0.128092	0.130015	0.131667	0.133218	0.135243	0.138082	0.141497	0.144641	0.146463	0.146386	0.144681	0.143688	0.142763	0.143093	0.144067	0.146024	0.148219	0.148921	0.148369	0.146495	0.143739	0.140339	0.136362	0.132453	0.128036	0.124025	0.120557	0.118886	0.118199	0.118223	0.118553	0.11834	0.117686	0.115744	0.113836	0.112165	0.111884	0.112722	0.115019	0.117959	0.120934	0.12323	0.124645	0.124941	0.124491	0.123159	0.122234	0.1208	0.120214	0.119188	0.119043	0.118016	0.11682	0.113996	0.109985	0.103737	0.096539	0.0891375	0.0827195	0.0778272	0.0744948	0.0734682	0.0730519	0.0728051	0.0722871	0.0715656	0.0706067	0.0685289	0.0658407	0.062983	0.0605322	0.0594717	0.059937	0.0613178	0.063309	0.0652324	0.0683425	0.0710797	0.0745289	0.0763167	0.0777992	0.0780611	0.0790689	0.0797377	0.0796944	0.0784642	0.0764542	0.0745799	0.07179
0.0610962	0.0587371	0.05787	0.0568334	0.0558306	0.0543532	0.0535539	0.0534328	0.0544645	0.0566492	0.0594781	0.0618323	0.0640508	0.0672527	0.0714719	0.0765387	0.0816395	0.087588	0.0932313	0.0985694	0.101975	0.103888	0.10431	0.103341	0.102236	0.100793	0.0993491	0.0969562	0.0947327	0.0924076	0.0903537	0.0879268	0.0859746	0.0845989	0.0827823	0.0811014	0.078878	0.0763494	0.0742616	0.0735301	0.0736463	0.0741695	0.0758794	0.0790813	0.0831309	0.0869431	0.0916709	0.0954832	0.0987868	0.101039	0.103902	0.1069	0.109831	0.11283	0.115794	0.119064	0.122232	0.125027	0.127313	0.129057	0.129648	0.128916	0.126693	0.123351	0.119907	0.116869	0.114985	0.113609	0.111962	0.110417	0.107617	0.105021	0.102594	0.101727	0.101978	0.102875	0.104856	0.1066	0.108276	0.109782	0.112374	0.115372	0.118133	0.120216	0.122367	0.124179	0.126668	0.12926	0.132835	0.136613	0.140629	0.143695	0.145439	0.145691	0.144586	0.142668	0.140241	0.138119	0.135557	0.133639	0.13128	0.12987	0.129003	0.129221	0.129168	0.128402	0.126857	0.125074	0.122919	0.121102	0.120981	0.122148	0.124096	0.12506	0.125718	0.126614	0.12863	0.131425	0.135237	0.13854	0.142014	0.1443	0.147536	0.150331	0.153228	0.155582	0.157563	0.158798	0.158236	0.157369	0.156638	0.157296	0.158023	0.15936	0.159713	0.15888	0.15608	0.152738	0.149769	0.146799	0.144237	0.14164	0.140061	0.139024	0.139208	0.140749	0.14273	0.144033	0.14476	0.144164	0.142924	0.14087	0.140172	0.140255	0.140879	0.141945	0.143112	0.145195	0.146295	0.147937	0.148833	0.150814	0.152253	0.154099	0.155436	0.156569	0.15699	0.156835	0.156986	0.15639	0.155048	0.151977	0.147888	0.143291	0.139542	0.136946	0.135231	0.133686	0.132479	0.131171	0.129219	0.126657	0.124535	0.122685	0.121139	0.119018	0.118693	0.119623	0.122418	0.125688	0.128991	0.131888	0.133429	0.134562	0.13461	0.134693	0.134504	0.134349	0.134262	0.133632	0.133579	0.132779	0.131641	0.130096	0.128381	0.127005	0.124985	0.122829	0.120809	0.120383	0.121686	0.123803	0.125615	0.126545	0.126322	0.124607	0.123299	0.123856	0.125668	0.128192	0.130274	0.132459	0.134	0.135031	0.135893	0.136111	0.135312	0.133428	0.130526	0.126777	0.123502	0.121245	0.120208	0.119884	0.119966	0.119913	0.118842	0.116788	0.114192	0.111121	0.108389	0.105758	0.104077	0.102668	0.101835	0.101374	0.101185	0.102048	0.102639	0.103535	0.1046	0.106582	0.108563	0.110001	0.111067	0.111319	0.110893	0.109381	0.107667	0.106426	0.106373	0.107676	0.109691	0.112385	0.114264	0.115669	0.116497	0.117359	0.117577	0.117422	0.11642	0.11484	0.112685	0.110834	0.110035	0.110016	0.111624	0.114114	0.116332	0.117567	0.117989	0.118308	0.118526	0.118948	0.119844	0.120672	0.122077	0.123244	0.125395	0.127342	0.129256	0.130762	0.131625	0.133233	0.134095	0.134516	0.133683	0.133087	0.132831	0.133693	0.134555	0.134807	0.134754	0.134429	0.13363	0.131203	0.12881	0.127231	0.125923	0.125191	0.125002	0.125966	0.126388	0.125453	0.123941	0.121752	0.121224	0.121306	0.123626	0.127066	0.130912	0.134453	0.137417	0.141128	0.144499	0.147498	0.148699	0.148137	0.145948	0.143622	0.142247	0.141787	0.143191	0.145003	0.146984	0.147134	0.145725	0.143264	0.139006	0.134985	0.130253	0.126944	0.123602	0.120734	0.117731	0.115304	0.113826	0.112552	0.11199	0.111395	0.111002	0.10983	0.108963	0.109927	0.112078	0.115415	0.118447	0.121853	0.124546	0.126426	0.127118	0.126658	0.125893	0.124415	0.124057	0.123766	0.123916	0.123049	0.121673	0.119823	0.116921	0.112392	0.106439	0.0991968	0.0917176	0.0850522	0.0798109	0.0757564	0.0721767	0.0697498	0.0679332	0.0659811	0.0635542	0.0618394	0.0603958	0.0588505	0.0575087	0.0569807	0.057436	0.0584339	0.0603133	0.0622945	0.0643096	0.065477	0.0675939	0.0690325	0.0717936	0.0739783	0.0764342	0.0781441	0.0794471	0.0801737	0.0793744	0.0776935	0.0747241	0.0722972	0.0694295
0.0612229	0.0593641	0.0589633	0.0585965	0.0585009	0.0580662	0.0581741	0.0582141	0.0591697	0.0598201	0.0612165	0.0619347	0.0630259	0.0652361	0.0687008	0.0732507	0.0773597	0.0814688	0.0849336	0.0882627	0.0905068	0.0918015	0.092384	0.0915425	0.0901244	0.0877231	0.0849487	0.0814623	0.0780776	0.0758458	0.0744278	0.0733489	0.0717952	0.0701737	0.0676029	0.0657779	0.0642243	0.0636879	0.0632871	0.0638358	0.0651304	0.0666964	0.0688387	0.0716253	0.0754292	0.0792331	0.084495	0.0895535	0.0943746	0.0980089	0.101406	0.105413	0.109488	0.114004	0.117435	0.120357	0.122127	0.123862	0.125259	0.127028	0.128017	0.127888	0.126334	0.123696	0.121057	0.118011	0.115779	0.113039	0.110061	0.106677	0.103292	0.100314	0.0981501	0.0971389	0.0979589	0.0994909	0.102481	0.10581	0.109377	0.112333	0.115458	0.11855	0.122151	0.12548	0.129487	0.132918	0.135976	0.138491	0.141074	0.144607	0.148377	0.151638	0.153645	0.154838	0.155319	0.154918	0.154043	0.152726	0.151139	0.149212	0.147421	0.145461	0.143873	0.142557	0.141715	0.140467	0.139184	0.138444	0.138145	0.137541	0.137785	0.138571	0.140103	0.140753	0.141031	0.141715	0.143043	0.14505	0.147565	0.150183	0.153003	0.154772	0.156033	0.15648	0.157266	0.158188	0.159584	0.160472	0.160648	0.160145	0.160219	0.161005	0.161825	0.162679	0.162515	0.161165	0.15795	0.154667	0.152062	0.14939	0.147565	0.146147	0.146119	0.145888	0.145284	0.145086	0.144821	0.144692	0.144257	0.143992	0.143557	0.14258	0.141671	0.141609	0.142022	0.142842	0.143696	0.144923	0.145607	0.146393	0.147145	0.148338	0.149395	0.150758	0.152188	0.153584	0.154235	0.154105	0.153196	0.151303	0.148291	0.144534	0.141013	0.138578	0.136448	0.134691	0.132391	0.130058	0.127623	0.125933	0.124176	0.122453	0.120899	0.120024	0.119894	0.119256	0.119703	0.120523	0.12253	0.124604	0.126916	0.128957	0.129845	0.129783	0.128874	0.129151	0.130107	0.132215	0.133713	0.134533	0.133793	0.131256	0.127736	0.124521	0.122119	0.120328	0.118537	0.117323	0.116685	0.117606	0.119579	0.122298	0.124779	0.12665	0.12747	0.126391	0.124804	0.123928	0.124375	0.125941	0.128457	0.131854	0.135047	0.137054	0.137433	0.137202	0.135411	0.133145	0.129659	0.126443	0.123737	0.121573	0.12046	0.119551	0.119252	0.118783	0.117704	0.116083	0.113715	0.111178	0.108404	0.10563	0.10333	0.101539	0.100765	0.100771	0.101117	0.102072	0.102553	0.103271	0.104227	0.10664	0.109732	0.112756	0.114932	0.116193	0.115691	0.1139	0.110617	0.108283	0.106967	0.107312	0.108098	0.109528	0.110586	0.11127	0.111683	0.112299	0.113018	0.1136	0.113946	0.113748	0.113076	0.112845	0.113529	0.115434	0.118153	0.121448	0.123794	0.125089	0.125197	0.125677	0.126192	0.127012	0.128341	0.130246	0.132931	0.135446	0.137792	0.139663	0.140822	0.141845	0.14219	0.143044	0.143152	0.142514	0.140927	0.139542	0.139413	0.139995	0.140714	0.140381	0.139505	0.138121	0.135991	0.132199	0.128204	0.124616	0.122215	0.120695	0.120091	0.119995	0.119222	0.117532	0.116013	0.114662	0.114804	0.115861	0.117868	0.120214	0.121916	0.123956	0.126472	0.130174	0.134249	0.137748	0.140399	0.141388	0.142208	0.142621	0.144153	0.145583	0.148539	0.150682	0.152044	0.15066	0.147208	0.142331	0.135827	0.131086	0.126752	0.124384	0.121644	0.119141	0.116366	0.113321	0.111055	0.108993	0.107914	0.106597	0.105213	0.103727	0.102276	0.102858	0.104661	0.108364	0.111896	0.115157	0.117808	0.119476	0.119855	0.118844	0.117596	0.11611	0.115573	0.115546	0.115654	0.114948	0.112716	0.110348	0.106794	0.102663	0.0975833	0.0920623	0.0864397	0.0808171	0.0756013	0.0708603	0.0667296	0.0633788	0.0609774	0.0588813	0.0574972	0.0569608	0.0574416	0.0583633	0.0596579	0.061156	0.0632984	0.065712	0.0686004	0.0705054	0.0716644	0.0714332	0.0720496	0.0734799	0.0769108	0.0811555	0.0848576	0.0874747	0.0887694	0.0893519	0.0882052	0.0860751	0.0828599	0.0795431	0.0760227
0.0506828	0.0484947	0.0475273	0.0463903	0.0463045	0.0465239	0.0485743	0.050896	0.0537263	0.0558785	0.0582001	0.0603184	0.0621993	0.0644531	0.0667748	0.0693678	0.0719946	0.0746893	0.077757	0.0803499	0.0825699	0.0835013	0.0841615	0.0837705	0.0828031	0.0807845	0.0777826	0.0741704	0.0711006	0.0692516	0.068352	0.0677915	0.0668918	0.0660262	0.0643127	0.0630062	0.0617336	0.0612409	0.0607821	0.0609676	0.0623399	0.0644581	0.0677292	0.0712716	0.0760008	0.0805604	0.0858321	0.0912395	0.0965112	0.101071	0.105359	0.110021	0.114614	0.118902	0.122581	0.125919	0.128445	0.13019	0.13146	0.132256	0.132611	0.132525	0.131999	0.131031	0.129623	0.127435	0.12562	0.123466	0.120735	0.11736	0.113883	0.110712	0.108185	0.107048	0.107844	0.109792	0.112792	0.116335	0.119368	0.121046	0.122452	0.123824	0.126044	0.128739	0.132858	0.137383	0.141163	0.144434	0.146586	0.149383	0.151399	0.152873	0.152787	0.151481	0.149937	0.148122	0.147053	0.146153	0.146	0.145643	0.145387	0.143911	0.142605	0.141061	0.140026	0.138889	0.137819	0.13753	0.137309	0.137257	0.137917	0.139527	0.141441	0.143085	0.144084	0.145219	0.145845	0.14715	0.148624	0.150742	0.152487	0.153826	0.15452	0.154705	0.155128	0.155754	0.156787	0.157617	0.158074	0.157819	0.157495	0.156833	0.155866	0.154932	0.15366	0.151777	0.148639	0.145705	0.143619	0.142176	0.14226	0.142683	0.143852	0.143969	0.143951	0.143798	0.143475	0.143185	0.141947	0.140945	0.139571	0.139044	0.138789	0.139449	0.140211	0.141143	0.142447	0.144091	0.146005	0.147378	0.149225	0.1508	0.152885	0.154867	0.156477	0.157476	0.15739	0.156898	0.155286	0.153098	0.150062	0.146823	0.14399	0.142141	0.140937	0.139901	0.138324	0.136644	0.134795	0.133455	0.131877	0.130536	0.129366	0.128805	0.128143	0.127481	0.127259	0.126699	0.12624	0.125476	0.125729	0.125881	0.126337	0.126896	0.127285	0.128182	0.129215	0.130927	0.131824	0.13184	0.130534	0.127837	0.124699	0.122003	0.120561	0.119627	0.118999	0.118099	0.117572	0.117826	0.119334	0.121282	0.123061	0.124366	0.125331	0.126161	0.127025	0.128533	0.130108	0.132023	0.133972	0.13548	0.136174	0.13541	0.133459	0.13161	0.12932	0.126996	0.123723	0.121094	0.119042	0.1176	0.116327	0.114851	0.113544	0.111763	0.109677	0.107353	0.105233	0.103587	0.101975	0.100805	0.0999389	0.099514	0.098784	0.0985286	0.0987141	0.100086	0.101628	0.103238	0.105627	0.108831	0.112542	0.115576	0.117932	0.120084	0.121321	0.122015	0.121047	0.120419	0.119926	0.120451	0.121111	0.121839	0.121957	0.12126	0.120225	0.119054	0.118155	0.117357	0.117508	0.117999	0.119066	0.120879	0.122828	0.125387	0.127302	0.129589	0.130758	0.131283	0.131027	0.130772	0.130517	0.130397	0.131227	0.132904	0.135226	0.136971	0.13831	0.139682	0.14041	0.141579	0.141425	0.141916	0.141525	0.141507	0.141319	0.141437	0.141283	0.140383	0.139111	0.137092	0.135718	0.134072	0.132156	0.128442	0.124863	0.122404	0.121538	0.121113	0.120688	0.119958	0.118313	0.116125	0.114716	0.113613	0.113799	0.114866	0.118035	0.122188	0.126002	0.129612	0.132713	0.136527	0.140171	0.143849	0.147019	0.148832	0.15017	0.15022	0.151626	0.15293	0.154947	0.155098	0.154131	0.150926	0.146296	0.140921	0.134867	0.13017	0.12554	0.122674	0.119841	0.117043	0.113431	0.109242	0.106104	0.104052	0.103729	0.10344	0.103523	0.104116	0.105013	0.107369	0.110233	0.113775	0.116368	0.117469	0.11796	0.117806	0.117687	0.117228	0.116939	0.115802	0.11497	0.114342	0.113679	0.112407	0.10954	0.106844	0.102858	0.0991444	0.0942775	0.0899192	0.0849845	0.0806602	0.076268	0.071842	0.0674837	0.0629559	0.0590385	0.0556297	0.0536789	0.0529488	0.0533377	0.0537606	0.0542851	0.0550131	0.0565888	0.0589105	0.0616391	0.0639269	0.0659434	0.0671122	0.0685862	0.0708739	0.0745859	0.0788742	0.0816706	0.0829751	0.0820755	0.0807011	0.0776653	0.0749686	0.0716615	0.0690665	0.0660306
0.0500515	0.0487083	0.0482128	0.047819	0.0481373	0.0485234	0.0498251	0.0514319	0.054056	0.0562732	0.0584903	0.060165	0.0614666	0.0632769	0.0657654	0.0690676	0.0717934	0.0740445	0.0761938	0.0782076	0.0797466	0.0806752	0.0815361	0.0821257	0.0819353	0.0810329	0.0795202	0.0776684	0.0761556	0.0753889	0.0751986	0.0752795	0.074411	0.0732035	0.070843	0.0686521	0.0666986	0.0664404	0.0671656	0.0687386	0.070854	0.0737833	0.0771533	0.0810998	0.0860297	0.0915359	0.0966014	0.102209	0.107919	0.1139	0.119678	0.125116	0.130555	0.13484	0.138651	0.140733	0.141153	0.139979	0.138602	0.137293	0.136458	0.135793	0.134585	0.132428	0.129458	0.125605	0.121922	0.117934	0.11337	0.108059	0.102545	0.0977436	0.0938233	0.0919715	0.091849	0.0935236	0.095673	0.0986362	0.101023	0.102325	0.103491	0.104148	0.106433	0.109294	0.11419	0.119154	0.124084	0.128946	0.133198	0.137924	0.141803	0.144834	0.145762	0.145335	0.144941	0.144242	0.143543	0.142674	0.142959	0.14365	0.144782	0.144626	0.143995	0.142414	0.141173	0.140542	0.140283	0.141246	0.142344	0.143815	0.145049	0.146588	0.148636	0.150853	0.153409	0.155559	0.156928	0.157755	0.157836	0.158154	0.157828	0.158181	0.157617	0.156851	0.155779	0.154741	0.153397	0.152258	0.152101	0.152555	0.15406	0.154853	0.156053	0.155727	0.154859	0.152702	0.150104	0.148218	0.146841	0.146108	0.146325	0.146711	0.147199	0.146805	0.146513	0.146085	0.145827	0.145773	0.144972	0.143798	0.142184	0.141383	0.140684	0.141206	0.142101	0.143877	0.145382	0.146887	0.14846	0.149524	0.151335	0.152501	0.154447	0.155714	0.156372	0.156148	0.155245	0.154139	0.151881	0.149351	0.146617	0.144257	0.142168	0.140723	0.139346	0.137426	0.134692	0.131722	0.129361	0.127645	0.126471	0.125535	0.125209	0.125358	0.125642	0.126028	0.126347	0.126122	0.125118	0.123131	0.120804	0.1178	0.115473	0.113926	0.113872	0.114699	0.116339	0.117777	0.118298	0.117735	0.116256	0.11454	0.112654	0.111786	0.111765	0.111948	0.11169	0.110855	0.110834	0.111593	0.114048	0.116842	0.119906	0.122056	0.124171	0.126965	0.130538	0.134892	0.138771	0.142039	0.144358	0.145388	0.145503	0.144126	0.142071	0.140049	0.13857	0.136549	0.134223	0.131591	0.128925	0.125853	0.122102	0.119029	0.116262	0.114241	0.111846	0.109757	0.107804	0.106393	0.10549	0.104791	0.104567	0.104343	0.10439	0.105454	0.106722	0.108871	0.110851	0.113068	0.11515	0.117197	0.118906	0.119529	0.118458	0.117013	0.115602	0.11453	0.113559	0.114047	0.115688	0.118346	0.119817	0.120475	0.119945	0.119009	0.117835	0.116424	0.115013	0.113297	0.112157	0.111662	0.113167	0.115825	0.119127	0.122836	0.125359	0.127644	0.128199	0.128891	0.128429	0.128306	0.128116	0.12874	0.129567	0.131106	0.133153	0.135303	0.137655	0.140449	0.143412	0.146307	0.147711	0.149114	0.150009	0.150904	0.150713	0.149608	0.147688	0.144615	0.141577	0.138097	0.135839	0.132936	0.13044	0.127198	0.124396	0.122239	0.120625	0.119146	0.116786	0.113849	0.109691	0.105974	0.10419	0.104576	0.106692	0.109655	0.113873	0.118328	0.122139	0.125373	0.128302	0.131401	0.134805	0.13848	0.142495	0.145729	0.149235	0.152537	0.156823	0.160871	0.164377	0.165577	0.164132	0.16011	0.154562	0.149116	0.143432	0.139275	0.135219	0.132078	0.127989	0.123899	0.120013	0.116635	0.114274	0.11249	0.111758	0.110618	0.11019	0.110542	0.111573	0.112434	0.113566	0.114494	0.114847	0.113876	0.112296	0.110817	0.109542	0.109351	0.109568	0.109276	0.108204	0.106386	0.104297	0.102038	0.0990333	0.0965033	0.0932274	0.0909008	0.0874214	0.0847897	0.0815815	0.0786785	0.0748261	0.070872	0.0669857	0.0637775	0.0603659	0.0577681	0.056018	0.0556581	0.0560782	0.0563286	0.0565113	0.0563888	0.0565376	0.0572289	0.058734	0.0605104	0.0626597	0.0649447	0.068213	0.0729394	0.078717	0.0842911	0.0876272	0.0887254	0.087857	0.0864459	0.0833395	0.0799618	0.0756008	0.0715449	0.0666752
0.0391112	0.038926	0.0394189	0.0395728	0.0394215	0.0391006	0.0402378	0.0431383	0.0471916	0.0514145	0.0552983	0.0590125	0.0618112	0.0658645	0.070596	0.07587	0.0797199	0.0832985	0.0864702	0.0890316	0.0895245	0.0897123	0.0898322	0.0906304	0.0906147	0.090226	0.0886166	0.0861257	0.083872	0.0827713	0.0827556	0.0822652	0.0809271	0.0788769	0.0755382	0.0718944	0.0685218	0.0667768	0.0655743	0.0652873	0.0660855	0.0687485	0.0720559	0.0763466	0.0813832	0.0879458	0.0936267	0.100189	0.106108	0.111755	0.116249	0.120336	0.124898	0.128646	0.132123	0.134311	0.135754	0.135602	0.135824	0.135876	0.136301	0.136218	0.135558	0.134288	0.132	0.129068	0.125797	0.123069	0.119696	0.115849	0.111425	0.107578	0.104544	0.102867	0.102377	0.102938	0.103125	0.103347	0.103365	0.103689	0.104962	0.106573	0.109677	0.112747	0.116597	0.120447	0.12528	0.130351	0.135523	0.140322	0.144884	0.147887	0.148956	0.148499	0.148009	0.147756	0.146927	0.146029	0.144929	0.143726	0.142761	0.142101	0.142763	0.143562	0.144733	0.145768	0.146431	0.1475	0.148536	0.150249	0.151285	0.152151	0.153152	0.154527	0.156851	0.158802	0.160753	0.161754	0.16201	0.161384	0.159876	0.158199	0.155878	0.15359	0.151201	0.149218	0.146626	0.144847	0.143882	0.143663	0.144223	0.144072	0.144565	0.143464	0.142465	0.140449	0.1385	0.137468	0.136943	0.137402	0.137963	0.138151	0.137898	0.137272	0.137663	0.138122	0.138615	0.138837	0.138685	0.137585	0.136857	0.136672	0.137402	0.138064	0.138727	0.139864	0.140594	0.141799	0.143174	0.14482	0.147212	0.148993	0.15091	0.151132	0.150201	0.148252	0.1461	0.144355	0.142509	0.140797	0.138713	0.136426	0.134342	0.133275	0.132988	0.132735	0.131804	0.13033	0.128958	0.127416	0.126655	0.126164	0.127064	0.128201	0.129	0.129187	0.128324	0.126749	0.124834	0.123123	0.121344	0.118887	0.116599	0.115024	0.114601	0.11462	0.115485	0.115775	0.115793	0.115032	0.114304	0.113712	0.113018	0.113646	0.115089	0.117243	0.11872	0.119484	0.120282	0.121012	0.122556	0.124406	0.126628	0.128104	0.129784	0.132583	0.136738	0.141774	0.146336	0.150186	0.152341	0.15246	0.151055	0.148869	0.146446	0.144531	0.143057	0.141075	0.139025	0.136568	0.134484	0.131823	0.127806	0.123789	0.119366	0.115891	0.112146	0.109485	0.107604	0.107216	0.107607	0.108303	0.109102	0.108916	0.108765	0.109088	0.110429	0.112651	0.114941	0.116994	0.118979	0.120591	0.122135	0.122594	0.12207	0.121206	0.120207	0.119344	0.118413	0.118635	0.11967	0.12196	0.123402	0.124167	0.123676	0.122677	0.121034	0.118543	0.116154	0.113798	0.11246	0.111393	0.111581	0.112006	0.113144	0.114281	0.114706	0.114961	0.114437	0.114727	0.114508	0.114933	0.115493	0.117377	0.11987	0.123008	0.126044	0.128673	0.131031	0.133219	0.135543	0.137732	0.138971	0.140142	0.141245	0.142823	0.143486	0.143029	0.140979	0.137708	0.134573	0.131777	0.130812	0.129677	0.129661	0.129035	0.128986	0.128461	0.127937	0.126769	0.124108	0.120125	0.115091	0.111176	0.109736	0.110398	0.11218	0.11447	0.118184	0.122475	0.126359	0.129327	0.131244	0.132788	0.134231	0.136588	0.139624	0.142559	0.144917	0.146766	0.149022	0.15199	0.154416	0.154909	0.152995	0.149452	0.1453	0.142165	0.139572	0.137556	0.134217	0.129929	0.12442	0.119081	0.11503	0.112471	0.111167	0.110304	0.11039	0.110611	0.112088	0.114412	0.117244	0.119195	0.120943	0.121504	0.121183	0.119539	0.117421	0.115812	0.114304	0.113984	0.113697	0.11246	0.110207	0.106597	0.103428	0.10036	0.0980386	0.0962597	0.0942095	0.0921933	0.0888885	0.0859906	0.0828215	0.0802626	0.0772969	0.0747381	0.0722132	0.0703326	0.0679094	0.0665035	0.0658097	0.0662009	0.0667277	0.0661356	0.0652383	0.0634933	0.0621552	0.0610884	0.0612083	0.0623116	0.0649408	0.0682821	0.072471	0.0764565	0.0805777	0.0834442	0.0850561	0.0849726	0.0837701	0.0819234	0.0783135	0.0745679	0.0700424	0.0663646	0.0616017
0.0410848	0.0424227	0.0439979	0.0444203	0.0434524	0.0419759	0.0412115	0.0419729	0.0440568	0.0468867	0.0505642	0.0539705	0.0573429	0.0619021	0.0675803	0.0738349	0.0779871	0.0811561	0.0826635	0.0838658	0.0839491	0.0852191	0.0869639	0.0890817	0.0904196	0.0910454	0.0908235	0.0895165	0.0881079	0.0872756	0.0867146	0.0858824	0.0845754	0.0826242	0.0793506	0.0759413	0.0730746	0.0721067	0.0719865	0.0733583	0.0756795	0.0793571	0.082899	0.0873226	0.0916444	0.0971191	0.100898	0.105322	0.109033	0.112914	0.116151	0.119524	0.124083	0.128608	0.132896	0.135624	0.136894	0.136333	0.135704	0.134635	0.133769	0.131851	0.129561	0.127101	0.124811	0.122758	0.120264	0.117804	0.114768	0.11163	0.108492	0.106168	0.104691	0.10413	0.103908	0.104127	0.104041	0.104531	0.105089	0.105986	0.106714	0.107441	0.108983	0.110694	0.113184	0.115913	0.119997	0.124556	0.130133	0.135607	0.141218	0.144963	0.146674	0.147096	0.147247	0.14767	0.147007	0.146073	0.144325	0.142849	0.141949	0.142439	0.144014	0.145793	0.147402	0.148638	0.149807	0.151077	0.152347	0.153447	0.154073	0.154394	0.155053	0.155849	0.156712	0.1571	0.157794	0.158216	0.158537	0.157773	0.156737	0.154582	0.151478	0.147628	0.143744	0.140776	0.137672	0.135924	0.134752	0.13487	0.135767	0.136528	0.138341	0.139272	0.140508	0.140489	0.140064	0.139503	0.1384	0.137805	0.137922	0.138887	0.139953	0.140918	0.142019	0.143119	0.143271	0.142879	0.142352	0.14152	0.141061	0.140228	0.140176	0.140395	0.141258	0.142765	0.144036	0.14578	0.146983	0.148287	0.148946	0.14903	0.148333	0.14645	0.144058	0.141428	0.139341	0.137831	0.136965	0.136336	0.135334	0.134027	0.132924	0.132804	0.132649	0.132801	0.132273	0.131407	0.130134	0.128387	0.127249	0.126179	0.126568	0.127601	0.129108	0.129768	0.129309	0.127696	0.125847	0.124676	0.123233	0.121519	0.118788	0.115989	0.113428	0.111748	0.111594	0.111575	0.112269	0.112386	0.112944	0.113197	0.11345	0.114414	0.115718	0.11726	0.118496	0.119834	0.121918	0.124307	0.126425	0.128678	0.130897	0.132947	0.134658	0.136708	0.139165	0.141961	0.144689	0.147926	0.150349	0.151517	0.15099	0.150158	0.148885	0.14812	0.146746	0.144523	0.141894	0.139061	0.136432	0.132988	0.128358	0.123355	0.117776	0.112841	0.108245	0.104734	0.102206	0.101001	0.100576	0.100693	0.101217	0.101402	0.102265	0.103671	0.106399	0.109568	0.112839	0.115601	0.117786	0.119361	0.120665	0.121054	0.120493	0.119796	0.118489	0.116945	0.115468	0.11545	0.11689	0.119516	0.121702	0.122836	0.122512	0.121951	0.120678	0.118626	0.116505	0.115198	0.114501	0.114211	0.114023	0.114242	0.114868	0.115291	0.115069	0.114677	0.114557	0.115352	0.116012	0.117316	0.119536	0.123213	0.127603	0.131992	0.135772	0.139042	0.141906	0.143821	0.145464	0.146395	0.147665	0.148257	0.148713	0.148288	0.146879	0.143944	0.140467	0.136956	0.134632	0.133088	0.133001	0.132915	0.133575	0.133658	0.13364	0.13196	0.129941	0.127277	0.124105	0.120493	0.116744	0.11442	0.114063	0.115774	0.117586	0.119534	0.121449	0.123804	0.125311	0.125971	0.126563	0.12668	0.127815	0.13	0.133881	0.138305	0.142084	0.145355	0.147167	0.149149	0.15008	0.150333	0.148721	0.146193	0.143022	0.140494	0.13817	0.135608	0.131995	0.12723	0.121989	0.116953	0.113781	0.112508	0.111777	0.111352	0.111062	0.112061	0.113467	0.115211	0.116617	0.117005	0.117428	0.117375	0.117493	0.117678	0.117388	0.117607	0.117012	0.116858	0.115754	0.114041	0.110496	0.105628	0.100218	0.0963345	0.0938068	0.0926016	0.0909216	0.0890043	0.0864766	0.084322	0.0820995	0.0800465	0.0772815	0.0754659	0.0736504	0.0732928	0.0723589	0.07251	0.0728306	0.0738633	0.0744891	0.073996	0.072689	0.0698223	0.0666503	0.063987	0.0636295	0.0648657	0.067899	0.0712036	0.0749489	0.0774736	0.0790489	0.0795391	0.0795206	0.0786884	0.0774492	0.0755319	0.0722583	0.0681369	0.0634052	0.0593517	0.0547556
0.0396265	0.0409705	0.0419416	0.0410138	0.0389331	0.0376323	0.0375183	0.0390997	0.0414271	0.04467	0.0479469	0.0511559	0.0542632	0.0588624	0.0641059	0.0696885	0.0736435	0.0765813	0.0781966	0.0796084	0.0806812	0.0826356	0.0849969	0.087087	0.0884649	0.0880458	0.0860668	0.082901	0.0799048	0.078231	0.0775067	0.0773249	0.0765666	0.074825	0.0719644	0.0692395	0.0669892	0.0661971	0.0662526	0.0677323	0.0706022	0.0747268	0.0793599	0.0845695	0.0900165	0.0961416	0.101622	0.106764	0.110787	0.113725	0.115951	0.118753	0.122809	0.127476	0.131601	0.134437	0.136222	0.136379	0.136197	0.135303	0.134681	0.133617	0.132825	0.132745	0.132936	0.133195	0.132098	0.130322	0.127869	0.125856	0.124284	0.122915	0.122225	0.122009	0.122641	0.123476	0.124753	0.126402	0.127915	0.128615	0.128332	0.127811	0.127527	0.127447	0.128181	0.130101	0.13331	0.137333	0.142136	0.146905	0.1513	0.153424	0.153955	0.153264	0.152675	0.15246	0.151973	0.151113	0.149066	0.147087	0.145752	0.145808	0.146745	0.148259	0.149976	0.150913	0.152087	0.153194	0.154572	0.155475	0.156378	0.15701	0.157371	0.15702	0.155855	0.154316	0.153117	0.152461	0.152754	0.15247	0.15161	0.148682	0.144736	0.140112	0.135319	0.131306	0.12797	0.125991	0.124148	0.122949	0.12236	0.122144	0.123014	0.124188	0.126753	0.128572	0.12978	0.129259	0.127619	0.125437	0.12434	0.124938	0.126384	0.127355	0.128156	0.128992	0.12942	0.129476	0.129531	0.130401	0.131372	0.132275	0.133517	0.134759	0.136104	0.137109	0.138181	0.139424	0.140429	0.141298	0.141218	0.140053	0.137667	0.134705	0.131946	0.129933	0.128734	0.128586	0.129184	0.12968	0.129736	0.12952	0.130152	0.131666	0.133552	0.13588	0.137766	0.139042	0.139064	0.13834	0.137242	0.136654	0.137014	0.13785	0.13821	0.137283	0.135032	0.13146	0.12826	0.127061	0.12749	0.128291	0.128177	0.127148	0.12527	0.12302	0.121651	0.121164	0.122034	0.1227	0.123264	0.12315	0.123002	0.123125	0.12413	0.125915	0.128073	0.130129	0.131473	0.132783	0.132534	0.132996	0.134001	0.13643	0.138927	0.141661	0.143955	0.145401	0.146134	0.147377	0.148721	0.149353	0.148527	0.147633	0.145688	0.143505	0.139492	0.134868	0.130312	0.126502	0.123574	0.120001	0.115682	0.109872	0.103451	0.0977419	0.0936946	0.0918173	0.0908556	0.0907077	0.0898138	0.0892251	0.0889076	0.089031	0.0902055	0.0921599	0.0961827	0.100341	0.105144	0.109099	0.113122	0.116331	0.119336	0.121901	0.123313	0.12442	0.123458	0.122327	0.120721	0.120573	0.12151	0.123363	0.12552	0.126864	0.126818	0.125992	0.124318	0.122882	0.122022	0.122213	0.12254	0.122494	0.121329	0.119994	0.118524	0.117053	0.114803	0.112349	0.111659	0.11246	0.114957	0.117963	0.122393	0.127907	0.134406	0.140531	0.145571	0.149221	0.151344	0.152112	0.152235	0.152427	0.153228	0.153487	0.153577	0.152479	0.150772	0.147843	0.144779	0.141715	0.139329	0.137757	0.137033	0.136987	0.137415	0.13764	0.137797	0.136022	0.134416	0.131793	0.12961	0.126682	0.123923	0.121876	0.120779	0.121411	0.121873	0.123082	0.123985	0.126075	0.127385	0.12839	0.129429	0.129959	0.130863	0.131901	0.135043	0.138896	0.142037	0.143347	0.142928	0.142746	0.141852	0.140619	0.138878	0.137543	0.13553	0.133144	0.130792	0.127966	0.12419	0.119193	0.11484	0.110895	0.108644	0.107717	0.107501	0.108099	0.109206	0.111703	0.114335	0.117137	0.119092	0.119452	0.119203	0.118071	0.117313	0.116996	0.117424	0.118429	0.118688	0.11854	0.117002	0.114548	0.110162	0.10486	0.0990834	0.0951038	0.0927519	0.0917562	0.090252	0.0876966	0.0847004	0.0821111	0.0800643	0.078187	0.075869	0.0744326	0.0728944	0.0720683	0.0713779	0.0716708	0.0732183	0.0753761	0.0776357	0.0783355	0.077306	0.0745471	0.0716527	0.0694024	0.0696614	0.0712089	0.0740788	0.076508	0.0778859	0.0779754	0.0768441	0.0758824	0.0751241	0.0742302	0.0729634	0.0705097	0.0668014	0.0624149	0.0578928	0.0536081	0.048713
0.0526715	0.0524743	0.0522771	0.050588	0.0487971	0.0477183	0.0483688	0.0501723	0.0530608	0.0564918	0.0597193	0.0617601	0.0626819	0.0636715	0.0651359	0.0672445	0.0692513	0.0707835	0.0723156	0.07378	0.0763972	0.0786753	0.0813264	0.0825534	0.0837804	0.0828711	0.0810464	0.0782043	0.0755658	0.0729611	0.070526	0.0692098	0.0681989	0.0674591	0.0662786	0.065505	0.0650027	0.0651107	0.0665411	0.06926	0.0729623	0.0763255	0.0795192	0.0831197	0.0874663	0.0923554	0.0971088	0.101591	0.105497	0.109369	0.113715	0.118062	0.122442	0.125737	0.128524	0.129649	0.129995	0.128848	0.127634	0.125809	0.124256	0.123177	0.123183	0.124478	0.12584	0.126932	0.126701	0.124876	0.122407	0.120345	0.119435	0.118831	0.119143	0.12037	0.122207	0.124282	0.126289	0.128465	0.129624	0.129902	0.129603	0.129101	0.128564	0.127892	0.128645	0.130211	0.132828	0.135649	0.139114	0.142545	0.14506	0.145677	0.14514	0.143858	0.143458	0.143803	0.144928	0.145443	0.14511	0.145049	0.145394	0.146045	0.14656	0.147142	0.148064	0.148579	0.149602	0.150626	0.15131	0.151452	0.151866	0.152991	0.154014	0.154563	0.153654	0.152406	0.151191	0.15079	0.151712	0.152125	0.151962	0.149493	0.146414	0.142215	0.137949	0.13392	0.130943	0.128779	0.126886	0.126011	0.126289	0.126871	0.12803	0.128884	0.13079	0.131881	0.132565	0.131656	0.129831	0.127939	0.126928	0.127782	0.129416	0.130609	0.1317	0.132181	0.13273	0.132058	0.131996	0.132783	0.133603	0.134219	0.135311	0.136911	0.138612	0.139805	0.140795	0.141276	0.141045	0.140203	0.138616	0.136011	0.133068	0.130056	0.127824	0.12661	0.126209	0.126724	0.127714	0.129314	0.130778	0.132921	0.135029	0.137477	0.139552	0.141796	0.143972	0.145708	0.147104	0.147823	0.147931	0.148276	0.148757	0.149374	0.149414	0.149013	0.147799	0.145364	0.142691	0.140527	0.139279	0.137963	0.136274	0.134212	0.132149	0.130223	0.128839	0.127658	0.126614	0.125297	0.124151	0.123682	0.123723	0.123593	0.123633	0.123267	0.123815	0.124364	0.125625	0.127462	0.128825	0.130696	0.132601	0.134846	0.136717	0.138893	0.14107	0.142771	0.143388	0.144344	0.145333	0.146289	0.146533	0.146675	0.14624	0.144721	0.141472	0.136663	0.131244	0.125994	0.120779	0.11536	0.109602	0.102962	0.0963898	0.0905978	0.0871454	0.0854902	0.0848183	0.0846211	0.083644	0.0825991	0.0812491	0.0809841	0.0816346	0.0837432	0.0872082	0.0914191	0.0962742	0.100994	0.105985	0.110602	0.115152	0.119092	0.12154	0.122733	0.121722	0.120575	0.120276	0.121029	0.122968	0.124703	0.127015	0.127428	0.126485	0.124694	0.123005	0.122266	0.122238	0.122685	0.122386	0.121545	0.120093	0.11915	0.11858	0.118213	0.1171	0.115343	0.114841	0.114983	0.117125	0.120251	0.125547	0.131894	0.138716	0.144894	0.149681	0.153824	0.157052	0.159906	0.162117	0.164157	0.166029	0.166306	0.16577	0.163809	0.161612	0.1586	0.154978	0.151255	0.147294	0.143807	0.140626	0.138361	0.136909	0.135796	0.135192	0.133062	0.131339	0.128633	0.127215	0.125933	0.12543	0.125403	0.1249	0.125585	0.125455	0.126174	0.12601	0.127203	0.127786	0.128742	0.130138	0.131671	0.13405	0.136668	0.141116	0.14553	0.148927	0.150561	0.150534	0.150269	0.149088	0.147806	0.146015	0.144394	0.141823	0.13871	0.135868	0.132856	0.129878	0.12629	0.123414	0.120538	0.118137	0.116855	0.116081	0.116427	0.116467	0.117016	0.116886	0.116621	0.116492	0.116295	0.116742	0.116918	0.117263	0.117507	0.117716	0.117757	0.117763	0.117701	0.117063	0.11534	0.111515	0.106401	0.100406	0.0962751	0.0938739	0.0931681	0.0920554	0.0896202	0.0861679	0.0827833	0.0794666	0.076455	0.0732739	0.0717882	0.0702686	0.0692576	0.068111	0.0675748	0.0682931	0.0698592	0.0721373	0.0732287	0.0723872	0.0701556	0.0673813	0.0653531	0.0649864	0.0656708	0.0669317	0.067684	0.0670121	0.0655603	0.0630235	0.0612326	0.0598486	0.058329	0.0569451	0.0550186	0.0529903	0.0502501	0.0467977	0.0425993	0.0374176
0.055663	0.0540053	0.0528224	0.0520463	0.0523553	0.0541902	0.0579239	0.0630479	0.068138	0.0725499	0.0755715	0.0768639	0.0767999	0.0762951	0.0763667	0.0769131	0.078002	0.0791587	0.0810274	0.0825911	0.0850024	0.0864642	0.0878922	0.0877604	0.0873234	0.0850554	0.0823465	0.0794003	0.0764541	0.0740166	0.0716807	0.0701247	0.0679584	0.0660634	0.0646431	0.0638331	0.0633622	0.0631626	0.063302	0.0635432	0.0640556	0.0648394	0.0660639	0.0680344	0.0708865	0.0741116	0.0777097	0.0815791	0.0862284	0.0910811	0.0964085	0.101329	0.105436	0.107915	0.108834	0.108736	0.108842	0.109287	0.110342	0.111329	0.112248	0.113608	0.11524	0.117346	0.119215	0.120405	0.120545	0.118853	0.116992	0.115504	0.115575	0.116223	0.11833	0.121114	0.124339	0.127191	0.129297	0.130623	0.131136	0.131547	0.132263	0.132843	0.133355	0.133223	0.133838	0.134893	0.136795	0.138732	0.140397	0.141486	0.142032	0.141528	0.141125	0.140654	0.14181	0.143815	0.146531	0.148163	0.148913	0.149459	0.150616	0.151908	0.153438	0.15456	0.156463	0.158061	0.160675	0.163324	0.1656	0.167096	0.167676	0.168222	0.168158	0.167959	0.166809	0.165932	0.165122	0.165058	0.165604	0.166218	0.166358	0.164937	0.162432	0.15874	0.154607	0.150033	0.1459	0.142208	0.139567	0.137943	0.137438	0.136526	0.135547	0.133448	0.132333	0.131557	0.131425	0.131124	0.130382	0.130148	0.129508	0.129681	0.130567	0.131554	0.131965	0.130612	0.129192	0.12672	0.1253	0.125507	0.127749	0.131517	0.135217	0.138543	0.140107	0.139602	0.137504	0.134388	0.131747	0.128733	0.126092	0.122196	0.118945	0.115558	0.113832	0.113667	0.11462	0.116082	0.116832	0.117649	0.118399	0.119759	0.121594	0.124005	0.127129	0.130286	0.13324	0.135685	0.138266	0.140745	0.143292	0.145873	0.147742	0.148661	0.148733	0.148736	0.148266	0.146811	0.145018	0.14258	0.140448	0.138078	0.136556	0.135509	0.134902	0.134058	0.132875	0.131455	0.129391	0.127563	0.125227	0.124146	0.123167	0.122458	0.121309	0.120093	0.119893	0.120677	0.122444	0.124482	0.126147	0.12727	0.127986	0.128397	0.129655	0.132202	0.135597	0.13872	0.140894	0.142288	0.143106	0.143788	0.14447	0.144847	0.144342	0.142142	0.138246	0.132587	0.126826	0.121642	0.117238	0.113309	0.10887	0.103991	0.0987055	0.0945386	0.092101	0.0913589	0.0911931	0.0909596	0.0902174	0.0889327	0.0879871	0.0877197	0.0895885	0.0927797	0.0969542	0.101705	0.106456	0.110868	0.114704	0.119048	0.123934	0.128821	0.132182	0.134491	0.134665	0.134567	0.135181	0.136338	0.137393	0.136854	0.135671	0.133064	0.130219	0.127002	0.124429	0.122907	0.122402	0.121727	0.120375	0.118344	0.116381	0.114351	0.113134	0.11229	0.110903	0.108805	0.107317	0.10688	0.108545	0.111838	0.116996	0.122764	0.128363	0.133419	0.13739	0.140717	0.143366	0.146048	0.1489	0.15199	0.154299	0.15549	0.15624	0.156888	0.156756	0.155878	0.153882	0.151444	0.147616	0.143449	0.139045	0.135183	0.13183	0.12885	0.127226	0.125162	0.124148	0.122558	0.122291	0.121956	0.122129	0.122675	0.122238	0.122547	0.121636	0.12164	0.12066	0.120833	0.121346	0.123181	0.125524	0.128003	0.13072	0.133538	0.137272	0.140395	0.142908	0.144167	0.144679	0.144853	0.14489	0.144284	0.143406	0.142426	0.141447	0.140366	0.139454	0.138	0.135799	0.132684	0.130111	0.128317	0.127134	0.126697	0.126633	0.127315	0.127963	0.128272	0.128446	0.128416	0.128758	0.128457	0.128359	0.127651	0.126943	0.126133	0.125865	0.12553	0.125093	0.124758	0.124287	0.123002	0.119988	0.115991	0.111654	0.107521	0.104372	0.102002	0.100107	0.0966182	0.0922818	0.0880131	0.0844566	0.0811713	0.0779538	0.0761605	0.0746724	0.0732181	0.07173	0.0703775	0.0700761	0.0706225	0.0718809	0.0726307	0.0716851	0.0703665	0.0685393	0.0671189	0.0661394	0.0657024	0.0653333	0.0643198	0.0618823	0.05897	0.0561255	0.0534166	0.0506739	0.0474903	0.0456631	0.044141	0.042992	0.0414021	0.0386933	0.0345264	0.028698
0.0627829	0.0600814	0.0575156	0.0562382	0.0568937	0.0590411	0.06285	0.0674728	0.0720955	0.0757349	0.0793742	0.0819964	0.0842116	0.084901	0.0854547	0.0858728	0.0864604	0.0869124	0.0875	0.0883589	0.0900655	0.0912974	0.0923598	0.091998	0.0910597	0.0886973	0.0868775	0.0854645	0.0840855	0.082503	0.0802084	0.0779477	0.075348	0.0740706	0.0734376	0.0728045	0.0714933	0.0699786	0.0688708	0.068509	0.0690288	0.0700912	0.0715604	0.073267	0.0751432	0.076748	0.0782851	0.0800595	0.082173	0.084863	0.0882989	0.0921078	0.095815	0.0985728	0.0999742	0.100799	0.101862	0.103772	0.105716	0.107219	0.107399	0.10758	0.108439	0.110858	0.113955	0.116577	0.117978	0.117108	0.11583	0.114926	0.115514	0.116746	0.118927	0.121549	0.123934	0.125742	0.126872	0.127562	0.127505	0.127923	0.128172	0.128488	0.127991	0.127459	0.127504	0.127956	0.129154	0.129878	0.130228	0.129798	0.12886	0.127549	0.12695	0.127063	0.128328	0.130306	0.132521	0.134059	0.135358	0.137031	0.139755	0.142411	0.145203	0.14735	0.14943	0.15178	0.154945	0.15872	0.161681	0.163761	0.163874	0.163173	0.161794	0.161263	0.160731	0.160844	0.160652	0.160765	0.160708	0.160482	0.15951	0.157656	0.155124	0.152084	0.149043	0.146138	0.143606	0.140803	0.138915	0.138011	0.138599	0.138508	0.137705	0.135106	0.132099	0.12994	0.129036	0.130234	0.131635	0.134122	0.13576	0.137196	0.138495	0.139524	0.139874	0.138631	0.136913	0.134754	0.133951	0.134505	0.136517	0.13941	0.1421	0.144349	0.144598	0.143252	0.140348	0.136324	0.132334	0.128106	0.124659	0.12094	0.117764	0.11452	0.111852	0.110405	0.109908	0.110326	0.110371	0.110925	0.111953	0.113897	0.116011	0.118633	0.122001	0.125505	0.128297	0.13041	0.133371	0.136672	0.139904	0.142628	0.144504	0.145499	0.145408	0.145487	0.145668	0.145001	0.143283	0.139869	0.136184	0.132059	0.128781	0.126486	0.125311	0.124915	0.12435	0.123649	0.122168	0.121026	0.119579	0.118845	0.118042	0.117138	0.115792	0.113905	0.112763	0.112842	0.115159	0.1189	0.123286	0.127094	0.129445	0.130406	0.131197	0.132904	0.135763	0.138555	0.140973	0.143019	0.144895	0.146534	0.1478	0.148354	0.148297	0.146681	0.144047	0.139752	0.134846	0.12933	0.124289	0.120231	0.116479	0.112726	0.108634	0.105119	0.102418	0.0998857	0.0983371	0.0971954	0.0977492	0.0987776	0.100552	0.102259	0.104474	0.107164	0.109854	0.113527	0.116997	0.120941	0.124547	0.129305	0.134979	0.140483	0.145344	0.148847	0.150588	0.151481	0.152238	0.152419	0.151379	0.148847	0.14645	0.143444	0.141759	0.139906	0.138866	0.136707	0.134989	0.132389	0.13006	0.127528	0.12598	0.124669	0.12373	0.122928	0.122023	0.121662	0.120927	0.120158	0.119729	0.120554	0.122701	0.125933	0.129776	0.133992	0.137225	0.140321	0.143418	0.146108	0.148052	0.148775	0.148956	0.148018	0.147012	0.146548	0.145949	0.144909	0.142615	0.140422	0.137415	0.134205	0.130418	0.126259	0.121659	0.117228	0.114628	0.113012	0.112412	0.112152	0.113283	0.114684	0.116662	0.119148	0.121398	0.123545	0.124268	0.125331	0.125749	0.126235	0.126856	0.128291	0.129727	0.130959	0.131851	0.133626	0.135366	0.136598	0.137254	0.138553	0.140023	0.141526	0.142588	0.143278	0.14356	0.1433	0.142769	0.141695	0.140146	0.137885	0.135116	0.132652	0.130764	0.13047	0.130515	0.131273	0.131487	0.131193	0.130255	0.128096	0.126039	0.123744	0.122874	0.122343	0.122828	0.12362	0.124614	0.125236	0.125247	0.124444	0.122997	0.121008	0.118815	0.116487	0.113683	0.110778	0.108043	0.105274	0.102911	0.100685	0.0987969	0.0957903	0.0914951	0.0870304	0.0829048	0.0797625	0.0772984	0.0760889	0.0757949	0.0753992	0.0750035	0.0740991	0.0739747	0.0742571	0.0749465	0.0758732	0.0760878	0.0760312	0.0742114	0.0721881	0.0696561	0.067565	0.0658808	0.0639592	0.0610542	0.0565217	0.0524978	0.0483722	0.0448908	0.0409686	0.0385723	0.0367525	0.0348309	0.0321972	0.0276647	0.0219793	0.0152766
0.0570716	0.0544865	0.0526475	0.0532159	0.0558866	0.060185	0.0650597	0.0702058	0.0742329	0.0770732	0.0798795	0.0821095	0.0848819	0.0865693	0.0881211	0.0887912	0.0890884	0.0897925	0.0908017	0.0924213	0.094346	0.0961352	0.0970088	0.0959496	0.0936697	0.0907117	0.0892117	0.088322	0.0877376	0.0872548	0.0869756	0.0864928	0.0854676	0.0847136	0.0839256	0.083036	0.0812987	0.0802056	0.0790108	0.0787315	0.0793677	0.081123	0.0840311	0.0871765	0.089949	0.0914329	0.0915605	0.0908744	0.0904594	0.0901123	0.0907147	0.0923682	0.0958527	0.100287	0.103805	0.106679	0.108909	0.110834	0.112216	0.11309	0.113387	0.113447	0.113744	0.115499	0.117695	0.120434	0.122019	0.12269	0.122614	0.122877	0.123581	0.124048	0.124481	0.124676	0.125075	0.125643	0.126686	0.127763	0.127891	0.127646	0.126146	0.125358	0.124604	0.125037	0.125435	0.126377	0.127522	0.128497	0.128014	0.126955	0.125048	0.123718	0.122862	0.123329	0.12427	0.125992	0.127848	0.130011	0.132444	0.134776	0.137582	0.140185	0.143161	0.145323	0.147519	0.150258	0.154386	0.159058	0.163526	0.166942	0.168392	0.168045	0.166172	0.163994	0.161748	0.160384	0.15885	0.157146	0.154765	0.152858	0.150849	0.149044	0.1469	0.144552	0.141662	0.138467	0.135237	0.132347	0.130271	0.129008	0.128525	0.127771	0.127085	0.125483	0.123509	0.121975	0.121628	0.123146	0.125274	0.128046	0.130785	0.13271	0.134329	0.135372	0.135398	0.135051	0.134094	0.133713	0.133332	0.134171	0.136096	0.138733	0.140658	0.142243	0.141625	0.139379	0.134963	0.130038	0.124876	0.119714	0.115434	0.111696	0.108941	0.10622	0.10411	0.10261	0.101653	0.101272	0.100891	0.101018	0.102061	0.103511	0.106046	0.108988	0.113321	0.11806	0.122392	0.125843	0.129022	0.13193	0.134601	0.136492	0.137637	0.137968	0.137824	0.137782	0.13869	0.139597	0.140199	0.139106	0.137335	0.135021	0.133148	0.131581	0.130555	0.130039	0.129352	0.12887	0.128048	0.127904	0.12715	0.126634	0.125981	0.126041	0.126101	0.126229	0.125814	0.126145	0.126951	0.128841	0.13063	0.132521	0.133632	0.134065	0.134701	0.135711	0.137805	0.13973	0.142197	0.14463	0.146521	0.147496	0.146573	0.144361	0.141165	0.137428	0.133588	0.128595	0.123433	0.118169	0.113686	0.110049	0.106481	0.103082	0.0991407	0.0953688	0.0922752	0.0900631	0.08897	0.0882838	0.0894287	0.0923029	0.0971099	0.10151	0.105876	0.109462	0.113015	0.116635	0.120764	0.125096	0.128886	0.132608	0.136669	0.140424	0.144078	0.147292	0.14942	0.150531	0.150218	0.149904	0.148879	0.147583	0.145879	0.144244	0.143625	0.14277	0.141371	0.138651	0.135726	0.131819	0.128522	0.125903	0.124979	0.124124	0.123471	0.12309	0.122913	0.123176	0.122965	0.122651	0.122135	0.122432	0.123882	0.12696	0.130953	0.135488	0.138973	0.14161	0.144111	0.146375	0.148469	0.149004	0.148351	0.146851	0.145487	0.145072	0.144589	0.144174	0.143149	0.14209	0.140014	0.137293	0.133352	0.128868	0.12418	0.120408	0.117993	0.116696	0.116281	0.116613	0.117995	0.119716	0.121743	0.123769	0.125219	0.125855	0.125373	0.125127	0.125051	0.125382	0.126765	0.128927	0.13075	0.131386	0.130496	0.129607	0.128412	0.12759	0.127006	0.127133	0.127464	0.128168	0.128771	0.129373	0.12984	0.130239	0.131011	0.130969	0.130384	0.129155	0.127452	0.125986	0.124927	0.125936	0.127149	0.128565	0.128862	0.128345	0.127354	0.125617	0.124557	0.12377	0.123558	0.123007	0.122389	0.122008	0.121627	0.120839	0.119305	0.117161	0.114033	0.110838	0.107846	0.105532	0.103354	0.101549	0.100388	0.0987525	0.0969474	0.0941589	0.0916755	0.088514	0.0848778	0.0814451	0.07886	0.0776652	0.0769112	0.0770388	0.0786923	0.0807527	0.0826436	0.0834833	0.0839839	0.0843827	0.0845104	0.085723	0.0867323	0.0876398	0.0870553	0.0865726	0.0857508	0.084895	0.083802	0.0822003	0.0799882	0.0762842	0.0730888	0.0693169	0.0653077	0.0606882	0.0567129	0.0534836	0.0493048	0.0450583	0.0391163	0.0330726	0.0263846
0.0619798	0.0593835	0.05655	0.0550388	0.0553587	0.0568654	0.058779	0.0607604	0.0628435	0.0650623	0.0680609	0.0715343	0.0753468	0.0782776	0.080259	0.0813249	0.08195	0.082948	0.084353	0.0867413	0.0888244	0.0905007	0.0908884	0.0898519	0.0876287	0.08449	0.0826397	0.0810268	0.0803295	0.0791235	0.0785618	0.0773219	0.0762516	0.0753508	0.0742804	0.0734813	0.0720719	0.0726292	0.0738646	0.0766259	0.0800993	0.0842508	0.0890466	0.093232	0.0967393	0.098992	0.100261	0.0998352	0.0990701	0.0983388	0.0983196	0.0994533	0.102079	0.106231	0.109772	0.112194	0.113667	0.113783	0.113493	0.113033	0.113895	0.115164	0.117654	0.120992	0.1245	0.127939	0.130293	0.132512	0.133951	0.135119	0.135608	0.134572	0.133298	0.131617	0.131225	0.131375	0.132645	0.133744	0.133657	0.132655	0.13033	0.128615	0.127579	0.128679	0.130287	0.132302	0.133843	0.134299	0.132753	0.130395	0.128104	0.126898	0.126675	0.127198	0.12745	0.127533	0.127005	0.127528	0.128594	0.130271	0.131472	0.132335	0.132926	0.13389	0.135261	0.138497	0.143089	0.148563	0.153596	0.157205	0.158305	0.157133	0.154333	0.151703	0.149887	0.149393	0.148696	0.147185	0.144758	0.141653	0.137734	0.134087	0.13105	0.128555	0.125485	0.122075	0.118868	0.115797	0.11337	0.112164	0.112552	0.113584	0.114277	0.114224	0.113187	0.111642	0.110843	0.111638	0.113891	0.116821	0.120193	0.123192	0.125377	0.125968	0.125643	0.125726	0.126385	0.127858	0.129534	0.131312	0.132886	0.133715	0.134306	0.135304	0.135285	0.134859	0.133043	0.130785	0.127477	0.123864	0.120487	0.11823	0.116346	0.114632	0.11268	0.110694	0.108538	0.106959	0.106194	0.106887	0.109445	0.1138	0.119681	0.125257	0.130764	0.135492	0.139305	0.141151	0.142793	0.143757	0.144857	0.14538	0.146073	0.146868	0.147493	0.148287	0.149625	0.15086	0.15101	0.149397	0.146733	0.143425	0.140286	0.137588	0.13584	0.135448	0.135632	0.136969	0.138035	0.13866	0.138064	0.137265	0.136602	0.136651	0.13731	0.138104	0.138017	0.137286	0.136826	0.137654	0.139432	0.142329	0.145023	0.147038	0.148036	0.148695	0.149998	0.151132	0.152707	0.15462	0.156364	0.157193	0.155919	0.153255	0.149913	0.14596	0.142448	0.138903	0.135255	0.130591	0.125045	0.119668	0.114495	0.109898	0.10547	0.101484	0.0984809	0.0961559	0.0954247	0.0957785	0.0980312	0.101878	0.106436	0.110689	0.11362	0.115635	0.117515	0.11953	0.122326	0.125867	0.130256	0.134204	0.137914	0.140574	0.143335	0.144978	0.145603	0.145617	0.144378	0.143409	0.142203	0.142048	0.142165	0.142213	0.142364	0.141497	0.140121	0.137661	0.1352	0.131688	0.128685	0.126055	0.124374	0.123202	0.122674	0.122994	0.123891	0.125363	0.126226	0.126241	0.125475	0.125592	0.127065	0.130911	0.135978	0.141113	0.144451	0.146161	0.147159	0.147818	0.148409	0.148017	0.147082	0.145232	0.143382	0.141633	0.140495	0.139933	0.139439	0.13881	0.137367	0.135109	0.132072	0.128595	0.125625	0.123402	0.122637	0.123194	0.123616	0.123563	0.123137	0.122914	0.123471	0.124401	0.126179	0.127313	0.128209	0.12897	0.130511	0.131984	0.133965	0.135133	0.134978	0.133636	0.131142	0.129698	0.128425	0.128371	0.128149	0.128435	0.129094	0.130024	0.130412	0.130325	0.129458	0.12832	0.127148	0.126077	0.124905	0.124072	0.123544	0.123966	0.124761	0.126335	0.127164	0.127178	0.126311	0.125139	0.124001	0.122388	0.121386	0.119705	0.11816	0.116039	0.113883	0.112338	0.110725	0.109011	0.106177	0.102767	0.0992214	0.0956418	0.0931134	0.0912293	0.0899216	0.0879696	0.0861194	0.0838961	0.0819442	0.0797888	0.0783793	0.0774785	0.0760691	0.0742867	0.0724704	0.0716374	0.071686	0.0722433	0.0745977	0.0771555	0.0798829	0.0814913	0.083371	0.0854541	0.0878424	0.0908072	0.0927547	0.0939901	0.0928519	0.091273	0.0884733	0.0857414	0.0831452	0.081295	0.0792074	0.0762043	0.0724891	0.0688078	0.0646179	0.060055	0.0552547	0.0502849	0.0442639	0.0376326	0.030764	0.0245396	0.0191289
0.0572905	0.0552951	0.0546221	0.055475	0.0575486	0.0600629	0.0630521	0.0659394	0.0685894	0.0705613	0.0721602	0.0732504	0.0744424	0.0762447	0.0783861	0.0805953	0.082601	0.0847763	0.086816	0.0884488	0.0888608	0.0885947	0.0873453	0.0853499	0.082405	0.0793245	0.0767527	0.0742825	0.0721854	0.0704951	0.0698561	0.0687083	0.0679336	0.0668198	0.0662824	0.0663215	0.0666658	0.0689767	0.0715589	0.0747515	0.077944	0.0806958	0.0834475	0.0853176	0.0875947	0.090143	0.0926234	0.0938832	0.0949735	0.0958602	0.0970861	0.0985154	0.100453	0.103341	0.105787	0.107827	0.109155	0.109601	0.110589	0.112222	0.115652	0.11898	0.122444	0.125229	0.126964	0.128224	0.129178	0.130709	0.132139	0.133297	0.134353	0.134426	0.134329	0.132775	0.131559	0.130208	0.12923	0.128082	0.126222	0.124566	0.123012	0.122881	0.124412	0.127299	0.129848	0.131989	0.132944	0.132576	0.12997	0.126856	0.124318	0.122899	0.122904	0.12396	0.125797	0.127294	0.128418	0.129983	0.131683	0.132977	0.133186	0.133428	0.134145	0.135304	0.137072	0.140095	0.144474	0.149125	0.153233	0.156256	0.157855	0.158233	0.157492	0.156412	0.155807	0.155744	0.155173	0.153212	0.150029	0.145762	0.140749	0.135464	0.131333	0.127879	0.124527	0.120871	0.117349	0.114337	0.111697	0.110142	0.109808	0.110017	0.109751	0.109214	0.108439	0.107698	0.108246	0.110285	0.113919	0.117688	0.121491	0.124107	0.1254	0.124829	0.123444	0.122669	0.122573	0.123629	0.124618	0.12581	0.127069	0.127787	0.128267	0.12878	0.12848	0.127841	0.125948	0.123749	0.120736	0.117893	0.116169	0.11536	0.115263	0.114624	0.114494	0.11355	0.112639	0.111763	0.111971	0.113265	0.116017	0.120396	0.126166	0.131495	0.135908	0.139779	0.14331	0.145418	0.14722	0.148209	0.150214	0.151745	0.154022	0.156198	0.157966	0.159192	0.160147	0.161542	0.162429	0.162027	0.160676	0.158545	0.157261	0.15591	0.155644	0.155344	0.155282	0.15471	0.15319	0.150787	0.147775	0.146017	0.145513	0.146671	0.148677	0.151327	0.153367	0.154559	0.155174	0.15562	0.156575	0.158004	0.159671	0.161168	0.162529	0.164026	0.165795	0.167258	0.168925	0.169913	0.169545	0.167347	0.163757	0.159422	0.155596	0.151837	0.149401	0.147134	0.144596	0.141312	0.136842	0.132676	0.127561	0.122717	0.117365	0.112759	0.109373	0.107479	0.107451	0.108134	0.109461	0.110484	0.111405	0.112257	0.113212	0.113895	0.115053	0.116313	0.118997	0.122563	0.12701	0.130643	0.133158	0.134078	0.135033	0.135038	0.134704	0.13376	0.132273	0.131905	0.131978	0.132967	0.132836	0.132028	0.129761	0.126613	0.122447	0.118655	0.115472	0.112392	0.110329	0.109011	0.108711	0.108547	0.10923	0.110253	0.111716	0.112704	0.113218	0.113359	0.113466	0.115167	0.118359	0.123484	0.128644	0.13282	0.134859	0.135407	0.135616	0.136706	0.138813	0.140989	0.142147	0.142728	0.142835	0.143485	0.144202	0.144987	0.144856	0.143302	0.140594	0.137209	0.133891	0.131353	0.13051	0.130515	0.131097	0.131238	0.130633	0.128875	0.126032	0.123494	0.122108	0.121605	0.121712	0.121446	0.121451	0.121151	0.121631	0.12228	0.123845	0.124359	0.124195	0.123556	0.122544	0.122108	0.122283	0.123949	0.125718	0.126231	0.125931	0.124818	0.123127	0.121166	0.119272	0.118124	0.117824	0.118304	0.119768	0.121604	0.124084	0.126497	0.128638	0.129796	0.12953	0.128857	0.128083	0.127952	0.127923	0.127522	0.127188	0.125565	0.123366	0.120591	0.117036	0.113345	0.108908	0.10437	0.099899	0.0954621	0.0924495	0.0898437	0.088696	0.0873109	0.0859597	0.0830149	0.0800361	0.0769556	0.0750958	0.0741177	0.0742585	0.0755182	0.0764389	0.0766815	0.0759067	0.0752338	0.0748659	0.0748372	0.0761987	0.0779671	0.0802441	0.0820803	0.084493	0.0877873	0.0913189	0.095054	0.0968563	0.0975397	0.0962224	0.0948712	0.0928758	0.0909482	0.088512	0.0863131	0.0840464	0.0814406	0.0774785	0.0730417	0.0675198	0.0616588	0.0551536	0.0488179	0.0420753	0.0358414	0.0301499	0.0258488	0.0219545
0.0596496	0.0580186	0.0573709	0.0575369	0.0590594	0.0607852	0.0630197	0.065322	0.0676243	0.0695197	0.0707031	0.0721238	0.0734766	0.0756094	0.0781491	0.0810956	0.0840761	0.0856324	0.086341	0.0856594	0.0844692	0.0833128	0.0826312	0.0825938	0.0821496	0.0813323	0.0793622	0.0774259	0.0752184	0.0738926	0.0728379	0.071546	0.0707287	0.0703183	0.0714339	0.0732614	0.0749873	0.0779678	0.0807787	0.0837253	0.0855868	0.0869058	0.0876144	0.0873396	0.0880822	0.0898419	0.0932971	0.0957351	0.0980713	0.0996954	0.100879	0.10118	0.100431	0.099919	0.0990678	0.098827	0.0992304	0.100651	0.102648	0.105357	0.10922	0.11298	0.116503	0.118364	0.119683	0.119782	0.120185	0.121165	0.123162	0.125193	0.127021	0.128408	0.129523	0.12935	0.128126	0.126664	0.125203	0.12408	0.122619	0.121496	0.12051	0.11976	0.119485	0.119719	0.119614	0.119577	0.11876	0.117264	0.114243	0.110747	0.108438	0.106874	0.107074	0.107478	0.109034	0.109946	0.110553	0.111363	0.112886	0.114917	0.116948	0.119657	0.123384	0.127788	0.132091	0.136258	0.14029	0.144254	0.147709	0.150452	0.152008	0.152615	0.153087	0.153965	0.155487	0.157247	0.158396	0.158969	0.157915	0.154927	0.150211	0.144985	0.140642	0.13701	0.134294	0.131578	0.129235	0.126112	0.122785	0.119696	0.11776	0.116366	0.114362	0.112663	0.111812	0.112317	0.114484	0.118244	0.122954	0.12763	0.131594	0.134303	0.135791	0.135618	0.135174	0.134323	0.134082	0.134452	0.135635	0.136411	0.136984	0.13654	0.135689	0.134227	0.132562	0.130728	0.129063	0.126991	0.125936	0.125289	0.125421	0.125146	0.124159	0.122155	0.120524	0.118995	0.118551	0.118581	0.119358	0.120473	0.12264	0.1264	0.131551	0.135921	0.139716	0.142493	0.145405	0.147165	0.149569	0.151431	0.154309	0.156781	0.160169	0.163149	0.165045	0.165109	0.163885	0.162152	0.160894	0.159466	0.159056	0.157967	0.157455	0.156265	0.155346	0.153851	0.151779	0.148791	0.144922	0.140341	0.13654	0.134333	0.134397	0.135173	0.137476	0.139948	0.142792	0.144417	0.145837	0.147258	0.150103	0.153728	0.157759	0.161994	0.165687	0.169651	0.172936	0.175001	0.175574	0.174113	0.171668	0.168375	0.165523	0.163248	0.161821	0.159918	0.157982	0.155673	0.152889	0.149155	0.144439	0.139586	0.13487	0.13056	0.126962	0.124517	0.123293	0.122951	0.12349	0.12413	0.124093	0.122157	0.118864	0.116284	0.115026	0.115497	0.117358	0.120169	0.123625	0.127385	0.131959	0.136025	0.139039	0.140528	0.141847	0.142182	0.142111	0.141802	0.14207	0.142677	0.142945	0.142772	0.141242	0.138357	0.133708	0.128245	0.123122	0.119253	0.117215	0.116058	0.115614	0.114695	0.113403	0.112348	0.11204	0.112714	0.113898	0.115691	0.117553	0.119075	0.120632	0.122968	0.125372	0.127776	0.129502	0.130109	0.128783	0.126508	0.124334	0.123652	0.12392	0.125612	0.127643	0.129979	0.131298	0.132583	0.13336	0.133119	0.131454	0.128534	0.126022	0.123611	0.122556	0.122858	0.124414	0.125292	0.125696	0.125116	0.123451	0.120497	0.116798	0.113675	0.111942	0.110786	0.110816	0.110643	0.111216	0.111959	0.113651	0.115444	0.117136	0.117472	0.117333	0.117567	0.118513	0.120679	0.123151	0.126471	0.128536	0.128973	0.127749	0.125813	0.12347	0.121703	0.120987	0.121527	0.122506	0.12369	0.124839	0.125378	0.126663	0.128525	0.130793	0.131705	0.131736	0.131359	0.131152	0.131522	0.132061	0.132363	0.132257	0.130593	0.127707	0.123499	0.118104	0.112845	0.107484	0.103174	0.09961	0.0966226	0.0945847	0.092072	0.0893559	0.0862667	0.0831776	0.0795799	0.0763551	0.0742494	0.0733304	0.0735982	0.0743068	0.0759309	0.0770804	0.0776194	0.077616	0.0773413	0.0773039	0.0771309	0.0776021	0.0785481	0.0803079	0.0826102	0.0860993	0.0909786	0.0955189	0.0993132	0.100463	0.100256	0.0981499	0.0958407	0.0937349	0.091697	0.0890826	0.0860273	0.0827348	0.0785267	0.0725554	0.066245	0.0597311	0.0533529	0.046839	0.0406981	0.0347946	0.0287894	0.0236319	0.0196611	0.016199
0.0577062	0.0589214	0.0617303	0.0652513	0.0689418	0.0724628	0.0756108	0.079064	0.0812286	0.0827829	0.0836251	0.0847047	0.0857843	0.0866943	0.0883842	0.0894977	0.0907808	0.0901988	0.0891761	0.0869666	0.0850622	0.083836	0.0832541	0.0834181	0.0828701	0.0825255	0.0809603	0.0795306	0.0772194	0.0757558	0.0752078	0.075304	0.0765532	0.0784465	0.0820014	0.0853868	0.08806	0.0899873	0.0907956	0.0906884	0.0896657	0.088236	0.0874168	0.0866992	0.0880839	0.0907911	0.0951937	0.0982739	0.100608	0.101586	0.102259	0.101677	0.100247	0.0987835	0.097659	0.0983995	0.100666	0.104492	0.108352	0.111907	0.114614	0.116067	0.116807	0.1167	0.116898	0.116994	0.117904	0.11956	0.121962	0.124805	0.127004	0.129304	0.130553	0.130683	0.128677	0.126162	0.123343	0.120997	0.118754	0.116714	0.115149	0.113956	0.112425	0.110215	0.106684	0.103592	0.100535	0.0982578	0.0957431	0.0938048	0.092816	0.0920306	0.0921607	0.0919518	0.0930653	0.0940431	0.0958009	0.0984063	0.102266	0.106635	0.111173	0.115983	0.121708	0.127162	0.131937	0.135458	0.138674	0.141754	0.14497	0.14866	0.152995	0.157771	0.162445	0.166271	0.16908	0.170566	0.170798	0.170453	0.168583	0.165288	0.161214	0.157038	0.154354	0.151601	0.150104	0.147691	0.145108	0.141068	0.136451	0.131325	0.126369	0.122193	0.118695	0.116587	0.116242	0.11817	0.12203	0.126975	0.132056	0.136526	0.140047	0.141432	0.14146	0.140641	0.139923	0.139545	0.138624	0.13889	0.138986	0.138777	0.13772	0.13507	0.131843	0.127091	0.12366	0.120162	0.117682	0.114421	0.112449	0.110714	0.109793	0.108736	0.107747	0.106521	0.1056	0.104781	0.105114	0.105685	0.106697	0.107065	0.107941	0.10919	0.111185	0.112604	0.114294	0.116526	0.119471	0.123263	0.127665	0.132339	0.136945	0.140636	0.144394	0.147237	0.149232	0.149701	0.149967	0.150233	0.151889	0.153206	0.15554	0.157162	0.158615	0.158609	0.157383	0.155038	0.151811	0.147431	0.141967	0.136672	0.133377	0.132354	0.133569	0.135463	0.138238	0.140979	0.143483	0.145952	0.147744	0.149841	0.152819	0.156679	0.160811	0.164773	0.168361	0.171475	0.173843	0.174821	0.174951	0.173251	0.170227	0.166865	0.163502	0.16153	0.159558	0.158027	0.156258	0.153811	0.150584	0.146951	0.143486	0.139853	0.137033	0.134857	0.133801	0.133049	0.132671	0.132835	0.132931	0.132586	0.131903	0.130575	0.128603	0.127105	0.12615	0.126823	0.128276	0.130474	0.133249	0.13599	0.138935	0.141032	0.143162	0.144479	0.146	0.147079	0.148091	0.148967	0.149504	0.149634	0.148747	0.146775	0.143684	0.139779	0.134958	0.129901	0.12525	0.121616	0.119712	0.118655	0.118446	0.117796	0.116977	0.116226	0.116322	0.117232	0.118583	0.119594	0.120674	0.121041	0.121816	0.122556	0.123331	0.123766	0.123354	0.122602	0.121105	0.12015	0.119941	0.121461	0.123117	0.12535	0.126701	0.128018	0.127673	0.127566	0.127526	0.126843	0.125345	0.122763	0.121197	0.119225	0.117897	0.117112	0.116869	0.116423	0.115231	0.113089	0.110439	0.108059	0.106189	0.105743	0.106551	0.108377	0.10966	0.110163	0.10992	0.109508	0.109434	0.110582	0.112305	0.113995	0.11538	0.117002	0.118455	0.119602	0.120784	0.122134	0.123214	0.122768	0.121202	0.118925	0.117122	0.116439	0.11779	0.120666	0.123984	0.12625	0.127771	0.128138	0.128811	0.129585	0.130834	0.13127	0.131162	0.131157	0.131558	0.132231	0.132293	0.131644	0.13001	0.12831	0.125795	0.12328	0.11985	0.116555	0.112752	0.108372	0.104332	0.100122	0.0963185	0.0923118	0.0877287	0.0835864	0.0795458	0.0762852	0.0739739	0.0730868	0.0735221	0.0749069	0.0762238	0.0775068	0.0777048	0.0768855	0.0756932	0.0749418	0.0753771	0.0765923	0.0784518	0.0804129	0.082442	0.0850135	0.0883988	0.0929032	0.0969667	0.100657	0.103297	0.104274	0.104167	0.103416	0.103546	0.102964	0.1015	0.098511	0.0949112	0.0890057	0.0815403	0.0735664	0.0666097	0.0607042	0.0550021	0.0504529	0.0453611	0.0406763	0.0357202	0.0320187	0.0282494
0.0564632	0.0592316	0.0620339	0.0649718	0.0681132	0.0713902	0.0737517	0.0765201	0.0785086	0.0805988	0.0823838	0.0844401	0.0861234	0.0864165	0.086574	0.0859176	0.0854308	0.0840624	0.0828635	0.081529	0.080737	0.0802841	0.0797633	0.0797173	0.0795696	0.0795575	0.0787655	0.0779735	0.0773172	0.0778137	0.0798022	0.0832149	0.0867631	0.0901758	0.0931137	0.095543	0.0970568	0.0985367	0.0997792	0.100547	0.100976	0.101269	0.102579	0.104093	0.106454	0.108646	0.110906	0.111877	0.11173	0.11087	0.109773	0.108845	0.107951	0.1076	0.107893	0.108525	0.109734	0.110943	0.111778	0.112342	0.112636	0.113166	0.11373	0.114329	0.115266	0.116848	0.118972	0.12191	0.12478	0.127616	0.129469	0.130915	0.132022	0.132993	0.133049	0.132969	0.132889	0.132673	0.13144	0.128648	0.125245	0.121164	0.116744	0.112425	0.108141	0.1045	0.101063	0.0988473	0.097072	0.0957036	0.0946064	0.0933397	0.0923104	0.0905689	0.0895396	0.089697	0.091143	0.0943522	0.0989516	0.104263	0.110083	0.115124	0.121317	0.126662	0.131906	0.135556	0.13907	0.142652	0.146777	0.151648	0.156654	0.160948	0.164124	0.165841	0.166337	0.165749	0.165398	0.166098	0.166594	0.16587	0.164637	0.162964	0.161629	0.15904	0.156383	0.152471	0.147882	0.141936	0.134972	0.12784	0.121487	0.117236	0.114952	0.113923	0.114351	0.114984	0.116023	0.116892	0.118575	0.121344	0.124553	0.126779	0.128055	0.129569	0.131524	0.133851	0.134822	0.136235	0.136697	0.136041	0.134164	0.130523	0.126442	0.120903	0.116958	0.113453	0.111203	0.108207	0.105991	0.103402	0.101253	0.0996137	0.0989573	0.0986401	0.0984923	0.0982768	0.0989089	0.0987612	0.0986813	0.0978215	0.0976738	0.0978651	0.0990737	0.100655	0.103492	0.107345	0.111605	0.116408	0.121177	0.126082	0.130037	0.132704	0.134963	0.136511	0.137923	0.138759	0.140137	0.141583	0.144046	0.145831	0.148057	0.149232	0.149457	0.14819	0.145533	0.142673	0.139507	0.136545	0.133278	0.130553	0.128846	0.128223	0.129161	0.130946	0.133273	0.135702	0.137759	0.140459	0.142685	0.145657	0.149544	0.154347	0.159794	0.164394	0.168315	0.170541	0.17219	0.172585	0.172302	0.170899	0.168378	0.165992	0.16303	0.160984	0.158632	0.156212	0.153081	0.149135	0.145597	0.142262	0.139266	0.13549	0.132629	0.13065	0.130164	0.130457	0.131292	0.132264	0.13198	0.13112	0.129989	0.129299	0.128778	0.129105	0.129771	0.131082	0.132629	0.134414	0.13603	0.137103	0.138549	0.140266	0.142729	0.144752	0.146198	0.147169	0.147937	0.148942	0.150151	0.150478	0.14955	0.147334	0.14427	0.140765	0.136752	0.133281	0.130624	0.128849	0.12782	0.126994	0.126032	0.124664	0.123533	0.122944	0.123475	0.124785	0.126536	0.127643	0.128479	0.128127	0.128692	0.129222	0.130092	0.130215	0.129288	0.128055	0.126246	0.125081	0.124628	0.124955	0.125044	0.124897	0.124342	0.123584	0.121978	0.120847	0.120224	0.119602	0.118437	0.116865	0.115666	0.113688	0.111946	0.110612	0.109955	0.109265	0.108609	0.107715	0.107364	0.107759	0.109171	0.111396	0.11308	0.115204	0.116548	0.117757	0.118355	0.118885	0.119755	0.121031	0.122749	0.124771	0.126386	0.127459	0.128058	0.128385	0.128678	0.128971	0.128857	0.128506	0.127748	0.128109	0.129521	0.131509	0.133498	0.135249	0.137136	0.13831	0.138841	0.139032	0.139563	0.140127	0.140013	0.139458	0.138802	0.137807	0.136777	0.135884	0.134854	0.133418	0.131032	0.129291	0.126939	0.124621	0.122032	0.119884	0.117295	0.113688	0.10937	0.104678	0.0995122	0.0951259	0.0907736	0.0877436	0.0840355	0.0807682	0.0777383	0.0757934	0.0743233	0.0733617	0.0721628	0.0708283	0.0689852	0.0676846	0.0675707	0.0685081	0.0704627	0.073265	0.0763724	0.0789374	0.0807563	0.0830161	0.0860557	0.0897396	0.0927793	0.0955477	0.0975023	0.098304	0.0980545	0.0975338	0.0971487	0.0959159	0.0931572	0.0893474	0.0849951	0.0798628	0.0742219	0.0684454	0.0635844	0.058893	0.0545067	0.050629	0.0466158	0.0425347	0.0385214	0.0352541	0.0325632
0.0611377	0.063771	0.0664042	0.0688001	0.0712299	0.0737614	0.0758182	0.0781802	0.0800336	0.0819887	0.0835368	0.0841356	0.0840222	0.0825865	0.0812186	0.0795115	0.0785166	0.077759	0.0770353	0.076176	0.0746046	0.0728976	0.0705124	0.0687037	0.0669966	0.0661373	0.0659901	0.0662837	0.0676623	0.0700582	0.0741834	0.0790207	0.0834172	0.0868642	0.0890567	0.0903675	0.0913053	0.0918701	0.0933166	0.095136	0.0977015	0.0994531	0.101747	0.103804	0.106098	0.107714	0.1095	0.110811	0.111681	0.111872	0.112064	0.112833	0.114143	0.115658	0.11707	0.117906	0.118234	0.118019	0.118109	0.118708	0.119442	0.120448	0.121962	0.123442	0.124685	0.125928	0.127036	0.128211	0.128843	0.130493	0.132584	0.135455	0.138766	0.142145	0.145389	0.147107	0.147909	0.146405	0.143308	0.138142	0.13318	0.127947	0.123832	0.120328	0.117672	0.115218	0.112257	0.110245	0.108707	0.108153	0.107497	0.106774	0.106253	0.105665	0.105857	0.107236	0.109767	0.113079	0.116729	0.119871	0.122945	0.125138	0.128517	0.131896	0.136157	0.139977	0.144204	0.148227	0.151979	0.155664	0.159213	0.162321	0.164072	0.164705	0.164083	0.16302	0.161822	0.161607	0.161324	0.159922	0.157672	0.15427	0.150868	0.146177	0.141113	0.135371	0.129493	0.123581	0.117568	0.111927	0.107576	0.105021	0.104399	0.104523	0.105088	0.105212	0.105065	0.10529	0.107178	0.110387	0.114207	0.116773	0.11788	0.118513	0.118705	0.119744	0.119427	0.119958	0.119608	0.118986	0.117685	0.115707	0.113559	0.110089	0.107331	0.1042	0.101848	0.0986156	0.0955522	0.0922515	0.0899342	0.0896174	0.0912334	0.0932902	0.0949401	0.0950302	0.0949847	0.0936507	0.0929948	0.0913556	0.0907676	0.0905186	0.0916938	0.0938184	0.0972315	0.102137	0.106737	0.111472	0.115224	0.119248	0.122356	0.124752	0.126605	0.127848	0.129634	0.131826	0.134731	0.137533	0.140065	0.14141	0.142008	0.141929	0.141544	0.140855	0.139554	0.138288	0.137124	0.13657	0.13588	0.135292	0.135043	0.135608	0.137597	0.140162	0.142897	0.145598	0.147655	0.150525	0.152514	0.15491	0.157069	0.159363	0.161793	0.163104	0.164686	0.16542	0.167002	0.168516	0.170234	0.171172	0.170245	0.168402	0.165203	0.162581	0.160026	0.158251	0.15651	0.154769	0.153367	0.151694	0.149852	0.147195	0.145149	0.143544	0.142651	0.141757	0.141	0.14031	0.139112	0.138388	0.138953	0.140738	0.142863	0.144106	0.144874	0.144727	0.144614	0.144839	0.145743	0.146274	0.146466	0.146455	0.146545	0.145753	0.143707	0.141491	0.139479	0.138518	0.137828	0.137647	0.136754	0.135284	0.133306	0.131701	0.130401	0.128863	0.127427	0.125551	0.124013	0.121933	0.120803	0.120452	0.121966	0.124023	0.126521	0.128205	0.129448	0.129368	0.128577	0.126598	0.125807	0.125626	0.127242	0.128586	0.129151	0.128936	0.128721	0.129388	0.130122	0.130687	0.130235	0.129172	0.127634	0.126097	0.12439	0.122818	0.121959	0.121202	0.1198	0.118025	0.115606	0.112983	0.110462	0.109603	0.109998	0.111377	0.112857	0.114406	0.115208	0.116078	0.116609	0.117919	0.118586	0.120575	0.123039	0.12635	0.129289	0.131379	0.133267	0.134781	0.136532	0.137606	0.138035	0.136871	0.134926	0.132439	0.131207	0.130755	0.131523	0.132732	0.134551	0.13688	0.139445	0.14201	0.144169	0.146158	0.148045	0.149763	0.150938	0.152012	0.152712	0.152734	0.151434	0.148947	0.146359	0.143567	0.141147	0.139373	0.138513	0.138163	0.137032	0.136003	0.134127	0.131911	0.128407	0.124326	0.119432	0.113283	0.106998	0.100849	0.0959886	0.0921793	0.089082	0.086629	0.0833622	0.0797902	0.0753027	0.0710865	0.0672093	0.0644512	0.0623372	0.061071	0.06011	0.0602679	0.0615448	0.0643815	0.0680659	0.0720216	0.0761807	0.0792209	0.0816168	0.0836736	0.0864764	0.0892791	0.0912342	0.092545	0.0927708	0.0914368	0.0886786	0.0860221	0.0835691	0.0814891	0.0785275	0.0756337	0.0718243	0.0676759	0.0630867	0.0584975	0.0542134	0.0493868	0.044289	0.0392589	0.0344323	0.0304535	0.0276275	0.0258187	0.0252307
0.0696205	0.0707208	0.0722281	0.0745152	0.0774466	0.0801745	0.0822582	0.0829516	0.0834077	0.0831517	0.0826583	0.0809443	0.0790268	0.0773466	0.0762429	0.0760208	0.0762395	0.0770347	0.0775925	0.0771669	0.0754529	0.0727894	0.0697868	0.0671233	0.0657144	0.0656958	0.0663214	0.0672183	0.0696071	0.0736236	0.0783521	0.0830128	0.0866563	0.089079	0.0901454	0.0906354	0.0919392	0.0935821	0.0971577	0.101039	0.105191	0.107444	0.109154	0.10995	0.110779	0.111743	0.113488	0.11608	0.118334	0.120248	0.121857	0.12411	0.126566	0.128481	0.129479	0.128952	0.127001	0.124846	0.123912	0.124876	0.127028	0.129959	0.133399	0.135652	0.137092	0.137344	0.137461	0.137171	0.13739	0.138897	0.141829	0.145879	0.150743	0.154929	0.158878	0.161131	0.16291	0.161535	0.158125	0.152308	0.146762	0.140878	0.136485	0.133008	0.130751	0.128257	0.124441	0.121065	0.118062	0.116382	0.114499	0.113463	0.112936	0.112883	0.113746	0.115558	0.118015	0.119861	0.121674	0.12274	0.123976	0.125212	0.128008	0.131584	0.136176	0.140396	0.144209	0.146768	0.148309	0.148867	0.148475	0.1471	0.144776	0.142553	0.140466	0.13943	0.138937	0.139935	0.140425	0.139695	0.136997	0.132536	0.127025	0.120835	0.115086	0.109743	0.105215	0.101059	0.0973787	0.0937318	0.0914074	0.0902359	0.0898443	0.0899951	0.0903834	0.0907378	0.0905157	0.0914125	0.0944117	0.0990385	0.103564	0.1068	0.108138	0.108458	0.108168	0.108523	0.108199	0.108892	0.109281	0.109737	0.109684	0.109665	0.109036	0.107017	0.104082	0.1003	0.0974331	0.0942949	0.0923095	0.0906972	0.0906447	0.0918128	0.0934557	0.0946238	0.0952155	0.0944509	0.0935167	0.0918705	0.091038	0.0902734	0.0904921	0.0916603	0.0942187	0.0978282	0.102353	0.106878	0.110556	0.113521	0.115673	0.117892	0.120145	0.122907	0.126042	0.128295	0.130548	0.13192	0.133461	0.134086	0.134237	0.133337	0.13203	0.130282	0.128839	0.127769	0.127513	0.127495	0.127239	0.127152	0.126964	0.127047	0.12713	0.127756	0.13028	0.133483	0.138008	0.141923	0.145498	0.148294	0.149496	0.150664	0.151934	0.15412	0.156644	0.158355	0.160608	0.162183	0.164911	0.167266	0.169146	0.168992	0.167176	0.164174	0.160764	0.157863	0.156624	0.156537	0.156485	0.155924	0.155363	0.154191	0.152172	0.148966	0.145963	0.143028	0.141382	0.140482	0.140904	0.141462	0.141511	0.14156	0.141982	0.14254	0.143267	0.143384	0.144112	0.144059	0.144854	0.145785	0.147496	0.148596	0.149256	0.149407	0.147964	0.14547	0.141281	0.137396	0.133716	0.131289	0.13005	0.130404	0.131098	0.131588	0.131298	0.130432	0.128955	0.126698	0.124781	0.122863	0.12159	0.120317	0.120129	0.120619	0.122736	0.125057	0.12731	0.128546	0.129782	0.13051	0.130898	0.13054	0.1312	0.132198	0.134112	0.135315	0.135364	0.134023	0.131868	0.130425	0.128914	0.127845	0.126707	0.126281	0.12667	0.127126	0.127751	0.127055	0.126019	0.123491	0.120183	0.116943	0.113805	0.111955	0.110885	0.112562	0.115154	0.118527	0.121356	0.123542	0.1241	0.124047	0.123418	0.123399	0.123177	0.124786	0.128091	0.13231	0.136564	0.139903	0.142325	0.143019	0.14239	0.140371	0.138351	0.135552	0.133601	0.131954	0.132207	0.133206	0.134238	0.135033	0.135829	0.137675	0.139386	0.141571	0.143044	0.145026	0.14694	0.14994	0.152803	0.155734	0.157988	0.158986	0.158391	0.155558	0.152929	0.149858	0.147805	0.146532	0.14692	0.14802	0.148103	0.146932	0.144235	0.140486	0.135449	0.129598	0.123951	0.119049	0.114962	0.111145	0.108075	0.105445	0.103019	0.100186	0.0963018	0.0911969	0.0843627	0.077325	0.071169	0.0671831	0.0650282	0.0641279	0.0641771	0.0654131	0.0674289	0.0702247	0.0729526	0.0757823	0.0788154	0.0817807	0.0849155	0.0880842	0.0915921	0.0945573	0.0956916	0.0950287	0.092806	0.0889218	0.0837152	0.0782373	0.0736071	0.0697907	0.0659405	0.0627683	0.059291	0.056458	0.0532859	0.0497408	0.0455853	0.039904	0.0343922	0.0291856	0.0260135	0.0238925	0.023094	0.022465	0.0224463
0.0787399	0.0795016	0.0808735	0.0827541	0.0852451	0.0873969	0.0893115	0.0891915	0.087783	0.0853233	0.0825584	0.0792172	0.0764184	0.0750777	0.0745847	0.0743291	0.07387	0.0731397	0.0717312	0.0689324	0.065659	0.0627246	0.060977	0.0598397	0.0597876	0.0607187	0.0620568	0.0635644	0.0660214	0.0693262	0.0721223	0.0739351	0.075341	0.0769842	0.0790004	0.081627	0.0849318	0.0879313	0.091643	0.094846	0.0974726	0.097963	0.0979447	0.09735	0.0976369	0.098941	0.101771	0.10589	0.110212	0.113618	0.116109	0.117888	0.119599	0.120157	0.119461	0.118323	0.116949	0.116761	0.117692	0.119641	0.121928	0.124046	0.126741	0.128519	0.130671	0.131602	0.133076	0.134211	0.137244	0.141973	0.148465	0.155771	0.162704	0.167433	0.170297	0.170957	0.170871	0.168886	0.166562	0.163153	0.160286	0.156674	0.153434	0.149381	0.145158	0.140833	0.136102	0.132116	0.12847	0.126552	0.124601	0.124244	0.124768	0.126717	0.129581	0.131766	0.133172	0.132747	0.131746	0.130066	0.128962	0.129215	0.130723	0.132943	0.136078	0.139383	0.141874	0.142805	0.14282	0.14226	0.141156	0.139951	0.138916	0.138491	0.138235	0.138454	0.138368	0.137909	0.135992	0.13265	0.127444	0.121051	0.114048	0.107417	0.102177	0.0980561	0.0956642	0.093781	0.0927115	0.0910318	0.0901319	0.0891642	0.0881626	0.0878391	0.0890755	0.0924819	0.0966683	0.10194	0.108059	0.113907	0.118059	0.120143	0.12043	0.119327	0.117444	0.115628	0.11405	0.113727	0.114183	0.115657	0.116859	0.11796	0.117806	0.116262	0.113802	0.110054	0.107188	0.104558	0.103591	0.103301	0.103791	0.104146	0.103755	0.102075	0.10026	0.0975288	0.0954421	0.0935928	0.0932354	0.0937597	0.095369	0.098233	0.101673	0.105012	0.108113	0.109892	0.111603	0.113246	0.115466	0.118194	0.121601	0.12633	0.131364	0.135618	0.139465	0.142024	0.143328	0.142937	0.142037	0.140934	0.140509	0.140321	0.14115	0.142115	0.143555	0.143842	0.143112	0.141805	0.140532	0.139598	0.139343	0.140274	0.142934	0.146137	0.150595	0.15373	0.155882	0.156067	0.15415	0.151216	0.148417	0.147178	0.146651	0.146497	0.1477	0.14958	0.152139	0.153206	0.153018	0.150694	0.1482	0.145605	0.143247	0.141059	0.139989	0.140276	0.141377	0.142308	0.142493	0.141661	0.13971	0.136844	0.13435	0.132263	0.132042	0.132159	0.133734	0.135649	0.137394	0.138257	0.138646	0.138729	0.138948	0.138184	0.138132	0.138554	0.140605	0.142994	0.145756	0.147704	0.148229	0.147024	0.14375	0.139256	0.133914	0.128911	0.12496	0.122297	0.120651	0.120463	0.120682	0.121172	0.121425	0.121204	0.120846	0.119472	0.118436	0.11774	0.118569	0.120111	0.122975	0.125974	0.129143	0.130685	0.13087	0.130038	0.129579	0.129595	0.130492	0.131525	0.133371	0.134743	0.136658	0.137487	0.137605	0.135789	0.133872	0.132023	0.129767	0.127409	0.125119	0.124829	0.125591	0.126691	0.127385	0.125943	0.123076	0.11787	0.112664	0.108237	0.105608	0.104776	0.105436	0.10813	0.111028	0.114231	0.116722	0.118874	0.119161	0.118837	0.118107	0.118292	0.119596	0.122664	0.127528	0.132427	0.136749	0.139816	0.140849	0.140187	0.137795	0.135233	0.133689	0.132789	0.132703	0.13299	0.134566	0.136277	0.137208	0.137054	0.136629	0.136237	0.135812	0.136438	0.138251	0.141183	0.144488	0.148369	0.152386	0.15525	0.155977	0.154806	0.152652	0.149582	0.147291	0.145171	0.144271	0.144151	0.145218	0.146658	0.146673	0.145027	0.141381	0.136582	0.130494	0.124474	0.119369	0.115587	0.112653	0.110023	0.107835	0.104799	0.100983	0.0961158	0.0916894	0.0870257	0.0819551	0.076342	0.0719834	0.0695916	0.0697428	0.0707418	0.0722833	0.0735197	0.0746882	0.0763314	0.0779747	0.0803978	0.0838721	0.0887366	0.0945506	0.100432	0.105161	0.107924	0.10777	0.10531	0.101426	0.0960164	0.0906745	0.084824	0.0805333	0.0762426	0.0728335	0.0696279	0.0666257	0.0630131	0.0585868	0.0529397	0.0464789	0.0392042	0.033252	0.0285204	0.0260947	0.0243132	0.023515	0.0221404	0.0206641
0.0734151	0.0771903	0.0799483	0.0824688	0.0848199	0.0872387	0.0888098	0.0884143	0.0868998	0.0843341	0.0815989	0.0788298	0.0772135	0.0772588	0.077677	0.0785361	0.0782084	0.0769651	0.0740943	0.0703079	0.0668945	0.0643966	0.063662	0.0635038	0.0646681	0.0661714	0.067573	0.0686355	0.0696641	0.0710657	0.0719926	0.0728517	0.0737785	0.0753836	0.0781754	0.081815	0.0856919	0.089501	0.0938526	0.097526	0.100013	0.101109	0.102172	0.103065	0.104127	0.106275	0.108795	0.112672	0.115973	0.119273	0.120912	0.121093	0.119918	0.117759	0.115803	0.114425	0.113859	0.114346	0.114967	0.115521	0.115804	0.116595	0.117793	0.1195	0.12219	0.125219	0.128621	0.131786	0.136172	0.140693	0.146096	0.151634	0.156596	0.158371	0.157433	0.154901	0.152708	0.150855	0.15012	0.14969	0.149261	0.147441	0.144265	0.139326	0.133573	0.12765	0.122101	0.117399	0.11368	0.111488	0.109566	0.109374	0.11003	0.112076	0.114494	0.116439	0.117535	0.117512	0.117558	0.117806	0.119276	0.121796	0.125436	0.128635	0.131901	0.13449	0.136027	0.136242	0.135846	0.135654	0.135089	0.134693	0.135179	0.136649	0.138695	0.139995	0.140243	0.138797	0.135824	0.132173	0.127878	0.123753	0.119526	0.115943	0.113072	0.110879	0.1095	0.108223	0.107251	0.105567	0.104324	0.102538	0.100515	0.0989326	0.0994865	0.10238	0.106596	0.110982	0.114723	0.116735	0.117289	0.116757	0.116091	0.115831	0.116249	0.117176	0.118069	0.119606	0.120974	0.122002	0.12276	0.123212	0.123122	0.121471	0.119448	0.117052	0.116317	0.116566	0.118849	0.121709	0.124297	0.124512	0.12215	0.118431	0.114781	0.111198	0.109242	0.10861	0.109638	0.111582	0.114272	0.117675	0.120433	0.12258	0.124389	0.125282	0.126175	0.127305	0.129452	0.132278	0.136053	0.140507	0.145164	0.148769	0.150951	0.151369	0.150804	0.149798	0.149131	0.148769	0.149764	0.151234	0.153449	0.155224	0.156557	0.155857	0.153291	0.150657	0.149041	0.149086	0.150217	0.152398	0.155699	0.159406	0.163859	0.167058	0.168629	0.167691	0.164515	0.160322	0.156976	0.154648	0.153574	0.152941	0.153801	0.154829	0.155756	0.15414	0.150455	0.144566	0.139186	0.135163	0.132326	0.130777	0.130144	0.130834	0.131727	0.131942	0.130495	0.128133	0.125126	0.122527	0.12091	0.12004	0.120865	0.122335	0.12516	0.12819	0.130982	0.132281	0.13253	0.131829	0.131705	0.131276	0.131592	0.132316	0.134361	0.136645	0.138894	0.140397	0.139561	0.136656	0.131446	0.126472	0.12194	0.119069	0.117487	0.116718	0.115577	0.114232	0.112989	0.111847	0.11118	0.110344	0.110152	0.10979	0.109835	0.110152	0.111655	0.113972	0.117103	0.120167	0.122891	0.123411	0.122303	0.120246	0.119749	0.120506	0.123196	0.126496	0.129831	0.131639	0.13199	0.131391	0.129741	0.127277	0.124982	0.123637	0.122665	0.121558	0.120823	0.120733	0.120642	0.119874	0.118631	0.116404	0.112991	0.108119	0.104028	0.101258	0.100863	0.101858	0.104209	0.107102	0.109318	0.110821	0.111951	0.113082	0.113975	0.115173	0.117185	0.120349	0.124599	0.129527	0.133913	0.136773	0.137632	0.137338	0.135552	0.133665	0.131845	0.131178	0.131596	0.132557	0.13345	0.134106	0.134897	0.135688	0.135666	0.13466	0.133043	0.131563	0.130727	0.131721	0.134276	0.137678	0.141216	0.144787	0.147884	0.149083	0.148077	0.146257	0.14498	0.145127	0.146732	0.148439	0.149739	0.149953	0.149761	0.14923	0.148156	0.145794	0.142177	0.137543	0.132638	0.128072	0.124421	0.122093	0.120069	0.117639	0.113683	0.108269	0.101669	0.0952714	0.090366	0.0866814	0.0840479	0.0812787	0.079459	0.0783853	0.0788375	0.0788149	0.0784533	0.0773457	0.0767467	0.0773684	0.079143	0.0824774	0.086829	0.0919605	0.0971937	0.101681	0.104439	0.104891	0.102936	0.0993867	0.0961429	0.0927634	0.0901977	0.0867165	0.084083	0.0805679	0.0776293	0.0744532	0.0711077	0.0666092	0.060924	0.0546623	0.048638	0.0433596	0.0405566	0.0389742	0.0383074	0.0361147	0.03321	0.0293558	0.0254677
0.0656011	0.0700837	0.0732099	0.0755901	0.0778008	0.0799776	0.0813406	0.0814829	0.0802689	0.0786818	0.0768574	0.0759825	0.076023	0.077013	0.0775283	0.0780436	0.0775755	0.0760563	0.073079	0.069254	0.0661411	0.063842	0.0632044	0.0630754	0.0631838	0.0634956	0.0634345	0.0642549	0.0643633	0.0652516	0.0655295	0.0668925	0.0687641	0.0718225	0.0761355	0.0807198	0.0844224	0.0871079	0.0895898	0.0924787	0.0953675	0.0983242	0.10162	0.104984	0.107601	0.109812	0.111344	0.113284	0.114579	0.114959	0.113643	0.110971	0.107756	0.104813	0.102751	0.102215	0.102866	0.104432	0.105253	0.10492	0.103503	0.102425	0.101617	0.102302	0.104343	0.107944	0.111681	0.115316	0.119256	0.123128	0.127712	0.13172	0.13505	0.135531	0.133435	0.130051	0.127074	0.12603	0.12668	0.128281	0.129678	0.12982	0.128436	0.125629	0.121939	0.118182	0.115069	0.112872	0.111522	0.110986	0.110111	0.11005	0.110294	0.112267	0.114546	0.116655	0.118425	0.119483	0.121117	0.122887	0.126623	0.130529	0.135114	0.13824	0.14079	0.14256	0.143414	0.144336	0.145224	0.146893	0.14829	0.149992	0.152236	0.154277	0.155742	0.155444	0.153653	0.149794	0.145461	0.141398	0.137777	0.135105	0.133246	0.132303	0.13075	0.128858	0.12683	0.124362	0.1223	0.119865	0.119295	0.118726	0.119241	0.119451	0.120916	0.12333	0.126524	0.128802	0.129589	0.128104	0.126177	0.123336	0.12219	0.122332	0.124916	0.127771	0.130185	0.131887	0.132368	0.132307	0.131941	0.132015	0.132395	0.132774	0.133256	0.133568	0.134456	0.135514	0.13725	0.138341	0.139026	0.137405	0.134598	0.130806	0.127388	0.124411	0.123197	0.12378	0.125584	0.127659	0.129632	0.131572	0.132731	0.133891	0.135423	0.137092	0.138895	0.14097	0.143317	0.14546	0.147433	0.149271	0.151244	0.152641	0.153393	0.153434	0.153068	0.152905	0.153657	0.154919	0.156994	0.158831	0.160466	0.161897	0.162412	0.161605	0.159509	0.157956	0.157454	0.158546	0.160519	0.16334	0.166229	0.169016	0.171057	0.171844	0.17063	0.168297	0.16515	0.161935	0.159704	0.157778	0.156801	0.155553	0.155017	0.154651	0.154251	0.152121	0.148398	0.143386	0.13851	0.134685	0.131843	0.13046	0.129483	0.12932	0.129598	0.129706	0.128153	0.125719	0.123216	0.122544	0.123568	0.125406	0.12782	0.129624	0.131292	0.132587	0.134222	0.135042	0.135693	0.135327	0.135571	0.134797	0.134058	0.133929	0.134682	0.135706	0.135882	0.135583	0.133182	0.128883	0.123227	0.118351	0.114865	0.113142	0.112199	0.112036	0.11089	0.108964	0.106631	0.104603	0.104135	0.103904	0.105267	0.106461	0.107688	0.108712	0.110991	0.113947	0.11687	0.11942	0.121766	0.122485	0.121712	0.120769	0.121488	0.123664	0.12713	0.130697	0.13345	0.133965	0.132887	0.131198	0.129136	0.126905	0.125013	0.124206	0.123466	0.122015	0.120258	0.118264	0.115864	0.112378	0.108756	0.105101	0.100801	0.0963995	0.0932527	0.0917674	0.0923166	0.0938152	0.0965684	0.098847	0.0997691	0.0998775	0.0998163	0.100501	0.101864	0.104414	0.107642	0.111345	0.115081	0.118784	0.121028	0.121781	0.120669	0.119251	0.117223	0.116009	0.115982	0.117616	0.120268	0.122953	0.125198	0.126866	0.128059	0.128609	0.129022	0.129334	0.129578	0.129652	0.129625	0.130887	0.132758	0.134833	0.136162	0.136915	0.13682	0.135233	0.132493	0.130736	0.130743	0.133767	0.137877	0.141817	0.143519	0.143288	0.141735	0.139267	0.136595	0.133448	0.130199	0.126035	0.121769	0.117571	0.113848	0.109752	0.105588	0.101051	0.0959371	0.0892638	0.0815055	0.0746288	0.0702951	0.0689116	0.0699016	0.0719427	0.0737465	0.0750078	0.0760995	0.0767165	0.0772996	0.077408	0.0789744	0.0812868	0.0849217	0.0892008	0.094531	0.0996239	0.104242	0.107436	0.109104	0.10867	0.106405	0.103563	0.101535	0.100084	0.0999212	0.0992836	0.0987816	0.0960756	0.0932	0.0896802	0.0861265	0.081759	0.0766116	0.0717354	0.0667915	0.0630682	0.0613116	0.0606062	0.0592226	0.0551942	0.0496399	0.0430683	0.0368019
0.0620306	0.0669232	0.0710019	0.0744703	0.0770232	0.0786267	0.0789077	0.0782732	0.0768588	0.0758174	0.0753864	0.0760065	0.077203	0.0780605	0.0786467	0.0783513	0.0781237	0.0770823	0.0760409	0.0740161	0.0721948	0.0701023	0.0684505	0.066731	0.0646045	0.0626137	0.0605889	0.0597849	0.0588791	0.0594992	0.0600854	0.0619262	0.0642078	0.067405	0.0717211	0.0757999	0.0794378	0.082262	0.0846114	0.0869269	0.0894459	0.0929143	0.0975695	0.102632	0.107253	0.110857	0.113783	0.115827	0.11682	0.116626	0.115755	0.114442	0.11279	0.111783	0.111555	0.11204	0.112829	0.114026	0.115121	0.116046	0.116632	0.117761	0.118754	0.12029	0.121927	0.124514	0.126897	0.129484	0.131528	0.132623	0.133379	0.133185	0.132618	0.130119	0.126704	0.123255	0.121502	0.120935	0.121182	0.12126	0.120523	0.119312	0.117152	0.115534	0.113136	0.111179	0.108714	0.106825	0.105105	0.104674	0.104684	0.105711	0.106738	0.108477	0.109572	0.110328	0.111083	0.112246	0.114595	0.117691	0.12255	0.127476	0.132606	0.136719	0.139916	0.142163	0.14397	0.146015	0.14833	0.150646	0.152486	0.154463	0.155626	0.156381	0.155849	0.154638	0.152104	0.148554	0.144494	0.141079	0.13797	0.13642	0.135988	0.136812	0.136415	0.134899	0.132704	0.130578	0.12913	0.127478	0.127318	0.127531	0.128558	0.128636	0.128578	0.128249	0.127919	0.126742	0.124853	0.121608	0.118905	0.115795	0.114754	0.115001	0.117587	0.120378	0.122592	0.123686	0.12312	0.121366	0.120291	0.120402	0.122447	0.124728	0.127654	0.130071	0.132929	0.134838	0.13695	0.137706	0.138055	0.136979	0.135395	0.134625	0.133787	0.133967	0.13479	0.137241	0.139862	0.141703	0.142967	0.143384	0.143936	0.14459	0.146295	0.148509	0.149841	0.151445	0.152709	0.153872	0.154255	0.153688	0.153799	0.153199	0.15253	0.150947	0.150549	0.150627	0.152434	0.154037	0.15581	0.156396	0.155728	0.155365	0.155476	0.156266	0.15709	0.158727	0.161246	0.164477	0.167301	0.169583	0.171322	0.172451	0.172392	0.171283	0.169157	0.167369	0.165718	0.164778	0.164516	0.164221	0.163824	0.162681	0.160826	0.157987	0.154945	0.152107	0.149505	0.146328	0.142133	0.138379	0.134726	0.132803	0.13105	0.13011	0.128764	0.127078	0.124646	0.122316	0.121038	0.121658	0.124143	0.126696	0.129181	0.130377	0.131404	0.131991	0.133662	0.13557	0.137954	0.139659	0.140923	0.142018	0.142435	0.142716	0.141674	0.139989	0.137218	0.133905	0.129405	0.124159	0.118709	0.114616	0.111676	0.110363	0.108305	0.106415	0.103102	0.0997211	0.0966791	0.0945866	0.0945624	0.0948773	0.0968199	0.098186	0.0999251	0.101088	0.102759	0.103989	0.104372	0.105026	0.105782	0.106673	0.107565	0.109202	0.11223	0.115529	0.11876	0.121075	0.122034	0.121332	0.119341	0.117554	0.115902	0.115437	0.115074	0.115999	0.116416	0.116188	0.114333	0.110918	0.106486	0.101477	0.0970787	0.0932908	0.090893	0.0895804	0.0900988	0.0914309	0.0936447	0.0966384	0.100107	0.103813	0.10562	0.106613	0.106148	0.106632	0.107659	0.110314	0.113647	0.117115	0.120041	0.121949	0.122163	0.12102	0.11869	0.116563	0.114844	0.11465	0.115541	0.116907	0.118104	0.119029	0.119988	0.120066	0.120449	0.120662	0.121791	0.123258	0.124896	0.127042	0.128374	0.130995	0.132666	0.134269	0.13333	0.132119	0.129925	0.128273	0.12757	0.129106	0.132947	0.138281	0.143987	0.148846	0.151534	0.151951	0.150638	0.148512	0.146453	0.144293	0.142336	0.139599	0.136388	0.13182	0.127286	0.12187	0.116217	0.109344	0.101826	0.093528	0.0849928	0.0779496	0.0736191	0.0721369	0.0723501	0.0736823	0.074472	0.0749564	0.0748645	0.0751455	0.076715	0.0783524	0.0817191	0.085018	0.0895036	0.0933111	0.0973899	0.100485	0.102699	0.103251	0.102413	0.100728	0.0981605	0.0961697	0.0954673	0.0962909	0.097657	0.0980737	0.0973713	0.0947023	0.0911856	0.0872281	0.083508	0.0803642	0.0771527	0.0753314	0.0733745	0.0727061	0.0722072	0.0714032	0.0690055	0.0638951	0.0580048	0.0513346	0.0459529
0.0737865	0.0765942	0.0796392	0.0824469	0.0846442	0.0854852	0.0850377	0.0837086	0.0812266	0.0798296	0.0793482	0.0799179	0.0809624	0.0816677	0.0822036	0.0813491	0.0811729	0.0805897	0.0812273	0.0808815	0.0812139	0.0804951	0.079132	0.0764127	0.0723031	0.0679222	0.0633718	0.0603472	0.0577974	0.0576889	0.0576144	0.0584893	0.0603137	0.0631553	0.0672175	0.0710425	0.0752404	0.0789636	0.0815678	0.0836295	0.0858269	0.0888041	0.0927647	0.0974712	0.101669	0.10485	0.107183	0.108261	0.108492	0.106993	0.106139	0.105657	0.106159	0.107	0.107841	0.108309	0.108336	0.108601	0.109713	0.111605	0.113837	0.116237	0.118876	0.120971	0.123406	0.125908	0.12892	0.131625	0.133823	0.134969	0.135098	0.134074	0.132507	0.130941	0.12968	0.128995	0.129259	0.129524	0.130195	0.129578	0.128283	0.126615	0.124981	0.12399	0.122526	0.121671	0.120546	0.119929	0.119006	0.118864	0.118315	0.118206	0.117488	0.117142	0.115914	0.114551	0.113799	0.113995	0.116057	0.118695	0.122757	0.127193	0.131255	0.134809	0.13687	0.138729	0.140383	0.14275	0.145897	0.148603	0.150733	0.152489	0.153194	0.152645	0.150502	0.148156	0.145708	0.143497	0.140947	0.138703	0.135814	0.134145	0.133291	0.133827	0.13321	0.131338	0.128619	0.126069	0.124943	0.124191	0.125167	0.126381	0.127799	0.127995	0.127412	0.12649	0.12489	0.122713	0.120299	0.117749	0.115707	0.113429	0.112778	0.112636	0.11429	0.115674	0.116786	0.116983	0.115857	0.11446	0.113063	0.11326	0.114644	0.117485	0.120835	0.123711	0.126281	0.127122	0.127658	0.126126	0.124762	0.123196	0.122511	0.123386	0.124295	0.126221	0.127604	0.130412	0.132677	0.134569	0.135512	0.135811	0.136686	0.138137	0.140538	0.143074	0.144492	0.146112	0.147259	0.148303	0.148568	0.148256	0.148147	0.147869	0.148032	0.148466	0.150596	0.152861	0.156109	0.157527	0.158436	0.157649	0.156523	0.156313	0.157799	0.160911	0.164702	0.168832	0.172284	0.174923	0.175357	0.174502	0.172766	0.171335	0.168887	0.165897	0.163008	0.161577	0.161197	0.161428	0.162269	0.163279	0.162967	0.161469	0.158071	0.15386	0.149513	0.146556	0.145532	0.144746	0.143111	0.140494	0.137571	0.134478	0.131522	0.128735	0.126829	0.125602	0.125256	0.125792	0.12704	0.129542	0.133231	0.137192	0.140474	0.141892	0.142801	0.143099	0.144652	0.146375	0.148742	0.150464	0.150797	0.150824	0.149766	0.148742	0.145684	0.141472	0.136244	0.131286	0.12677	0.122457	0.118957	0.116102	0.113349	0.110358	0.105774	0.101902	0.0973175	0.09392	0.0913363	0.0912617	0.0934591	0.096165	0.0998204	0.102187	0.104079	0.105022	0.106541	0.108128	0.108427	0.109336	0.110041	0.111798	0.113961	0.117515	0.121645	0.124758	0.126548	0.127152	0.126874	0.124866	0.122215	0.119936	0.11898	0.119245	0.119306	0.119672	0.118377	0.115657	0.111039	0.105878	0.101158	0.0968115	0.0935157	0.0903216	0.0882126	0.08668	0.0868089	0.0876838	0.0896777	0.092621	0.0962086	0.0998301	0.10118	0.102258	0.102319	0.103669	0.105832	0.109216	0.112736	0.115137	0.116012	0.116344	0.115693	0.115381	0.115069	0.115639	0.115632	0.115694	0.114975	0.114663	0.114351	0.11509	0.116542	0.117688	0.118698	0.1192	0.120584	0.122849	0.125589	0.129075	0.13134	0.133537	0.133191	0.132913	0.130906	0.129713	0.12835	0.128478	0.130303	0.133484	0.137444	0.141913	0.145908	0.149631	0.151218	0.151686	0.150255	0.147332	0.143528	0.140402	0.138157	0.135573	0.13187	0.126574	0.120633	0.113709	0.106989	0.0998274	0.0926322	0.0849961	0.0778347	0.0717584	0.0676149	0.065811	0.065194	0.0658993	0.0661978	0.0671405	0.0678798	0.0698398	0.0737325	0.0785747	0.0842307	0.0889712	0.0930674	0.0958411	0.0982419	0.100609	0.102569	0.104224	0.104522	0.104515	0.103322	0.102739	0.1028	0.103946	0.105669	0.10617	0.105248	0.101613	0.0974698	0.0928855	0.0894202	0.0872094	0.0853716	0.0845511	0.0823404	0.0803331	0.0775459	0.0747926	0.0717002	0.0678619	0.0639557	0.0594053	0.0551601
0.0759726	0.0775052	0.0799533	0.0822658	0.0841714	0.0845511	0.0840153	0.0827335	0.0802989	0.0785763	0.0775657	0.0776064	0.0784269	0.0793492	0.0804409	0.0802442	0.0800814	0.0797152	0.0802305	0.0804407	0.081329	0.0814714	0.0806982	0.0781957	0.0752185	0.071631	0.0686877	0.06588	0.0640896	0.0632825	0.0624755	0.0616684	0.0614717	0.0625296	0.0649777	0.0677649	0.0712303	0.0754756	0.0790427	0.0816942	0.0837355	0.0863192	0.0898524	0.0937925	0.0978683	0.1013	0.103883	0.10528	0.106033	0.106142	0.106793	0.107511	0.108773	0.109898	0.111126	0.111641	0.112258	0.113418	0.115527	0.118382	0.121339	0.12494	0.128744	0.132108	0.135302	0.13775	0.140063	0.142002	0.144043	0.145305	0.145481	0.144267	0.142409	0.140211	0.138387	0.137275	0.13701	0.13661	0.136617	0.13564	0.134155	0.131856	0.129828	0.12814	0.126756	0.126152	0.125854	0.125962	0.125528	0.125671	0.125474	0.126125	0.126403	0.126783	0.125433	0.123744	0.122361	0.122164	0.12329	0.124653	0.12683	0.12921	0.131489	0.133937	0.135639	0.137646	0.139823	0.142373	0.14516	0.147269	0.148531	0.149283	0.148917	0.148212	0.146421	0.144156	0.141382	0.138778	0.135665	0.132654	0.129406	0.127615	0.126334	0.126035	0.12455	0.122759	0.120325	0.11945	0.11905	0.118955	0.118826	0.118256	0.117483	0.116066	0.115564	0.115028	0.114763	0.113753	0.112471	0.110409	0.107703	0.105235	0.103783	0.103349	0.103627	0.1036	0.103743	0.104021	0.104231	0.104407	0.104583	0.10598	0.107818	0.110436	0.112918	0.115569	0.118119	0.119889	0.12132	0.121632	0.121673	0.121476	0.121923	0.123897	0.126413	0.129471	0.132225	0.135385	0.138172	0.140417	0.141746	0.142363	0.14298	0.14414	0.145299	0.146357	0.14694	0.148608	0.150955	0.153708	0.15619	0.157316	0.157662	0.156617	0.155776	0.155274	0.156468	0.157967	0.160008	0.161066	0.162361	0.162842	0.163866	0.165365	0.168254	0.171618	0.175422	0.179023	0.182183	0.18436	0.184943	0.184543	0.183668	0.182963	0.180935	0.178297	0.175456	0.173563	0.171264	0.168898	0.166666	0.164774	0.162	0.158786	0.154859	0.150322	0.145446	0.141147	0.138474	0.135938	0.133402	0.130391	0.128024	0.125216	0.122137	0.117973	0.114386	0.111476	0.110364	0.110676	0.112005	0.114419	0.117376	0.120841	0.123493	0.125534	0.127813	0.130091	0.13298	0.135734	0.138487	0.140664	0.140874	0.14105	0.140345	0.139334	0.136222	0.131651	0.125995	0.120339	0.114683	0.110281	0.107135	0.105276	0.103079	0.099695	0.0949206	0.0903497	0.0861179	0.0835137	0.0822658	0.0835272	0.0861109	0.0894746	0.0931773	0.0966088	0.099396	0.101844	0.103648	0.105994	0.107391	0.109568	0.110965	0.11226	0.113895	0.1158	0.118113	0.118967	0.119483	0.119116	0.119496	0.119503	0.119713	0.119686	0.120133	0.121022	0.121401	0.121205	0.119211	0.115623	0.109425	0.102752	0.0965192	0.0925587	0.0899205	0.0881979	0.0874587	0.0871263	0.0873704	0.0873772	0.0882655	0.0899676	0.092687	0.0960168	0.0990414	0.101795	0.104141	0.1072	0.111106	0.115283	0.119427	0.122655	0.124018	0.123618	0.121827	0.120783	0.120315	0.120491	0.120396	0.119792	0.118172	0.116313	0.114659	0.114326	0.114367	0.114645	0.114957	0.115845	0.11714	0.119182	0.121731	0.125197	0.12873	0.131721	0.13305	0.13343	0.132826	0.132833	0.132941	0.134304	0.136718	0.14015	0.143717	0.147454	0.150444	0.154011	0.156256	0.157924	0.157456	0.156242	0.153909	0.151543	0.148633	0.145656	0.141729	0.136548	0.130383	0.123744	0.117444	0.110805	0.104335	0.0977295	0.0917684	0.0858072	0.0810668	0.0777505	0.075621	0.0743731	0.0734304	0.0737084	0.0745289	0.0768414	0.0810867	0.0866205	0.0921543	0.096976	0.100204	0.102144	0.102761	0.103242	0.103622	0.104408	0.104619	0.10493	0.104259	0.103825	0.103154	0.103296	0.10371	0.103581	0.102299	0.0994233	0.0956662	0.0904511	0.0860836	0.0827674	0.0811804	0.080475	0.0792611	0.077708	0.0744595	0.0706346	0.0661994	0.0616963	0.0577018	0.0540804	0.0518492
0.0749118	0.0769048	0.0789996	0.0798737	0.0800357	0.07935	0.0781896	0.0768257	0.0744785	0.0725721	0.0708014	0.069641	0.0700742	0.0714569	0.0731109	0.073985	0.0743166	0.0742073	0.0739963	0.0742601	0.0755411	0.0769916	0.0775605	0.0770444	0.0757144	0.0735706	0.0716303	0.0690458	0.0672411	0.0654703	0.0652594	0.0656248	0.0680587	0.0709673	0.0749609	0.0782425	0.0816258	0.0849074	0.0878838	0.0906568	0.0928194	0.0950159	0.0975176	0.100969	0.104149	0.107837	0.11044	0.11301	0.114291	0.114385	0.113089	0.110776	0.108869	0.107099	0.107159	0.108576	0.112061	0.115207	0.118454	0.121668	0.124543	0.127349	0.129716	0.132048	0.134109	0.135423	0.136704	0.137477	0.13886	0.139564	0.140031	0.139312	0.137982	0.136007	0.133932	0.132364	0.131068	0.130416	0.131189	0.131859	0.132123	0.13042	0.128785	0.12637	0.124938	0.123947	0.124245	0.124814	0.125654	0.126935	0.127809	0.128751	0.128845	0.128702	0.127169	0.125873	0.125899	0.127316	0.130055	0.132353	0.135397	0.138442	0.141418	0.143886	0.144726	0.145227	0.144813	0.144364	0.144221	0.144112	0.144003	0.144097	0.144632	0.144794	0.143769	0.140879	0.13721	0.133167	0.129769	0.127523	0.126295	0.125914	0.125432	0.124713	0.123077	0.121849	0.120282	0.11963	0.118639	0.117818	0.117064	0.116107	0.115896	0.115787	0.116899	0.116925	0.115799	0.112875	0.108968	0.104824	0.100645	0.0980268	0.0967647	0.0970284	0.0981059	0.0990139	0.0997524	0.100694	0.102111	0.103663	0.10491	0.106835	0.10815	0.10994	0.111187	0.113723	0.116767	0.119879	0.122652	0.123967	0.124807	0.124562	0.124792	0.125598	0.127998	0.130703	0.133544	0.136351	0.138581	0.141083	0.142567	0.143611	0.143739	0.144986	0.147149	0.149786	0.152695	0.155366	0.158071	0.159657	0.161311	0.161948	0.161364	0.159458	0.15711	0.155781	0.155671	0.156918	0.158606	0.160125	0.161507	0.16289	0.164612	0.165961	0.166869	0.167031	0.167566	0.168677	0.170331	0.172833	0.174826	0.175971	0.175964	0.175753	0.175033	0.17394	0.172475	0.170738	0.168289	0.16523	0.162916	0.160501	0.157985	0.154519	0.150951	0.147044	0.14273	0.138314	0.134339	0.131077	0.128662	0.126823	0.126476	0.125384	0.123715	0.120215	0.117189	0.114706	0.113817	0.114624	0.116718	0.120203	0.124502	0.129513	0.133405	0.136246	0.138612	0.140707	0.142801	0.144286	0.145906	0.146848	0.146535	0.145646	0.144079	0.142444	0.139656	0.135884	0.130757	0.125256	0.119009	0.112864	0.107974	0.104847	0.103076	0.100763	0.0980426	0.0948816	0.0911102	0.0877119	0.0853986	0.0853571	0.0867738	0.0896145	0.0925909	0.0957708	0.0981029	0.100944	0.103649	0.107066	0.110042	0.112985	0.115181	0.116598	0.117981	0.119737	0.122408	0.125147	0.127716	0.129336	0.129837	0.128813	0.126838	0.124593	0.123127	0.122408	0.121417	0.119612	0.116587	0.11268	0.107552	0.102119	0.0971612	0.0936611	0.0906696	0.0883903	0.0858735	0.0839332	0.0820607	0.0808325	0.0809945	0.0826824	0.0856588	0.0890082	0.0922898	0.0953001	0.0987851	0.102609	0.107756	0.112597	0.117065	0.120788	0.122713	0.123045	0.121206	0.119401	0.118309	0.118098	0.118531	0.118388	0.117601	0.116237	0.115178	0.114696	0.114519	0.115155	0.115555	0.115683	0.11476	0.114651	0.115592	0.117857	0.121342	0.124725	0.127702	0.129356	0.130637	0.131578	0.132113	0.133055	0.134574	0.137618	0.140899	0.144656	0.14709	0.149524	0.151076	0.15256	0.152926	0.152681	0.150774	0.147478	0.142791	0.138104	0.133485	0.129205	0.124688	0.12017	0.11528	0.109813	0.104041	0.098371	0.0933111	0.0887599	0.0848529	0.0821666	0.0802602	0.0793372	0.0791262	0.0804072	0.0825698	0.0854106	0.0887261	0.0928214	0.0965099	0.100164	0.102395	0.104151	0.104855	0.105255	0.10579	0.106596	0.107165	0.107259	0.106709	0.106091	0.105066	0.104041	0.103051	0.102229	0.100764	0.0984842	0.095764	0.0918231	0.0879162	0.0838396	0.0809838	0.07884	0.0772727	0.075502	0.0724427	0.0688409	0.0646287	0.0612643	0.0579337	0.0557221	0.0538157
0.078101	0.079979	0.0817213	0.0815987	0.0803232	0.0776236	0.0750596	0.0730381	0.0715592	0.0699786	0.0689404	0.0682414	0.0690682	0.0695221	0.0697386	0.0689039	0.0675606	0.0657087	0.0642636	0.0638019	0.0645271	0.0660321	0.0673675	0.0684656	0.0684787	0.068017	0.0669449	0.0650591	0.0633428	0.0615587	0.0619786	0.0635515	0.0669892	0.0705965	0.0743395	0.0768278	0.0785363	0.0799735	0.0821566	0.0847806	0.0876759	0.0908424	0.0945853	0.0990064	0.103801	0.109035	0.113151	0.116182	0.11745	0.117293	0.115747	0.113691	0.112551	0.112768	0.114985	0.119135	0.124031	0.128621	0.13189	0.134751	0.136697	0.13888	0.141063	0.143517	0.145226	0.145442	0.145116	0.144655	0.145312	0.145393	0.145067	0.143317	0.140888	0.137816	0.135421	0.134417	0.134125	0.134036	0.133913	0.133452	0.132109	0.129443	0.126947	0.124688	0.124226	0.124578	0.125846	0.127147	0.128788	0.131005	0.132849	0.134456	0.135215	0.13516	0.134088	0.133423	0.135131	0.138739	0.143431	0.147344	0.150849	0.153202	0.154639	0.155602	0.155954	0.155899	0.15459	0.1525	0.150411	0.148593	0.147012	0.145771	0.144597	0.143152	0.140859	0.136939	0.131832	0.126114	0.121584	0.119359	0.118761	0.118469	0.117533	0.11524	0.111828	0.108857	0.106666	0.105866	0.104421	0.103179	0.10187	0.101781	0.102744	0.104079	0.10555	0.104885	0.102999	0.0993161	0.0954297	0.0916789	0.0882333	0.0865848	0.0861909	0.0872212	0.0888619	0.090333	0.0915667	0.0929021	0.0945428	0.0965903	0.0982649	0.100618	0.103174	0.106679	0.109948	0.114063	0.118044	0.121617	0.123597	0.124559	0.125556	0.126213	0.127922	0.1298	0.133712	0.137523	0.142215	0.146636	0.150922	0.154936	0.157696	0.159506	0.160095	0.161058	0.162631	0.164407	0.166827	0.168739	0.170312	0.170054	0.168846	0.166587	0.164057	0.161561	0.159404	0.158095	0.157429	0.15751	0.157862	0.159367	0.161279	0.163598	0.165001	0.165421	0.165265	0.1646	0.165359	0.167237	0.170641	0.175096	0.179381	0.182107	0.182662	0.181285	0.179162	0.176598	0.174509	0.172385	0.169482	0.165935	0.162422	0.159213	0.156107	0.152797	0.14908	0.145261	0.140765	0.13603	0.131161	0.127647	0.125795	0.125232	0.12572	0.125699	0.124593	0.121113	0.117329	0.113408	0.111285	0.110925	0.112905	0.116377	0.121035	0.125965	0.130047	0.133315	0.136109	0.139072	0.141458	0.143167	0.1444	0.145227	0.145749	0.146203	0.145877	0.145415	0.143665	0.140626	0.135146	0.128411	0.120829	0.113653	0.1078	0.103948	0.102435	0.10099	0.0997143	0.0971503	0.0940098	0.0908694	0.0884071	0.0871995	0.0872125	0.0883784	0.0898156	0.0921683	0.0951653	0.0992134	0.102787	0.106258	0.109323	0.112015	0.11369	0.114889	0.116496	0.119018	0.122422	0.126064	0.12923	0.130701	0.130375	0.128862	0.126909	0.124412	0.122255	0.120505	0.119297	0.117683	0.115899	0.113877	0.110398	0.105901	0.100726	0.0966701	0.0923089	0.0888972	0.0858924	0.084583	0.0838501	0.083524	0.083944	0.0847369	0.0858011	0.0870348	0.0883703	0.0896718	0.0912786	0.0934278	0.0968656	0.100371	0.103707	0.107247	0.11004	0.111172	0.110032	0.108214	0.107278	0.106884	0.107745	0.108233	0.108585	0.107648	0.10661	0.105606	0.104839	0.105123	0.105442	0.105455	0.104281	0.10365	0.104748	0.107304	0.111793	0.116451	0.120974	0.122886	0.122967	0.122268	0.122417	0.124125	0.127088	0.131475	0.136744	0.141369	0.144773	0.147363	0.15036	0.152543	0.15381	0.154264	0.153158	0.149272	0.143283	0.138006	0.134256	0.131692	0.12906	0.126055	0.121151	0.114688	0.108292	0.103423	0.09957	0.0959888	0.0931874	0.090793	0.0893479	0.0879707	0.0882889	0.0900991	0.0932656	0.0968729	0.100175	0.103477	0.105491	0.107165	0.107958	0.108887	0.109103	0.10837	0.107773	0.106532	0.105697	0.104727	0.10457	0.104515	0.103986	0.103931	0.103639	0.103754	0.102783	0.101643	0.0992829	0.0952608	0.0906962	0.0861316	0.0831946	0.0806985	0.0797621	0.0790291	0.0777875	0.0756304	0.0723883	0.0699938	0.0676672	0.0662222	0.0650145
0.0878656	0.0882196	0.0874886	0.0848247	0.0815166	0.0782763	0.0757142	0.0745423	0.0737773	0.0731819	0.0731968	0.0729404	0.0735318	0.0730381	0.0723748	0.0704231	0.0686747	0.0669264	0.0661953	0.0662442	0.0674459	0.0700039	0.0720872	0.073628	0.0727274	0.0711147	0.0684848	0.0660244	0.0648525	0.0646639	0.0671542	0.0699835	0.0742708	0.0780157	0.0817266	0.0846237	0.0864697	0.0875018	0.0881949	0.0892949	0.0909374	0.0927494	0.0951718	0.0986793	0.103068	0.107797	0.111372	0.11332	0.113707	0.112739	0.111601	0.111209	0.111868	0.113172	0.115289	0.118186	0.121185	0.122793	0.123792	0.125061	0.126805	0.129397	0.132328	0.135226	0.137004	0.137629	0.13822	0.138473	0.138589	0.13718	0.134991	0.132259	0.129426	0.127847	0.127828	0.129572	0.131723	0.133095	0.133957	0.133158	0.130834	0.127017	0.123437	0.12074	0.120178	0.120363	0.121225	0.121545	0.122679	0.124084	0.125422	0.125742	0.12535	0.123907	0.122226	0.121563	0.123816	0.128273	0.133611	0.138509	0.142966	0.146609	0.148353	0.148877	0.148417	0.14755	0.145768	0.142629	0.140372	0.138082	0.136164	0.133873	0.132091	0.12963	0.126559	0.122404	0.118383	0.114838	0.113124	0.114156	0.115968	0.117407	0.117863	0.116759	0.114535	0.112414	0.110869	0.109799	0.108085	0.107455	0.107606	0.109723	0.111773	0.113483	0.113159	0.110495	0.106136	0.100895	0.0966372	0.0936343	0.0922589	0.0928503	0.0943911	0.0963727	0.0978117	0.0987422	0.0985875	0.0985346	0.0984817	0.0986662	0.0985794	0.0991368	0.101559	0.105541	0.110439	0.115574	0.12054	0.124522	0.126775	0.127976	0.129687	0.131838	0.135379	0.139124	0.144225	0.14875	0.153546	0.157969	0.162663	0.167018	0.170458	0.17227	0.172997	0.173283	0.174383	0.175992	0.178109	0.179311	0.179088	0.177103	0.173252	0.168961	0.164839	0.162853	0.161817	0.161357	0.161236	0.161421	0.162012	0.162909	0.163873	0.164736	0.163835	0.161815	0.15966	0.158081	0.158028	0.159637	0.16267	0.166957	0.170431	0.172073	0.171546	0.169221	0.166693	0.1643	0.163026	0.162092	0.160683	0.15907	0.157389	0.155946	0.153859	0.150788	0.146124	0.140917	0.135133	0.130638	0.126856	0.124904	0.124173	0.124764	0.125559	0.125947	0.125284	0.123637	0.121346	0.119225	0.119104	0.120882	0.124356	0.128406	0.133846	0.140066	0.145879	0.15054	0.153776	0.156775	0.158824	0.160467	0.161363	0.162362	0.162817	0.163002	0.161728	0.159742	0.156299	0.151939	0.14602	0.139016	0.131741	0.124737	0.118716	0.113882	0.110608	0.108554	0.10623	0.103125	0.0987995	0.0945759	0.0905896	0.087824	0.0868217	0.0877182	0.0892929	0.0915797	0.0946803	0.0985268	0.102034	0.104389	0.10576	0.10703	0.108231	0.110688	0.114195	0.119093	0.12433	0.129363	0.133379	0.135564	0.134935	0.132339	0.128725	0.124705	0.121092	0.118055	0.115493	0.112999	0.111183	0.10957	0.107076	0.103157	0.0984249	0.0936587	0.0880787	0.0836517	0.0805131	0.0799516	0.0802717	0.0811682	0.0818273	0.0824526	0.0825014	0.0827537	0.0827686	0.0829531	0.08368	0.0848478	0.0876432	0.0902352	0.0925559	0.0948426	0.0974007	0.0999587	0.101126	0.10148	0.101868	0.102629	0.104306	0.10666	0.108744	0.110013	0.110401	0.110179	0.109821	0.109157	0.108358	0.10661	0.104692	0.103825	0.105163	0.108094	0.11194	0.115719	0.119566	0.122022	0.123224	0.123476	0.125254	0.12849	0.133117	0.137709	0.142302	0.145335	0.14752	0.148755	0.150364	0.151159	0.150563	0.148883	0.145778	0.141826	0.137365	0.133684	0.131461	0.129373	0.12732	0.123876	0.118567	0.111665	0.105441	0.101793	0.0998416	0.0992123	0.0990577	0.09853	0.0977311	0.0965932	0.0967437	0.0975385	0.0987063	0.0995011	0.0991091	0.0987171	0.0978504	0.0979332	0.0981515	0.0991159	0.0993681	0.099044	0.0984485	0.0972427	0.0960369	0.0945599	0.0942357	0.0945897	0.0951132	0.0960098	0.096262	0.0967856	0.0959867	0.0953573	0.0937447	0.0919624	0.0890612	0.0863635	0.0844117	0.0832059	0.0832208	0.0830662	0.082369	0.0809937	0.0789063	0.0780735	0.0772407	0.0772217	0.0761854
0.0858484	0.0843513	0.082176	0.0792886	0.076842	0.0748702	0.0734408	0.0735035	0.0736679	0.0741713	0.0757598	0.0775518	0.0791064	0.0785926	0.077265	0.0751915	0.0735587	0.0730788	0.0742265	0.0760185	0.0775392	0.0793312	0.0804789	0.0809145	0.0792139	0.077649	0.0759484	0.075299	0.0756668	0.0772214	0.0796916	0.081687	0.0835807	0.0855761	0.0875376	0.089533	0.0905112	0.0910486	0.0910773	0.0917503	0.0937118	0.096521	0.0997711	0.103292	0.106915	0.109589	0.110432	0.109748	0.1092	0.109433	0.110886	0.113729	0.117318	0.121314	0.124632	0.126831	0.12747	0.12699	0.125798	0.12464	0.123719	0.124053	0.125608	0.127773	0.130039	0.131797	0.132979	0.133381	0.132562	0.130725	0.127635	0.125086	0.12247	0.12216	0.123477	0.12649	0.129536	0.130582	0.130442	0.127893	0.124497	0.120898	0.118383	0.117768	0.119017	0.121047	0.122805	0.123783	0.125032	0.126214	0.127294	0.127526	0.127487	0.126668	0.125781	0.12642	0.129535	0.134514	0.139358	0.143557	0.146536	0.14826	0.14778	0.146521	0.145396	0.144577	0.144098	0.142431	0.141035	0.138521	0.135329	0.131051	0.126875	0.122767	0.118998	0.115602	0.11285	0.111116	0.110738	0.112462	0.114898	0.116554	0.116753	0.114781	0.111215	0.107514	0.104762	0.103842	0.103836	0.105086	0.106301	0.108907	0.110224	0.111169	0.109332	0.106615	0.103252	0.0999582	0.0979186	0.0964553	0.0960433	0.0963094	0.0973553	0.0984352	0.0990404	0.0989335	0.0976059	0.0963801	0.0950864	0.0949795	0.0952795	0.0965628	0.0992364	0.102893	0.106855	0.110648	0.113661	0.1163	0.117889	0.120054	0.123541	0.128588	0.135365	0.142243	0.149054	0.15427	0.159216	0.163585	0.167852	0.170729	0.172555	0.173024	0.172477	0.171726	0.171076	0.171173	0.170727	0.17045	0.16875	0.166371	0.161924	0.157443	0.153504	0.152109	0.152477	0.15376	0.155077	0.155445	0.155576	0.155909	0.156786	0.15773	0.15803	0.157991	0.15863	0.159473	0.161909	0.165396	0.169426	0.173287	0.175486	0.17643	0.175577	0.173537	0.170616	0.168034	0.166367	0.166396	0.166323	0.166148	0.164481	0.162069	0.157927	0.152801	0.146591	0.141127	0.135764	0.131452	0.127819	0.125339	0.12435	0.123802	0.123594	0.122843	0.121617	0.119747	0.117843	0.116854	0.117968	0.120709	0.124502	0.128837	0.133443	0.13866	0.142893	0.146483	0.148444	0.15105	0.153113	0.156092	0.158291	0.160863	0.162349	0.16309	0.162339	0.160537	0.157582	0.152897	0.146653	0.139154	0.132164	0.126224	0.121404	0.117059	0.112951	0.109148	0.105074	0.10066	0.0958742	0.0918	0.0881666	0.0859913	0.0852741	0.0865913	0.0885529	0.0913282	0.0940696	0.0968449	0.0988064	0.10009	0.100898	0.102623	0.105432	0.109902	0.115255	0.12098	0.126468	0.130532	0.133545	0.134726	0.13428	0.132173	0.129726	0.126941	0.124189	0.121234	0.118821	0.117561	0.116539	0.114737	0.110595	0.105164	0.0993266	0.0940996	0.0896185	0.0869346	0.0859121	0.0867208	0.0879363	0.0892536	0.0898927	0.0896501	0.0888651	0.0873001	0.08543	0.0832208	0.0817915	0.0812777	0.0822897	0.0839461	0.0857381	0.0874622	0.0896611	0.0920634	0.0942623	0.0960882	0.0978123	0.099706	0.101566	0.103968	0.105896	0.107654	0.108734	0.109203	0.109062	0.108583	0.107696	0.106775	0.106634	0.107646	0.110049	0.11279	0.115871	0.118239	0.12037	0.121857	0.123242	0.124186	0.12686	0.129635	0.133597	0.136305	0.139487	0.141855	0.14419	0.145812	0.146214	0.145293	0.142202	0.138705	0.135139	0.13276	0.130687	0.128918	0.127354	0.125212	0.122393	0.117844	0.112447	0.10661	0.102671	0.10053	0.0997108	0.0992648	0.099124	0.0986441	0.0985711	0.0986677	0.0995102	0.0997763	0.0989913	0.0976976	0.0959292	0.0954493	0.0954441	0.0967275	0.0978413	0.0995993	0.100476	0.100776	0.100364	0.0992396	0.0983867	0.0970591	0.0966131	0.0965062	0.0966028	0.0970045	0.0973724	0.0984523	0.0991253	0.0995948	0.0987758	0.0972787	0.0945609	0.0922499	0.0907189	0.090239	0.0902338	0.0901948	0.0900879	0.0904896	0.090281	0.0911913	0.0917965	0.0933172	0.0938885
0.0731923	0.0702187	0.068059	0.0660349	0.065435	0.0656489	0.0664052	0.067772	0.0681215	0.0692848	0.071194	0.0734424	0.0744022	0.0739379	0.0729311	0.0717547	0.0713921	0.0728606	0.0757532	0.0784763	0.080216	0.0811081	0.0806098	0.0790266	0.0763582	0.0747749	0.0742089	0.0755417	0.0784343	0.0816321	0.0843213	0.0854168	0.0859358	0.0864209	0.0870078	0.0881033	0.0883849	0.0885988	0.0882362	0.0891282	0.0913427	0.0941336	0.0969245	0.0992746	0.10115	0.101771	0.101137	0.100639	0.101904	0.104898	0.109723	0.115363	0.121036	0.125319	0.128347	0.129374	0.129351	0.127937	0.125981	0.124092	0.122577	0.12252	0.123378	0.125151	0.12723	0.129546	0.131456	0.132314	0.131307	0.12952	0.127089	0.125811	0.124702	0.125934	0.128012	0.130837	0.13356	0.13469	0.135141	0.133151	0.130889	0.128323	0.126909	0.126987	0.128625	0.130568	0.132105	0.132658	0.133617	0.134815	0.13669	0.138396	0.139966	0.141299	0.142632	0.145287	0.148959	0.153005	0.15583	0.157637	0.158326	0.157726	0.154786	0.150931	0.147449	0.14512	0.144282	0.143276	0.142167	0.139227	0.135237	0.130805	0.127052	0.123196	0.119274	0.115452	0.112716	0.111641	0.112194	0.11468	0.117301	0.119652	0.121052	0.121944	0.121785	0.121863	0.121772	0.122427	0.123217	0.124821	0.126357	0.127961	0.127904	0.127338	0.125111	0.122747	0.119706	0.117004	0.115183	0.113871	0.113576	0.112942	0.112376	0.110217	0.107141	0.102981	0.0979731	0.0939823	0.0912462	0.0903071	0.0903854	0.0911079	0.0925763	0.094723	0.0975478	0.101152	0.104181	0.106768	0.108847	0.111333	0.115141	0.120678	0.128352	0.136806	0.144886	0.151204	0.155758	0.158752	0.160627	0.161689	0.162479	0.162727	0.1625	0.162137	0.161538	0.161209	0.159897	0.159297	0.157714	0.156741	0.154276	0.152048	0.149516	0.149085	0.150316	0.152056	0.15383	0.154383	0.154698	0.1542	0.153634	0.153203	0.152604	0.152038	0.15215	0.152736	0.154612	0.156758	0.158566	0.160272	0.160587	0.161208	0.160981	0.161297	0.160799	0.160741	0.160718	0.161983	0.162705	0.162512	0.160658	0.157142	0.152439	0.146651	0.140626	0.135482	0.130338	0.126551	0.123374	0.121553	0.120343	0.119641	0.118838	0.117119	0.115095	0.113579	0.113319	0.114923	0.11846	0.123658	0.128755	0.133953	0.138032	0.142247	0.144903	0.146846	0.147534	0.148528	0.149929	0.152042	0.154188	0.15681	0.158753	0.159747	0.159147	0.157224	0.153979	0.149378	0.143997	0.138277	0.133405	0.129719	0.126576	0.122585	0.117442	0.111789	0.105968	0.100078	0.0946291	0.0902993	0.0870545	0.085166	0.0844304	0.0855259	0.0873335	0.0900226	0.0918641	0.0940785	0.0956487	0.0969137	0.097738	0.0993421	0.102675	0.107196	0.112631	0.117728	0.12174	0.123717	0.12427	0.123602	0.121747	0.11935	0.117496	0.116421	0.116025	0.114882	0.113265	0.111004	0.108369	0.104446	0.0994381	0.0939215	0.0889812	0.0845497	0.0811353	0.0795181	0.0794946	0.0809292	0.0822959	0.0832219	0.0833679	0.0825306	0.0815238	0.0795336	0.0782894	0.0775199	0.0786832	0.0812707	0.0842989	0.0874289	0.0893042	0.0907727	0.0917326	0.0932349	0.0957546	0.0988167	0.101981	0.104839	0.107325	0.10937	0.111042	0.112849	0.114928	0.116092	0.116339	0.115807	0.115173	0.115116	0.115804	0.117544	0.119759	0.122346	0.124357	0.125385	0.126311	0.127576	0.129824	0.132445	0.136559	0.140672	0.144548	0.146627	0.147654	0.147292	0.146387	0.144736	0.142542	0.139942	0.136392	0.132638	0.129292	0.127674	0.126566	0.125661	0.124383	0.122765	0.120606	0.116954	0.113133	0.10904	0.107016	0.106484	0.107817	0.109997	0.112653	0.114392	0.115522	0.116075	0.116221	0.115146	0.112478	0.108996	0.105208	0.10237	0.101025	0.101069	0.102063	0.103463	0.105135	0.106129	0.106919	0.106591	0.105787	0.103526	0.101264	0.0996471	0.0979621	0.0963788	0.0940156	0.0931105	0.0916968	0.0911307	0.0898526	0.0889814	0.0874659	0.0862217	0.0865034	0.087565	0.088457	0.0883996	0.0878336	0.0875727	0.0867354	0.0866102	0.0866206	0.0874109	0.0878621
0.0664199	0.0648368	0.0639997	0.063366	0.0642583	0.0655574	0.0671617	0.0692407	0.0708111	0.0724154	0.0738502	0.074912	0.0749904	0.0745263	0.07413	0.0745136	0.076084	0.0788412	0.0822087	0.0844234	0.084807	0.0834952	0.0808609	0.0786336	0.0768471	0.0770611	0.0782585	0.0803715	0.0821453	0.0833427	0.0837602	0.0838048	0.0832389	0.0824358	0.0815647	0.0808972	0.080094	0.0799012	0.0809629	0.0838558	0.0880371	0.0924558	0.0959251	0.0981736	0.0988285	0.0984322	0.0981037	0.0991316	0.103109	0.107799	0.113574	0.117891	0.122073	0.124728	0.127723	0.129836	0.130762	0.130772	0.129088	0.127471	0.125718	0.125695	0.127096	0.12948	0.131864	0.133231	0.133309	0.132574	0.131398	0.130764	0.129961	0.130141	0.130118	0.131349	0.132241	0.1331	0.133619	0.133019	0.13225	0.129751	0.128033	0.126314	0.126155	0.127352	0.129567	0.13246	0.134403	0.136109	0.137205	0.138979	0.141058	0.144222	0.147386	0.150923	0.154189	0.158099	0.161941	0.165038	0.166371	0.166042	0.163747	0.159892	0.154715	0.149741	0.145581	0.142268	0.140278	0.13839	0.136027	0.131833	0.127334	0.12297	0.119624	0.116617	0.113881	0.111993	0.110816	0.111098	0.112024	0.114375	0.116623	0.118194	0.117594	0.116384	0.115004	0.114913	0.115839	0.117918	0.121048	0.124043	0.126258	0.127319	0.127059	0.126628	0.125486	0.124412	0.122591	0.120771	0.118747	0.116994	0.116089	0.114676	0.113093	0.109136	0.104705	0.0992562	0.0935024	0.0888676	0.085623	0.0848876	0.0857459	0.0876554	0.0892936	0.0907623	0.0920614	0.0937335	0.09527	0.0969761	0.099462	0.102999	0.108232	0.114888	0.122664	0.130168	0.136655	0.141277	0.14434	0.145808	0.146056	0.145457	0.145264	0.145241	0.146031	0.147195	0.148901	0.150471	0.150787	0.150933	0.149689	0.14875	0.146489	0.145279	0.144747	0.146792	0.150058	0.152951	0.154826	0.15504	0.155017	0.15496	0.155445	0.156677	0.158281	0.160055	0.162168	0.164009	0.166597	0.168879	0.170484	0.171851	0.17176	0.171906	0.170763	0.170571	0.170649	0.17144	0.172637	0.174241	0.175201	0.174093	0.17017	0.164756	0.158697	0.153112	0.148071	0.144453	0.140971	0.137591	0.134075	0.131373	0.128908	0.126816	0.124657	0.121819	0.119388	0.117941	0.118969	0.121896	0.126111	0.131615	0.136135	0.140113	0.142395	0.144	0.143841	0.142766	0.142201	0.142991	0.145002	0.147726	0.150551	0.153613	0.155421	0.156109	0.154764	0.152808	0.149834	0.146285	0.141955	0.137659	0.134008	0.130763	0.127586	0.123087	0.118317	0.112427	0.106979	0.100581	0.0948267	0.0895815	0.0857266	0.0832958	0.0821536	0.0823676	0.0829208	0.0837791	0.0838914	0.084648	0.0859472	0.0878905	0.0904104	0.0934727	0.0974167	0.10153	0.105135	0.108299	0.109632	0.109812	0.108602	0.106985	0.105097	0.102938	0.101694	0.100958	0.101681	0.102098	0.102753	0.102357	0.101554	0.0997673	0.0977773	0.0957534	0.0939669	0.0925873	0.0919875	0.0921338	0.0925852	0.0931383	0.0931489	0.0923119	0.0914408	0.0900951	0.089258	0.0875054	0.0866683	0.0868824	0.0880459	0.0903623	0.0919327	0.0938082	0.0947005	0.0957283	0.0970953	0.0987335	0.101287	0.103841	0.107039	0.109864	0.112553	0.114259	0.115728	0.117027	0.118428	0.119185	0.119331	0.119782	0.120437	0.122686	0.125375	0.128505	0.130822	0.132731	0.133895	0.134516	0.135137	0.136537	0.138718	0.141001	0.144029	0.146312	0.147916	0.148299	0.148242	0.147507	0.145754	0.142679	0.139299	0.135308	0.131386	0.127531	0.124625	0.122974	0.121391	0.120147	0.118022	0.116167	0.11377	0.11195	0.110401	0.109699	0.109981	0.110534	0.111393	0.111369	0.111719	0.111696	0.112046	0.111717	0.111558	0.111297	0.110494	0.109047	0.107532	0.106728	0.106773	0.10675	0.107065	0.107313	0.108172	0.108047	0.107515	0.106135	0.104756	0.102596	0.100504	0.0988534	0.09666	0.094297	0.0909846	0.0888929	0.0862586	0.0845738	0.0827873	0.0811364	0.0792821	0.0775634	0.077574	0.0780932	0.078782	0.079776	0.0809734	0.0831202	0.0848262	0.0875156	0.0900354	0.0924196	0.094363
0.0655882	0.0649698	0.0644191	0.0639023	0.0644028	0.0651746	0.0669636	0.0694647	0.072644	0.074433	0.075103	0.0739081	0.0722385	0.0713487	0.0725952	0.0753337	0.0787842	0.0816583	0.0841254	0.0851685	0.0857707	0.0854235	0.0846355	0.0837796	0.0838732	0.0849841	0.0868409	0.0883586	0.0889609	0.0882746	0.0867745	0.0850709	0.0827231	0.0805788	0.0784344	0.0767309	0.0748239	0.0740698	0.075418	0.0785972	0.0827937	0.086346	0.088881	0.0900257	0.0905602	0.0910946	0.0932227	0.0970462	0.103413	0.109576	0.115977	0.119902	0.122776	0.123785	0.125269	0.126787	0.128203	0.129653	0.12961	0.128958	0.128713	0.130841	0.134935	0.139607	0.143566	0.14583	0.145821	0.144118	0.142177	0.141287	0.141211	0.142119	0.143026	0.14373	0.142874	0.140628	0.13828	0.13617	0.134399	0.132661	0.131229	0.129627	0.128059	0.127441	0.127772	0.129188	0.130943	0.133206	0.135267	0.136886	0.138879	0.142058	0.145949	0.150451	0.154681	0.158742	0.161379	0.162049	0.160786	0.157659	0.152768	0.146758	0.140714	0.135755	0.13178	0.127974	0.124507	0.120498	0.116149	0.111123	0.106673	0.103477	0.101265	0.099765	0.098197	0.0971717	0.0965871	0.097325	0.0989105	0.101649	0.104354	0.106414	0.106643	0.106228	0.106254	0.107907	0.110713	0.11413	0.117886	0.121099	0.123091	0.123185	0.122566	0.121846	0.121838	0.121966	0.121551	0.120525	0.118245	0.115796	0.114194	0.112626	0.110922	0.106744	0.101208	0.0941474	0.0865099	0.0803304	0.0760837	0.0746176	0.0753215	0.0776531	0.0798829	0.0818075	0.0834948	0.0855212	0.0879884	0.0911676	0.0956015	0.101256	0.107792	0.115176	0.123001	0.130826	0.13804	0.143694	0.147586	0.149849	0.150655	0.151291	0.152368	0.154191	0.156557	0.159295	0.162474	0.165213	0.167036	0.168045	0.167698	0.167384	0.166155	0.166283	0.167089	0.170064	0.173481	0.175779	0.176584	0.175695	0.174127	0.172627	0.171601	0.171729	0.171856	0.172798	0.173569	0.174884	0.175723	0.176665	0.17686	0.177225	0.176742	0.176327	0.174827	0.173937	0.173624	0.174395	0.175947	0.176922	0.176304	0.173074	0.167302	0.160953	0.15518	0.150696	0.14706	0.144339	0.141991	0.139983	0.137262	0.134948	0.131583	0.129133	0.126548	0.124675	0.122904	0.122116	0.123227	0.125694	0.129551	0.134324	0.13869	0.141666	0.143252	0.143854	0.144049	0.14377	0.144711	0.146432	0.148696	0.150146	0.150816	0.151181	0.151037	0.14991	0.147359	0.144672	0.141951	0.140315	0.138273	0.136501	0.133747	0.13089	0.126745	0.121719	0.115811	0.109631	0.103519	0.0974756	0.0923134	0.0880668	0.0854138	0.084151	0.0840751	0.084779	0.0860594	0.0868651	0.0873995	0.0881035	0.0901298	0.0923936	0.0950642	0.0973957	0.0994899	0.100974	0.10144	0.102246	0.101695	0.101552	0.0999498	0.0988905	0.0973904	0.0957547	0.094458	0.0940091	0.0952895	0.0966377	0.0979181	0.0977404	0.0974271	0.0966052	0.0973091	0.09842	0.0998021	0.100811	0.101312	0.101337	0.101024	0.10044	0.0994821	0.0970325	0.0946847	0.0928795	0.0921593	0.0917781	0.0922108	0.0936608	0.095382	0.0974422	0.0989939	0.100885	0.101894	0.102903	0.103709	0.104955	0.10688	0.108669	0.110661	0.111806	0.113391	0.114095	0.114901	0.114995	0.114817	0.114402	0.114326	0.115301	0.11726	0.120168	0.123008	0.125068	0.12662	0.128375	0.13013	0.131716	0.133335	0.135701	0.138337	0.14094	0.143373	0.145671	0.146477	0.146435	0.144901	0.142451	0.13851	0.133042	0.128457	0.12421	0.121726	0.119514	0.118455	0.117396	0.115862	0.114226	0.11198	0.110107	0.107691	0.107039	0.107065	0.108515	0.110134	0.112296	0.114424	0.115806	0.117324	0.118164	0.118359	0.116723	0.11485	0.113859	0.113104	0.112418	0.111461	0.110944	0.110631	0.10947	0.108614	0.107385	0.106393	0.104453	0.10241	0.100469	0.0987315	0.0969602	0.0949854	0.0933835	0.0904932	0.0874672	0.0831528	0.0802285	0.0769652	0.0753295	0.0745414	0.0747707	0.075339	0.0760429	0.077798	0.0793497	0.0805962	0.0821478	0.0840386	0.0866414	0.0891764	0.0927625	0.09662	0.100037	0.102978
0.0768782	0.0770014	0.0759038	0.075247	0.0752006	0.0757306	0.0763624	0.077774	0.0799656	0.0805973	0.0801101	0.0781309	0.0766603	0.0755289	0.076771	0.0789964	0.0820696	0.0837186	0.0851302	0.0858976	0.0867667	0.0874324	0.0882337	0.0893741	0.0911926	0.0929772	0.0955079	0.0966482	0.0967035	0.0946904	0.0921687	0.0896131	0.0861758	0.0831455	0.0802508	0.0782716	0.0758177	0.0744489	0.0747754	0.0768313	0.0801758	0.083961	0.0879497	0.0911924	0.094469	0.0979151	0.102582	0.107825	0.114255	0.11977	0.123996	0.125645	0.126344	0.126502	0.127811	0.129393	0.131347	0.133674	0.134916	0.135107	0.135128	0.136879	0.139952	0.142992	0.145319	0.146629	0.145938	0.143993	0.142217	0.141153	0.1407	0.140518	0.140845	0.140222	0.137598	0.132906	0.128316	0.124709	0.122527	0.12126	0.12006	0.11859	0.11695	0.116361	0.116111	0.116675	0.117747	0.120414	0.123656	0.126594	0.129531	0.132706	0.136017	0.139124	0.141994	0.144626	0.146038	0.145686	0.144181	0.140982	0.136459	0.130954	0.126669	0.123198	0.120235	0.116153	0.111665	0.10582	0.0995348	0.0938935	0.0900494	0.0886127	0.0879898	0.088859	0.0893212	0.0898512	0.0896352	0.0898262	0.0904579	0.0914627	0.0934169	0.0946929	0.0943413	0.092396	0.0917731	0.0934561	0.0971057	0.101535	0.106405	0.110089	0.11106	0.110098	0.108932	0.10892	0.110128	0.112184	0.114376	0.11555	0.114283	0.112032	0.109782	0.108176	0.106298	0.103573	0.0998984	0.0948336	0.0887515	0.0840257	0.0809275	0.0804403	0.0819198	0.0851625	0.0878287	0.0892065	0.0899399	0.091555	0.0951707	0.100821	0.108133	0.116495	0.124451	0.131763	0.137888	0.143436	0.148171	0.151007	0.152961	0.154101	0.154598	0.154992	0.155725	0.157985	0.160414	0.164029	0.167815	0.171329	0.173113	0.174084	0.174309	0.174466	0.174284	0.174983	0.176599	0.178587	0.180134	0.180359	0.179804	0.178096	0.176184	0.175155	0.175312	0.176656	0.178033	0.18036	0.182077	0.182913	0.18273	0.182481	0.182163	0.181913	0.181663	0.181549	0.180384	0.179761	0.179782	0.180855	0.181554	0.181135	0.178681	0.174091	0.167263	0.160502	0.154726	0.150271	0.147309	0.145533	0.145419	0.145101	0.143596	0.140939	0.136722	0.13281	0.129712	0.128852	0.128805	0.128894	0.129424	0.130565	0.133095	0.136406	0.140157	0.142417	0.143286	0.142561	0.141769	0.141315	0.142524	0.145495	0.149179	0.152557	0.154274	0.154634	0.153842	0.151863	0.148968	0.145971	0.143958	0.142962	0.141322	0.139106	0.13516	0.130638	0.125335	0.120949	0.116901	0.113091	0.108704	0.10408	0.0995918	0.0954425	0.0929208	0.0921284	0.0928619	0.0941718	0.0955834	0.0962491	0.0967791	0.097004	0.0985173	0.100539	0.103477	0.105872	0.107826	0.108559	0.107801	0.106703	0.105267	0.105288	0.104903	0.105229	0.105115	0.104051	0.102343	0.100907	0.100691	0.10156	0.103141	0.105027	0.106439	0.107342	0.108788	0.110199	0.111814	0.113023	0.113993	0.113981	0.113087	0.110972	0.108077	0.103928	0.100491	0.0981386	0.0971427	0.0965199	0.0962361	0.0961897	0.0960755	0.0952152	0.0948637	0.0951902	0.0963306	0.0969963	0.0978315	0.098565	0.0993663	0.0992181	0.0990022	0.0986167	0.0991806	0.100321	0.10136	0.101856	0.101369	0.10061	0.100394	0.10089	0.102471	0.104697	0.107363	0.109724	0.112119	0.115294	0.119215	0.122898	0.126107	0.129553	0.133067	0.135293	0.135687	0.134522	0.131559	0.1288	0.125397	0.123248	0.120048	0.116645	0.113004	0.109669	0.107554	0.106219	0.106105	0.105787	0.105062	0.103456	0.101477	0.0996334	0.0981629	0.0987946	0.100206	0.103313	0.105641	0.108002	0.109142	0.109367	0.109592	0.109749	0.109736	0.108503	0.107473	0.107664	0.108126	0.10886	0.109051	0.110157	0.110721	0.110607	0.109408	0.107937	0.106297	0.104521	0.102712	0.101445	0.100856	0.100402	0.0993386	0.0977663	0.0947021	0.0912309	0.0870138	0.084153	0.0819703	0.0813475	0.082047	0.083357	0.0849721	0.0865872	0.0883379	0.0902921	0.0926531	0.0963366	0.100122	0.104246	0.107964	0.11219	0.115805	0.119184	0.122087
0.0731571	0.0724462	0.0711927	0.0709565	0.070822	0.0711284	0.0714347	0.072487	0.0738784	0.0745577	0.0745928	0.0741531	0.074256	0.074325	0.076225	0.0780572	0.0802963	0.0814504	0.0829435	0.085047	0.08732	0.0896269	0.0913574	0.0931218	0.0945132	0.0958367	0.0974655	0.0983822	0.0981799	0.0959431	0.0927229	0.0887907	0.0842143	0.0804855	0.0772654	0.0751981	0.0725544	0.0709958	0.0703188	0.0712694	0.0734407	0.0769683	0.0814453	0.0857189	0.0899925	0.0938253	0.0986076	0.103525	0.109427	0.115362	0.120347	0.123502	0.124758	0.125471	0.126625	0.128254	0.13029	0.132936	0.1347	0.135277	0.135007	0.135788	0.137349	0.139351	0.141251	0.142914	0.142881	0.141322	0.13956	0.137934	0.136748	0.135698	0.135225	0.133666	0.130175	0.125259	0.120988	0.118208	0.116243	0.1156	0.114991	0.114924	0.114349	0.114418	0.114961	0.11598	0.117439	0.119576	0.122595	0.125275	0.128498	0.131279	0.134366	0.136537	0.138607	0.140371	0.141424	0.141425	0.141019	0.139494	0.137224	0.133732	0.130987	0.127767	0.124614	0.120479	0.116682	0.112377	0.107597	0.104241	0.102174	0.102582	0.103126	0.105128	0.106519	0.106859	0.105504	0.103674	0.102624	0.101642	0.102084	0.102289	0.102663	0.102121	0.102835	0.105616	0.109754	0.114672	0.119149	0.122711	0.12339	0.122238	0.120476	0.11963	0.119868	0.120853	0.121769	0.12116	0.117906	0.113431	0.109262	0.106109	0.103296	0.100686	0.0973984	0.0930593	0.0878385	0.0841098	0.0826529	0.0832305	0.0855035	0.0880817	0.0900156	0.0910001	0.0920185	0.0950036	0.0998536	0.106569	0.113487	0.120745	0.126917	0.132547	0.137363	0.143129	0.149437	0.154796	0.159069	0.161952	0.163547	0.164973	0.166703	0.170231	0.172843	0.175794	0.177287	0.178373	0.178171	0.17841	0.179733	0.181192	0.182855	0.183772	0.184383	0.183774	0.182215	0.180759	0.179505	0.178286	0.175744	0.173575	0.171779	0.171542	0.171984	0.173918	0.175717	0.176735	0.177041	0.17711	0.176806	0.176401	0.176673	0.177624	0.177862	0.178168	0.177966	0.178205	0.177358	0.176105	0.173936	0.170648	0.166105	0.160681	0.156104	0.152104	0.149766	0.148648	0.148853	0.148515	0.146142	0.143024	0.139261	0.136245	0.134109	0.134145	0.135536	0.136249	0.137098	0.137913	0.140016	0.14195	0.144393	0.14575	0.145548	0.144023	0.142736	0.143144	0.14423	0.146537	0.148573	0.150032	0.149796	0.148102	0.147255	0.146171	0.145189	0.143122	0.141563	0.140276	0.137937	0.135667	0.132446	0.129362	0.125125	0.121192	0.116955	0.112616	0.108412	0.105294	0.103023	0.100481	0.0990243	0.0984491	0.0993318	0.100486	0.102047	0.103913	0.105135	0.105848	0.106154	0.106664	0.106801	0.106904	0.106973	0.106194	0.1045	0.102297	0.100976	0.100875	0.100741	0.101386	0.101082	0.100337	0.0990498	0.0988475	0.0992216	0.0997653	0.100275	0.101192	0.101803	0.101499	0.101399	0.101095	0.101503	0.101741	0.101437	0.100489	0.0984556	0.096524	0.0948297	0.0934745	0.0923906	0.0916119	0.0907992	0.0892745	0.0873429	0.0854452	0.0846325	0.0841251	0.0850418	0.086874	0.0885705	0.0889786	0.0885389	0.0884384	0.0887447	0.088678	0.0878993	0.0863068	0.0850872	0.084478	0.0843435	0.0847855	0.0851936	0.0861441	0.0871965	0.088554	0.0907931	0.0930322	0.096119	0.0989345	0.1027	0.107041	0.111857	0.115893	0.118811	0.121253	0.123696	0.125426	0.1258	0.125462	0.123565	0.121701	0.118616	0.116176	0.113058	0.110075	0.106957	0.10394	0.102042	0.100856	0.101231	0.100961	0.100385	0.0989962	0.0973358	0.0964893	0.0956427	0.0968985	0.0980525	0.100461	0.102056	0.103786	0.104839	0.105925	0.107723	0.109284	0.110743	0.11105	0.111458	0.112239	0.112952	0.11431	0.114955	0.116177	0.116178	0.11584	0.114621	0.113299	0.111775	0.110182	0.108793	0.1072	0.10554	0.10388	0.101914	0.0998808	0.0968981	0.0942883	0.0918141	0.0908319	0.0910026	0.0924958	0.09504	0.0979234	0.101146	0.103961	0.106031	0.107728	0.110272	0.114139	0.118649	0.123228	0.127129	0.130928	0.133167	0.13544	0.136899
0.0741289	0.0723201	0.0705451	0.0696518	0.0694366	0.0693232	0.0692437	0.0691302	0.0684403	0.0678861	0.0672301	0.0683713	0.0703263	0.072349	0.0747448	0.0765642	0.078926	0.0805758	0.0828699	0.0857743	0.0883057	0.0904302	0.0910628	0.0922039	0.0926669	0.0941811	0.0958648	0.0976163	0.098215	0.096813	0.0942582	0.0908895	0.0870801	0.0835758	0.0804106	0.078127	0.0758435	0.0748145	0.0746333	0.0757744	0.0776277	0.0811424	0.0861152	0.0913254	0.0962643	0.100491	0.105261	0.109182	0.113443	0.117093	0.120303	0.121987	0.122551	0.123319	0.124901	0.127162	0.129422	0.132021	0.133739	0.135321	0.135716	0.136653	0.137218	0.137105	0.13594	0.133792	0.131237	0.128208	0.126297	0.124624	0.123493	0.12199	0.120791	0.119118	0.116326	0.113194	0.11047	0.108627	0.107225	0.106434	0.105947	0.106478	0.107891	0.110558	0.113767	0.117146	0.119915	0.123023	0.126266	0.129781	0.133092	0.135963	0.138596	0.139839	0.140505	0.141104	0.141703	0.141827	0.141815	0.141532	0.141859	0.140864	0.140276	0.13806	0.136116	0.132781	0.130023	0.126417	0.122302	0.118764	0.116141	0.115621	0.115677	0.117191	0.118366	0.118423	0.116783	0.114466	0.111945	0.108983	0.10636	0.103704	0.101895	0.101205	0.102618	0.106539	0.111309	0.116349	0.120542	0.123684	0.124384	0.123457	0.121852	0.121094	0.121116	0.121443	0.121974	0.121251	0.118696	0.114717	0.110636	0.107471	0.104611	0.102938	0.101739	0.100676	0.0986639	0.0977366	0.0981318	0.099646	0.101262	0.102267	0.103002	0.103566	0.105318	0.10924	0.115196	0.121966	0.128871	0.134827	0.139699	0.143078	0.145406	0.147903	0.15118	0.154221	0.157634	0.160436	0.163069	0.164957	0.167115	0.170189	0.172924	0.175455	0.176088	0.175873	0.174301	0.174188	0.175736	0.177894	0.179747	0.180109	0.179758	0.177813	0.175462	0.173212	0.172149	0.171527	0.170939	0.17086	0.171357	0.172532	0.173537	0.174882	0.175955	0.17574	0.175118	0.173716	0.172178	0.170539	0.170087	0.171194	0.172471	0.17412	0.174516	0.174606	0.172865	0.170784	0.167857	0.164725	0.161492	0.158192	0.155874	0.15393	0.153138	0.152821	0.153216	0.153137	0.152243	0.15057	0.148287	0.145867	0.144364	0.144352	0.145663	0.146295	0.146792	0.147187	0.148057	0.148317	0.148203	0.147615	0.146112	0.143998	0.14185	0.14194	0.142437	0.144052	0.14516	0.146301	0.146221	0.144752	0.143553	0.14249	0.14119	0.139076	0.13747	0.135865	0.133582	0.130959	0.128031	0.124832	0.120548	0.116704	0.113132	0.110035	0.107717	0.106858	0.107287	0.107106	0.107094	0.106472	0.106393	0.10516	0.103589	0.102187	0.100887	0.100061	0.0992016	0.0994272	0.0994494	0.0995394	0.0992904	0.0984648	0.0967916	0.0939655	0.0917159	0.0897714	0.0884711	0.0877134	0.0876	0.0881308	0.0888312	0.0902097	0.0909101	0.091407	0.0907849	0.0906376	0.0901511	0.0898682	0.0897208	0.0896413	0.089833	0.0897535	0.0889958	0.0880347	0.0863953	0.0849595	0.0835575	0.0828676	0.0823473	0.0816574	0.0805946	0.0789552	0.0774516	0.0759479	0.0749189	0.0737204	0.0727593	0.0717981	0.070091	0.0685534	0.0674227	0.0675805	0.0677384	0.0681336	0.0677489	0.0672963	0.0667421	0.0671712	0.0677359	0.0690805	0.0707642	0.07316	0.0759627	0.0787315	0.0821784	0.0857271	0.0905982	0.0961813	0.102307	0.108501	0.113846	0.118039	0.120842	0.122763	0.124481	0.12569	0.126153	0.125632	0.123383	0.120828	0.117425	0.114803	0.112078	0.111015	0.109783	0.108449	0.106403	0.104424	0.103226	0.101688	0.10049	0.0986807	0.0969397	0.0956733	0.0952547	0.0961924	0.0976727	0.100306	0.102905	0.105606	0.107629	0.109346	0.111505	0.112782	0.114499	0.115607	0.117968	0.120161	0.122217	0.123901	0.125178	0.126353	0.126714	0.127076	0.126589	0.125865	0.124531	0.123129	0.121015	0.118359	0.115566	0.113317	0.110965	0.108953	0.106432	0.10425	0.102408	0.101921	0.103062	0.105221	0.1086	0.111708	0.114748	0.116533	0.117844	0.119121	0.121856	0.125743	0.13014	0.134502	0.137881	0.140311	0.14074	0.141644	0.14248
0.0671573	0.0655436	0.0637602	0.0620447	0.0600241	0.0579017	0.0565591	0.055827	0.0551626	0.0552782	0.0562075	0.0593748	0.0635255	0.0688629	0.0745394	0.0798429	0.0847396	0.0888224	0.0926339	0.0961742	0.0987651	0.101356	0.102896	0.10508	0.106518	0.107922	0.107766	0.106118	0.102639	0.0984148	0.0946309	0.0918981	0.0898096	0.0884332	0.0871246	0.0864263	0.0858637	0.0862845	0.0873833	0.0885161	0.0890047	0.0893237	0.0901852	0.0915215	0.0933324	0.0958555	0.100379	0.105038	0.10963	0.112594	0.114744	0.115368	0.115144	0.115056	0.116189	0.118916	0.122456	0.126471	0.129333	0.132127	0.133667	0.135919	0.137221	0.138185	0.137181	0.134754	0.131173	0.127423	0.125165	0.123619	0.122785	0.120968	0.118846	0.116282	0.113109	0.109969	0.10727	0.105555	0.104653	0.105413	0.107495	0.1109	0.114033	0.116827	0.119079	0.121772	0.124464	0.127598	0.130426	0.134	0.13754	0.141386	0.144825	0.147483	0.148853	0.150088	0.150441	0.149946	0.147756	0.145633	0.144426	0.143559	0.143674	0.143146	0.14299	0.140969	0.13844	0.134588	0.130397	0.127325	0.125305	0.125047	0.125299	0.12616	0.126716	0.126391	0.125388	0.12374	0.121482	0.118648	0.115372	0.111826	0.109364	0.109208	0.111121	0.11534	0.119999	0.125235	0.129012	0.131569	0.131888	0.13058	0.128423	0.126063	0.124111	0.122361	0.12112	0.118795	0.115553	0.111125	0.106799	0.102472	0.0990612	0.0970406	0.0960371	0.0957458	0.0950475	0.095197	0.0960924	0.0973269	0.0985615	0.0989144	0.0993351	0.0998915	0.101465	0.104225	0.108376	0.113205	0.118915	0.124422	0.129726	0.133978	0.136942	0.13899	0.141513	0.144715	0.14951	0.153525	0.157641	0.160096	0.163162	0.165414	0.167869	0.169477	0.169999	0.169301	0.167687	0.166819	0.167036	0.167661	0.168047	0.167756	0.16682	0.16541	0.163525	0.161674	0.160264	0.159362	0.159376	0.160169	0.161777	0.163825	0.165535	0.166362	0.16641	0.165576	0.164946	0.16418	0.163583	0.162885	0.162763	0.163421	0.164825	0.166365	0.167192	0.166935	0.165186	0.162995	0.160737	0.15909	0.158324	0.158032	0.158724	0.159382	0.160515	0.161139	0.161424	0.160794	0.159417	0.158007	0.15697	0.156611	0.157608	0.159622	0.162484	0.163854	0.164275	0.16378	0.163184	0.161943	0.160126	0.158309	0.156457	0.155081	0.154044	0.154464	0.154987	0.155679	0.155489	0.154554	0.15233	0.14902	0.145576	0.142877	0.140313	0.138225	0.136916	0.135608	0.133519	0.130007	0.126596	0.123287	0.120282	0.11755	0.115122	0.112695	0.111183	0.110722	0.11121	0.110648	0.109509	0.107217	0.105162	0.102531	0.100341	0.0983879	0.0967741	0.0954994	0.0940213	0.0924414	0.0893356	0.0865012	0.0827512	0.0791368	0.0747086	0.071196	0.0691753	0.068138	0.068084	0.0685725	0.0697392	0.0706007	0.0712249	0.071883	0.0714221	0.0700796	0.0674147	0.0660043	0.0662216	0.0685412	0.0716407	0.074435	0.0757712	0.0765649	0.0765449	0.0768978	0.0768777	0.0769932	0.0773122	0.0781399	0.0791031	0.0803376	0.0814026	0.0820946	0.0824814	0.0821562	0.0813223	0.0797424	0.0778913	0.0762775	0.0739177	0.0724735	0.0716057	0.0717891	0.0708874	0.0694431	0.0672529	0.0656052	0.064534	0.065226	0.0665622	0.0692548	0.0719474	0.0766066	0.0819441	0.0875867	0.0929241	0.0968713	0.100954	0.104189	0.108001	0.111948	0.115387	0.118418	0.120975	0.123464	0.125987	0.127968	0.129609	0.130098	0.12923	0.127413	0.125087	0.122558	0.120028	0.118313	0.117377	0.116611	0.114658	0.112061	0.109159	0.107138	0.105457	0.104453	0.103246	0.10265	0.102426	0.103322	0.105065	0.107757	0.110518	0.112634	0.114106	0.115137	0.116846	0.118352	0.120807	0.123635	0.127583	0.130885	0.133103	0.133287	0.132894	0.13189	0.131158	0.130053	0.128507	0.126486	0.123482	0.120682	0.116864	0.114029	0.111093	0.109106	0.106068	0.102691	0.0990093	0.0961409	0.0956122	0.0971519	0.101133	0.104945	0.109265	0.112466	0.115057	0.116766	0.118407	0.120761	0.123996	0.128248	0.132874	0.13777	0.141887	0.145766	0.148188	0.150541	0.151572
0.0690551	0.0662304	0.0636092	0.0604115	0.0568748	0.0526938	0.0493943	0.0465358	0.0446266	0.0446502	0.0461658	0.0499871	0.0542493	0.059427	0.0649437	0.0706639	0.076825	0.0819348	0.0866039	0.0902557	0.0938397	0.097661	0.100838	0.10371	0.105429	0.106097	0.104934	0.101872	0.0981315	0.0943574	0.0919735	0.0912511	0.0921903	0.0938754	0.095391	0.0970083	0.0981848	0.0991578	0.0995883	0.0998832	0.0997712	0.0990827	0.0990724	0.0997403	0.102171	0.105586	0.110594	0.11489	0.118237	0.119278	0.119742	0.119562	0.119586	0.120152	0.121227	0.123726	0.127411	0.132284	0.136817	0.14074	0.143104	0.144789	0.145016	0.14392	0.141028	0.137423	0.133717	0.13035	0.127525	0.125107	0.122825	0.119661	0.116192	0.112995	0.110272	0.107379	0.104249	0.101323	0.100058	0.100624	0.103089	0.106334	0.109647	0.112553	0.114441	0.117347	0.120389	0.125465	0.130507	0.136803	0.142117	0.14726	0.151082	0.153581	0.153808	0.153187	0.151549	0.149403	0.145866	0.143007	0.141708	0.141325	0.141756	0.141474	0.14126	0.138537	0.134356	0.128412	0.122434	0.117439	0.113835	0.112332	0.11161	0.111261	0.110776	0.110121	0.109331	0.107795	0.105106	0.101738	0.0982355	0.0953769	0.0945528	0.0963396	0.0999236	0.10422	0.108075	0.111591	0.113547	0.114554	0.114646	0.114432	0.114151	0.113699	0.11352	0.112933	0.11255	0.111386	0.110461	0.107941	0.104506	0.0999181	0.0960423	0.0936245	0.0926309	0.0934683	0.094577	0.0968046	0.0985915	0.100277	0.10125	0.102223	0.103704	0.105593	0.108499	0.111811	0.116345	0.121319	0.127684	0.133946	0.140175	0.145251	0.148394	0.149842	0.151188	0.154094	0.159238	0.164653	0.170509	0.174669	0.178219	0.18004	0.181895	0.183546	0.184756	0.185119	0.184464	0.184149	0.183799	0.183687	0.183881	0.184142	0.184199	0.183477	0.181941	0.179082	0.175749	0.173195	0.173422	0.175243	0.178149	0.180139	0.180977	0.179847	0.178854	0.17725	0.176561	0.175127	0.17437	0.1728	0.17123	0.170101	0.170192	0.170691	0.170443	0.169551	0.167574	0.165089	0.161382	0.158083	0.156242	0.155858	0.156967	0.158381	0.160032	0.160429	0.15991	0.159391	0.159652	0.159811	0.159563	0.158705	0.158797	0.159634	0.161082	0.161716	0.161197	0.159729	0.157684	0.155537	0.153357	0.15199	0.150895	0.150613	0.149823	0.149576	0.149497	0.149555	0.1489	0.147296	0.144743	0.141172	0.136584	0.132166	0.128155	0.125533	0.124234	0.122902	0.121399	0.118337	0.114936	0.111094	0.107795	0.105852	0.104689	0.104475	0.104804	0.105031	0.104546	0.103484	0.102186	0.100344	0.0980282	0.0953391	0.0929213	0.0905713	0.0888656	0.0882111	0.0878956	0.0871054	0.084552	0.0813543	0.0770716	0.0732296	0.0691503	0.0666647	0.0655016	0.065593	0.0662609	0.0672	0.0687495	0.0698582	0.0703565	0.0705497	0.0697256	0.0685963	0.066721	0.0661682	0.0666326	0.0692333	0.0729529	0.0769438	0.0787984	0.0794663	0.079083	0.0793101	0.0795372	0.0797981	0.0799574	0.0805913	0.0818696	0.0839277	0.086291	0.0883152	0.0900003	0.0901256	0.0891659	0.086782	0.0839573	0.0815056	0.0791896	0.0784672	0.0782195	0.0783449	0.0766731	0.0742892	0.0718036	0.0708778	0.0712066	0.0736716	0.0766452	0.0803648	0.0837454	0.0886179	0.0942703	0.0996514	0.104117	0.106684	0.108674	0.109884	0.111943	0.115255	0.11945	0.123746	0.127567	0.130303	0.131955	0.13147	0.130069	0.127346	0.124182	0.120781	0.117719	0.115369	0.112951	0.111619	0.1111	0.111089	0.109892	0.107712	0.104548	0.101622	0.098797	0.0968878	0.0958264	0.0955787	0.0965857	0.0979995	0.1006	0.103201	0.105462	0.106808	0.108154	0.10984	0.112644	0.115855	0.120015	0.124108	0.128743	0.132395	0.134758	0.134544	0.133584	0.13232	0.131495	0.130604	0.128864	0.126785	0.123757	0.121272	0.117972	0.115995	0.114154	0.112211	0.10881	0.104323	0.0998711	0.0963683	0.095612	0.0974666	0.101356	0.105177	0.10927	0.112379	0.114912	0.116665	0.11896	0.122103	0.125416	0.128424	0.130753	0.133218	0.135276	0.137572	0.139833	0.142197	0.143814
0.0687707	0.0655887	0.0629831	0.0597672	0.0553305	0.0497071	0.0449313	0.0416137	0.0402627	0.04176	0.0451223	0.0499765	0.0545256	0.0591763	0.0638271	0.0686136	0.0739764	0.0791697	0.0842613	0.0880644	0.0913928	0.0946533	0.0981851	0.101107	0.103587	0.104203	0.103191	0.0997377	0.0959453	0.0925259	0.0906324	0.0900274	0.0913213	0.0932594	0.0954688	0.0972374	0.098226	0.0988078	0.0986775	0.0986151	0.0986543	0.0984901	0.0990719	0.100095	0.102406	0.10492	0.107943	0.110492	0.112464	0.113249	0.114238	0.115905	0.118216	0.120459	0.122499	0.125624	0.129766	0.135366	0.140458	0.1446	0.14647	0.14712	0.146311	0.145232	0.143643	0.142767	0.141925	0.140302	0.138138	0.134481	0.130282	0.124421	0.118967	0.114666	0.111755	0.108946	0.105662	0.102514	0.100892	0.101236	0.103615	0.106537	0.109119	0.110311	0.110656	0.112153	0.115108	0.120607	0.126377	0.133028	0.138357	0.14277	0.144946	0.14546	0.144482	0.142792	0.140932	0.139208	0.137552	0.136337	0.135664	0.1355	0.135539	0.134832	0.132837	0.128977	0.123862	0.118849	0.114548	0.112451	0.111642	0.112156	0.112331	0.111726	0.110816	0.109431	0.10808	0.106221	0.103818	0.101518	0.0998279	0.0997315	0.101737	0.105235	0.10931	0.112299	0.113898	0.114005	0.113502	0.11327	0.114021	0.115383	0.116643	0.116953	0.116314	0.11459	0.111951	0.108565	0.105349	0.101964	0.0984089	0.0942774	0.091231	0.0891002	0.0883934	0.0885683	0.089557	0.0907491	0.0903137	0.088827	0.0870013	0.087278	0.0894873	0.0936973	0.0989245	0.104118	0.109752	0.115522	0.12241	0.128858	0.135272	0.140534	0.144438	0.147089	0.15001	0.154864	0.161346	0.167455	0.172852	0.176723	0.180153	0.181684	0.18352	0.185119	0.18743	0.188826	0.190188	0.191414	0.192301	0.192781	0.193261	0.193673	0.193102	0.19209	0.190163	0.187761	0.185291	0.184279	0.185573	0.186832	0.187516	0.186368	0.184712	0.181734	0.179806	0.178116	0.177782	0.177211	0.176979	0.176476	0.176041	0.175469	0.175373	0.175277	0.173994	0.171998	0.168647	0.165838	0.162622	0.161033	0.161005	0.161654	0.162643	0.163021	0.163434	0.16293	0.162427	0.16267	0.163523	0.164173	0.16411	0.163403	0.163239	0.164058	0.165895	0.167392	0.167499	0.166046	0.163848	0.16209	0.160976	0.160778	0.15997	0.159602	0.158115	0.156629	0.15504	0.153316	0.151016	0.147393	0.143295	0.139164	0.134999	0.131444	0.128295	0.125554	0.123118	0.120309	0.117907	0.114962	0.112594	0.110429	0.109078	0.108473	0.108309	0.108247	0.10815	0.107172	0.105313	0.103012	0.100712	0.0980384	0.0951954	0.0929628	0.0916796	0.091312	0.09108	0.0910514	0.0894292	0.0862471	0.0810645	0.0757801	0.0707331	0.0670086	0.0644369	0.0632554	0.0634303	0.0640121	0.0652721	0.0664642	0.0676563	0.06756	0.0667515	0.0656718	0.0642869	0.0633767	0.0628056	0.0642012	0.0671227	0.0716039	0.0762208	0.0794813	0.0807074	0.080984	0.0808537	0.0820797	0.0837127	0.0861255	0.0885044	0.0911886	0.0941439	0.0970315	0.0997495	0.100976	0.10132	0.100037	0.0989571	0.0969618	0.0958143	0.0951754	0.0951129	0.0946774	0.0934621	0.0916364	0.0881831	0.0839499	0.0801575	0.0782979	0.0784728	0.0810212	0.0846548	0.0892038	0.0936512	0.0991497	0.104241	0.107875	0.110118	0.110903	0.111383	0.111626	0.113632	0.117401	0.122527	0.126703	0.129522	0.130172	0.130076	0.127877	0.125848	0.123242	0.12145	0.119082	0.117257	0.116075	0.115097	0.11456	0.11426	0.113791	0.111321	0.107935	0.103634	0.100859	0.0989995	0.0994795	0.101146	0.103051	0.104616	0.105164	0.105372	0.105106	0.104739	0.104507	0.105055	0.106755	0.110186	0.114938	0.120742	0.126138	0.131298	0.134525	0.135513	0.133179	0.12942	0.125628	0.122446	0.11984	0.117404	0.115172	0.112295	0.109621	0.106338	0.103732	0.100821	0.0971307	0.0931009	0.0883591	0.0851431	0.0834531	0.0850521	0.0881092	0.0916071	0.0943251	0.096704	0.0985744	0.100614	0.103468	0.107678	0.112668	0.117522	0.12163	0.124552	0.127202	0.129513	0.132367	0.134746	0.135395	0.134349
0.080467	0.0763299	0.0733457	0.0707006	0.0673774	0.0626639	0.0588998	0.0565938	0.0563562	0.0579157	0.0608316	0.0645613	0.0677484	0.0708338	0.0738853	0.0775133	0.0817516	0.0863289	0.0909741	0.0943647	0.0970432	0.0987723	0.100501	0.100908	0.100908	0.100297	0.100026	0.0995507	0.0997539	0.100228	0.100669	0.100228	0.100092	0.100126	0.100329	0.100329	0.100362	0.100532	0.100701	0.101345	0.103142	0.105108	0.107549	0.109991	0.112703	0.114262	0.114534	0.113991	0.113957	0.114634	0.117076	0.12128	0.126332	0.13057	0.132639	0.134605	0.136368	0.139521	0.142335	0.144912	0.145658	0.144776	0.142979	0.141215	0.140299	0.13996	0.140129	0.138569	0.136026	0.131143	0.126124	0.120495	0.116155	0.112798	0.110898	0.109135	0.106354	0.102285	0.0984192	0.0951976	0.0932646	0.0920776	0.0921451	0.0930265	0.0949251	0.0986887	0.104046	0.110692	0.117168	0.122627	0.126323	0.128594	0.129272	0.128865	0.127678	0.126118	0.124694	0.123812	0.124083	0.124286	0.124659	0.12398	0.122861	0.119572	0.115028	0.109568	0.105092	0.102379	0.100921	0.100446	0.0993607	0.0979702	0.0954268	0.093053	0.0913573	0.0907806	0.0909839	0.0916618	0.0922719	0.0928142	0.0941024	0.0966792	0.100239	0.103528	0.106207	0.107156	0.106681	0.104748	0.103968	0.105053	0.108816	0.113156	0.117259	0.118954	0.118649	0.115393	0.11112	0.106949	0.103965	0.101998	0.100235	0.0988444	0.0978269	0.0976232	0.0978603	0.0984026	0.0987075	0.0983343	0.0962317	0.0928746	0.0901956	0.0899241	0.0923313	0.0965018	0.101656	0.106165	0.110132	0.11393	0.118677	0.123559	0.129323	0.135325	0.141632	0.14743	0.153363	0.160518	0.167672	0.173742	0.177709	0.180862	0.183303	0.185269	0.187338	0.190219	0.193949	0.197306	0.200798	0.20385	0.206393	0.207443	0.208698	0.209613	0.210291	0.210596	0.210528	0.210087	0.2089	0.2089	0.209611	0.209272	0.206457	0.200862	0.195301	0.189367	0.18601	0.183568	0.183025	0.182347	0.181431	0.180312	0.179159	0.178073	0.176446	0.17536	0.173359	0.171935	0.169426	0.167289	0.164712	0.163525	0.163864	0.164474	0.164948	0.164744	0.164405	0.163049	0.161828	0.162133	0.163828	0.165658	0.166235	0.165014	0.162708	0.160605	0.159622	0.159893	0.160469	0.16074	0.160604	0.160231	0.159417	0.158806	0.15667	0.155076	0.152058	0.14965	0.146937	0.143749	0.139646	0.134492	0.129914	0.125845	0.122827	0.120114	0.117333	0.113467	0.108991	0.104718	0.101565	0.0996994	0.0989192	0.0986816	0.0977659	0.0966805	0.095324	0.0945438	0.0938315	0.0929496	0.0919661	0.0912537	0.0905414	0.0894561	0.0875231	0.0854544	0.0829789	0.0812493	0.079418	0.0777902	0.0747721	0.0711097	0.0671422	0.0631747	0.0604279	0.0593425	0.0600544	0.0611392	0.0620545	0.0626307	0.0626982	0.0626641	0.0625282	0.062867	0.0637145	0.0649349	0.0666301	0.0681897	0.0699526	0.0718513	0.0743602	0.0772422	0.0800902	0.0822601	0.0838536	0.0854809	0.0869726	0.0900241	0.0934486	0.0981617	0.102637	0.106808	0.110639	0.112809	0.114165	0.113555	0.112401	0.11057	0.109417	0.108705	0.107891	0.106636	0.104703	0.102193	0.0989039	0.0957502	0.0925965	0.0898158	0.0879845	0.0878147	0.0895777	0.0921205	0.0943582	0.0957143	0.0970365	0.0980535	0.0987993	0.0983921	0.0983579	0.0986629	0.10029	0.103206	0.108224	0.113785	0.119787	0.123923	0.125991	0.125211	0.12321	0.120124	0.118124	0.116699	0.116597	0.115953	0.115376	0.114664	0.113409	0.111611	0.109475	0.106864	0.103812	0.100658	0.0979112	0.0957747	0.0948929	0.0956725	0.0975033	0.0994019	0.100724	0.100724	0.100249	0.0996722	0.100689	0.102791	0.106419	0.110963	0.116218	0.121101	0.124763	0.126492	0.127305	0.127203	0.126559	0.125474	0.124083	0.123269	0.122285	0.121268	0.120115	0.118351	0.116079	0.112417	0.108449	0.103838	0.0997683	0.0953599	0.0927827	0.0913244	0.0919006	0.0937992	0.0968507	0.0996987	0.101462	0.102716	0.104411	0.106717	0.110345	0.114515	0.11994	0.124721	0.128993	0.131706	0.132858	0.133875	0.135435	0.138385	0.141301	0.142555	0.142962
0.0712814	0.0679869	0.0656419	0.0637038	0.0614605	0.0587425	0.0573469	0.0570364	0.0585908	0.0604504	0.0630221	0.0655599	0.0682672	0.0718561	0.0760893	0.0813737	0.0868954	0.0923154	0.0973285	0.101324	0.104337	0.105654	0.106157	0.105541	0.105197	0.105327	0.106441	0.108436	0.110398	0.112155	0.112998	0.112925	0.112309	0.110947	0.10945	0.107376	0.105947	0.10489	0.105258	0.105659	0.107078	0.10887	0.111136	0.113674	0.114924	0.115529	0.114642	0.114026	0.113987	0.115643	0.118452	0.122482	0.126308	0.129659	0.131655	0.133955	0.136595	0.14076	0.143976	0.146582	0.146881	0.146367	0.145006	0.144187	0.144046	0.143905	0.143153	0.14013	0.137344	0.133779	0.131806	0.129936	0.129219	0.128027	0.12619	0.123608	0.120042	0.116002	0.112165	0.109548	0.107373	0.105706	0.10465	0.104949	0.106911	0.110466	0.11575	0.121034	0.125268	0.127127	0.127529	0.127422	0.127077	0.126733	0.126897	0.126993	0.126683	0.124948	0.123383	0.120699	0.118083	0.114517	0.111155	0.106572	0.101819	0.097338	0.0943826	0.0931905	0.0927783	0.092739	0.0910721	0.088761	0.0857718	0.0837319	0.0830145	0.0831109	0.0840889	0.0853042	0.0868247	0.0880401	0.0899336	0.0925053	0.0946701	0.0958176	0.0960496	0.0958408	0.0954625	0.0948468	0.0966386	0.0994815	0.103613	0.106117	0.107129	0.105699	0.103117	0.0998564	0.0970366	0.095302	0.0940759	0.0939688	0.093794	0.0948059	0.0965298	0.0992372	0.101809	0.103228	0.10346	0.102234	0.100431	0.0985608	0.0985894	0.101331	0.105937	0.110679	0.1142	0.115958	0.117512	0.119677	0.124554	0.130178	0.136988	0.143154	0.149862	0.155791	0.161381	0.166631	0.171	0.173809	0.17421	0.174002	0.173827	0.1745	0.176427	0.179575	0.184283	0.188109	0.19163	0.193456	0.194299	0.193886	0.193915	0.195334	0.197125	0.200104	0.202777	0.205586	0.207412	0.208899	0.209707	0.20821	0.204542	0.198637	0.193444	0.188556	0.1856	0.183052	0.181656	0.180939	0.179781	0.178453	0.176582	0.17461	0.172028	0.170327	0.169237	0.169265	0.169226	0.168712	0.168029	0.167379	0.167136	0.165978	0.163938	0.161593	0.160028	0.159073	0.159543	0.161165	0.162889	0.164511	0.165354	0.16562	0.164563	0.163303	0.16184	0.160546	0.159354	0.159077	0.159919	0.160999	0.161502	0.160615	0.15766	0.153348	0.148426	0.143708	0.139735	0.135118	0.130637	0.125172	0.120589	0.116515	0.113797	0.111622	0.108904	0.105236	0.101162	0.098342	0.0965395	0.0956865	0.0955794	0.0962522	0.0970267	0.0973266	0.0974908	0.0970107	0.0962594	0.0956437	0.095774	0.096006	0.0956276	0.0947407	0.0930399	0.0910001	0.0884855	0.0858014	0.082846	0.0787039	0.0741209	0.0691649	0.0652262	0.0621352	0.0605362	0.0596831	0.0593048	0.0582822	0.0570222	0.0550841	0.0534172	0.0519877	0.0510669	0.0504512	0.0506154	0.051356	0.0529783	0.0547701	0.0570705	0.0595065	0.0629259	0.0663114	0.0690187	0.0703019	0.0718902	0.0746315	0.078729	0.0844542	0.0905184	0.0969218	0.102376	0.106541	0.110367	0.112702	0.11446	0.11442	0.113703	0.112816	0.111861	0.111178	0.10985	0.107878	0.104956	0.101526	0.0984013	0.0957172	0.0934739	0.0911967	0.0899368	0.0899993	0.0916215	0.0933116	0.0942218	0.0936739	0.0930921	0.0921712	0.091759	0.0911772	0.0916805	0.0934723	0.0968917	0.101362	0.106918	0.112168	0.117283	0.120533	0.122155	0.122692	0.122789	0.122614	0.122541	0.122569	0.122462	0.121507	0.120383	0.119598	0.117999	0.115247	0.111885	0.108455	0.105364	0.102646	0.100707	0.0994135	0.0986283	0.0983517	0.0982785	0.0987818	0.0994207	0.100195	0.101343	0.103406	0.107164	0.111262	0.115868	0.119932	0.123487	0.125787	0.12707	0.126794	0.125873	0.124138	0.122336	0.120364	0.118866	0.118115	0.117838	0.11668	0.11559	0.112973	0.110154	0.106012	0.102649	0.0993548	0.0969759	0.0951395	0.0945238	0.0954679	0.0971241	0.0997297	0.102403	0.105314	0.108123	0.110932	0.114589	0.118551	0.123665	0.128916	0.134811	0.139722	0.143582	0.146459	0.148081	0.149771	0.15214	0.156237	0.160572	0.163788	0.166054
0.052959	0.0503679	0.0492009	0.0485087	0.0480538	0.0477685	0.0485682	0.0494357	0.0514223	0.052968	0.0549206	0.0563646	0.0583511	0.0618296	0.0673765	0.0739407	0.0808778	0.0866621	0.0917342	0.0952127	0.0981148	0.0996266	0.100087	0.0998358	0.0999913	0.101334	0.103151	0.106392	0.109599	0.112806	0.11503	0.117152	0.118427	0.118209	0.117042	0.115875	0.116234	0.116932	0.118478	0.11921	0.119365	0.118843	0.117574	0.117289	0.116664	0.117362	0.118026	0.119708	0.12183	0.124698	0.127736	0.130909	0.133404	0.135153	0.135275	0.135125	0.135348	0.137403	0.139627	0.141817	0.142481	0.142568	0.141028	0.139082	0.136524	0.133899	0.130596	0.126717	0.12399	0.122653	0.12308	0.124422	0.126239	0.127141	0.126482	0.124807	0.12225	0.119184	0.116186	0.11468	0.114123	0.114075	0.114604	0.116149	0.118441	0.120529	0.122923	0.124299	0.124963	0.123661	0.122053	0.121225	0.121516	0.12296	0.12498	0.126933	0.127529	0.125447	0.121974	0.116942	0.111977	0.106538	0.102081	0.0975915	0.0938475	0.0906461	0.0881228	0.0868541	0.0854837	0.0843168	0.0820987	0.080084	0.0787136	0.0788352	0.0807878	0.0835881	0.0871683	0.0906468	0.0939219	0.0957388	0.0973863	0.0992033	0.100952	0.102464	0.103501	0.105284	0.107	0.108579	0.110939	0.113434	0.115692	0.115813	0.114172	0.111241	0.108277	0.106161	0.106113	0.1081	0.110561	0.112785	0.11389	0.114757	0.115082	0.115475	0.115868	0.116396	0.116857	0.117012	0.118083	0.119527	0.122497	0.126111	0.129861	0.132356	0.132512	0.131379	0.129974	0.130164	0.133235	0.138816	0.146025	0.153233	0.16017	0.165785	0.169704	0.172742	0.175237	0.177427	0.178362	0.178959	0.179182	0.181135	0.183731	0.187651	0.191434	0.193997	0.195441	0.194715	0.193887	0.19289	0.193757	0.196592	0.200274	0.204668	0.207705	0.210099	0.210288	0.20946	0.207513	0.204583	0.200941	0.196214	0.192402	0.188794	0.186236	0.183137	0.180342	0.178056	0.175397	0.172162	0.167909	0.164233	0.161066	0.159933	0.160664	0.162176	0.163824	0.163572	0.163321	0.161984	0.160851	0.158938	0.156449	0.154672	0.154047	0.155017	0.15663	0.158515	0.159518	0.160318	0.160745	0.160866	0.160276	0.159414	0.158654	0.157656	0.15693	0.157221	0.15897	0.160448	0.160536	0.158352	0.154472	0.148965	0.143593	0.138222	0.134851	0.130666	0.127566	0.123178	0.119163	0.114232	0.10964	0.105557	0.101576	0.0985441	0.0959869	0.0953964	0.0950093	0.0955039	0.0963036	0.0980528	0.100243	0.101178	0.101639	0.100438	0.0993388	0.0982396	0.0983273	0.0987201	0.0981974	0.0972678	0.0947446	0.0917805	0.0877652	0.0838517	0.0798704	0.0749057	0.0708226	0.0668752	0.0643519	0.0621338	0.0610007	0.0602407	0.0587007	0.0566183	0.053722	0.0510631	0.0479973	0.0453723	0.0434932	0.0429705	0.0439737	0.044943	0.0464887	0.0470511	0.048156	0.048854	0.0507727	0.0526575	0.0545762	0.0563593	0.0592613	0.0639266	0.0702195	0.0771567	0.0835174	0.0887591	0.092814	0.095377	0.0976348	0.098638	0.0991664	0.0987115	0.0982567	0.0979035	0.0971096	0.0966547	0.0952843	0.0932696	0.0903734	0.0875788	0.0855981	0.0841259	0.083332	0.0823007	0.0823544	0.0833237	0.0849372	0.0858726	0.0858585	0.0854375	0.0853218	0.0859519	0.0878367	0.0900945	0.0923862	0.0947458	0.0977834	0.100889	0.104198	0.106829	0.109697	0.111751	0.113602	0.116097	0.119338	0.122885	0.125753	0.127773	0.127827	0.126524	0.123459	0.120325	0.116344	0.11182	0.107974	0.104467	0.102046	0.0991835	0.0972027	0.0952898	0.093682	0.0917691	0.0898561	0.0892995	0.0895228	0.0913398	0.094581	0.0995514	0.105878	0.111391	0.116565	0.120111	0.123115	0.124491	0.125664	0.125853	0.125772	0.125079	0.124082	0.123491	0.122799	0.122955	0.122635	0.121095	0.118267	0.114286	0.110949	0.10751	0.105733	0.104769	0.105331	0.106199	0.107338	0.109392	0.111107	0.11323	0.114673	0.117203	0.120342	0.123888	0.128011	0.132168	0.137138	0.141566	0.146367	0.15032	0.153663	0.156565	0.159196	0.16264	0.166865	0.172751	0.17823	0.182963	0.185899
0.0256105	0.0246846	0.0258271	0.0269356	0.0282816	0.0298649	0.0316516	0.0326585	0.0338688	0.0357912	0.0383239	0.0412635	0.0448135	0.0495842	0.0554399	0.0610244	0.0667445	0.070837	0.0744887	0.0770893	0.0799272	0.0818835	0.0828564	0.0841006	0.0864977	0.0904885	0.0944793	0.0994534	0.103241	0.106045	0.107119	0.108465	0.110015	0.110852	0.112198	0.11351	0.11628	0.11844	0.120328	0.120657	0.119087	0.117381	0.115031	0.113936	0.112637	0.113203	0.114379	0.1162	0.118122	0.120757	0.123934	0.126941	0.128694	0.129768	0.129928	0.130358	0.131501	0.134711	0.138397	0.141676	0.143157	0.143384	0.141712	0.138786	0.135113	0.132085	0.129566	0.128029	0.12768	0.128924	0.130473	0.131955	0.132894	0.133765	0.133653	0.133202	0.132242	0.131587	0.130865	0.131499	0.132879	0.13453	0.136045	0.137289	0.137889	0.137303	0.1358	0.133925	0.131812	0.129937	0.128807	0.129238	0.130245	0.130912	0.131445	0.131265	0.130203	0.127073	0.123333	0.119389	0.115683	0.111739	0.108134	0.104835	0.101705	0.0987782	0.0952414	0.0926878	0.0902021	0.0883268	0.0866549	0.0857629	0.0870749	0.0892346	0.093022	0.0963346	0.0992064	0.100688	0.100779	0.10026	0.0996056	0.100477	0.101823	0.104491	0.106956	0.110099	0.112361	0.113062	0.113289	0.112635	0.111878	0.109732	0.106703	0.104014	0.102274	0.10318	0.106085	0.110822	0.115525	0.119007	0.120692	0.121597	0.122367	0.123374	0.124516	0.126269	0.128463	0.130656	0.133223	0.135993	0.138797	0.141838	0.144507	0.146904	0.147877	0.148714	0.149958	0.152457	0.15638	0.161049	0.165752	0.16937	0.172241	0.174198	0.175171	0.176313	0.177896	0.180395	0.182894	0.185427	0.187248	0.190018	0.192449	0.195083	0.196666	0.196859	0.196578	0.195075	0.194726	0.195224	0.196841	0.199205	0.201127	0.203253	0.204158	0.204961	0.204917	0.204228	0.202963	0.200952	0.199111	0.196829	0.194818	0.192908	0.191169	0.188581	0.184943	0.181542	0.177971	0.17423	0.170253	0.167462	0.166333	0.166085	0.166753	0.166776	0.166664	0.164551	0.162676	0.160631	0.159264	0.157864	0.155988	0.154994	0.154882	0.156296	0.158456	0.160616	0.161555	0.161646	0.160991	0.160438	0.159818	0.159502	0.159492	0.159685	0.159844	0.160546	0.161552	0.161813	0.160413	0.156672	0.152152	0.146276	0.141315	0.136014	0.132512	0.128093	0.124353	0.119629	0.115007	0.109911	0.105017	0.10104	0.0979436	0.0966786	0.0966682	0.098421	0.100479	0.102978	0.105646	0.108077	0.110644	0.111719	0.112658	0.112172	0.111925	0.111779	0.112006	0.112199	0.110493	0.107838	0.102775	0.0976104	0.092073	0.0871798	0.082897	0.0779359	0.0741956	0.0705909	0.068207	0.0659247	0.0639137	0.0616654	0.0580607	0.0539135	0.0495289	0.0455513	0.041777	0.0385453	0.0363987	0.0353033	0.0353268	0.0354181	0.0354416	0.0348887	0.0350139	0.0358851	0.0381466	0.0411201	0.0442632	0.0475758	0.0510241	0.0555574	0.0611419	0.066489	0.0708528	0.0734873	0.0756131	0.0769929	0.0787119	0.0802952	0.081675	0.0821054	0.0816203	0.0804231	0.0786156	0.0766724	0.0751361	0.0737355	0.0727418	0.0720193	0.072348	0.0727445	0.0731749	0.0724863	0.0718995	0.0712788	0.0706919	0.0702407	0.0698234	0.0702538	0.0716337	0.0748446	0.0799204	0.0854371	0.0903434	0.094402	0.0982233	0.101197	0.10373	0.106025	0.109405	0.112752	0.116437	0.120462	0.124589	0.127969	0.129552	0.13039	0.12943	0.127995	0.125374	0.123261	0.120436	0.117442	0.115126	0.113217	0.110765	0.106889	0.10264	0.0986962	0.0948203	0.0914869	0.089442	0.090008	0.0917948	0.0953787	0.0998442	0.10553	0.110742	0.1148	0.118079	0.120239	0.122365	0.124118	0.127091	0.129285	0.130936	0.131231	0.130508	0.128463	0.125401	0.122441	0.119412	0.11591	0.112237	0.109039	0.106723	0.105051	0.104363	0.104488	0.104884	0.10484	0.104762	0.106074	0.1082	0.111411	0.114825	0.119901	0.125282	0.130595	0.134857	0.138271	0.140567	0.142184	0.143801	0.146266	0.14924	0.1534	0.158001	0.163653	0.169204	0.175094	0.179864	0.183414	0.184625
0.0163124	0.0164467	0.018819	0.0208182	0.0223089	0.0227144	0.0227131	0.0226779	0.0233208	0.0258626	0.0293877	0.0335911	0.0376587	0.0412856	0.0451837	0.0481663	0.0515897	0.0545045	0.0577584	0.060368	0.0627064	0.0654516	0.0679934	0.0714846	0.0755862	0.0808068	0.0856882	0.0902984	0.0936879	0.096128	0.0979238	0.100194	0.103211	0.105956	0.109481	0.112735	0.116159	0.11826	0.119072	0.118698	0.117001	0.115677	0.114184	0.114047	0.114656	0.116994	0.11974	0.12279	0.12523	0.127365	0.129296	0.13133	0.133058	0.134345	0.134954	0.13519	0.135663	0.137222	0.139933	0.142644	0.144508	0.144744	0.143386	0.140605	0.137789	0.136228	0.136294	0.137649	0.139038	0.14097	0.141545	0.141408	0.140253	0.140388	0.140963	0.142148	0.143063	0.143977	0.144111	0.144279	0.14499	0.146582	0.14787	0.147699	0.1459	0.142474	0.138099	0.134028	0.13128	0.129991	0.12904	0.128157	0.127104	0.125408	0.123372	0.120929	0.118656	0.116518	0.114516	0.112718	0.110546	0.10807	0.104983	0.102167	0.0996566	0.0974173	0.0943642	0.0920232	0.0900891	0.0891384	0.0892388	0.090865	0.0943902	0.0978136	0.101542	0.10483	0.107914	0.110287	0.112082	0.11381	0.115911	0.118623	0.121775	0.125266	0.127977	0.13018	0.130179	0.128346	0.125395	0.122342	0.119831	0.117084	0.11498	0.113826	0.113587	0.114162	0.115822	0.118398	0.121313	0.123617	0.124803	0.125717	0.126021	0.126867	0.12812	0.130594	0.133679	0.13622	0.138457	0.139439	0.140082	0.140182	0.140893	0.14218	0.144078	0.147128	0.150213	0.1535	0.156381	0.159601	0.162957	0.165872	0.16899	0.171667	0.173768	0.175937	0.178852	0.183191	0.187801	0.192479	0.195869	0.199326	0.20102	0.202511	0.203357	0.204441	0.206169	0.207524	0.209998	0.211895	0.213725	0.213961	0.214028	0.213653	0.213381	0.213108	0.212395	0.210766	0.208289	0.205541	0.203031	0.200011	0.196145	0.191803	0.187224	0.181797	0.176133	0.171249	0.167823	0.164736	0.161988	0.159817	0.158222	0.156118	0.153743	0.150792	0.147942	0.144109	0.141294	0.139326	0.138917	0.138679	0.138474	0.138947	0.139794	0.141386	0.142707	0.144435	0.145553	0.146501	0.14711	0.147922	0.149074	0.150259	0.152326	0.154936	0.157546	0.158799	0.159374	0.158186	0.155608	0.151639	0.147467	0.143024	0.138411	0.133493	0.129083	0.123589	0.118399	0.113414	0.109615	0.106121	0.102627	0.0995059	0.0971988	0.0960107	0.0959754	0.0969914	0.0985498	0.100142	0.102074	0.10431	0.106784	0.10858	0.110172	0.11146	0.112476	0.11244	0.111625	0.110166	0.107079	0.103449	0.0988364	0.0949017	0.0910687	0.0878461	0.0850982	0.0816043	0.0783478	0.0752947	0.0732928	0.0708501	0.0682717	0.0657273	0.0628437	0.0600958	0.0572462	0.0551086	0.0521912	0.048799	0.0453051	0.0430998	0.0416404	0.0408592	0.0405188	0.0409582	0.0424828	0.0449568	0.0485836	0.0525157	0.0564816	0.0604136	0.0644474	0.0686846	0.0734305	0.0772947	0.0805486	0.0825139	0.0847505	0.0866142	0.0882743	0.0889851	0.0887464	0.0875922	0.0857259	0.0832154	0.0808404	0.0791098	0.0784981	0.0781238	0.0777834	0.0773073	0.0763566	0.075338	0.0739125	0.0723514	0.0705529	0.0691953	0.0679054	0.0669886	0.0662752	0.0663078	0.067188	0.0690856	0.0723395	0.0759663	0.0793897	0.0824741	0.0855923	0.0888462	0.0919644	0.0954217	0.0989808	0.102608	0.10559	0.108132	0.110131	0.111554	0.112875	0.114162	0.115585	0.116906	0.117346	0.117005	0.115376	0.113341	0.111135	0.108998	0.105877	0.101671	0.0966172	0.0921739	0.0888495	0.0875258	0.0883383	0.0913887	0.0949816	0.0989476	0.102337	0.105964	0.10932	0.11298	0.116777	0.120641	0.125149	0.129624	0.134404	0.137183	0.138233	0.137418	0.13589	0.133855	0.1307	0.12724	0.123407	0.119947	0.116283	0.114146	0.112686	0.112007	0.110649	0.109122	0.107629	0.106068	0.105863	0.107489	0.111489	0.116337	0.121388	0.125964	0.129591	0.131963	0.133013	0.133554	0.133858	0.135145	0.13728	0.141076	0.145517	0.151518	0.157586	0.16423	0.169926	0.174706	0.177756	0.178806	0.178431
0.015926	0.0171086	0.0193763	0.0213388	0.02303	0.0238735	0.0244797	0.0252554	0.0266753	0.0297229	0.0334147	0.0373778	0.0411375	0.0443885	0.047097	0.0491951	0.051361	0.0540695	0.056405	0.0584014	0.0601265	0.0633097	0.0668998	0.0718124	0.0762502	0.0810271	0.0847189	0.0886481	0.0917634	0.0941667	0.0955528	0.097244	0.0999186	0.103339	0.107607	0.111503	0.114652	0.115902	0.115898	0.115284	0.114805	0.115004	0.115407	0.116589	0.117874	0.119734	0.120951	0.12271	0.124198	0.126194	0.128292	0.13073	0.132658	0.133909	0.134583	0.135053	0.135625	0.137011	0.139516	0.142157	0.14395	0.144421	0.14462	0.144616	0.145154	0.146404	0.148943	0.151821	0.153682	0.154763	0.154861	0.154687	0.15431	0.155255	0.156675	0.15823	0.158565	0.158663	0.157472	0.155637	0.153395	0.152237	0.151013	0.149076	0.146189	0.143065	0.139297	0.135631	0.132677	0.131418	0.129956	0.127883	0.124861	0.121297	0.117868	0.114405	0.111858	0.110294	0.109103	0.107844	0.105907	0.103597	0.100541	0.0977225	0.0958195	0.0949337	0.094353	0.0943149	0.094582	0.0947474	0.0953535	0.096604	0.0993464	0.101648	0.104492	0.107167	0.11035	0.113058	0.115529	0.118407	0.121353	0.123621	0.124668	0.125003	0.124592	0.12374	0.122142	0.120239	0.118607	0.116568	0.11531	0.113305	0.112317	0.111126	0.110817	0.110948	0.111758	0.113517	0.115581	0.118019	0.120354	0.123944	0.127772	0.132006	0.135359	0.137999	0.139691	0.140331	0.141242	0.141814	0.142895	0.143806	0.145837	0.148071	0.151118	0.154437	0.157756	0.160498	0.161918	0.162931	0.164216	0.165737	0.167971	0.170374	0.172913	0.175554	0.17833	0.181446	0.184357	0.186863	0.188689	0.190381	0.191428	0.192949	0.194878	0.197756	0.201414	0.204767	0.208424	0.210692	0.212078	0.211226	0.21068	0.210675	0.211655	0.212735	0.212901	0.211981	0.209569	0.206615	0.203763	0.2003	0.195888	0.190797	0.186283	0.181532	0.177018	0.172877	0.169923	0.166934	0.163879	0.16089	0.157495	0.153117	0.148366	0.144089	0.141101	0.138079	0.136244	0.134815	0.134065	0.132772	0.131073	0.129509	0.128148	0.127839	0.128343	0.130408	0.132913	0.136028	0.138974	0.141852	0.144086	0.145913	0.147604	0.1496	0.151325	0.151931	0.151792	0.150397	0.148053	0.145574	0.142959	0.140242	0.13627	0.13135	0.12609	0.119948	0.114078	0.109191	0.10644	0.104944	0.103854	0.10263	0.101405	0.100485	0.100515	0.101596	0.103389	0.104978	0.10711	0.109242	0.111408	0.113405	0.115401	0.117262	0.118343	0.117558	0.115588	0.11243	0.108764	0.105301	0.101736	0.0981717	0.094302	0.0897202	0.0857487	0.08076	0.0764494	0.0720711	0.0690491	0.065281	0.0615809	0.0580163	0.0553333	0.0532947	0.0511882	0.0494207	0.0464326	0.0429359	0.0387949	0.0361458	0.034175	0.0336961	0.0340988	0.0356883	0.0384985	0.0412748	0.0448988	0.0486923	0.0529945	0.0574662	0.0619718	0.0665453	0.071017	0.0744036	0.0779259	0.0805666	0.0835124	0.0853732	0.0872001	0.0876367	0.0871239	0.0854243	0.0832839	0.0811434	0.0791387	0.0783546	0.0780791	0.0777359	0.0765788	0.0757608	0.0749089	0.0741248	0.0730695	0.0718446	0.0704502	0.0688862	0.0675257	0.066233	0.0644656	0.0621556	0.0602187	0.0586208	0.0585488	0.0598331	0.0629824	0.0671828	0.0716885	0.0762619	0.080225	0.0842559	0.0874052	0.0906562	0.0931612	0.0951237	0.0956621	0.0959631	0.0968066	0.0989386	0.101817	0.105644	0.108726	0.110519	0.110074	0.108543	0.106437	0.104093	0.101987	0.0998462	0.0977058	0.0957349	0.094883	0.0958283	0.0985368	0.103008	0.107751	0.11263	0.115847	0.118725	0.1214	0.12499	0.128716	0.132577	0.136472	0.140028	0.142567	0.143106	0.142389	0.140961	0.139634	0.13824	0.136303	0.133552	0.130564	0.127678	0.12547	0.123804	0.12207	0.119828	0.116772	0.113954	0.112051	0.111674	0.113399	0.117124	0.122444	0.127695	0.13254	0.136232	0.139144	0.141445	0.143306	0.145337	0.147096	0.149567	0.152004	0.155221	0.15854	0.162808	0.166059	0.168937	0.17073	0.172286	0.174214	0.175397	0.17719
0.00809881	0.00874476	0.0104419	0.012139	0.0139717	0.0149567	0.0156027	0.016859	0.0191664	0.0224233	0.025748	0.0287675	0.0317192	0.0339928	0.0362663	0.0387433	0.0414916	0.0451893	0.0484801	0.0520082	0.054926	0.0593019	0.0636099	0.0690369	0.0737858	0.0788737	0.083114	0.0873542	0.0911536	0.0945461	0.0980743	0.102281	0.107199	0.111677	0.115713	0.118801	0.120498	0.121279	0.121145	0.121249	0.122098	0.123761	0.125865	0.128275	0.130684	0.13333	0.134688	0.136521	0.137269	0.138254	0.138086	0.138257	0.137954	0.137888	0.138127	0.138433	0.139317	0.140268	0.142033	0.14356	0.144851	0.145802	0.146549	0.147399	0.14818	0.149572	0.151269	0.153102	0.154189	0.155479	0.156939	0.159009	0.161147	0.163692	0.165999	0.167764	0.168512	0.168683	0.16821	0.166923	0.165094	0.163434	0.161265	0.158249	0.15469	0.151267	0.147912	0.144252	0.140557	0.136965	0.132898	0.128254	0.123508	0.119	0.11456	0.110323	0.10629	0.10307	0.0994096	0.0955796	0.091241	0.0873093	0.0832759	0.0804971	0.0795155	0.0802632	0.0816551	0.0831148	0.0845746	0.085797	0.0873584	0.0892251	0.0918377	0.0942469	0.0973342	0.100388	0.104424	0.108122	0.112396	0.115653	0.119317	0.12176	0.123661	0.123798	0.123087	0.122241	0.121497	0.121465	0.121229	0.120587	0.11913	0.116758	0.114692	0.112455	0.111474	0.110492	0.110596	0.111309	0.112667	0.114636	0.117011	0.12003	0.122914	0.12607	0.129157	0.131668	0.133534	0.13513	0.138014	0.140457	0.143748	0.146733	0.15077	0.153552	0.156233	0.158642	0.160814	0.162443	0.163191	0.164955	0.167059	0.169774	0.172759	0.176152	0.179239	0.182021	0.184804	0.187823	0.1903	0.192404	0.194644	0.197053	0.199733	0.202617	0.206112	0.210318	0.214558	0.21812	0.220563	0.221074	0.22094	0.219144	0.218739	0.219249	0.221184	0.222508	0.222001	0.2199	0.216308	0.212749	0.208953	0.20458	0.198852	0.192343	0.186275	0.180241	0.174919	0.169631	0.164919	0.159767	0.154479	0.149394	0.144208	0.13892	0.134378	0.131125	0.129736	0.128348	0.127434	0.125435	0.12347	0.120216	0.11737	0.114862	0.114084	0.115137	0.117648	0.121956	0.126467	0.131725	0.136474	0.141121	0.144072	0.145769	0.146517	0.147299	0.147979	0.148014	0.148185	0.147543	0.146426	0.144766	0.14314	0.140531	0.136124	0.130226	0.124497	0.118565	0.113412	0.109481	0.107583	0.107076	0.106502	0.105554	0.103657	0.101556	0.0999641	0.0995928	0.100374	0.101461	0.102853	0.104584	0.106383	0.10825	0.109675	0.111	0.111713	0.110935	0.108936	0.105649	0.102734	0.1006	0.099652	0.0986365	0.0969427	0.0931806	0.0886386	0.0832827	0.0789102	0.0754872	0.0733526	0.0707773	0.0681341	0.0653892	0.0634582	0.0614932	0.059223	0.0571902	0.053801	0.0499711	0.045429	0.0431249	0.0419059	0.0424502	0.0440455	0.0470651	0.0510679	0.0538501	0.056361	0.0576512	0.0596874	0.0620287	0.0659638	0.0700684	0.0745121	0.0778707	0.0817379	0.0851982	0.0886586	0.0911695	0.0925953	0.0922918	0.0901573	0.0872429	0.0849388	0.0834824	0.0825347	0.0824346	0.0822668	0.0810477	0.077896	0.0747781	0.071728	0.06939	0.0666112	0.0646462	0.0632577	0.0628524	0.0627524	0.0623811	0.0616368	0.0603161	0.0597752	0.0586579	0.058151	0.0581527	0.0600193	0.0637509	0.0678216	0.0725705	0.0763021	0.0796607	0.0808491	0.0814273	0.0815985	0.0821766	0.0822461	0.0823495	0.0840127	0.0865914	0.089984	0.0937495	0.0969385	0.0989408	0.0987051	0.0980965	0.0969114	0.095828	0.0955584	0.0961704	0.0977658	0.0986491	0.100414	0.101806	0.104215	0.106726	0.110051	0.114054	0.117344	0.120805	0.124367	0.128946	0.13322	0.137257	0.141023	0.143906	0.145027	0.143808	0.141674	0.138759	0.13676	0.135643	0.135611	0.134799	0.132901	0.130089	0.127242	0.124328	0.121549	0.118804	0.116161	0.11406	0.113079	0.114165	0.117354	0.121798	0.126954	0.131364	0.135299	0.137369	0.138591	0.139508	0.141443	0.144835	0.149754	0.155621	0.16115	0.165221	0.167698	0.169225	0.169804	0.170416	0.171163	0.17225	0.17371	0.174457	0.176426
0.013625	0.0147849	0.0164535	0.0175796	0.0189769	0.0201707	0.0213307	0.0232366	0.0257529	0.0289134	0.0312263	0.0334035	0.0353094	0.0373849	0.0390195	0.0409594	0.0430348	0.0459919	0.0485421	0.0504481	0.0521845	0.0543277	0.0572509	0.0614965	0.0662847	0.071751	0.0759966	0.0800387	0.0832332	0.0861903	0.0896221	0.0943424	0.0996731	0.104529	0.108232	0.111494	0.114112	0.117069	0.12006	0.123085	0.125636	0.127711	0.129041	0.130201	0.131021	0.132215	0.132968	0.134366	0.135526	0.137296	0.13849	0.139684	0.140098	0.140172	0.140451	0.140899	0.141686	0.142235	0.142886	0.144013	0.145206	0.146875	0.14773	0.148585	0.149066	0.150023	0.151725	0.153224	0.154859	0.156019	0.157721	0.160102	0.163296	0.166864	0.169685	0.171863	0.172751	0.172792	0.171884	0.170399	0.168982	0.167192	0.165232	0.162628	0.159516	0.155657	0.151188	0.146143	0.140555	0.135578	0.130702	0.126538	0.121188	0.115905	0.110758	0.106696	0.103177	0.0997594	0.0963078	0.0927884	0.0889299	0.0851732	0.0820267	0.0804062	0.080142	0.0812002	0.0826315	0.0838253	0.0843749	0.0845854	0.0856436	0.0871088	0.0898285	0.0927856	0.0968278	0.100802	0.10498	0.108649	0.111945	0.113919	0.114977	0.115391	0.115364	0.11432	0.112903	0.111893	0.112103	0.112958	0.114322	0.114905	0.114505	0.112885	0.11062	0.107406	0.104666	0.102978	0.103121	0.104755	0.10717	0.109991	0.11305	0.11577	0.11832	0.120667	0.123692	0.126072	0.127775	0.12924	0.13179	0.13434	0.137399	0.141068	0.14545	0.148915	0.151364	0.152998	0.154226	0.155488	0.156885	0.159537	0.162765	0.166706	0.170578	0.174112	0.176866	0.17945	0.182441	0.185974	0.18944	0.192465	0.195829	0.19943	0.203778	0.207955	0.212269	0.21604	0.218895	0.220598	0.22169	0.222307	0.222789	0.222999	0.224227	0.226167	0.228548	0.22964	0.22907	0.227043	0.224066	0.220818	0.217163	0.212999	0.208293	0.203078	0.198508	0.194107	0.189265	0.183202	0.175682	0.167924	0.160335	0.154137	0.148482	0.143809	0.140459	0.138025	0.137151	0.135564	0.134418	0.131645	0.128837	0.125657	0.122918	0.120551	0.119541	0.120836	0.124133	0.129192	0.134285	0.139243	0.142641	0.145157	0.146555	0.147443	0.147823	0.148542	0.149194	0.149913	0.14975	0.149452	0.148679	0.147703	0.145913	0.142936	0.138976	0.133761	0.128919	0.124111	0.120795	0.118192	0.116402	0.114883	0.113296	0.111947	0.110157	0.108672	0.10739	0.107364	0.107947	0.109175	0.110776	0.112546	0.11496	0.1169	0.118264	0.11783	0.116549	0.114453	0.111782	0.108873	0.106676	0.105055	0.102926	0.0991352	0.0941577	0.087417	0.0808798	0.0742408	0.0697042	0.0657779	0.0632418	0.0604345	0.058407	0.0569561	0.0564545	0.0557495	0.0538916	0.0517624	0.0480396	0.0442828	0.040187	0.0389733	0.0401672	0.0432938	0.0470986	0.0504965	0.0539623	0.0558004	0.0574011	0.0586628	0.0609078	0.0636954	0.0671272	0.0704912	0.0742281	0.0774565	0.0818377	0.0857104	0.0891422	0.0902343	0.0900718	0.0884513	0.0860509	0.083447	0.0813517	0.0798329	0.0780768	0.0763884	0.0738524	0.0704347	0.065898	0.0622091	0.0595035	0.057137	0.0548383	0.0526074	0.051665	0.0512991	0.0514079	0.0512115	0.0505065	0.0490894	0.0482148	0.0475098	0.0480255	0.0494228	0.0525156	0.0568629	0.0605999	0.0636587	0.065429	0.0670976	0.0678845	0.0681968	0.068882	0.0701098	0.0718462	0.0742946	0.0778621	0.0829215	0.087574	0.0921926	0.095387	0.0975303	0.098419	0.0989347	0.10023	0.101661	0.103737	0.105439	0.10782	0.109116	0.110818	0.111639	0.113477	0.115281	0.11773	0.120789	0.124322	0.12911	0.134204	0.13967	0.144187	0.147585	0.149762	0.150379	0.14981	0.148291	0.146908	0.145254	0.143565	0.141775	0.140324	0.138025	0.134879	0.130715	0.127162	0.12371	0.121039	0.118401	0.11634	0.115228	0.115404	0.117514	0.121318	0.126107	0.130522	0.134293	0.13786	0.141021	0.143469	0.14585	0.148807	0.152374	0.156179	0.159475	0.161822	0.162541	0.162277	0.161436	0.160799	0.160671	0.161763	0.163296	0.165405	0.166531	0.167759
0.0204254	0.0202091	0.0206033	0.0205566	0.0216288	0.0228707	0.0243498	0.0265411	0.029241	0.0331277	0.0362683	0.039782	0.0425497	0.044741	0.0452707	0.0460039	0.0470762	0.0495726	0.0524082	0.0553793	0.0583165	0.0605417	0.0629025	0.0659754	0.0705741	0.0760206	0.0813314	0.0858623	0.0890369	0.0913299	0.094335	0.0984929	0.103363	0.107351	0.110695	0.113429	0.115248	0.117168	0.119325	0.12216	0.124589	0.127221	0.128938	0.130756	0.131625	0.133239	0.134786	0.136503	0.137135	0.13763	0.137346	0.136791	0.135795	0.135477	0.136515	0.13813	0.140118	0.141461	0.142161	0.142657	0.143458	0.144869	0.145195	0.144606	0.143305	0.143021	0.143652	0.145267	0.147526	0.150328	0.15296	0.155795	0.158902	0.162823	0.166336	0.170189	0.173771	0.176335	0.177373	0.176953	0.176534	0.174995	0.173151	0.17046	0.167463	0.162737	0.157095	0.150911	0.144829	0.139594	0.13497	0.131532	0.126366	0.120351	0.112946	0.107067	0.1019	0.0980899	0.0949575	0.0923338	0.0893032	0.0859335	0.0826994	0.0803469	0.0788083	0.0781173	0.0776637	0.0769728	0.0757054	0.0753535	0.0762223	0.0787866	0.0823003	0.0870686	0.0922777	0.0967069	0.0997458	0.102412	0.104705	0.106455	0.107222	0.108396	0.10913	0.109015	0.108087	0.107396	0.107485	0.107438	0.10729	0.106497	0.105094	0.103284	0.101101	0.0988842	0.0972438	0.0964851	0.0971165	0.0983584	0.100346	0.102537	0.105237	0.107225	0.109043	0.110862	0.113731	0.116227	0.118147	0.120407	0.123344	0.126518	0.12915	0.132427	0.135907	0.139013	0.141611	0.143972	0.146333	0.148524	0.150919	0.154229	0.158014	0.162477	0.167483	0.172556	0.176918	0.180669	0.184386	0.188849	0.193177	0.197572	0.201832	0.206193	0.210453	0.213661	0.2167	0.219332	0.221829	0.22385	0.225126	0.226029	0.225982	0.225901	0.226601	0.227978	0.230203	0.23131	0.231365	0.229453	0.226931	0.223833	0.2207	0.216754	0.212503	0.206793	0.200813	0.194154	0.187359	0.180158	0.17238	0.165213	0.158656	0.153251	0.148458	0.144342	0.141989	0.140485	0.140167	0.139035	0.137598	0.134907	0.132317	0.130405	0.129477	0.129091	0.129689	0.13171	0.135258	0.139721	0.143743	0.146918	0.148906	0.150114	0.150677	0.150122	0.149261	0.14874	0.148524	0.148579	0.147583	0.146281	0.143827	0.140559	0.13624	0.132057	0.127975	0.12369	0.11876	0.113695	0.109511	0.106209	0.103416	0.10164	0.100203	0.0993089	0.097465	0.0954856	0.0937095	0.093256	0.0943621	0.0965534	0.0990837	0.101309	0.103805	0.105963	0.107645	0.108616	0.109451	0.110184	0.109696	0.10792	0.106144	0.104708	0.103304	0.100681	0.0970737	0.0927206	0.0877233	0.0829634	0.079119	0.0766309	0.0748887	0.0730788	0.0714384	0.0702728	0.0696496	0.0689587	0.0674878	0.0659831	0.0639358	0.0621598	0.0597056	0.0583026	0.0577812	0.0589213	0.0605361	0.0624221	0.0645117	0.0660926	0.0674361	0.0687797	0.0711744	0.0746203	0.0788799	0.08297	0.0870263	0.090506	0.0943249	0.097669	0.100301	0.101475	0.101327	0.100331	0.0984528	0.0961343	0.0938835	0.0913954	0.08867	0.085029	0.081015	0.0763568	0.0713934	0.0667013	0.0626195	0.0587411	0.0548289	0.0513236	0.0490728	0.0482801	0.0486743	0.0493735	0.0497338	0.0494497	0.0493013	0.0494241	0.0504964	0.0520773	0.0541668	0.0566633	0.0581764	0.0595538	0.059914	0.0611219	0.062262	0.0634361	0.0649152	0.0667335	0.0687213	0.0703361	0.0724596	0.0755663	0.0796565	0.0834753	0.0876333	0.09074	0.0935756	0.0954955	0.0979242	0.100929	0.1039	0.106159	0.10791	0.108813	0.10941	0.109397	0.110571	0.112525	0.115123	0.117654	0.120659	0.125088	0.13006	0.135405	0.140003	0.143822	0.14642	0.147493	0.147378	0.14645	0.145047	0.143067	0.141325	0.139481	0.138214	0.136133	0.133611	0.130275	0.127244	0.124994	0.123557	0.122391	0.121361	0.120941	0.121471	0.123527	0.127142	0.131469	0.135356	0.138904	0.141977	0.144778	0.146495	0.148483	0.150809	0.153475	0.155768	0.157824	0.15893	0.158917	0.157481	0.155094	0.153149	0.15161	0.151563	0.151483	0.151266	0.150406	0.149647
0.0394243	0.0385947	0.0377991	0.0362913	0.0362078	0.036192	0.0371935	0.0388393	0.041231	0.0452164	0.0480829	0.0506441	0.0510692	0.0511213	0.0501561	0.0500386	0.0509384	0.053364	0.0562644	0.05869	0.0607427	0.0617102	0.0628474	0.0642219	0.066851	0.070226	0.0739402	0.0774509	0.0803174	0.0830482	0.0867284	0.0913581	0.0964964	0.100855	0.103925	0.10591	0.106979	0.107709	0.109219	0.111306	0.113731	0.115682	0.117091	0.118906	0.120281	0.122198	0.124555	0.127456	0.129644	0.130917	0.131071	0.13058	0.129818	0.129633	0.130228	0.131568	0.133112	0.134351	0.135047	0.135778	0.136847	0.138493	0.139087	0.139309	0.139191	0.140159	0.14211	0.144264	0.146995	0.149319	0.151473	0.153526	0.156155	0.159835	0.163448	0.16784	0.171927	0.174828	0.175524	0.174389	0.173085	0.171374	0.17007	0.168392	0.166139	0.161681	0.15607	0.149883	0.144408	0.14012	0.136171	0.13273	0.127255	0.121	0.114135	0.109067	0.105593	0.103441	0.102815	0.101883	0.100511	0.0975116	0.0945797	0.0917157	0.0900384	0.0896496	0.0902782	0.0908727	0.0904162	0.0906717	0.091368	0.094031	0.0972366	0.101663	0.105479	0.108142	0.109245	0.110518	0.111892	0.113097	0.113319	0.112625	0.110439	0.106931	0.103354	0.100321	0.0984401	0.0970341	0.0966454	0.0960193	0.0955288	0.0946653	0.0940392	0.0929384	0.0918376	0.0913471	0.0919078	0.093384	0.0955384	0.0986422	0.102831	0.107122	0.111141	0.114855	0.118569	0.121673	0.123963	0.126355	0.129391	0.133003	0.13665	0.140296	0.143468	0.145893	0.147844	0.149456	0.151068	0.15251	0.154393	0.156751	0.16016	0.164824	0.170606	0.176185	0.180612	0.183783	0.186412	0.189008	0.191637	0.194232	0.196793	0.200236	0.203509	0.206376	0.208564	0.210752	0.212839	0.214451	0.215588	0.216691	0.217387	0.21866	0.220916	0.223884	0.227633	0.230262	0.231873	0.23101	0.22896	0.225791	0.222859	0.219452	0.216215	0.211452	0.206147	0.199824	0.1934	0.186297	0.178686	0.171278	0.164209	0.158192	0.152378	0.148157	0.145598	0.144498	0.144651	0.1445	0.14445	0.143044	0.141062	0.139656	0.138826	0.139014	0.139168	0.140644	0.143002	0.146275	0.149006	0.150686	0.151246	0.150518	0.149757	0.148554	0.147792	0.147268	0.147083	0.14683	0.145356	0.14317	0.139628	0.135407	0.129458	0.124525	0.119694	0.11561	0.110643	0.10588	0.102542	0.099881	0.0978986	0.0962552	0.0950188	0.0933076	0.0907148	0.0876134	0.0851901	0.0843945	0.085396	0.0886015	0.0922818	0.0965724	0.101202	0.105289	0.108393	0.109768	0.111176	0.112042	0.112094	0.110484	0.108773	0.10696	0.105012	0.102012	0.0983342	0.0946225	0.0903682	0.0858765	0.0813509	0.0771306	0.0736562	0.0710295	0.0696235	0.0688617	0.0685069	0.0682877	0.0672547	0.0655096	0.0631881	0.0616803	0.0601726	0.0598517	0.0597003	0.0608035	0.0612286	0.0614502	0.0617057	0.0626733	0.0642851	0.0664734	0.0691364	0.0725454	0.0760222	0.079872	0.0841287	0.0881141	0.0922691	0.0952373	0.0976968	0.0982236	0.0978009	0.0962254	0.094209	0.092091	0.0901085	0.0881939	0.0855672	0.0819233	0.0771603	0.0719566	0.0667868	0.0621595	0.0580747	0.0535153	0.0489897	0.0443624	0.0414305	0.0399906	0.0402461	0.0408407	0.0413675	0.0414196	0.0406918	0.0398622	0.040016	0.0413905	0.0431719	0.0449871	0.0462599	0.0477361	0.0485681	0.0503834	0.0521648	0.0544887	0.0569821	0.0598825	0.0630541	0.0659206	0.0686514	0.071823	0.0757745	0.0800651	0.0850678	0.0891889	0.0934117	0.0960747	0.0992802	0.102486	0.105827	0.107778	0.108712	0.109374	0.109833	0.11114	0.112819	0.115652	0.117772	0.119147	0.120725	0.123523	0.127237	0.130748	0.134022	0.136888	0.138941	0.139637	0.14013	0.141131	0.142099	0.142761	0.142576	0.142526	0.141663	0.140087	0.138105	0.135885	0.134547	0.133819	0.13421	0.13433	0.134145	0.134231	0.135571	0.139523	0.144966	0.151529	0.156091	0.159432	0.160332	0.161265	0.161894	0.163811	0.165728	0.167441	0.167527	0.166901	0.165156	0.16314	0.160581	0.157581	0.155463	0.153142	0.151227	0.14816	0.144448	0.140363	0.137092
0.0430271	0.0420232	0.0413246	0.0409311	0.0422669	0.0441113	0.0468713	0.0495974	0.0523234	0.055592	0.0574026	0.058501	0.0576667	0.0574767	0.0577952	0.0597414	0.0626709	0.0658717	0.0687673	0.0705779	0.0719476	0.0723001	0.0733646	0.0745648	0.0770535	0.0798135	0.0833195	0.0871306	0.0906705	0.094312	0.0980893	0.101833	0.104932	0.107081	0.108078	0.108634	0.10841	0.108457	0.109318	0.111129	0.113923	0.116276	0.118154	0.119727	0.120962	0.122603	0.124481	0.126393	0.127526	0.127505	0.126603	0.12465	0.122425	0.120506	0.119637	0.119685	0.12041	0.12117	0.121386	0.121468	0.122261	0.123902	0.12517	0.126235	0.126282	0.126906	0.127563	0.129069	0.131388	0.13408	0.137111	0.140854	0.145344	0.150376	0.154933	0.159354	0.16364	0.166739	0.168448	0.168427	0.167322	0.165843	0.164297	0.162818	0.160696	0.157386	0.153059	0.147647	0.141964	0.135976	0.130224	0.124914	0.119265	0.113073	0.106407	0.101062	0.0971086	0.0947823	0.0936429	0.0924695	0.0910587	0.0886646	0.0873556	0.0865891	0.0874841	0.0883791	0.0898506	0.091356	0.0924883	0.0940615	0.0952278	0.0980556	0.10129	0.106153	0.110642	0.114385	0.116467	0.118006	0.119308	0.120644	0.121742	0.121112	0.118107	0.113068	0.108199	0.104923	0.103784	0.103797	0.103675	0.102298	0.10048	0.0981879	0.0965059	0.0951969	0.0948034	0.0950202	0.0958474	0.097285	0.0989938	0.101381	0.104785	0.109308	0.114306	0.119202	0.123047	0.125807	0.127821	0.130446	0.134867	0.140713	0.147542	0.153455	0.15808	0.160874	0.162752	0.164122	0.165797	0.167675	0.16935	0.171398	0.173785	0.17763	0.181882	0.18688	0.1912	0.194875	0.1975	0.199751	0.201799	0.203711	0.205793	0.20801	0.209957	0.211089	0.211645	0.212336	0.213537	0.214805	0.215801	0.216764	0.217218	0.217808	0.218839	0.220887	0.223511	0.225288	0.225505	0.223484	0.220038	0.215983	0.212164	0.208651	0.20507	0.200472	0.19445	0.1868	0.178676	0.170585	0.163274	0.156641	0.15045	0.145004	0.139829	0.136011	0.134024	0.1338	0.134763	0.135793	0.136553	0.136464	0.135291	0.134491	0.134741	0.136654	0.13938	0.14258	0.146052	0.149389	0.151708	0.152908	0.153295	0.153308	0.152575	0.151436	0.149652	0.148072	0.145847	0.144403	0.143094	0.141649	0.13817	0.133165	0.127007	0.12207	0.117438	0.113687	0.109632	0.105779	0.102402	0.0991602	0.0963253	0.094033	0.0920458	0.0897534	0.0870202	0.083948	0.0822321	0.0822115	0.0844629	0.0884097	0.0924921	0.0966423	0.0997752	0.102162	0.103362	0.104766	0.10695	0.109269	0.110978	0.110889	0.110597	0.109288	0.108454	0.106569	0.104073	0.100831	0.0966059	0.0918382	0.0863924	0.0818281	0.0787898	0.0774469	0.0771551	0.0761173	0.0742997	0.0714648	0.0686638	0.0663375	0.065198	0.065381	0.0656656	0.0659164	0.064743	0.0636374	0.0614129	0.0598326	0.0584896	0.057757	0.0573635	0.0566649	0.0567122	0.0577428	0.0607741	0.0652634	0.070736	0.0751914	0.0787313	0.0799993	0.0806569	0.0802634	0.080209	0.0804937	0.0809818	0.0810969	0.0808051	0.0796317	0.0776106	0.0746062	0.0712627	0.0677157	0.0637957	0.0598418	0.0556845	0.0512559	0.0464204	0.0421614	0.0390552	0.0375427	0.0374544	0.0376713	0.0375829	0.0374268	0.0368637	0.0367415	0.0372974	0.0394471	0.041834	0.0444584	0.0467097	0.0495375	0.051382	0.0532264	0.0542571	0.0559659	0.0582851	0.0613841	0.064551	0.0667684	0.0687485	0.0706947	0.0737259	0.0771641	0.0817551	0.0863122	0.0908354	0.0941379	0.0971013	0.100404	0.104079	0.10728	0.109701	0.112291	0.114509	0.117201	0.119452	0.122178	0.123819	0.124647	0.125406	0.127284	0.129773	0.131651	0.132682	0.133543	0.134337	0.134723	0.135177	0.136106	0.137001	0.138066	0.139232	0.141246	0.142751	0.143477	0.143253	0.14269	0.142398	0.142547	0.143205	0.143693	0.144316	0.145483	0.147531	0.151274	0.155967	0.160931	0.164064	0.165569	0.165006	0.164816	0.164829	0.167115	0.169976	0.173923	0.176412	0.177714	0.177286	0.175401	0.172634	0.167934	0.164014	0.159416	0.155462	0.150491	0.145147	0.140074	0.136357
